element,atomic_number,source_recipe_dir,source_filename,source_format,all_source_formats,precision_digits_per_format,library_family,source_name,cfour_name,label_suffix,cfour_label,n_contracted,n_primitives,max_L,contracted_composition,primitive_composition,name_transformation,validation,cfour_file
Ag,47,recipes/Ag/ccECP,Ag.aug-cc-pCV5Z.gamess,gamess,dirac;gamess;gaussian;molpro;nwchem,gamess:2800;gaussian:2800;nwchem:2800,ccECP,aug-cc-pCV5Z,aug-cc-pCV5Z-ccECP,-ccECP,Ag:aug-cc-pCV5Z-ccECP,47,251,i,"10s,10p,9d,6f,5g,4h,3i","16s,16p,16d,6f,5g,4h,3i",source library name plus declared suffix '-ccECP',PASS,by_element/Ag/Ag.aug-cc-pCV5Z.cfour
Ag,47,recipes/Ag/ccECP,Ag.aug-cc-pCVDZ.gamess,gamess,dirac;gamess;gaussian;molpro;nwchem,gamess:1249;gaussian:1249;nwchem:1249,ccECP,aug-cc-pCVDZ,aug-cc-pCVDZ-ccECP,-ccECP,Ag:aug-cc-pCVDZ-ccECP,20,116,f,"6s,6p,5d,3f","15s,15p,15d,3f",source library name plus declared suffix '-ccECP',PASS,by_element/Ag/Ag.aug-cc-pCVDZ.cfour
Ag,47,recipes/Ag/ccECP,Ag.aug-cc-pCVQZ.gamess,gamess,dirac;gamess;gaussian;molpro;nwchem,gamess:2270;gaussian:2270;nwchem:2270,ccECP,aug-cc-pCVQZ,aug-cc-pCVQZ-ccECP,-ccECP,Ag:aug-cc-pCVQZ-ccECP,38,206,h,"9s,9p,8d,5f,4g,3h","16s,16p,16d,5f,4g,3h",source library name plus declared suffix '-ccECP',PASS,by_element/Ag/Ag.aug-cc-pCVQZ.cfour
Ag,47,recipes/Ag/ccECP,Ag.aug-cc-pCVTZ.gamess,gamess,dirac;gamess;gaussian;molpro;nwchem,gamess:1754;gaussian:1754;nwchem:1754,ccECP,aug-cc-pCVTZ,aug-cc-pCVTZ-ccECP,-ccECP,Ag:aug-cc-pCVTZ-ccECP,30,162,g,"8s,8p,7d,4f,3g","16s,16p,16d,4f,3g",source library name plus declared suffix '-ccECP',PASS,by_element/Ag/Ag.aug-cc-pCVTZ.cfour
Ag,47,recipes/Ag/ccECP,Ag.aug-cc-pV5Z.gamess,gamess,dirac;gamess;gaussian;molpro;nwchem,gamess:2738;gaussian:2738;nwchem:2738,ccECP,aug-cc-pV5Z,aug-cc-pV5Z-ccECP,-ccECP,Ag:aug-cc-pV5Z-ccECP,37,241,i,"8s,8p,7d,5f,4g,3h,2i","14s,14p,14d,5f,4g,3h,2i",source library name plus declared suffix '-ccECP',PASS,by_element/Ag/Ag.aug-cc-pV5Z.cfour
Ag,47,recipes/Ag/ccECP,Ag.aug-cc-pVDZ.gamess,gamess,dirac;gamess;gaussian;molpro;nwchem,gamess:1225;gaussian:1225;nwchem:1225,ccECP,aug-cc-pVDZ,aug-cc-pVDZ-ccECP,-ccECP,Ag:aug-cc-pVDZ-ccECP,16,112,f,"5s,5p,4d,2f","14s,14p,14d,2f",source library name plus declared suffix '-ccECP',PASS,by_element/Ag/Ag.aug-cc-pVDZ.cfour
Ag,47,recipes/Ag/ccECP,Ag.aug-cc-pVQZ.gamess,gamess,dirac;gamess;gaussian;molpro;nwchem,gamess:2217;gaussian:2217;nwchem:2217,ccECP,aug-cc-pVQZ,aug-cc-pVQZ-ccECP,-ccECP,Ag:aug-cc-pVQZ-ccECP,29,197,h,"7s,7p,6d,4f,3g,2h","14s,14p,14d,4f,3g,2h",source library name plus declared suffix '-ccECP',PASS,by_element/Ag/Ag.aug-cc-pVQZ.cfour
Ag,47,recipes/Ag/ccECP,Ag.aug-cc-pVTZ.gamess,gamess,dirac;gamess;gaussian;molpro;nwchem,gamess:1707;gaussian:1707;nwchem:1707,ccECP,aug-cc-pVTZ,aug-cc-pVTZ-ccECP,-ccECP,Ag:aug-cc-pVTZ-ccECP,22,154,g,"6s,6p,5d,3f,2g","14s,14p,14d,3f,2g",source library name plus declared suffix '-ccECP',PASS,by_element/Ag/Ag.aug-cc-pVTZ.cfour
Ag,47,recipes/Ag/ccECP,Ag.cc-pCV5Z.gamess,gamess,dirac;gamess;gaussian;molpro;nwchem,gamess:2761;gaussian:2761;nwchem:2761,ccECP,cc-pCV5Z,cc-pCV5Z-ccECP,-ccECP,Ag:cc-pCV5Z-ccECP,40,244,i,"9s,9p,8d,5f,4g,3h,2i","15s,15p,15d,5f,4g,3h,2i",source library name plus declared suffix '-ccECP',PASS,by_element/Ag/Ag.cc-pCV5Z.cfour
Ag,47,recipes/Ag/ccECP,Ag.cc-pCVDZ.gamess,gamess,dirac;gamess;gaussian;molpro;nwchem,gamess:1226;gaussian:1226;nwchem:1226,ccECP,cc-pCVDZ,cc-pCVDZ-ccECP,-ccECP,Ag:cc-pCVDZ-ccECP,16,112,f,"5s,5p,4d,2f","14s,14p,14d,2f",source library name plus declared suffix '-ccECP',PASS,by_element/Ag/Ag.cc-pCVDZ.cfour
Ag,47,recipes/Ag/ccECP,Ag.cc-pCVQZ.gamess,gamess,dirac;gamess;gaussian;molpro;nwchem,gamess:2237;gaussian:2237;nwchem:2237,ccECP,cc-pCVQZ,cc-pCVQZ-ccECP,-ccECP,Ag:cc-pCVQZ-ccECP,32,200,h,"8s,8p,7d,4f,3g,2h","15s,15p,15d,4f,3g,2h",source library name plus declared suffix '-ccECP',PASS,by_element/Ag/Ag.cc-pCVQZ.cfour
Ag,47,recipes/Ag/ccECP,Ag.cc-pCVTZ.gamess,gamess,dirac;gamess;gaussian;molpro;nwchem,gamess:1727;gaussian:1727;nwchem:1727,ccECP,cc-pCVTZ,cc-pCVTZ-ccECP,-ccECP,Ag:cc-pCVTZ-ccECP,25,157,g,"7s,7p,6d,3f,2g","15s,15p,15d,3f,2g",source library name plus declared suffix '-ccECP',PASS,by_element/Ag/Ag.cc-pCVTZ.cfour
Ag,47,recipes/Ag/ccECP,Ag.cc-pV5Z.gamess,gamess,dirac;gamess;gaussian;molpro;nwchem,gamess:2699;gaussian:2699;nwchem:2699,ccECP,cc-pV5Z,cc-pV5Z-ccECP,-ccECP,Ag:cc-pV5Z-ccECP,30,234,i,"7s,7p,6d,4f,3g,2h,1i","13s,13p,13d,4f,3g,2h,1i",source library name plus declared suffix '-ccECP',PASS,by_element/Ag/Ag.cc-pV5Z.cfour
Ag,47,recipes/Ag/ccECP,Ag.cc-pVDZ.gamess,gamess,dirac;gamess;gaussian;molpro;nwchem,gamess:1202;gaussian:1202;nwchem:1202,ccECP,cc-pVDZ,cc-pVDZ-ccECP,-ccECP,Ag:cc-pVDZ-ccECP,12,108,f,"4s,4p,3d,1f","13s,13p,13d,1f",source library name plus declared suffix '-ccECP',PASS,by_element/Ag/Ag.cc-pVDZ.cfour
Ag,47,recipes/Ag/ccECP,Ag.cc-pVQZ.gamess,gamess,dirac;gamess;gaussian;molpro;nwchem,gamess:2184;gaussian:2184;nwchem:2184,ccECP,cc-pVQZ,cc-pVQZ-ccECP,-ccECP,Ag:cc-pVQZ-ccECP,23,191,h,"6s,6p,5d,3f,2g,1h","13s,13p,13d,3f,2g,1h",source library name plus declared suffix '-ccECP',PASS,by_element/Ag/Ag.cc-pVQZ.cfour
Ag,47,recipes/Ag/ccECP,Ag.cc-pVTZ.gamess,gamess,dirac;gamess;gaussian;molpro;nwchem,gamess:1680;gaussian:1680;nwchem:1680,ccECP,cc-pVTZ,cc-pVTZ-ccECP,-ccECP,Ag:cc-pVTZ-ccECP,17,149,g,"5s,5p,4d,2f,1g","13s,13p,13d,2f,1g",source library name plus declared suffix '-ccECP',PASS,by_element/Ag/Ag.cc-pVTZ.cfour
Al,13,recipes/Al/ccECP,Al.aug-cc-pV5Z.gamess,gamess,gamess;gaussian;molpro;nwchem,gamess:380;gaussian:380;nwchem:380,ccECP,aug-cc-pV5Z,aug-cc-pV5Z-ccECP,-ccECP,Al:aug-cc-pV5Z-ccECP,26,44,h,"6s,6p,5d,4f,3g,2h","15s,15p,5d,4f,3g,2h",source library name plus declared suffix '-ccECP',PASS,by_element/Al/Al.aug-cc-pV5Z.cfour
Al,13,recipes/Al/ccECP,Al.aug-cc-pV6Z.gamess,gamess,gamess;gaussian;molpro;nwchem,gamess:434;gaussian:434;nwchem:434,ccECP,aug-cc-pV6Z,aug-cc-pV6Z-ccECP,-ccECP,Al:aug-cc-pV6Z-ccECP,34,52,i,"7s,7p,6d,5f,4g,3h,2i","16s,16p,6d,5f,4g,3h,2i",source library name plus declared suffix '-ccECP',PASS,by_element/Al/Al.aug-cc-pV6Z.cfour
Al,13,recipes/Al/ccECP,Al.aug-cc-pVDZ.gamess,gamess,gamess;gaussian;molpro;nwchem,gamess:261;gaussian:261;nwchem:261,ccECP,aug-cc-pVDZ,aug-cc-pVDZ-ccECP,-ccECP,Al:aug-cc-pVDZ-ccECP,8,26,d,"3s,3p,2d","12s,12p,2d",source library name plus declared suffix '-ccECP',PASS,by_element/Al/Al.aug-cc-pVDZ.cfour
Al,13,recipes/Al/ccECP,Al.aug-cc-pVQZ.gamess,gamess,gamess;gaussian;molpro;nwchem,gamess:331;gaussian:331;nwchem:331,ccECP,aug-cc-pVQZ,aug-cc-pVQZ-ccECP,-ccECP,Al:aug-cc-pVQZ-ccECP,19,37,g,"5s,5p,4d,3f,2g","14s,14p,4d,3f,2g",source library name plus declared suffix '-ccECP',PASS,by_element/Al/Al.aug-cc-pVQZ.cfour
Al,13,recipes/Al/ccECP,Al.aug-cc-pVTZ.gamess,gamess,gamess;gaussian;molpro;nwchem,gamess:291;gaussian:291;nwchem:291,ccECP,aug-cc-pVTZ,aug-cc-pVTZ-ccECP,-ccECP,Al:aug-cc-pVTZ-ccECP,13,31,f,"4s,4p,3d,2f","13s,13p,3d,2f",source library name plus declared suffix '-ccECP',PASS,by_element/Al/Al.aug-cc-pVTZ.cfour
Al,13,recipes/Al/ccECP,Al.cc-pV5Z.gamess,gamess,gamess;gaussian;molpro;nwchem,gamess:344;gaussian:344;nwchem:344,ccECP,cc-pV5Z,cc-pV5Z-ccECP,-ccECP,Al:cc-pV5Z-ccECP,20,38,h,"5s,5p,4d,3f,2g,1h","14s,14p,4d,3f,2g,1h",source library name plus declared suffix '-ccECP',PASS,by_element/Al/Al.cc-pV5Z.cfour
Al,13,recipes/Al/ccECP,Al.cc-pV6Z.gamess,gamess,gamess;gaussian;molpro;nwchem,gamess:391;gaussian:391;nwchem:391,ccECP,cc-pV6Z,cc-pV6Z-ccECP,-ccECP,Al:cc-pV6Z-ccECP,27,45,i,"6s,6p,5d,4f,3g,2h,1i","15s,15p,5d,4f,3g,2h,1i",source library name plus declared suffix '-ccECP',PASS,by_element/Al/Al.cc-pV6Z.cfour
Al,13,recipes/Al/ccECP,Al.cc-pVDZ.gamess,gamess,gamess;gaussian;molpro;nwchem,gamess:243;gaussian:243;nwchem:243,ccECP,cc-pVDZ,cc-pVDZ-ccECP,-ccECP,Al:cc-pVDZ-ccECP,5,23,d,"2s,2p,1d","11s,11p,1d",source library name plus declared suffix '-ccECP',PASS,by_element/Al/Al.cc-pVDZ.cfour
Al,13,recipes/Al/ccECP,Al.cc-pVQZ.gamess,gamess,gamess;gaussian;molpro;nwchem,gamess:300;gaussian:300;nwchem:300,ccECP,cc-pVQZ,cc-pVQZ-ccECP,-ccECP,Al:cc-pVQZ-ccECP,14,32,g,"4s,4p,3d,2f,1g","13s,13p,3d,2f,1g",source library name plus declared suffix '-ccECP',PASS,by_element/Al/Al.cc-pVQZ.cfour
Al,13,recipes/Al/ccECP,Al.cc-pVTZ.gamess,gamess,gamess;gaussian;molpro;nwchem,gamess:269;gaussian:269;nwchem:269,ccECP,cc-pVTZ,cc-pVTZ-ccECP,-ccECP,Al:cc-pVTZ-ccECP,9,27,f,"3s,3p,2d,1f","12s,12p,2d,1f",source library name plus declared suffix '-ccECP',PASS,by_element/Al/Al.cc-pVTZ.cfour
Ar,18,recipes/Ar/ccECP,Ar.aug-cc-pV5Z.gamess,gamess,gamess;gaussian;molpro;nwchem,gamess:409;gaussian:409;nwchem:409,ccECP,aug-cc-pV5Z,aug-cc-pV5Z-ccECP,-ccECP,Ar:aug-cc-pV5Z-ccECP,26,44,h,"6s,6p,5d,4f,3g,2h","15s,15p,5d,4f,3g,2h",source library name plus declared suffix '-ccECP',PASS,by_element/Ar/Ar.aug-cc-pV5Z.cfour
Ar,18,recipes/Ar/ccECP,Ar.aug-cc-pV6Z.gamess,gamess,gamess;gaussian;molpro;nwchem,gamess:463;gaussian:463;nwchem:463,ccECP,aug-cc-pV6Z,aug-cc-pV6Z-ccECP,-ccECP,Ar:aug-cc-pV6Z-ccECP,34,52,i,"7s,7p,6d,5f,4g,3h,2i","16s,16p,6d,5f,4g,3h,2i",source library name plus declared suffix '-ccECP',PASS,by_element/Ar/Ar.aug-cc-pV6Z.cfour
Ar,18,recipes/Ar/ccECP,Ar.aug-cc-pVDZ.gamess,gamess,gamess;gaussian;molpro;nwchem,gamess:276;gaussian:276;nwchem:276,ccECP,aug-cc-pVDZ,aug-cc-pVDZ-ccECP,-ccECP,Ar:aug-cc-pVDZ-ccECP,8,26,d,"3s,3p,2d","12s,12p,2d",source library name plus declared suffix '-ccECP',PASS,by_element/Ar/Ar.aug-cc-pVDZ.cfour
Ar,18,recipes/Ar/ccECP,Ar.aug-cc-pVQZ.gamess,gamess,gamess;gaussian;molpro;nwchem,gamess:356;gaussian:356;nwchem:356,ccECP,aug-cc-pVQZ,aug-cc-pVQZ-ccECP,-ccECP,Ar:aug-cc-pVQZ-ccECP,19,37,g,"5s,5p,4d,3f,2g","14s,14p,4d,3f,2g",source library name plus declared suffix '-ccECP',PASS,by_element/Ar/Ar.aug-cc-pVQZ.cfour
Ar,18,recipes/Ar/ccECP,Ar.aug-cc-pVTZ.gamess,gamess,gamess;gaussian;molpro;nwchem,gamess:313;gaussian:313;nwchem:313,ccECP,aug-cc-pVTZ,aug-cc-pVTZ-ccECP,-ccECP,Ar:aug-cc-pVTZ-ccECP,13,31,f,"4s,4p,3d,2f","13s,13p,3d,2f",source library name plus declared suffix '-ccECP',PASS,by_element/Ar/Ar.aug-cc-pVTZ.cfour
Ar,18,recipes/Ar/ccECP,Ar.cc-pV5Z.gamess,gamess,gamess;gaussian;molpro;nwchem,gamess:368;gaussian:368;nwchem:368,ccECP,cc-pV5Z,cc-pV5Z-ccECP,-ccECP,Ar:cc-pV5Z-ccECP,20,38,h,"5s,5p,4d,3f,2g,1h","14s,14p,4d,3f,2g,1h",source library name plus declared suffix '-ccECP',PASS,by_element/Ar/Ar.cc-pV5Z.cfour
Ar,18,recipes/Ar/ccECP,Ar.cc-pV6Z.gamess,gamess,gamess;gaussian;molpro;nwchem,gamess:418;gaussian:418;nwchem:418,ccECP,cc-pV6Z,cc-pV6Z-ccECP,-ccECP,Ar:cc-pV6Z-ccECP,27,45,i,"6s,6p,5d,4f,3g,2h,1i","15s,15p,5d,4f,3g,2h,1i",source library name plus declared suffix '-ccECP',PASS,by_element/Ar/Ar.cc-pV6Z.cfour
Ar,18,recipes/Ar/ccECP,Ar.cc-pVDZ.gamess,gamess,gamess;gaussian;molpro;nwchem,gamess:255;gaussian:255;nwchem:255,ccECP,cc-pVDZ,cc-pVDZ-ccECP,-ccECP,Ar:cc-pVDZ-ccECP,5,23,d,"2s,2p,1d","11s,11p,1d",source library name plus declared suffix '-ccECP',PASS,by_element/Ar/Ar.cc-pVDZ.cfour
Ar,18,recipes/Ar/ccECP,Ar.cc-pVQZ.gamess,gamess,gamess;gaussian;molpro;nwchem,gamess:323;gaussian:323;nwchem:323,ccECP,cc-pVQZ,cc-pVQZ-ccECP,-ccECP,Ar:cc-pVQZ-ccECP,14,32,g,"4s,4p,3d,2f,1g","13s,13p,3d,2f,1g",source library name plus declared suffix '-ccECP',PASS,by_element/Ar/Ar.cc-pVQZ.cfour
Ar,18,recipes/Ar/ccECP,Ar.cc-pVTZ.gamess,gamess,gamess;gaussian;molpro;nwchem,gamess:287;gaussian:287;nwchem:287,ccECP,cc-pVTZ,cc-pVTZ-ccECP,-ccECP,Ar:cc-pVTZ-ccECP,9,27,f,"3s,3p,2d,1f","12s,12p,2d,1f",source library name plus declared suffix '-ccECP',PASS,by_element/Ar/Ar.cc-pVTZ.cfour
As,33,recipes/As/ccECP,As.aug-cc-pV5Z.gamess,gamess,gamess;gaussian;molpro;nwchem,gamess:368;gaussian:368;nwchem:368,ccECP,aug-cc-pV5Z,aug-cc-pV5Z-ccECP,-ccECP,As:aug-cc-pV5Z-ccECP,26,42,h,"6s,6p,5d,4f,3g,2h","14s,14p,5d,4f,3g,2h",source library name plus declared suffix '-ccECP',PASS,by_element/As/As.aug-cc-pV5Z.cfour
As,33,recipes/As/ccECP,As.aug-cc-pV6Z.gamess,gamess,gamess;gaussian;molpro;nwchem,gamess:426;gaussian:426;nwchem:426,ccECP,aug-cc-pV6Z,aug-cc-pV6Z-ccECP,-ccECP,As:aug-cc-pV6Z-ccECP,34,50,i,"7s,7p,6d,5f,4g,3h,2i","15s,15p,6d,5f,4g,3h,2i",source library name plus declared suffix '-ccECP',PASS,by_element/As/As.aug-cc-pV6Z.cfour
As,33,recipes/As/ccECP,As.aug-cc-pVDZ.gamess,gamess,gamess;gaussian;molpro;nwchem,gamess:248;gaussian:248;nwchem:248,ccECP,aug-cc-pVDZ,aug-cc-pVDZ-ccECP,-ccECP,As:aug-cc-pVDZ-ccECP,8,24,d,"3s,3p,2d","11s,11p,2d",source library name plus declared suffix '-ccECP',PASS,by_element/As/As.aug-cc-pVDZ.cfour
As,33,recipes/As/ccECP,As.aug-cc-pVQZ.gamess,gamess,gamess;gaussian;molpro;nwchem,gamess:326;gaussian:326;nwchem:326,ccECP,aug-cc-pVQZ,aug-cc-pVQZ-ccECP,-ccECP,As:aug-cc-pVQZ-ccECP,19,35,g,"5s,5p,4d,3f,2g","13s,13p,4d,3f,2g",source library name plus declared suffix '-ccECP',PASS,by_element/As/As.aug-cc-pVQZ.cfour
As,33,recipes/As/ccECP,As.aug-cc-pVTZ.gamess,gamess,gamess;gaussian;molpro;nwchem,gamess:284;gaussian:284;nwchem:284,ccECP,aug-cc-pVTZ,aug-cc-pVTZ-ccECP,-ccECP,As:aug-cc-pVTZ-ccECP,13,29,f,"4s,4p,3d,2f","12s,12p,3d,2f",source library name plus declared suffix '-ccECP',PASS,by_element/As/As.aug-cc-pVTZ.cfour
As,33,recipes/As/ccECP,As.cc-pV5Z.gamess,gamess,gamess;gaussian;molpro;nwchem,gamess:331;gaussian:331;nwchem:331,ccECP,cc-pV5Z,cc-pV5Z-ccECP,-ccECP,As:cc-pV5Z-ccECP,20,36,h,"5s,5p,4d,3f,2g,1h","13s,13p,4d,3f,2g,1h",source library name plus declared suffix '-ccECP',PASS,by_element/As/As.cc-pV5Z.cfour
As,33,recipes/As/ccECP,As.cc-pV6Z.gamess,gamess,gamess;gaussian;molpro;nwchem,gamess:385;gaussian:385;nwchem:385,ccECP,cc-pV6Z,cc-pV6Z-ccECP,-ccECP,As:cc-pV6Z-ccECP,27,43,i,"6s,6p,5d,4f,3g,2h,1i","14s,14p,5d,4f,3g,2h,1i",source library name plus declared suffix '-ccECP',PASS,by_element/As/As.cc-pV6Z.cfour
As,33,recipes/As/ccECP,As.cc-pVDZ.gamess,gamess,gamess;gaussian;molpro;nwchem,gamess:229;gaussian:229;nwchem:229,ccECP,cc-pVDZ,cc-pVDZ-ccECP,-ccECP,As:cc-pVDZ-ccECP,5,21,d,"2s,2p,1d","10s,10p,1d",source library name plus declared suffix '-ccECP',PASS,by_element/As/As.cc-pVDZ.cfour
As,33,recipes/As/ccECP,As.cc-pVQZ.gamess,gamess,gamess;gaussian;molpro;nwchem,gamess:295;gaussian:295;nwchem:295,ccECP,cc-pVQZ,cc-pVQZ-ccECP,-ccECP,As:cc-pVQZ-ccECP,14,30,g,"4s,4p,3d,2f,1g","12s,12p,3d,2f,1g",source library name plus declared suffix '-ccECP',PASS,by_element/As/As.cc-pVQZ.cfour
As,33,recipes/As/ccECP,As.cc-pVTZ.gamess,gamess,gamess;gaussian;molpro;nwchem,gamess:259;gaussian:259;nwchem:259,ccECP,cc-pVTZ,cc-pVTZ-ccECP,-ccECP,As:cc-pVTZ-ccECP,9,25,f,"3s,3p,2d,1f","11s,11p,2d,1f",source library name plus declared suffix '-ccECP',PASS,by_element/As/As.cc-pVTZ.cfour
Au,79,recipes/Au/ccECP,Au.aug-cc-pCV5Z.gamess,gamess,dirac;gamess;gaussian;molpro;nwchem,gamess:2844;gaussian:2844;nwchem:2844,ccECP,aug-cc-pCV5Z,aug-cc-pCV5Z-ccECP,-ccECP,Au:aug-cc-pCV5Z-ccECP,47,251,i,"10s,10p,9d,6f,5g,4h,3i","16s,16p,16d,6f,5g,4h,3i",source library name plus declared suffix '-ccECP',PASS,by_element/Au/Au.aug-cc-pCV5Z.cfour
Au,79,recipes/Au/ccECP,Au.aug-cc-pCVDZ.gamess,gamess,dirac;gamess;gaussian;molpro;nwchem,gamess:1269;gaussian:1269;nwchem:1269,ccECP,aug-cc-pCVDZ,aug-cc-pCVDZ-ccECP,-ccECP,Au:aug-cc-pCVDZ-ccECP,20,116,f,"6s,6p,5d,3f","15s,15p,15d,3f",source library name plus declared suffix '-ccECP',PASS,by_element/Au/Au.aug-cc-pCVDZ.cfour
Au,79,recipes/Au/ccECP,Au.aug-cc-pCVQZ.gamess,gamess,dirac;gamess;gaussian;molpro;nwchem,gamess:2307;gaussian:2307;nwchem:2307,ccECP,aug-cc-pCVQZ,aug-cc-pCVQZ-ccECP,-ccECP,Au:aug-cc-pCVQZ-ccECP,38,206,h,"9s,9p,8d,5f,4g,3h","16s,16p,16d,5f,4g,3h",source library name plus declared suffix '-ccECP',PASS,by_element/Au/Au.aug-cc-pCVQZ.cfour
Au,79,recipes/Au/ccECP,Au.aug-cc-pCVTZ.gamess,gamess,dirac;gamess;gaussian;molpro;nwchem,gamess:1789;gaussian:1789;nwchem:1789,ccECP,aug-cc-pCVTZ,aug-cc-pCVTZ-ccECP,-ccECP,Au:aug-cc-pCVTZ-ccECP,30,162,g,"8s,8p,7d,4f,3g","16s,16p,16d,4f,3g",source library name plus declared suffix '-ccECP',PASS,by_element/Au/Au.aug-cc-pCVTZ.cfour
Au,79,recipes/Au/ccECP,Au.aug-cc-pV5Z.gamess,gamess,dirac;gamess;gaussian;molpro;nwchem,gamess:2785;gaussian:2785;nwchem:2785,ccECP,aug-cc-pV5Z,aug-cc-pV5Z-ccECP,-ccECP,Au:aug-cc-pV5Z-ccECP,37,241,i,"8s,8p,7d,5f,4g,3h,2i","14s,14p,14d,5f,4g,3h,2i",source library name plus declared suffix '-ccECP',PASS,by_element/Au/Au.aug-cc-pV5Z.cfour
Au,79,recipes/Au/ccECP,Au.aug-cc-pVDZ.gamess,gamess,dirac;gamess;gaussian;molpro;nwchem,gamess:1245;gaussian:1245;nwchem:1245,ccECP,aug-cc-pVDZ,aug-cc-pVDZ-ccECP,-ccECP,Au:aug-cc-pVDZ-ccECP,16,112,f,"5s,5p,4d,2f","14s,14p,14d,2f",source library name plus declared suffix '-ccECP',PASS,by_element/Au/Au.aug-cc-pVDZ.cfour
Au,79,recipes/Au/ccECP,Au.aug-cc-pVQZ.gamess,gamess,dirac;gamess;gaussian;molpro;nwchem,gamess:2255;gaussian:2255;nwchem:2255,ccECP,aug-cc-pVQZ,aug-cc-pVQZ-ccECP,-ccECP,Au:aug-cc-pVQZ-ccECP,29,197,h,"7s,7p,6d,4f,3g,2h","14s,14p,14d,4f,3g,2h",source library name plus declared suffix '-ccECP',PASS,by_element/Au/Au.aug-cc-pVQZ.cfour
Au,79,recipes/Au/ccECP,Au.aug-cc-pVTZ.gamess,gamess,dirac;gamess;gaussian;molpro;nwchem,gamess:1742;gaussian:1742;nwchem:1742,ccECP,aug-cc-pVTZ,aug-cc-pVTZ-ccECP,-ccECP,Au:aug-cc-pVTZ-ccECP,22,154,g,"6s,6p,5d,3f,2g","14s,14p,14d,3f,2g",source library name plus declared suffix '-ccECP',PASS,by_element/Au/Au.aug-cc-pVTZ.cfour
Au,79,recipes/Au/ccECP,Au.cc-pCV5Z.gamess,gamess,dirac;gamess;gaussian;molpro;nwchem,gamess:2806;gaussian:2806;nwchem:2806,ccECP,cc-pCV5Z,cc-pCV5Z-ccECP,-ccECP,Au:cc-pCV5Z-ccECP,40,244,i,"9s,9p,8d,5f,4g,3h,2i","15s,15p,15d,5f,4g,3h,2i",source library name plus declared suffix '-ccECP',PASS,by_element/Au/Au.cc-pCV5Z.cfour
Au,79,recipes/Au/ccECP,Au.cc-pCVDZ.gamess,gamess,dirac;gamess;gaussian;molpro;nwchem,gamess:1246;gaussian:1246;nwchem:1246,ccECP,cc-pCVDZ,cc-pCVDZ-ccECP,-ccECP,Au:cc-pCVDZ-ccECP,16,112,f,"5s,5p,4d,2f","14s,14p,14d,2f",source library name plus declared suffix '-ccECP',PASS,by_element/Au/Au.cc-pCVDZ.cfour
Au,79,recipes/Au/ccECP,Au.cc-pCVQZ.gamess,gamess,dirac;gamess;gaussian;molpro;nwchem,gamess:2274;gaussian:2274;nwchem:2274,ccECP,cc-pCVQZ,cc-pCVQZ-ccECP,-ccECP,Au:cc-pCVQZ-ccECP,32,200,h,"8s,8p,7d,4f,3g,2h","15s,15p,15d,4f,3g,2h",source library name plus declared suffix '-ccECP',PASS,by_element/Au/Au.cc-pCVQZ.cfour
Au,79,recipes/Au/ccECP,Au.cc-pCVTZ.gamess,gamess,dirac;gamess;gaussian;molpro;nwchem,gamess:1761;gaussian:1761;nwchem:1761,ccECP,cc-pCVTZ,cc-pCVTZ-ccECP,-ccECP,Au:cc-pCVTZ-ccECP,25,157,g,"7s,7p,6d,3f,2g","15s,15p,15d,3f,2g",source library name plus declared suffix '-ccECP',PASS,by_element/Au/Au.cc-pCVTZ.cfour
Au,79,recipes/Au/ccECP,Au.cc-pV5Z.gamess,gamess,dirac;gamess;gaussian;molpro;nwchem,gamess:2747;gaussian:2747;nwchem:2747,ccECP,cc-pV5Z,cc-pV5Z-ccECP,-ccECP,Au:cc-pV5Z-ccECP,30,234,i,"7s,7p,6d,4f,3g,2h,1i","13s,13p,13d,4f,3g,2h,1i",source library name plus declared suffix '-ccECP',PASS,by_element/Au/Au.cc-pV5Z.cfour
Au,79,recipes/Au/ccECP,Au.cc-pVDZ.gamess,gamess,dirac;gamess;gaussian;molpro;nwchem,gamess:1222;gaussian:1222;nwchem:1222,ccECP,cc-pVDZ,cc-pVDZ-ccECP,-ccECP,Au:cc-pVDZ-ccECP,12,108,f,"4s,4p,3d,1f","13s,13p,13d,1f",source library name plus declared suffix '-ccECP',PASS,by_element/Au/Au.cc-pVDZ.cfour
Au,79,recipes/Au/ccECP,Au.cc-pVQZ.gamess,gamess,dirac;gamess;gaussian;molpro;nwchem,gamess:2222;gaussian:2222;nwchem:2222,ccECP,cc-pVQZ,cc-pVQZ-ccECP,-ccECP,Au:cc-pVQZ-ccECP,23,191,h,"6s,6p,5d,3f,2g,1h","13s,13p,13d,3f,2g,1h",source library name plus declared suffix '-ccECP',PASS,by_element/Au/Au.cc-pVQZ.cfour
Au,79,recipes/Au/ccECP,Au.cc-pVTZ.gamess,gamess,dirac;gamess;gaussian;molpro;nwchem,gamess:1714;gaussian:1714;nwchem:1714,ccECP,cc-pVTZ,cc-pVTZ-ccECP,-ccECP,Au:cc-pVTZ-ccECP,17,149,g,"5s,5p,4d,2f,1g","13s,13p,13d,2f,1g",source library name plus declared suffix '-ccECP',PASS,by_element/Au/Au.cc-pVTZ.cfour
B,5,recipes/B/ccECP,B.aug-cc-pV5Z.gamess,gamess,gamess;gaussian;molpro;nwchem,gamess:386;gaussian:386;nwchem:386,ccECP,aug-cc-pV5Z,aug-cc-pV5Z-ccECP,-ccECP,B:aug-cc-pV5Z-ccECP,26,42,h,"6s,6p,5d,4f,3g,2h","14s,14p,5d,4f,3g,2h",source library name plus declared suffix '-ccECP',PASS,by_element/B/B.aug-cc-pV5Z.cfour
B,5,recipes/B/ccECP,B.aug-cc-pV6Z.gamess,gamess,gamess;gaussian;molpro;nwchem,gamess:442;gaussian:442;nwchem:442,ccECP,aug-cc-pV6Z,aug-cc-pV6Z-ccECP,-ccECP,B:aug-cc-pV6Z-ccECP,34,50,i,"7s,7p,6d,5f,4g,3h,2i","15s,15p,6d,5f,4g,3h,2i",source library name plus declared suffix '-ccECP',PASS,by_element/B/B.aug-cc-pV6Z.cfour
B,5,recipes/B/ccECP,B.aug-cc-pVDZ.gamess,gamess,gamess;gaussian;molpro;nwchem,gamess:260;gaussian:260;nwchem:260,ccECP,aug-cc-pVDZ,aug-cc-pVDZ-ccECP,-ccECP,B:aug-cc-pVDZ-ccECP,8,24,d,"3s,3p,2d","11s,11p,2d",source library name plus declared suffix '-ccECP',PASS,by_element/B/B.aug-cc-pVDZ.cfour
B,5,recipes/B/ccECP,B.aug-cc-pVQZ.gamess,gamess,gamess;gaussian;molpro;nwchem,gamess:334;gaussian:334;nwchem:334,ccECP,aug-cc-pVQZ,aug-cc-pVQZ-ccECP,-ccECP,B:aug-cc-pVQZ-ccECP,19,35,g,"5s,5p,4d,3f,2g","13s,13p,4d,3f,2g",source library name plus declared suffix '-ccECP',PASS,by_element/B/B.aug-cc-pVQZ.cfour
B,5,recipes/B/ccECP,B.aug-cc-pVTZ.gamess,gamess,gamess;gaussian;molpro;nwchem,gamess:294;gaussian:294;nwchem:294,ccECP,aug-cc-pVTZ,aug-cc-pVTZ-ccECP,-ccECP,B:aug-cc-pVTZ-ccECP,13,29,f,"4s,4p,3d,2f","12s,12p,3d,2f",source library name plus declared suffix '-ccECP',PASS,by_element/B/B.aug-cc-pVTZ.cfour
B,5,recipes/B/ccECP,B.cc-pV5Z.gamess,gamess,gamess;gaussian;molpro;nwchem,gamess:347;gaussian:347;nwchem:347,ccECP,cc-pV5Z,cc-pV5Z-ccECP,-ccECP,B:cc-pV5Z-ccECP,20,36,h,"5s,5p,4d,3f,2g,1h","13s,13p,4d,3f,2g,1h",source library name plus declared suffix '-ccECP',PASS,by_element/B/B.cc-pV5Z.cfour
B,5,recipes/B/ccECP,B.cc-pV6Z.gamess,gamess,gamess;gaussian;molpro;nwchem,gamess:397;gaussian:397;nwchem:397,ccECP,cc-pV6Z,cc-pV6Z-ccECP,-ccECP,B:cc-pV6Z-ccECP,27,43,i,"6s,6p,5d,4f,3g,2h,1i","14s,14p,5d,4f,3g,2h,1i",source library name plus declared suffix '-ccECP',PASS,by_element/B/B.cc-pV6Z.cfour
B,5,recipes/B/ccECP,B.cc-pVDZ.gamess,gamess,gamess;gaussian;molpro;nwchem,gamess:241;gaussian:241;nwchem:241,ccECP,cc-pVDZ,cc-pVDZ-ccECP,-ccECP,B:cc-pVDZ-ccECP,5,21,d,"2s,2p,1d","10s,10p,1d",source library name plus declared suffix '-ccECP',PASS,by_element/B/B.cc-pVDZ.cfour
B,5,recipes/B/ccECP,B.cc-pVQZ.gamess,gamess,gamess;gaussian;molpro;nwchem,gamess:303;gaussian:303;nwchem:303,ccECP,cc-pVQZ,cc-pVQZ-ccECP,-ccECP,B:cc-pVQZ-ccECP,14,30,g,"4s,4p,3d,2f,1g","12s,12p,3d,2f,1g",source library name plus declared suffix '-ccECP',PASS,by_element/B/B.cc-pVQZ.cfour
B,5,recipes/B/ccECP,B.cc-pVTZ.gamess,gamess,gamess;gaussian;molpro;nwchem,gamess:269;gaussian:269;nwchem:269,ccECP,cc-pVTZ,cc-pVTZ-ccECP,-ccECP,B:cc-pVTZ-ccECP,9,25,f,"3s,3p,2d,1f","11s,11p,2d,1f",source library name plus declared suffix '-ccECP',PASS,by_element/B/B.cc-pVTZ.cfour
Ba,56,recipes/Ba/ccECP,Ba.aug-cc-pCV5Z.gamess,gamess,dirac;gamess;gaussian;molpro;nwchem,gamess:875;gaussian:875;nwchem:875,ccECP,aug-cc-pCV5Z,aug-cc-pCV5Z-ccECP,-ccECP,Ba:aug-cc-pCV5Z-ccECP,50,98,h,"13s,13p,9d,7f,5g,3h","24s,24p,9d,7f,5g,3h",source library name plus declared suffix '-ccECP',PASS,by_element/Ba/Ba.aug-cc-pCV5Z.cfour
Ba,56,recipes/Ba/ccECP,Ba.aug-cc-pCVDZ.gamess,gamess,dirac;gamess;gaussian;molpro;nwchem,gamess:644;gaussian:644;nwchem:644,ccECP,aug-cc-pCVDZ,aug-cc-pCVDZ-ccECP,-ccECP,Ba:aug-cc-pCVDZ-ccECP,17,65,d,"7s,7p,3d","18s,18p,3d",source library name plus declared suffix '-ccECP',PASS,by_element/Ba/Ba.aug-cc-pCVDZ.cfour
Ba,56,recipes/Ba/ccECP,Ba.aug-cc-pCVQZ.gamess,gamess,dirac;gamess;gaussian;molpro;nwchem,gamess:785;gaussian:785;nwchem:785,ccECP,aug-cc-pCVQZ,aug-cc-pCVQZ-ccECP,-ccECP,Ba:aug-cc-pCVQZ-ccECP,37,85,g,"11s,11p,7d,5f,3g","22s,22p,7d,5f,3g",source library name plus declared suffix '-ccECP',PASS,by_element/Ba/Ba.aug-cc-pCVQZ.cfour
Ba,56,recipes/Ba/ccECP,Ba.aug-cc-pCVTZ.gamess,gamess,dirac;gamess;gaussian;molpro;nwchem,gamess:709;gaussian:709;nwchem:709,ccECP,aug-cc-pCVTZ,aug-cc-pCVTZ-ccECP,-ccECP,Ba:aug-cc-pCVTZ-ccECP,26,74,f,"9s,9p,5d,3f","20s,20p,5d,3f",source library name plus declared suffix '-ccECP',PASS,by_element/Ba/Ba.aug-cc-pCVTZ.cfour
Ba,56,recipes/Ba/ccECP,Ba.aug-cc-pV5Z.gamess,gamess,dirac;gamess;gaussian;molpro;nwchem,gamess:723;gaussian:723;nwchem:723,ccECP,aug-cc-pV5Z,aug-cc-pV5Z-ccECP,-ccECP,Ba:aug-cc-pV5Z-ccECP,30,78,h,"8s,8p,5d,4f,3g,2h","19s,19p,5d,4f,3g,2h",source library name plus declared suffix '-ccECP',PASS,by_element/Ba/Ba.aug-cc-pV5Z.cfour
Ba,56,recipes/Ba/ccECP,Ba.aug-cc-pVDZ.gamess,gamess,dirac;gamess;gaussian;molpro;nwchem,gamess:609;gaussian:609;nwchem:609,ccECP,aug-cc-pVDZ,aug-cc-pVDZ-ccECP,-ccECP,Ba:aug-cc-pVDZ-ccECP,12,60,d,"5s,5p,2d","16s,16p,2d",source library name plus declared suffix '-ccECP',PASS,by_element/Ba/Ba.aug-cc-pVDZ.cfour
Ba,56,recipes/Ba/ccECP,Ba.aug-cc-pVQZ.gamess,gamess,dirac;gamess;gaussian;molpro;nwchem,gamess:680;gaussian:680;nwchem:680,ccECP,aug-cc-pVQZ,aug-cc-pVQZ-ccECP,-ccECP,Ba:aug-cc-pVQZ-ccECP,23,71,g,"7s,7p,4d,3f,2g","18s,18p,4d,3f,2g",source library name plus declared suffix '-ccECP',PASS,by_element/Ba/Ba.aug-cc-pVQZ.cfour
Ba,56,recipes/Ba/ccECP,Ba.aug-cc-pVTZ.gamess,gamess,dirac;gamess;gaussian;molpro;nwchem,gamess:644;gaussian:644;nwchem:644,ccECP,aug-cc-pVTZ,aug-cc-pVTZ-ccECP,-ccECP,Ba:aug-cc-pVTZ-ccECP,17,65,f,"6s,6p,3d,2f","17s,17p,3d,2f",source library name plus declared suffix '-ccECP',PASS,by_element/Ba/Ba.aug-cc-pVTZ.cfour
Ba,56,recipes/Ba/ccECP,Ba.cc-pCV5Z.gamess,gamess,dirac;gamess;gaussian;molpro;nwchem,gamess:842;gaussian:842;nwchem:842,ccECP,cc-pCV5Z,cc-pCV5Z-ccECP,-ccECP,Ba:cc-pCV5Z-ccECP,44,92,h,"12s,12p,8d,6f,4g,2h","23s,23p,8d,6f,4g,2h",source library name plus declared suffix '-ccECP',PASS,by_element/Ba/Ba.cc-pCV5Z.cfour
Ba,56,recipes/Ba/ccECP,Ba.cc-pCVDZ.gamess,gamess,dirac;gamess;gaussian;molpro;nwchem,gamess:628;gaussian:628;nwchem:628,ccECP,cc-pCVDZ,cc-pCVDZ-ccECP,-ccECP,Ba:cc-pCVDZ-ccECP,14,62,d,"6s,6p,2d","17s,17p,2d",source library name plus declared suffix '-ccECP',PASS,by_element/Ba/Ba.cc-pCVDZ.cfour
Ba,56,recipes/Ba/ccECP,Ba.cc-pCVQZ.gamess,gamess,dirac;gamess;gaussian;molpro;nwchem,gamess:759;gaussian:759;nwchem:759,ccECP,cc-pCVQZ,cc-pCVQZ-ccECP,-ccECP,Ba:cc-pCVQZ-ccECP,32,80,g,"10s,10p,6d,4f,2g","21s,21p,6d,4f,2g",source library name plus declared suffix '-ccECP',PASS,by_element/Ba/Ba.cc-pCVQZ.cfour
Ba,56,recipes/Ba/ccECP,Ba.cc-pCVTZ.gamess,gamess,dirac;gamess;gaussian;molpro;nwchem,gamess:686;gaussian:686;nwchem:686,ccECP,cc-pCVTZ,cc-pCVTZ-ccECP,-ccECP,Ba:cc-pCVTZ-ccECP,22,70,f,"8s,8p,4d,2f","19s,19p,4d,2f",source library name plus declared suffix '-ccECP',PASS,by_element/Ba/Ba.cc-pCVTZ.cfour
Ba,56,recipes/Ba/ccECP,Ba.cc-pV5Z.gamess,gamess,dirac;gamess;gaussian;molpro;nwchem,gamess:690;gaussian:690;nwchem:690,ccECP,cc-pV5Z,cc-pV5Z-ccECP,-ccECP,Ba:cc-pV5Z-ccECP,24,72,h,"7s,7p,4d,3f,2g,1h","18s,18p,4d,3f,2g,1h",source library name plus declared suffix '-ccECP',PASS,by_element/Ba/Ba.cc-pV5Z.cfour
Ba,56,recipes/Ba/ccECP,Ba.cc-pVDZ.gamess,gamess,dirac;gamess;gaussian;molpro;nwchem,gamess:593;gaussian:593;nwchem:593,ccECP,cc-pVDZ,cc-pVDZ-ccECP,-ccECP,Ba:cc-pVDZ-ccECP,9,57,d,"4s,4p,1d","15s,15p,1d",source library name plus declared suffix '-ccECP',PASS,by_element/Ba/Ba.cc-pVDZ.cfour
Ba,56,recipes/Ba/ccECP,Ba.cc-pVQZ.gamess,gamess,dirac;gamess;gaussian;molpro;nwchem,gamess:654;gaussian:654;nwchem:654,ccECP,cc-pVQZ,cc-pVQZ-ccECP,-ccECP,Ba:cc-pVQZ-ccECP,18,66,g,"6s,6p,3d,2f,1g","17s,17p,3d,2f,1g",source library name plus declared suffix '-ccECP',PASS,by_element/Ba/Ba.cc-pVQZ.cfour
Ba,56,recipes/Ba/ccECP,Ba.cc-pVTZ.gamess,gamess,dirac;gamess;gaussian;molpro;nwchem,gamess:621;gaussian:621;nwchem:621,ccECP,cc-pVTZ,cc-pVTZ-ccECP,-ccECP,Ba:cc-pVTZ-ccECP,13,61,f,"5s,5p,2d,1f","16s,16p,2d,1f",source library name plus declared suffix '-ccECP',PASS,by_element/Ba/Ba.cc-pVTZ.cfour
Be,4,recipes/Be/ccECP,Be.aug-cc-pV5Z.gamess,gamess,gamess;gaussian;molpro;nwchem,gamess:365;gaussian:365;nwchem:365,ccECP,aug-cc-pV5Z,aug-cc-pV5Z-ccECP,-ccECP,Be:aug-cc-pV5Z-ccECP,26,42,h,"6s,6p,5d,4f,3g,2h","14s,14p,5d,4f,3g,2h",source library name plus declared suffix '-ccECP',PASS,by_element/Be/Be.aug-cc-pV5Z.cfour
Be,4,recipes/Be/ccECP,Be.aug-cc-pV6Z.gamess,gamess,gamess;gaussian;molpro;nwchem,gamess:421;gaussian:421;nwchem:421,ccECP,aug-cc-pV6Z,aug-cc-pV6Z-ccECP,-ccECP,Be:aug-cc-pV6Z-ccECP,34,50,i,"7s,7p,6d,5f,4g,3h,2i","15s,15p,6d,5f,4g,3h,2i",source library name plus declared suffix '-ccECP',PASS,by_element/Be/Be.aug-cc-pV6Z.cfour
Be,4,recipes/Be/ccECP,Be.aug-cc-pVDZ.gamess,gamess,gamess;gaussian;molpro;nwchem,gamess:242;gaussian:242;nwchem:242,ccECP,aug-cc-pVDZ,aug-cc-pVDZ-ccECP,-ccECP,Be:aug-cc-pVDZ-ccECP,8,24,d,"3s,3p,2d","11s,11p,2d",source library name plus declared suffix '-ccECP',PASS,by_element/Be/Be.aug-cc-pVDZ.cfour
Be,4,recipes/Be/ccECP,Be.aug-cc-pVQZ.gamess,gamess,gamess;gaussian;molpro;nwchem,gamess:317;gaussian:317;nwchem:317,ccECP,aug-cc-pVQZ,aug-cc-pVQZ-ccECP,-ccECP,Be:aug-cc-pVQZ-ccECP,19,35,g,"5s,5p,4d,3f,2g","13s,13p,4d,3f,2g",source library name plus declared suffix '-ccECP',PASS,by_element/Be/Be.aug-cc-pVQZ.cfour
Be,4,recipes/Be/ccECP,Be.aug-cc-pVTZ.gamess,gamess,gamess;gaussian;molpro;nwchem,gamess:275;gaussian:275;nwchem:275,ccECP,aug-cc-pVTZ,aug-cc-pVTZ-ccECP,-ccECP,Be:aug-cc-pVTZ-ccECP,13,29,f,"4s,4p,3d,2f","12s,12p,3d,2f",source library name plus declared suffix '-ccECP',PASS,by_element/Be/Be.aug-cc-pVTZ.cfour
Be,4,recipes/Be/ccECP,Be.cc-pV5Z.gamess,gamess,gamess;gaussian;molpro;nwchem,gamess:328;gaussian:328;nwchem:328,ccECP,cc-pV5Z,cc-pV5Z-ccECP,-ccECP,Be:cc-pV5Z-ccECP,20,36,h,"5s,5p,4d,3f,2g,1h","13s,13p,4d,3f,2g,1h",source library name plus declared suffix '-ccECP',PASS,by_element/Be/Be.cc-pV5Z.cfour
Be,4,recipes/Be/ccECP,Be.cc-pV6Z.gamess,gamess,gamess;gaussian;molpro;nwchem,gamess:376;gaussian:376;nwchem:376,ccECP,cc-pV6Z,cc-pV6Z-ccECP,-ccECP,Be:cc-pV6Z-ccECP,27,43,i,"6s,6p,5d,4f,3g,2h,1i","14s,14p,5d,4f,3g,2h,1i",source library name plus declared suffix '-ccECP',PASS,by_element/Be/Be.cc-pV6Z.cfour
Be,4,recipes/Be/ccECP,Be.cc-pVDZ.gamess,gamess,gamess;gaussian;molpro;nwchem,gamess:223;gaussian:223;nwchem:223,ccECP,cc-pVDZ,cc-pVDZ-ccECP,-ccECP,Be:cc-pVDZ-ccECP,5,21,d,"2s,2p,1d","10s,10p,1d",source library name plus declared suffix '-ccECP',PASS,by_element/Be/Be.cc-pVDZ.cfour
Be,4,recipes/Be/ccECP,Be.cc-pVQZ.gamess,gamess,gamess;gaussian;molpro;nwchem,gamess:286;gaussian:286;nwchem:286,ccECP,cc-pVQZ,cc-pVQZ-ccECP,-ccECP,Be:cc-pVQZ-ccECP,14,30,g,"4s,4p,3d,2f,1g","12s,12p,3d,2f,1g",source library name plus declared suffix '-ccECP',PASS,by_element/Be/Be.cc-pVQZ.cfour
Be,4,recipes/Be/ccECP,Be.cc-pVTZ.gamess,gamess,gamess;gaussian;molpro;nwchem,gamess:251;gaussian:251;nwchem:251,ccECP,cc-pVTZ,cc-pVTZ-ccECP,-ccECP,Be:cc-pVTZ-ccECP,9,25,f,"3s,3p,2d,1f","11s,11p,2d,1f",source library name plus declared suffix '-ccECP',PASS,by_element/Be/Be.cc-pVTZ.cfour
Bi,83,recipes/Bi/ccECP,Bi.aug-cc-pV5Z.gamess,gamess,dirac;gamess;gaussian;molpro;nwchem,gamess:393;gaussian:393;nwchem:393,ccECP,aug-cc-pV5Z,aug-cc-pV5Z-ccECP,-ccECP,Bi:aug-cc-pV5Z-ccECP,26,44,h,"6s,6p,5d,4f,3g,2h","15s,15p,5d,4f,3g,2h",source library name plus declared suffix '-ccECP',PASS,by_element/Bi/Bi.aug-cc-pV5Z.cfour
Bi,83,recipes/Bi/ccECP,Bi.aug-cc-pV6Z.gamess,gamess,dirac;gamess;gaussian;molpro;nwchem,gamess:454;gaussian:454;nwchem:454,ccECP,aug-cc-pV6Z,aug-cc-pV6Z-ccECP,-ccECP,Bi:aug-cc-pV6Z-ccECP,34,52,i,"7s,7p,6d,5f,4g,3h,2i","16s,16p,6d,5f,4g,3h,2i",source library name plus declared suffix '-ccECP',PASS,by_element/Bi/Bi.aug-cc-pV6Z.cfour
Bi,83,recipes/Bi/ccECP,Bi.aug-cc-pVDZ.gamess,gamess,dirac;gamess;gaussian;molpro;nwchem,gamess:271;gaussian:271;nwchem:271,ccECP,aug-cc-pVDZ,aug-cc-pVDZ-ccECP,-ccECP,Bi:aug-cc-pVDZ-ccECP,8,26,d,"3s,3p,2d","12s,12p,2d",source library name plus declared suffix '-ccECP',PASS,by_element/Bi/Bi.aug-cc-pVDZ.cfour
Bi,83,recipes/Bi/ccECP,Bi.aug-cc-pVQZ.gamess,gamess,dirac;gamess;gaussian;molpro;nwchem,gamess:346;gaussian:346;nwchem:346,ccECP,aug-cc-pVQZ,aug-cc-pVQZ-ccECP,-ccECP,Bi:aug-cc-pVQZ-ccECP,19,37,g,"5s,5p,4d,3f,2g","14s,14p,4d,3f,2g",source library name plus declared suffix '-ccECP',PASS,by_element/Bi/Bi.aug-cc-pVQZ.cfour
Bi,83,recipes/Bi/ccECP,Bi.aug-cc-pVTZ.gamess,gamess,dirac;gamess;gaussian;molpro;nwchem,gamess:303;gaussian:303;nwchem:303,ccECP,aug-cc-pVTZ,aug-cc-pVTZ-ccECP,-ccECP,Bi:aug-cc-pVTZ-ccECP,13,31,f,"4s,4p,3d,2f","13s,13p,3d,2f",source library name plus declared suffix '-ccECP',PASS,by_element/Bi/Bi.aug-cc-pVTZ.cfour
Bi,83,recipes/Bi/ccECP,Bi.cc-pV5Z.gamess,gamess,dirac;gamess;gaussian;molpro;nwchem,gamess:355;gaussian:355;nwchem:355,ccECP,cc-pV5Z,cc-pV5Z-ccECP,-ccECP,Bi:cc-pV5Z-ccECP,20,38,h,"5s,5p,4d,3f,2g,1h","14s,14p,4d,3f,2g,1h",source library name plus declared suffix '-ccECP',PASS,by_element/Bi/Bi.cc-pV5Z.cfour
Bi,83,recipes/Bi/ccECP,Bi.cc-pV6Z.gamess,gamess,dirac;gamess;gaussian;molpro;nwchem,gamess:410;gaussian:410;nwchem:410,ccECP,cc-pV6Z,cc-pV6Z-ccECP,-ccECP,Bi:cc-pV6Z-ccECP,27,45,i,"6s,6p,5d,4f,3g,2h,1i","15s,15p,5d,4f,3g,2h,1i",source library name plus declared suffix '-ccECP',PASS,by_element/Bi/Bi.cc-pV6Z.cfour
Bi,83,recipes/Bi/ccECP,Bi.cc-pVDZ.gamess,gamess,dirac;gamess;gaussian;molpro;nwchem,gamess:253;gaussian:253;nwchem:253,ccECP,cc-pVDZ,cc-pVDZ-ccECP,-ccECP,Bi:cc-pVDZ-ccECP,5,23,d,"2s,2p,1d","11s,11p,1d",source library name plus declared suffix '-ccECP',PASS,by_element/Bi/Bi.cc-pVDZ.cfour
Bi,83,recipes/Bi/ccECP,Bi.cc-pVQZ.gamess,gamess,dirac;gamess;gaussian;molpro;nwchem,gamess:315;gaussian:315;nwchem:315,ccECP,cc-pVQZ,cc-pVQZ-ccECP,-ccECP,Bi:cc-pVQZ-ccECP,14,32,g,"4s,4p,3d,2f,1g","13s,13p,3d,2f,1g",source library name plus declared suffix '-ccECP',PASS,by_element/Bi/Bi.cc-pVQZ.cfour
Bi,83,recipes/Bi/ccECP,Bi.cc-pVTZ.gamess,gamess,dirac;gamess;gaussian;molpro;nwchem,gamess:280;gaussian:280;nwchem:280,ccECP,cc-pVTZ,cc-pVTZ-ccECP,-ccECP,Bi:cc-pVTZ-ccECP,9,27,f,"3s,3p,2d,1f","12s,12p,2d,1f",source library name plus declared suffix '-ccECP',PASS,by_element/Bi/Bi.cc-pVTZ.cfour
Br,35,recipes/Br/ccECP,Br.aug-cc-pV5Z.gamess,gamess,gamess;gaussian;molpro;nwchem,gamess:378;gaussian:378;nwchem:378,ccECP,aug-cc-pV5Z,aug-cc-pV5Z-ccECP,-ccECP,Br:aug-cc-pV5Z-ccECP,26,42,h,"6s,6p,5d,4f,3g,2h","14s,14p,5d,4f,3g,2h",source library name plus declared suffix '-ccECP',PASS,by_element/Br/Br.aug-cc-pV5Z.cfour
Br,35,recipes/Br/ccECP,Br.aug-cc-pV6Z.gamess,gamess,gamess;gaussian;molpro;nwchem,gamess:437;gaussian:437;nwchem:437,ccECP,aug-cc-pV6Z,aug-cc-pV6Z-ccECP,-ccECP,Br:aug-cc-pV6Z-ccECP,34,50,i,"7s,7p,6d,5f,4g,3h,2i","15s,15p,6d,5f,4g,3h,2i",source library name plus declared suffix '-ccECP',PASS,by_element/Br/Br.aug-cc-pV6Z.cfour
Br,35,recipes/Br/ccECP,Br.aug-cc-pVDZ.gamess,gamess,gamess;gaussian;molpro;nwchem,gamess:247;gaussian:247;nwchem:247,ccECP,aug-cc-pVDZ,aug-cc-pVDZ-ccECP,-ccECP,Br:aug-cc-pVDZ-ccECP,8,24,d,"3s,3p,2d","11s,11p,2d",source library name plus declared suffix '-ccECP',PASS,by_element/Br/Br.aug-cc-pVDZ.cfour
Br,35,recipes/Br/ccECP,Br.aug-cc-pVQZ.gamess,gamess,gamess;gaussian;molpro;nwchem,gamess:326;gaussian:326;nwchem:326,ccECP,aug-cc-pVQZ,aug-cc-pVQZ-ccECP,-ccECP,Br:aug-cc-pVQZ-ccECP,19,35,g,"5s,5p,4d,3f,2g","13s,13p,4d,3f,2g",source library name plus declared suffix '-ccECP',PASS,by_element/Br/Br.aug-cc-pVQZ.cfour
Br,35,recipes/Br/ccECP,Br.aug-cc-pVTZ.gamess,gamess,gamess;gaussian;molpro;nwchem,gamess:281;gaussian:281;nwchem:281,ccECP,aug-cc-pVTZ,aug-cc-pVTZ-ccECP,-ccECP,Br:aug-cc-pVTZ-ccECP,13,29,f,"4s,4p,3d,2f","12s,12p,3d,2f",source library name plus declared suffix '-ccECP',PASS,by_element/Br/Br.aug-cc-pVTZ.cfour
Br,35,recipes/Br/ccECP,Br.cc-pV5Z.gamess,gamess,gamess;gaussian;molpro;nwchem,gamess:339;gaussian:339;nwchem:339,ccECP,cc-pV5Z,cc-pV5Z-ccECP,-ccECP,Br:cc-pV5Z-ccECP,20,36,h,"5s,5p,4d,3f,2g,1h","13s,13p,4d,3f,2g,1h",source library name plus declared suffix '-ccECP',PASS,by_element/Br/Br.cc-pV5Z.cfour
Br,35,recipes/Br/ccECP,Br.cc-pV6Z.gamess,gamess,gamess;gaussian;molpro;nwchem,gamess:392;gaussian:392;nwchem:392,ccECP,cc-pV6Z,cc-pV6Z-ccECP,-ccECP,Br:cc-pV6Z-ccECP,27,43,i,"6s,6p,5d,4f,3g,2h,1i","14s,14p,5d,4f,3g,2h,1i",source library name plus declared suffix '-ccECP',PASS,by_element/Br/Br.cc-pV6Z.cfour
Br,35,recipes/Br/ccECP,Br.cc-pVDZ.gamess,gamess,gamess;gaussian;molpro;nwchem,gamess:229;gaussian:229;nwchem:229,ccECP,cc-pVDZ,cc-pVDZ-ccECP,-ccECP,Br:cc-pVDZ-ccECP,5,21,d,"2s,2p,1d","10s,10p,1d",source library name plus declared suffix '-ccECP',PASS,by_element/Br/Br.cc-pVDZ.cfour
Br,35,recipes/Br/ccECP,Br.cc-pVQZ.gamess,gamess,gamess;gaussian;molpro;nwchem,gamess:295;gaussian:295;nwchem:295,ccECP,cc-pVQZ,cc-pVQZ-ccECP,-ccECP,Br:cc-pVQZ-ccECP,14,30,g,"4s,4p,3d,2f,1g","12s,12p,3d,2f,1g",source library name plus declared suffix '-ccECP',PASS,by_element/Br/Br.cc-pVQZ.cfour
Br,35,recipes/Br/ccECP,Br.cc-pVTZ.gamess,gamess,gamess;gaussian;molpro;nwchem,gamess:256;gaussian:256;nwchem:256,ccECP,cc-pVTZ,cc-pVTZ-ccECP,-ccECP,Br:cc-pVTZ-ccECP,9,25,f,"3s,3p,2d,1f","11s,11p,2d,1f",source library name plus declared suffix '-ccECP',PASS,by_element/Br/Br.cc-pVTZ.cfour
C,6,recipes/C/ccECP,C.aug-cc-pV5Z.gamess,gamess,gamess;gaussian;molpro;nwchem,gamess:395;gaussian:395;nwchem:395,ccECP,aug-cc-pV5Z,aug-cc-pV5Z-ccECP,-ccECP,C:aug-cc-pV5Z-ccECP,26,42,h,"6s,6p,5d,4f,3g,2h","14s,14p,5d,4f,3g,2h",source library name plus declared suffix '-ccECP',PASS,by_element/C/C.aug-cc-pV5Z.cfour
C,6,recipes/C/ccECP,C.aug-cc-pV6Z.gamess,gamess,gamess;gaussian;molpro;nwchem,gamess:455;gaussian:455;nwchem:455,ccECP,aug-cc-pV6Z,aug-cc-pV6Z-ccECP,-ccECP,C:aug-cc-pV6Z-ccECP,34,50,i,"7s,7p,6d,5f,4g,3h,2i","15s,15p,6d,5f,4g,3h,2i",source library name plus declared suffix '-ccECP',PASS,by_element/C/C.aug-cc-pV6Z.cfour
C,6,recipes/C/ccECP,C.aug-cc-pVDZ.gamess,gamess,gamess;gaussian;molpro;nwchem,gamess:263;gaussian:263;nwchem:263,ccECP,aug-cc-pVDZ,aug-cc-pVDZ-ccECP,-ccECP,C:aug-cc-pVDZ-ccECP,8,24,d,"3s,3p,2d","11s,11p,2d",source library name plus declared suffix '-ccECP',PASS,by_element/C/C.aug-cc-pVDZ.cfour
C,6,recipes/C/ccECP,C.aug-cc-pVQZ.gamess,gamess,gamess;gaussian;molpro;nwchem,gamess:338;gaussian:338;nwchem:338,ccECP,aug-cc-pVQZ,aug-cc-pVQZ-ccECP,-ccECP,C:aug-cc-pVQZ-ccECP,19,35,g,"5s,5p,4d,3f,2g","13s,13p,4d,3f,2g",source library name plus declared suffix '-ccECP',PASS,by_element/C/C.aug-cc-pVQZ.cfour
C,6,recipes/C/ccECP,C.aug-cc-pVTZ.gamess,gamess,gamess;gaussian;molpro;nwchem,gamess:297;gaussian:297;nwchem:297,ccECP,aug-cc-pVTZ,aug-cc-pVTZ-ccECP,-ccECP,C:aug-cc-pVTZ-ccECP,13,29,f,"4s,4p,3d,2f","12s,12p,3d,2f",source library name plus declared suffix '-ccECP',PASS,by_element/C/C.aug-cc-pVTZ.cfour
C,6,recipes/C/ccECP,C.cc-pV5Z.gamess,gamess,gamess;gaussian;molpro;nwchem,gamess:356;gaussian:356;nwchem:356,ccECP,cc-pV5Z,cc-pV5Z-ccECP,-ccECP,C:cc-pV5Z-ccECP,20,36,h,"5s,5p,4d,3f,2g,1h","13s,13p,4d,3f,2g,1h",source library name plus declared suffix '-ccECP',PASS,by_element/C/C.cc-pV5Z.cfour
C,6,recipes/C/ccECP,C.cc-pV6Z.gamess,gamess,gamess;gaussian;molpro;nwchem,gamess:409;gaussian:409;nwchem:409,ccECP,cc-pV6Z,cc-pV6Z-ccECP,-ccECP,C:cc-pV6Z-ccECP,27,43,i,"6s,6p,5d,4f,3g,2h,1i","14s,14p,5d,4f,3g,2h,1i",source library name plus declared suffix '-ccECP',PASS,by_element/C/C.cc-pV6Z.cfour
C,6,recipes/C/ccECP,C.cc-pVDZ.gamess,gamess,gamess;gaussian;molpro;nwchem,gamess:244;gaussian:244;nwchem:244,ccECP,cc-pVDZ,cc-pVDZ-ccECP,-ccECP,C:cc-pVDZ-ccECP,5,21,d,"2s,2p,1d","10s,10p,1d",source library name plus declared suffix '-ccECP',PASS,by_element/C/C.cc-pVDZ.cfour
C,6,recipes/C/ccECP,C.cc-pVQZ.gamess,gamess,gamess;gaussian;molpro;nwchem,gamess:308;gaussian:308;nwchem:308,ccECP,cc-pVQZ,cc-pVQZ-ccECP,-ccECP,C:cc-pVQZ-ccECP,14,30,g,"4s,4p,3d,2f,1g","12s,12p,3d,2f,1g",source library name plus declared suffix '-ccECP',PASS,by_element/C/C.cc-pVQZ.cfour
C,6,recipes/C/ccECP,C.cc-pVTZ.gamess,gamess,gamess;gaussian;molpro;nwchem,gamess:272;gaussian:272;nwchem:272,ccECP,cc-pVTZ,cc-pVTZ-ccECP,-ccECP,C:cc-pVTZ-ccECP,9,25,f,"3s,3p,2d,1f","11s,11p,2d,1f",source library name plus declared suffix '-ccECP',PASS,by_element/C/C.cc-pVTZ.cfour
Ca,20,recipes/Ca/ccECP,Ca.aug-cc-pCV5Z.gamess,gamess,gamess;gaussian;molpro;nwchem,gamess:1041;gaussian:1041;nwchem:1041,ccECP,aug-cc-pCV5Z,aug-cc-pCV5Z-ccECP,-ccECP,Ca:aug-cc-pCV5Z-ccECP,51,107,h,"13s,13p,10d,7f,5g,3h","24s,23p,20d,7f,5g,3h",source library name plus declared suffix '-ccECP',PASS,by_element/Ca/Ca.aug-cc-pCV5Z.cfour
Ca,20,recipes/Ca/ccECP,Ca.aug-cc-pCV6Z.gamess,gamess,gamess;gaussian;molpro;nwchem,gamess:1128;gaussian:1128;nwchem:1128,ccECP,aug-cc-pCV6Z,aug-cc-pCV6Z-ccECP,-ccECP,Ca:aug-cc-pCV6Z-ccECP,66,122,i,"15s,15p,12d,9f,7g,5h,3i","26s,25p,22d,9f,7g,5h,3i",source library name plus declared suffix '-ccECP',PASS,by_element/Ca/Ca.aug-cc-pCV6Z.cfour
Ca,20,recipes/Ca/ccECP,Ca.aug-cc-pCVDZ.gamess,gamess,gamess;gaussian;molpro;nwchem,gamess:829;gaussian:829;nwchem:829,ccECP,aug-cc-pCVDZ,aug-cc-pCVDZ-ccECP,-ccECP,Ca:aug-cc-pCVDZ-ccECP,18,74,d,"7s,7p,4d","18s,17p,14d",source library name plus declared suffix '-ccECP',PASS,by_element/Ca/Ca.aug-cc-pCVDZ.cfour
Ca,20,recipes/Ca/ccECP,Ca.aug-cc-pCVQZ.gamess,gamess,gamess;gaussian;molpro;nwchem,gamess:957;gaussian:957;nwchem:957,ccECP,aug-cc-pCVQZ,aug-cc-pCVQZ-ccECP,-ccECP,Ca:aug-cc-pCVQZ-ccECP,38,94,g,"11s,11p,8d,5f,3g","22s,21p,18d,5f,3g",source library name plus declared suffix '-ccECP',PASS,by_element/Ca/Ca.aug-cc-pCVQZ.cfour
Ca,20,recipes/Ca/ccECP,Ca.aug-cc-pCVTZ.gamess,gamess,gamess;gaussian;molpro;nwchem,gamess:887;gaussian:887;nwchem:887,ccECP,aug-cc-pCVTZ,aug-cc-pCVTZ-ccECP,-ccECP,Ca:aug-cc-pCVTZ-ccECP,27,83,f,"9s,9p,6d,3f","20s,19p,16d,3f",source library name plus declared suffix '-ccECP',PASS,by_element/Ca/Ca.aug-cc-pCVTZ.cfour
Ca,20,recipes/Ca/ccECP,Ca.aug-cc-pV5Z.gamess,gamess,gamess;gaussian;molpro;nwchem,gamess:889;gaussian:889;nwchem:889,ccECP,aug-cc-pV5Z,aug-cc-pV5Z-ccECP,-ccECP,Ca:aug-cc-pV5Z-ccECP,31,87,h,"8s,8p,6d,4f,3g,2h","19s,18p,16d,4f,3g,2h",source library name plus declared suffix '-ccECP',PASS,by_element/Ca/Ca.aug-cc-pV5Z.cfour
Ca,20,recipes/Ca/ccECP,Ca.aug-cc-pV6Z.gamess,gamess,gamess;gaussian;molpro;nwchem,gamess:913;gaussian:913;nwchem:913,ccECP,aug-cc-pV6Z,aug-cc-pV6Z-ccECP,-ccECP,Ca:aug-cc-pV6Z-ccECP,39,95,i,"9s,9p,7d,5f,4g,3h,2i","20s,19p,17d,5f,4g,3h,2i",source library name plus declared suffix '-ccECP',PASS,by_element/Ca/Ca.aug-cc-pV6Z.cfour
Ca,20,recipes/Ca/ccECP,Ca.aug-cc-pVDZ.gamess,gamess,gamess;gaussian;molpro;nwchem,gamess:793;gaussian:793;nwchem:793,ccECP,aug-cc-pVDZ,aug-cc-pVDZ-ccECP,-ccECP,Ca:aug-cc-pVDZ-ccECP,13,69,d,"5s,5p,3d","16s,15p,13d",source library name plus declared suffix '-ccECP',PASS,by_element/Ca/Ca.aug-cc-pVDZ.cfour
Ca,20,recipes/Ca/ccECP,Ca.aug-cc-pVQZ.gamess,gamess,gamess;gaussian;molpro;nwchem,gamess:848;gaussian:848;nwchem:848,ccECP,aug-cc-pVQZ,aug-cc-pVQZ-ccECP,-ccECP,Ca:aug-cc-pVQZ-ccECP,24,80,g,"7s,7p,5d,3f,2g","18s,17p,15d,3f,2g",source library name plus declared suffix '-ccECP',PASS,by_element/Ca/Ca.aug-cc-pVQZ.cfour
Ca,20,recipes/Ca/ccECP,Ca.aug-cc-pVTZ.gamess,gamess,gamess;gaussian;molpro;nwchem,gamess:821;gaussian:821;nwchem:821,ccECP,aug-cc-pVTZ,aug-cc-pVTZ-ccECP,-ccECP,Ca:aug-cc-pVTZ-ccECP,18,74,f,"6s,6p,4d,2f","17s,16p,14d,2f",source library name plus declared suffix '-ccECP',PASS,by_element/Ca/Ca.aug-cc-pVTZ.cfour
Ca,20,recipes/Ca/ccECP,Ca.cc-pCV5Z.gamess,gamess,gamess;gaussian;molpro;nwchem,gamess:1020;gaussian:1020;nwchem:1020,ccECP,cc-pCV5Z,cc-pCV5Z-ccECP,-ccECP,Ca:cc-pCV5Z-ccECP,45,101,h,"12s,12p,9d,6f,4g,2h","23s,22p,19d,6f,4g,2h",source library name plus declared suffix '-ccECP',PASS,by_element/Ca/Ca.cc-pCV5Z.cfour
Ca,20,recipes/Ca/ccECP,Ca.cc-pCV6Z.gamess,gamess,gamess;gaussian;molpro;nwchem,gamess:1088;gaussian:1088;nwchem:1088,ccECP,cc-pCV6Z,cc-pCV6Z-ccECP,-ccECP,Ca:cc-pCV6Z-ccECP,59,115,i,"14s,14p,11d,8f,6g,4h,2i","25s,24p,21d,8f,6g,4h,2i",source library name plus declared suffix '-ccECP',PASS,by_element/Ca/Ca.cc-pCV6Z.cfour
Ca,20,recipes/Ca/ccECP,Ca.cc-pCVDZ.gamess,gamess,gamess;gaussian;molpro;nwchem,gamess:820;gaussian:820;nwchem:820,ccECP,cc-pCVDZ,cc-pCVDZ-ccECP,-ccECP,Ca:cc-pCVDZ-ccECP,15,71,d,"6s,6p,3d","17s,16p,13d",source library name plus declared suffix '-ccECP',PASS,by_element/Ca/Ca.cc-pCVDZ.cfour
Ca,20,recipes/Ca/ccECP,Ca.cc-pCVQZ.gamess,gamess,gamess;gaussian;molpro;nwchem,gamess:942;gaussian:942;nwchem:942,ccECP,cc-pCVQZ,cc-pCVQZ-ccECP,-ccECP,Ca:cc-pCVQZ-ccECP,33,89,g,"10s,10p,7d,4f,2g","21s,20p,17d,4f,2g",source library name plus declared suffix '-ccECP',PASS,by_element/Ca/Ca.cc-pCVQZ.cfour
Ca,20,recipes/Ca/ccECP,Ca.cc-pCVTZ.gamess,gamess,gamess;gaussian;molpro;nwchem,gamess:874;gaussian:874;nwchem:874,ccECP,cc-pCVTZ,cc-pCVTZ-ccECP,-ccECP,Ca:cc-pCVTZ-ccECP,23,79,f,"8s,8p,5d,2f","19s,18p,15d,2f",source library name plus declared suffix '-ccECP',PASS,by_element/Ca/Ca.cc-pCVTZ.cfour
Ca,20,recipes/Ca/ccECP,Ca.cc-pV5Z.gamess,gamess,gamess;gaussian;molpro;nwchem,gamess:868;gaussian:868;nwchem:868,ccECP,cc-pV5Z,cc-pV5Z-ccECP,-ccECP,Ca:cc-pV5Z-ccECP,25,81,h,"7s,7p,5d,3f,2g,1h","18s,17p,15d,3f,2g,1h",source library name plus declared suffix '-ccECP',PASS,by_element/Ca/Ca.cc-pV5Z.cfour
Ca,20,recipes/Ca/ccECP,Ca.cc-pV6Z.gamess,gamess,gamess;gaussian;molpro;nwchem,gamess:873;gaussian:873;nwchem:873,ccECP,cc-pV6Z,cc-pV6Z-ccECP,-ccECP,Ca:cc-pV6Z-ccECP,32,88,i,"8s,8p,6d,4f,3g,2h,1i","19s,18p,16d,4f,3g,2h,1i",source library name plus declared suffix '-ccECP',PASS,by_element/Ca/Ca.cc-pV6Z.cfour
Ca,20,recipes/Ca/ccECP,Ca.cc-pVDZ.gamess,gamess,gamess;gaussian;molpro;nwchem,gamess:784;gaussian:784;nwchem:784,ccECP,cc-pVDZ,cc-pVDZ-ccECP,-ccECP,Ca:cc-pVDZ-ccECP,10,66,d,"4s,4p,2d","15s,14p,12d",source library name plus declared suffix '-ccECP',PASS,by_element/Ca/Ca.cc-pVDZ.cfour
Ca,20,recipes/Ca/ccECP,Ca.cc-pVQZ.gamess,gamess,gamess;gaussian;molpro;nwchem,gamess:833;gaussian:833;nwchem:833,ccECP,cc-pVQZ,cc-pVQZ-ccECP,-ccECP,Ca:cc-pVQZ-ccECP,19,75,g,"6s,6p,4d,2f,1g","17s,16p,14d,2f,1g",source library name plus declared suffix '-ccECP',PASS,by_element/Ca/Ca.cc-pVQZ.cfour
Ca,20,recipes/Ca/ccECP,Ca.cc-pVTZ.gamess,gamess,gamess;gaussian;molpro;nwchem,gamess:808;gaussian:808;nwchem:808,ccECP,cc-pVTZ,cc-pVTZ-ccECP,-ccECP,Ca:cc-pVTZ-ccECP,14,70,f,"5s,5p,3d,1f","16s,15p,13d,1f",source library name plus declared suffix '-ccECP',PASS,by_element/Ca/Ca.cc-pVTZ.cfour
Cd,48,recipes/Cd/ccECP,Cd.aug-cc-pCV5Z.gamess,gamess,dirac;gamess;gaussian;molpro;nwchem,gamess:2797;gaussian:2797;nwchem:2797,ccECP,aug-cc-pCV5Z,aug-cc-pCV5Z-ccECP,-ccECP,Cd:aug-cc-pCV5Z-ccECP,47,251,i,"10s,10p,9d,6f,5g,4h,3i","16s,16p,16d,6f,5g,4h,3i",source library name plus declared suffix '-ccECP',PASS,by_element/Cd/Cd.aug-cc-pCV5Z.cfour
Cd,48,recipes/Cd/ccECP,Cd.aug-cc-pCVDZ.gamess,gamess,dirac;gamess;gaussian;molpro;nwchem,gamess:1205;gaussian:1205;nwchem:1205,ccECP,aug-cc-pCVDZ,aug-cc-pCVDZ-ccECP,-ccECP,Cd:aug-cc-pCVDZ-ccECP,20,116,f,"6s,6p,5d,3f","15s,15p,15d,3f",source library name plus declared suffix '-ccECP',PASS,by_element/Cd/Cd.aug-cc-pCVDZ.cfour
Cd,48,recipes/Cd/ccECP,Cd.aug-cc-pCVQZ.gamess,gamess,dirac;gamess;gaussian;molpro;nwchem,gamess:2253;gaussian:2253;nwchem:2253,ccECP,aug-cc-pCVQZ,aug-cc-pCVQZ-ccECP,-ccECP,Cd:aug-cc-pCVQZ-ccECP,38,206,h,"9s,9p,8d,5f,4g,3h","16s,16p,16d,5f,4g,3h",source library name plus declared suffix '-ccECP',PASS,by_element/Cd/Cd.aug-cc-pCVQZ.cfour
Cd,48,recipes/Cd/ccECP,Cd.aug-cc-pCVTZ.gamess,gamess,dirac;gamess;gaussian;molpro;nwchem,gamess:1723;gaussian:1723;nwchem:1723,ccECP,aug-cc-pCVTZ,aug-cc-pCVTZ-ccECP,-ccECP,Cd:aug-cc-pCVTZ-ccECP,30,162,g,"8s,8p,7d,4f,3g","16s,16p,16d,4f,3g",source library name plus declared suffix '-ccECP',PASS,by_element/Cd/Cd.aug-cc-pCVTZ.cfour
Cd,48,recipes/Cd/ccECP,Cd.aug-cc-pV5Z.gamess,gamess,dirac;gamess;gaussian;molpro;nwchem,gamess:2720;gaussian:2720;nwchem:2720,ccECP,aug-cc-pV5Z,aug-cc-pV5Z-ccECP,-ccECP,Cd:aug-cc-pV5Z-ccECP,37,241,i,"8s,8p,7d,5f,4g,3h,2i","14s,14p,14d,5f,4g,3h,2i",source library name plus declared suffix '-ccECP',PASS,by_element/Cd/Cd.aug-cc-pV5Z.cfour
Cd,48,recipes/Cd/ccECP,Cd.aug-cc-pVDZ.gamess,gamess,dirac;gamess;gaussian;molpro;nwchem,gamess:1175;gaussian:1175;nwchem:1175,ccECP,aug-cc-pVDZ,aug-cc-pVDZ-ccECP,-ccECP,Cd:aug-cc-pVDZ-ccECP,16,112,f,"5s,5p,4d,2f","14s,14p,14d,2f",source library name plus declared suffix '-ccECP',PASS,by_element/Cd/Cd.aug-cc-pVDZ.cfour
Cd,48,recipes/Cd/ccECP,Cd.aug-cc-pVQZ.gamess,gamess,dirac;gamess;gaussian;molpro;nwchem,gamess:2183;gaussian:2183;nwchem:2183,ccECP,aug-cc-pVQZ,aug-cc-pVQZ-ccECP,-ccECP,Cd:aug-cc-pVQZ-ccECP,29,197,h,"7s,7p,6d,4f,3g,2h","14s,14p,14d,4f,3g,2h",source library name plus declared suffix '-ccECP',PASS,by_element/Cd/Cd.aug-cc-pVQZ.cfour
Cd,48,recipes/Cd/ccECP,Cd.aug-cc-pVTZ.gamess,gamess,dirac;gamess;gaussian;molpro;nwchem,gamess:1662;gaussian:1662;nwchem:1662,ccECP,aug-cc-pVTZ,aug-cc-pVTZ-ccECP,-ccECP,Cd:aug-cc-pVTZ-ccECP,22,154,g,"6s,6p,5d,3f,2g","14s,14p,14d,3f,2g",source library name plus declared suffix '-ccECP',PASS,by_element/Cd/Cd.aug-cc-pVTZ.cfour
Cd,48,recipes/Cd/ccECP,Cd.cc-pCV5Z.gamess,gamess,dirac;gamess;gaussian;molpro;nwchem,gamess:2751;gaussian:2751;nwchem:2751,ccECP,cc-pCV5Z,cc-pCV5Z-ccECP,-ccECP,Cd:cc-pCV5Z-ccECP,40,244,i,"9s,9p,8d,5f,4g,3h,2i","15s,15p,15d,5f,4g,3h,2i",source library name plus declared suffix '-ccECP',PASS,by_element/Cd/Cd.cc-pCV5Z.cfour
Cd,48,recipes/Cd/ccECP,Cd.cc-pCVDZ.gamess,gamess,dirac;gamess;gaussian;molpro;nwchem,gamess:1180;gaussian:1180;nwchem:1180,ccECP,cc-pCVDZ,cc-pCVDZ-ccECP,-ccECP,Cd:cc-pCVDZ-ccECP,16,112,f,"5s,5p,4d,2f","14s,14p,14d,2f",source library name plus declared suffix '-ccECP',PASS,by_element/Cd/Cd.cc-pCVDZ.cfour
Cd,48,recipes/Cd/ccECP,Cd.cc-pCVQZ.gamess,gamess,dirac;gamess;gaussian;molpro;nwchem,gamess:2214;gaussian:2214;nwchem:2214,ccECP,cc-pCVQZ,cc-pCVQZ-ccECP,-ccECP,Cd:cc-pCVQZ-ccECP,32,200,h,"8s,8p,7d,4f,3g,2h","15s,15p,15d,4f,3g,2h",source library name plus declared suffix '-ccECP',PASS,by_element/Cd/Cd.cc-pCVQZ.cfour
Cd,48,recipes/Cd/ccECP,Cd.cc-pCVTZ.gamess,gamess,dirac;gamess;gaussian;molpro;nwchem,gamess:1693;gaussian:1693;nwchem:1693,ccECP,cc-pCVTZ,cc-pCVTZ-ccECP,-ccECP,Cd:cc-pCVTZ-ccECP,25,157,g,"7s,7p,6d,3f,2g","15s,15p,15d,3f,2g",source library name plus declared suffix '-ccECP',PASS,by_element/Cd/Cd.cc-pCVTZ.cfour
Cd,48,recipes/Cd/ccECP,Cd.cc-pV5Z.gamess,gamess,dirac;gamess;gaussian;molpro;nwchem,gamess:2674;gaussian:2674;nwchem:2674,ccECP,cc-pV5Z,cc-pV5Z-ccECP,-ccECP,Cd:cc-pV5Z-ccECP,30,234,i,"7s,7p,6d,4f,3g,2h,1i","13s,13p,13d,4f,3g,2h,1i",source library name plus declared suffix '-ccECP',PASS,by_element/Cd/Cd.cc-pV5Z.cfour
Cd,48,recipes/Cd/ccECP,Cd.cc-pVDZ.gamess,gamess,dirac;gamess;gaussian;molpro;nwchem,gamess:1150;gaussian:1150;nwchem:1150,ccECP,cc-pVDZ,cc-pVDZ-ccECP,-ccECP,Cd:cc-pVDZ-ccECP,12,108,f,"4s,4p,3d,1f","13s,13p,13d,1f",source library name plus declared suffix '-ccECP',PASS,by_element/Cd/Cd.cc-pVDZ.cfour
Cd,48,recipes/Cd/ccECP,Cd.cc-pVQZ.gamess,gamess,dirac;gamess;gaussian;molpro;nwchem,gamess:2144;gaussian:2144;nwchem:2144,ccECP,cc-pVQZ,cc-pVQZ-ccECP,-ccECP,Cd:cc-pVQZ-ccECP,23,191,h,"6s,6p,5d,3f,2g,1h","13s,13p,13d,3f,2g,1h",source library name plus declared suffix '-ccECP',PASS,by_element/Cd/Cd.cc-pVQZ.cfour
Cd,48,recipes/Cd/ccECP,Cd.cc-pVTZ.gamess,gamess,dirac;gamess;gaussian;molpro;nwchem,gamess:1632;gaussian:1632;nwchem:1632,ccECP,cc-pVTZ,cc-pVTZ-ccECP,-ccECP,Cd:cc-pVTZ-ccECP,17,149,g,"5s,5p,4d,2f,1g","13s,13p,13d,2f,1g",source library name plus declared suffix '-ccECP',PASS,by_element/Cd/Cd.cc-pVTZ.cfour
Ce,58,recipes/Ce/ccECP,Ce.aug-cc-pCVDZ.gamess,gamess,dirac;gamess;gaussian;molpro;nwchem,gamess:1467;gaussian:1467;nwchem:1467,ccECP,aug-cc-pCVDZ,aug-cc-pCVDZ-ccECP,-ccECP,Ce:aug-cc-pCVDZ-ccECP,25,135,g,"6s,6p,5d,5f,3g","14s,14p,14d,14f,3g",source library name plus declared suffix '-ccECP',PASS,by_element/Ce/Ce.aug-cc-pCVDZ.cfour
Ce,58,recipes/Ce/ccECP,Ce.aug-cc-pCVQZ.gamess,gamess,dirac;gamess;gaussian;molpro;nwchem,gamess:2691;gaussian:2691;nwchem:2691,ccECP,aug-cc-pCVQZ,aug-cc-pCVQZ-ccECP,-ccECP,Ce:aug-cc-pCVQZ-ccECP,42,240,i,"8s,8p,7d,7f,5g,4h,3i","14s,14p,14d,14f,5g,4h,3i",source library name plus declared suffix '-ccECP',PASS,by_element/Ce/Ce.aug-cc-pCVQZ.cfour
Ce,58,recipes/Ce/ccECP,Ce.aug-cc-pCVTZ.gamess,gamess,dirac;gamess;gaussian;molpro;nwchem,gamess:2059;gaussian:2059;nwchem:2059,ccECP,aug-cc-pCVTZ,aug-cc-pCVTZ-ccECP,-ccECP,Ce:aug-cc-pCVTZ-ccECP,32,186,h,"7s,7p,6d,6f,4g,2h","14s,14p,14d,14f,4g,2h",source library name plus declared suffix '-ccECP',PASS,by_element/Ce/Ce.aug-cc-pCVTZ.cfour
Ce,58,recipes/Ce/ccECP,Ce.aug-cc-pVDZ.gamess,gamess,dirac;gamess;gaussian;molpro;nwchem,gamess:1434;gaussian:1434;nwchem:1434,ccECP,aug-cc-pVDZ,aug-cc-pVDZ-ccECP,-ccECP,Ce:aug-cc-pVDZ-ccECP,20,130,g,"5s,5p,4d,4f,2g","13s,13p,13d,13f,2g",source library name plus declared suffix '-ccECP',PASS,by_element/Ce/Ce.aug-cc-pVDZ.cfour
Ce,58,recipes/Ce/ccECP,Ce.aug-cc-pVQZ.gamess,gamess,dirac;gamess;gaussian;molpro;nwchem,gamess:2638;gaussian:2638;nwchem:2638,ccECP,aug-cc-pVQZ,aug-cc-pVQZ-ccECP,-ccECP,Ce:aug-cc-pVQZ-ccECP,35,233,i,"7s,7p,6d,6f,4g,3h,2i","13s,13p,13d,13f,4g,3h,2i",source library name plus declared suffix '-ccECP',PASS,by_element/Ce/Ce.aug-cc-pVQZ.cfour
Ce,58,recipes/Ce/ccECP,Ce.aug-cc-pVTZ.gamess,gamess,dirac;gamess;gaussian;molpro;nwchem,gamess:2023;gaussian:2023;nwchem:2023,ccECP,aug-cc-pVTZ,aug-cc-pVTZ-ccECP,-ccECP,Ce:aug-cc-pVTZ-ccECP,27,181,h,"6s,6p,5d,5f,3g,2h","13s,13p,13d,13f,3g,2h",source library name plus declared suffix '-ccECP',PASS,by_element/Ce/Ce.aug-cc-pVTZ.cfour
Ce,58,recipes/Ce/ccECP,Ce.cc-pCVDZ.gamess,gamess,dirac;gamess;gaussian;molpro;nwchem,gamess:1436;gaussian:1436;nwchem:1436,ccECP,cc-pCVDZ,cc-pCVDZ-ccECP,-ccECP,Ce:cc-pCVDZ-ccECP,20,130,g,"5s,5p,4d,4f,2g","13s,13p,13d,13f,2g",source library name plus declared suffix '-ccECP',PASS,by_element/Ce/Ce.cc-pCVDZ.cfour
Ce,58,recipes/Ce/ccECP,Ce.cc-pCVQZ.gamess,gamess,dirac;gamess;gaussian;molpro;nwchem,gamess:2647;gaussian:2647;nwchem:2647,ccECP,cc-pCVQZ,cc-pCVQZ-ccECP,-ccECP,Ce:cc-pCVQZ-ccECP,35,233,i,"7s,7p,6d,6f,4g,3h,2i","13s,13p,13d,13f,4g,3h,2i",source library name plus declared suffix '-ccECP',PASS,by_element/Ce/Ce.cc-pCVQZ.cfour
Ce,58,recipes/Ce/ccECP,Ce.cc-pCVTZ.gamess,gamess,dirac;gamess;gaussian;molpro;nwchem,gamess:2029;gaussian:2029;nwchem:2029,ccECP,cc-pCVTZ,cc-pCVTZ-ccECP,-ccECP,Ce:cc-pCVTZ-ccECP,27,181,h,"6s,6p,5d,5f,3g,2h","13s,13p,13d,13f,3g,2h",source library name plus declared suffix '-ccECP',PASS,by_element/Ce/Ce.cc-pCVTZ.cfour
Ce,58,recipes/Ce/ccECP,Ce.cc-pVDZ.gamess,gamess,dirac;gamess;gaussian;molpro;nwchem,gamess:1403;gaussian:1403;nwchem:1403,ccECP,cc-pVDZ,cc-pVDZ-ccECP,-ccECP,Ce:cc-pVDZ-ccECP,15,125,g,"4s,4p,3d,3f,1g","12s,12p,12d,12f,1g",source library name plus declared suffix '-ccECP',PASS,by_element/Ce/Ce.cc-pVDZ.cfour
Ce,58,recipes/Ce/ccECP,Ce.cc-pVQZ.gamess,gamess,dirac;gamess;gaussian;molpro;nwchem,gamess:2594;gaussian:2594;nwchem:2594,ccECP,cc-pVQZ,cc-pVQZ-ccECP,-ccECP,Ce:cc-pVQZ-ccECP,28,226,i,"6s,6p,5d,5f,3g,2h,1i","12s,12p,12d,12f,3g,2h,1i",source library name plus declared suffix '-ccECP',PASS,by_element/Ce/Ce.cc-pVQZ.cfour
Ce,58,recipes/Ce/ccECP,Ce.cc-pVTZ.gamess,gamess,dirac;gamess;gaussian;molpro;nwchem,gamess:1986;gaussian:1986;nwchem:1986,ccECP,cc-pVTZ,cc-pVTZ-ccECP,-ccECP,Ce:cc-pVTZ-ccECP,21,175,h,"5s,5p,4d,4f,2g,1h","12s,12p,12d,12f,2g,1h",source library name plus declared suffix '-ccECP',PASS,by_element/Ce/Ce.cc-pVTZ.cfour
Cl,17,recipes/Cl/ccECP,Cl.aug-cc-pV5Z.gamess,gamess,gamess;gaussian;molpro;nwchem,gamess:408;gaussian:408;nwchem:408,ccECP,aug-cc-pV5Z,aug-cc-pV5Z-ccECP,-ccECP,Cl:aug-cc-pV5Z-ccECP,26,44,h,"6s,6p,5d,4f,3g,2h","15s,15p,5d,4f,3g,2h",source library name plus declared suffix '-ccECP',PASS,by_element/Cl/Cl.aug-cc-pV5Z.cfour
Cl,17,recipes/Cl/ccECP,Cl.aug-cc-pV6Z.gamess,gamess,gamess;gaussian;molpro;nwchem,gamess:462;gaussian:462;nwchem:462,ccECP,aug-cc-pV6Z,aug-cc-pV6Z-ccECP,-ccECP,Cl:aug-cc-pV6Z-ccECP,34,52,i,"7s,7p,6d,5f,4g,3h,2i","16s,16p,6d,5f,4g,3h,2i",source library name plus declared suffix '-ccECP',PASS,by_element/Cl/Cl.aug-cc-pV6Z.cfour
Cl,17,recipes/Cl/ccECP,Cl.aug-cc-pVDZ.gamess,gamess,gamess;gaussian;molpro;nwchem,gamess:274;gaussian:274;nwchem:274,ccECP,aug-cc-pVDZ,aug-cc-pVDZ-ccECP,-ccECP,Cl:aug-cc-pVDZ-ccECP,8,26,d,"3s,3p,2d","12s,12p,2d",source library name plus declared suffix '-ccECP',PASS,by_element/Cl/Cl.aug-cc-pVDZ.cfour
Cl,17,recipes/Cl/ccECP,Cl.aug-cc-pVQZ.gamess,gamess,gamess;gaussian;molpro;nwchem,gamess:354;gaussian:354;nwchem:354,ccECP,aug-cc-pVQZ,aug-cc-pVQZ-ccECP,-ccECP,Cl:aug-cc-pVQZ-ccECP,19,37,g,"5s,5p,4d,3f,2g","14s,14p,4d,3f,2g",source library name plus declared suffix '-ccECP',PASS,by_element/Cl/Cl.aug-cc-pVQZ.cfour
Cl,17,recipes/Cl/ccECP,Cl.aug-cc-pVTZ.gamess,gamess,gamess;gaussian;molpro;nwchem,gamess:311;gaussian:311;nwchem:311,ccECP,aug-cc-pVTZ,aug-cc-pVTZ-ccECP,-ccECP,Cl:aug-cc-pVTZ-ccECP,13,31,f,"4s,4p,3d,2f","13s,13p,3d,2f",source library name plus declared suffix '-ccECP',PASS,by_element/Cl/Cl.aug-cc-pVTZ.cfour
Cl,17,recipes/Cl/ccECP,Cl.cc-pV5Z.gamess,gamess,gamess;gaussian;molpro;nwchem,gamess:367;gaussian:367;nwchem:367,ccECP,cc-pV5Z,cc-pV5Z-ccECP,-ccECP,Cl:cc-pV5Z-ccECP,20,38,h,"5s,5p,4d,3f,2g,1h","14s,14p,4d,3f,2g,1h",source library name plus declared suffix '-ccECP',PASS,by_element/Cl/Cl.cc-pV5Z.cfour
Cl,17,recipes/Cl/ccECP,Cl.cc-pV6Z.gamess,gamess,gamess;gaussian;molpro;nwchem,gamess:416;gaussian:416;nwchem:416,ccECP,cc-pV6Z,cc-pV6Z-ccECP,-ccECP,Cl:cc-pV6Z-ccECP,27,45,i,"6s,6p,5d,4f,3g,2h,1i","15s,15p,5d,4f,3g,2h,1i",source library name plus declared suffix '-ccECP',PASS,by_element/Cl/Cl.cc-pV6Z.cfour
Cl,17,recipes/Cl/ccECP,Cl.cc-pVDZ.gamess,gamess,gamess;gaussian;molpro;nwchem,gamess:253;gaussian:253;nwchem:253,ccECP,cc-pVDZ,cc-pVDZ-ccECP,-ccECP,Cl:cc-pVDZ-ccECP,5,23,d,"2s,2p,1d","11s,11p,1d",source library name plus declared suffix '-ccECP',PASS,by_element/Cl/Cl.cc-pVDZ.cfour
Cl,17,recipes/Cl/ccECP,Cl.cc-pVQZ.gamess,gamess,gamess;gaussian;molpro;nwchem,gamess:321;gaussian:321;nwchem:321,ccECP,cc-pVQZ,cc-pVQZ-ccECP,-ccECP,Cl:cc-pVQZ-ccECP,14,32,g,"4s,4p,3d,2f,1g","13s,13p,3d,2f,1g",source library name plus declared suffix '-ccECP',PASS,by_element/Cl/Cl.cc-pVQZ.cfour
Cl,17,recipes/Cl/ccECP,Cl.cc-pVTZ.gamess,gamess,gamess;gaussian;molpro;nwchem,gamess:284;gaussian:284;nwchem:284,ccECP,cc-pVTZ,cc-pVTZ-ccECP,-ccECP,Cl:cc-pVTZ-ccECP,9,27,f,"3s,3p,2d,1f","12s,12p,2d,1f",source library name plus declared suffix '-ccECP',PASS,by_element/Cl/Cl.cc-pVTZ.cfour
Co,27,recipes/Co/ccECP,Co.aug-cc-pCV5Z.gamess,gamess,gamess;gaussian;molpro;nwchem,gamess:2734;gaussian:2734;nwchem:2734,ccECP,aug-cc-pCV5Z,aug-cc-pCV5Z-ccECP,-ccECP,Co:aug-cc-pCV5Z-ccECP,47,241,i,"10s,10p,9d,6f,5g,4h,3i","16s,16p,14d,6f,5g,4h,3i",source library name plus declared suffix '-ccECP',PASS,by_element/Co/Co.aug-cc-pCV5Z.cfour
Co,27,recipes/Co/ccECP,Co.aug-cc-pCVDZ.gamess,gamess,gamess;gaussian;molpro;nwchem,gamess:1261;gaussian:1261;nwchem:1261,ccECP,aug-cc-pCVDZ,aug-cc-pCVDZ-ccECP,-ccECP,Co:aug-cc-pCVDZ-ccECP,23,115,f,"7s,7p,6d,3f","16s,16p,14d,3f",source library name plus declared suffix '-ccECP',PASS,by_element/Co/Co.aug-cc-pCVDZ.cfour
Co,27,recipes/Co/ccECP,Co.aug-cc-pCVQZ.gamess,gamess,gamess;gaussian;molpro;nwchem,gamess:2238;gaussian:2238;nwchem:2238,ccECP,aug-cc-pCVQZ,aug-cc-pCVQZ-ccECP,-ccECP,Co:aug-cc-pCVQZ-ccECP,38,198,h,"9s,9p,8d,5f,4g,3h","16s,16p,14d,5f,4g,3h",source library name plus declared suffix '-ccECP',PASS,by_element/Co/Co.aug-cc-pCVQZ.cfour
Co,27,recipes/Co/ccECP,Co.aug-cc-pCVTZ.gamess,gamess,gamess;gaussian;molpro;nwchem,gamess:1735;gaussian:1735;nwchem:1735,ccECP,aug-cc-pCVTZ,aug-cc-pCVTZ-ccECP,-ccECP,Co:aug-cc-pCVTZ-ccECP,30,156,g,"8s,8p,7d,4f,3g","16s,16p,14d,4f,3g",source library name plus declared suffix '-ccECP',PASS,by_element/Co/Co.aug-cc-pCVTZ.cfour
Co,27,recipes/Co/ccECP,Co.aug-cc-pV5Z.gamess,gamess,gamess;gaussian;molpro;nwchem,gamess:2670;gaussian:2670;nwchem:2670,ccECP,aug-cc-pV5Z,aug-cc-pV5Z-ccECP,-ccECP,Co:aug-cc-pV5Z-ccECP,37,231,i,"8s,8p,7d,5f,4g,3h,2i","14s,14p,12d,5f,4g,3h,2i",source library name plus declared suffix '-ccECP',PASS,by_element/Co/Co.aug-cc-pV5Z.cfour
Co,27,recipes/Co/ccECP,Co.aug-cc-pVDZ.gamess,gamess,gamess;gaussian;molpro;nwchem,gamess:1206;gaussian:1206;nwchem:1206,ccECP,aug-cc-pVDZ,aug-cc-pVDZ-ccECP,-ccECP,Co:aug-cc-pVDZ-ccECP,16,108,f,"5s,5p,4d,2f","14s,14p,12d,2f",source library name plus declared suffix '-ccECP',PASS,by_element/Co/Co.aug-cc-pVDZ.cfour
Co,27,recipes/Co/ccECP,Co.aug-cc-pVQZ.gamess,gamess,gamess;gaussian;molpro;nwchem,gamess:2166;gaussian:2166;nwchem:2166,ccECP,aug-cc-pVQZ,aug-cc-pVQZ-ccECP,-ccECP,Co:aug-cc-pVQZ-ccECP,29,189,h,"7s,7p,6d,4f,3g,2h","14s,14p,12d,4f,3g,2h",source library name plus declared suffix '-ccECP',PASS,by_element/Co/Co.aug-cc-pVQZ.cfour
Co,27,recipes/Co/ccECP,Co.aug-cc-pVTZ.gamess,gamess,gamess;gaussian;molpro;nwchem,gamess:1674;gaussian:1674;nwchem:1674,ccECP,aug-cc-pVTZ,aug-cc-pVTZ-ccECP,-ccECP,Co:aug-cc-pVTZ-ccECP,22,148,g,"6s,6p,5d,3f,2g","14s,14p,12d,3f,2g",source library name plus declared suffix '-ccECP',PASS,by_element/Co/Co.aug-cc-pVTZ.cfour
Co,27,recipes/Co/ccECP,Co.cc-pCV5Z.gamess,gamess,gamess;gaussian;molpro;nwchem,gamess:2699;gaussian:2699;nwchem:2699,ccECP,cc-pCV5Z,cc-pCV5Z-ccECP,-ccECP,Co:cc-pCV5Z-ccECP,40,234,i,"9s,9p,8d,5f,4g,3h,2i","15s,15p,13d,5f,4g,3h,2i",source library name plus declared suffix '-ccECP',PASS,by_element/Co/Co.cc-pCV5Z.cfour
Co,27,recipes/Co/ccECP,Co.cc-pCVDZ.gamess,gamess,gamess;gaussian;molpro;nwchem,gamess:1245;gaussian:1245;nwchem:1245,ccECP,cc-pCVDZ,cc-pCVDZ-ccECP,-ccECP,Co:cc-pCVDZ-ccECP,19,111,f,"6s,6p,5d,2f","15s,15p,13d,2f",source library name plus declared suffix '-ccECP',PASS,by_element/Co/Co.cc-pCVDZ.cfour
Co,27,recipes/Co/ccECP,Co.cc-pCVQZ.gamess,gamess,gamess;gaussian;molpro;nwchem,gamess:2207;gaussian:2207;nwchem:2207,ccECP,cc-pCVQZ,cc-pCVQZ-ccECP,-ccECP,Co:cc-pCVQZ-ccECP,32,192,h,"8s,8p,7d,4f,3g,2h","15s,15p,13d,4f,3g,2h",source library name plus declared suffix '-ccECP',PASS,by_element/Co/Co.cc-pCVQZ.cfour
Co,27,recipes/Co/ccECP,Co.cc-pCVTZ.gamess,gamess,gamess;gaussian;molpro;nwchem,gamess:1712;gaussian:1712;nwchem:1712,ccECP,cc-pCVTZ,cc-pCVTZ-ccECP,-ccECP,Co:cc-pCVTZ-ccECP,25,151,g,"7s,7p,6d,3f,2g","15s,15p,13d,3f,2g",source library name plus declared suffix '-ccECP',PASS,by_element/Co/Co.cc-pCVTZ.cfour
Co,27,recipes/Co/ccECP,Co.cc-pV5Z.gamess,gamess,gamess;gaussian;molpro;nwchem,gamess:2635;gaussian:2635;nwchem:2635,ccECP,cc-pV5Z,cc-pV5Z-ccECP,-ccECP,Co:cc-pV5Z-ccECP,30,224,i,"7s,7p,6d,4f,3g,2h,1i","13s,13p,11d,4f,3g,2h,1i",source library name plus declared suffix '-ccECP',PASS,by_element/Co/Co.cc-pV5Z.cfour
Co,27,recipes/Co/ccECP,Co.cc-pVDZ.gamess,gamess,gamess;gaussian;molpro;nwchem,gamess:1190;gaussian:1190;nwchem:1190,ccECP,cc-pVDZ,cc-pVDZ-ccECP,-ccECP,Co:cc-pVDZ-ccECP,12,104,f,"4s,4p,3d,1f","13s,13p,11d,1f",source library name plus declared suffix '-ccECP',PASS,by_element/Co/Co.cc-pVDZ.cfour
Co,27,recipes/Co/ccECP,Co.cc-pVQZ.gamess,gamess,gamess;gaussian;molpro;nwchem,gamess:2135;gaussian:2135;nwchem:2135,ccECP,cc-pVQZ,cc-pVQZ-ccECP,-ccECP,Co:cc-pVQZ-ccECP,23,183,h,"6s,6p,5d,3f,2g,1h","13s,13p,11d,3f,2g,1h",source library name plus declared suffix '-ccECP',PASS,by_element/Co/Co.cc-pVQZ.cfour
Co,27,recipes/Co/ccECP,Co.cc-pVTZ.gamess,gamess,gamess;gaussian;molpro;nwchem,gamess:1651;gaussian:1651;nwchem:1651,ccECP,cc-pVTZ,cc-pVTZ-ccECP,-ccECP,Co:cc-pVTZ-ccECP,17,143,g,"5s,5p,4d,2f,1g","13s,13p,11d,2f,1g",source library name plus declared suffix '-ccECP',PASS,by_element/Co/Co.cc-pVTZ.cfour
Cr,24,recipes/Cr/ccECP,Cr.aug-cc-pCV5Z.gamess,gamess,gamess;gaussian;molpro;nwchem,gamess:2730;gaussian:2730;nwchem:2730,ccECP,aug-cc-pCV5Z,aug-cc-pCV5Z-ccECP,-ccECP,Cr:aug-cc-pCV5Z-ccECP,47,241,i,"10s,10p,9d,6f,5g,4h,3i","16s,16p,14d,6f,5g,4h,3i",source library name plus declared suffix '-ccECP',PASS,by_element/Cr/Cr.aug-cc-pCV5Z.cfour
Cr,24,recipes/Cr/ccECP,Cr.aug-cc-pCVDZ.gamess,gamess,gamess;gaussian;molpro;nwchem,gamess:1253;gaussian:1253;nwchem:1253,ccECP,aug-cc-pCVDZ,aug-cc-pCVDZ-ccECP,-ccECP,Cr:aug-cc-pCVDZ-ccECP,23,115,f,"7s,7p,6d,3f","16s,16p,14d,3f",source library name plus declared suffix '-ccECP',PASS,by_element/Cr/Cr.aug-cc-pCVDZ.cfour
Cr,24,recipes/Cr/ccECP,Cr.aug-cc-pCVQZ.gamess,gamess,gamess;gaussian;molpro;nwchem,gamess:2233;gaussian:2233;nwchem:2233,ccECP,aug-cc-pCVQZ,aug-cc-pCVQZ-ccECP,-ccECP,Cr:aug-cc-pCVQZ-ccECP,38,198,h,"9s,9p,8d,5f,4g,3h","16s,16p,14d,5f,4g,3h",source library name plus declared suffix '-ccECP',PASS,by_element/Cr/Cr.aug-cc-pCVQZ.cfour
Cr,24,recipes/Cr/ccECP,Cr.aug-cc-pCVTZ.gamess,gamess,gamess;gaussian;molpro;nwchem,gamess:1731;gaussian:1731;nwchem:1731,ccECP,aug-cc-pCVTZ,aug-cc-pCVTZ-ccECP,-ccECP,Cr:aug-cc-pCVTZ-ccECP,30,156,g,"8s,8p,7d,4f,3g","16s,16p,14d,4f,3g",source library name plus declared suffix '-ccECP',PASS,by_element/Cr/Cr.aug-cc-pCVTZ.cfour
Cr,24,recipes/Cr/ccECP,Cr.aug-cc-pV5Z.gamess,gamess,gamess;gaussian;molpro;nwchem,gamess:2660;gaussian:2660;nwchem:2660,ccECP,aug-cc-pV5Z,aug-cc-pV5Z-ccECP,-ccECP,Cr:aug-cc-pV5Z-ccECP,37,231,i,"8s,8p,7d,5f,4g,3h,2i","14s,14p,12d,5f,4g,3h,2i",source library name plus declared suffix '-ccECP',PASS,by_element/Cr/Cr.aug-cc-pV5Z.cfour
Cr,24,recipes/Cr/ccECP,Cr.aug-cc-pVDZ.gamess,gamess,gamess;gaussian;molpro;nwchem,gamess:1200;gaussian:1200;nwchem:1200,ccECP,aug-cc-pVDZ,aug-cc-pVDZ-ccECP,-ccECP,Cr:aug-cc-pVDZ-ccECP,16,108,f,"5s,5p,4d,2f","14s,14p,12d,2f",source library name plus declared suffix '-ccECP',PASS,by_element/Cr/Cr.aug-cc-pVDZ.cfour
Cr,24,recipes/Cr/ccECP,Cr.aug-cc-pVQZ.gamess,gamess,gamess;gaussian;molpro;nwchem,gamess:2162;gaussian:2162;nwchem:2162,ccECP,aug-cc-pVQZ,aug-cc-pVQZ-ccECP,-ccECP,Cr:aug-cc-pVQZ-ccECP,29,189,h,"7s,7p,6d,4f,3g,2h","14s,14p,12d,4f,3g,2h",source library name plus declared suffix '-ccECP',PASS,by_element/Cr/Cr.aug-cc-pVQZ.cfour
Cr,24,recipes/Cr/ccECP,Cr.aug-cc-pVTZ.gamess,gamess,gamess;gaussian;molpro;nwchem,gamess:1668;gaussian:1668;nwchem:1668,ccECP,aug-cc-pVTZ,aug-cc-pVTZ-ccECP,-ccECP,Cr:aug-cc-pVTZ-ccECP,22,148,g,"6s,6p,5d,3f,2g","14s,14p,12d,3f,2g",source library name plus declared suffix '-ccECP',PASS,by_element/Cr/Cr.aug-cc-pVTZ.cfour
Cr,24,recipes/Cr/ccECP,Cr.cc-pCV5Z.gamess,gamess,gamess;gaussian;molpro;nwchem,gamess:2695;gaussian:2695;nwchem:2695,ccECP,cc-pCV5Z,cc-pCV5Z-ccECP,-ccECP,Cr:cc-pCV5Z-ccECP,40,234,i,"9s,9p,8d,5f,4g,3h,2i","15s,15p,13d,5f,4g,3h,2i",source library name plus declared suffix '-ccECP',PASS,by_element/Cr/Cr.cc-pCV5Z.cfour
Cr,24,recipes/Cr/ccECP,Cr.cc-pCVDZ.gamess,gamess,gamess;gaussian;molpro;nwchem,gamess:1238;gaussian:1238;nwchem:1238,ccECP,cc-pCVDZ,cc-pCVDZ-ccECP,-ccECP,Cr:cc-pCVDZ-ccECP,19,111,f,"6s,6p,5d,2f","15s,15p,13d,2f",source library name plus declared suffix '-ccECP',PASS,by_element/Cr/Cr.cc-pCVDZ.cfour
Cr,24,recipes/Cr/ccECP,Cr.cc-pCVQZ.gamess,gamess,gamess;gaussian;molpro;nwchem,gamess:2203;gaussian:2203;nwchem:2203,ccECP,cc-pCVQZ,cc-pCVQZ-ccECP,-ccECP,Cr:cc-pCVQZ-ccECP,32,192,h,"8s,8p,7d,4f,3g,2h","15s,15p,13d,4f,3g,2h",source library name plus declared suffix '-ccECP',PASS,by_element/Cr/Cr.cc-pCVQZ.cfour
Cr,24,recipes/Cr/ccECP,Cr.cc-pCVTZ.gamess,gamess,gamess;gaussian;molpro;nwchem,gamess:1708;gaussian:1708;nwchem:1708,ccECP,cc-pCVTZ,cc-pCVTZ-ccECP,-ccECP,Cr:cc-pCVTZ-ccECP,25,151,g,"7s,7p,6d,3f,2g","15s,15p,13d,3f,2g",source library name plus declared suffix '-ccECP',PASS,by_element/Cr/Cr.cc-pCVTZ.cfour
Cr,24,recipes/Cr/ccECP,Cr.cc-pV5Z.gamess,gamess,gamess;gaussian;molpro;nwchem,gamess:2625;gaussian:2625;nwchem:2625,ccECP,cc-pV5Z,cc-pV5Z-ccECP,-ccECP,Cr:cc-pV5Z-ccECP,30,224,i,"7s,7p,6d,4f,3g,2h,1i","13s,13p,11d,4f,3g,2h,1i",source library name plus declared suffix '-ccECP',PASS,by_element/Cr/Cr.cc-pV5Z.cfour
Cr,24,recipes/Cr/ccECP,Cr.cc-pVDZ.gamess,gamess,gamess;gaussian;molpro;nwchem,gamess:1185;gaussian:1185;nwchem:1185,ccECP,cc-pVDZ,cc-pVDZ-ccECP,-ccECP,Cr:cc-pVDZ-ccECP,12,104,f,"4s,4p,3d,1f","13s,13p,11d,1f",source library name plus declared suffix '-ccECP',PASS,by_element/Cr/Cr.cc-pVDZ.cfour
Cr,24,recipes/Cr/ccECP,Cr.cc-pVQZ.gamess,gamess,gamess;gaussian;molpro;nwchem,gamess:2132;gaussian:2132;nwchem:2132,ccECP,cc-pVQZ,cc-pVQZ-ccECP,-ccECP,Cr:cc-pVQZ-ccECP,23,183,h,"6s,6p,5d,3f,2g,1h","13s,13p,11d,3f,2g,1h",source library name plus declared suffix '-ccECP',PASS,by_element/Cr/Cr.cc-pVQZ.cfour
Cr,24,recipes/Cr/ccECP,Cr.cc-pVTZ.gamess,gamess,gamess;gaussian;molpro;nwchem,gamess:1645;gaussian:1645;nwchem:1645,ccECP,cc-pVTZ,cc-pVTZ-ccECP,-ccECP,Cr:cc-pVTZ-ccECP,17,143,g,"5s,5p,4d,2f,1g","13s,13p,11d,2f,1g",source library name plus declared suffix '-ccECP',PASS,by_element/Cr/Cr.cc-pVTZ.cfour
Cs,55,recipes/Cs/ccECP,Cs.aug-cc-pCV5Z.gamess,gamess,dirac;gamess;gaussian;molpro;nwchem,gamess:882;gaussian:882;nwchem:882,ccECP,aug-cc-pCV5Z,aug-cc-pCV5Z-ccECP,-ccECP,Cs:aug-cc-pCV5Z-ccECP,50,98,h,"13s,13p,9d,7f,5g,3h","24s,24p,9d,7f,5g,3h",source library name plus declared suffix '-ccECP',PASS,by_element/Cs/Cs.aug-cc-pCV5Z.cfour
Cs,55,recipes/Cs/ccECP,Cs.aug-cc-pCVDZ.gamess,gamess,dirac;gamess;gaussian;molpro;nwchem,gamess:649;gaussian:649;nwchem:649,ccECP,aug-cc-pCVDZ,aug-cc-pCVDZ-ccECP,-ccECP,Cs:aug-cc-pCVDZ-ccECP,17,65,d,"7s,7p,3d","18s,18p,3d",source library name plus declared suffix '-ccECP',PASS,by_element/Cs/Cs.aug-cc-pCVDZ.cfour
Cs,55,recipes/Cs/ccECP,Cs.aug-cc-pCVQZ.gamess,gamess,dirac;gamess;gaussian;molpro;nwchem,gamess:791;gaussian:791;nwchem:791,ccECP,aug-cc-pCVQZ,aug-cc-pCVQZ-ccECP,-ccECP,Cs:aug-cc-pCVQZ-ccECP,37,85,g,"11s,11p,7d,5f,3g","22s,22p,7d,5f,3g",source library name plus declared suffix '-ccECP',PASS,by_element/Cs/Cs.aug-cc-pCVQZ.cfour
Cs,55,recipes/Cs/ccECP,Cs.aug-cc-pCVTZ.gamess,gamess,dirac;gamess;gaussian;molpro;nwchem,gamess:717;gaussian:717;nwchem:717,ccECP,aug-cc-pCVTZ,aug-cc-pCVTZ-ccECP,-ccECP,Cs:aug-cc-pCVTZ-ccECP,26,74,f,"9s,9p,5d,3f","20s,20p,5d,3f",source library name plus declared suffix '-ccECP',PASS,by_element/Cs/Cs.aug-cc-pCVTZ.cfour
Cs,55,recipes/Cs/ccECP,Cs.aug-cc-pV5Z.gamess,gamess,dirac;gamess;gaussian;molpro;nwchem,gamess:732;gaussian:732;nwchem:732,ccECP,aug-cc-pV5Z,aug-cc-pV5Z-ccECP,-ccECP,Cs:aug-cc-pV5Z-ccECP,30,78,h,"8s,8p,5d,4f,3g,2h","19s,19p,5d,4f,3g,2h",source library name plus declared suffix '-ccECP',PASS,by_element/Cs/Cs.aug-cc-pV5Z.cfour
Cs,55,recipes/Cs/ccECP,Cs.aug-cc-pVDZ.gamess,gamess,dirac;gamess;gaussian;molpro;nwchem,gamess:616;gaussian:616;nwchem:616,ccECP,aug-cc-pVDZ,aug-cc-pVDZ-ccECP,-ccECP,Cs:aug-cc-pVDZ-ccECP,12,60,d,"5s,5p,2d","16s,16p,2d",source library name plus declared suffix '-ccECP',PASS,by_element/Cs/Cs.aug-cc-pVDZ.cfour
Cs,55,recipes/Cs/ccECP,Cs.aug-cc-pVQZ.gamess,gamess,dirac;gamess;gaussian;molpro;nwchem,gamess:687;gaussian:687;nwchem:687,ccECP,aug-cc-pVQZ,aug-cc-pVQZ-ccECP,-ccECP,Cs:aug-cc-pVQZ-ccECP,23,71,g,"7s,7p,4d,3f,2g","18s,18p,4d,3f,2g",source library name plus declared suffix '-ccECP',PASS,by_element/Cs/Cs.aug-cc-pVQZ.cfour
Cs,55,recipes/Cs/ccECP,Cs.aug-cc-pVTZ.gamess,gamess,dirac;gamess;gaussian;molpro;nwchem,gamess:650;gaussian:650;nwchem:650,ccECP,aug-cc-pVTZ,aug-cc-pVTZ-ccECP,-ccECP,Cs:aug-cc-pVTZ-ccECP,17,65,f,"6s,6p,3d,2f","17s,17p,3d,2f",source library name plus declared suffix '-ccECP',PASS,by_element/Cs/Cs.aug-cc-pVTZ.cfour
Cs,55,recipes/Cs/ccECP,Cs.cc-pCV5Z.gamess,gamess,dirac;gamess;gaussian;molpro;nwchem,gamess:847;gaussian:847;nwchem:847,ccECP,cc-pCV5Z,cc-pCV5Z-ccECP,-ccECP,Cs:cc-pCV5Z-ccECP,44,92,h,"12s,12p,8d,6f,4g,2h","23s,23p,8d,6f,4g,2h",source library name plus declared suffix '-ccECP',PASS,by_element/Cs/Cs.cc-pCV5Z.cfour
Cs,55,recipes/Cs/ccECP,Cs.cc-pCVDZ.gamess,gamess,dirac;gamess;gaussian;molpro;nwchem,gamess:631;gaussian:631;nwchem:631,ccECP,cc-pCVDZ,cc-pCVDZ-ccECP,-ccECP,Cs:cc-pCVDZ-ccECP,14,62,d,"6s,6p,2d","17s,17p,2d",source library name plus declared suffix '-ccECP',PASS,by_element/Cs/Cs.cc-pCVDZ.cfour
Cs,55,recipes/Cs/ccECP,Cs.cc-pCVQZ.gamess,gamess,dirac;gamess;gaussian;molpro;nwchem,gamess:760;gaussian:760;nwchem:760,ccECP,cc-pCVQZ,cc-pCVQZ-ccECP,-ccECP,Cs:cc-pCVQZ-ccECP,32,80,g,"10s,10p,6d,4f,2g","21s,21p,6d,4f,2g",source library name plus declared suffix '-ccECP',PASS,by_element/Cs/Cs.cc-pCVQZ.cfour
Cs,55,recipes/Cs/ccECP,Cs.cc-pCVTZ.gamess,gamess,dirac;gamess;gaussian;molpro;nwchem,gamess:693;gaussian:693;nwchem:693,ccECP,cc-pCVTZ,cc-pCVTZ-ccECP,-ccECP,Cs:cc-pCVTZ-ccECP,22,70,f,"8s,8p,4d,2f","19s,19p,4d,2f",source library name plus declared suffix '-ccECP',PASS,by_element/Cs/Cs.cc-pCVTZ.cfour
Cs,55,recipes/Cs/ccECP,Cs.cc-pV5Z.gamess,gamess,dirac;gamess;gaussian;molpro;nwchem,gamess:697;gaussian:697;nwchem:697,ccECP,cc-pV5Z,cc-pV5Z-ccECP,-ccECP,Cs:cc-pV5Z-ccECP,24,72,h,"7s,7p,4d,3f,2g,1h","18s,18p,4d,3f,2g,1h",source library name plus declared suffix '-ccECP',PASS,by_element/Cs/Cs.cc-pV5Z.cfour
Cs,55,recipes/Cs/ccECP,Cs.cc-pVDZ.gamess,gamess,dirac;gamess;gaussian;molpro;nwchem,gamess:598;gaussian:598;nwchem:598,ccECP,cc-pVDZ,cc-pVDZ-ccECP,-ccECP,Cs:cc-pVDZ-ccECP,9,57,d,"4s,4p,1d","15s,15p,1d",source library name plus declared suffix '-ccECP',PASS,by_element/Cs/Cs.cc-pVDZ.cfour
Cs,55,recipes/Cs/ccECP,Cs.cc-pVQZ.gamess,gamess,dirac;gamess;gaussian;molpro;nwchem,gamess:656;gaussian:656;nwchem:656,ccECP,cc-pVQZ,cc-pVQZ-ccECP,-ccECP,Cs:cc-pVQZ-ccECP,18,66,g,"6s,6p,3d,2f,1g","17s,17p,3d,2f,1g",source library name plus declared suffix '-ccECP',PASS,by_element/Cs/Cs.cc-pVQZ.cfour
Cs,55,recipes/Cs/ccECP,Cs.cc-pVTZ.gamess,gamess,dirac;gamess;gaussian;molpro;nwchem,gamess:626;gaussian:626;nwchem:626,ccECP,cc-pVTZ,cc-pVTZ-ccECP,-ccECP,Cs:cc-pVTZ-ccECP,13,61,f,"5s,5p,2d,1f","16s,16p,2d,1f",source library name plus declared suffix '-ccECP',PASS,by_element/Cs/Cs.cc-pVTZ.cfour
Cu,29,recipes/Cu/ccECP,Cu.aug-cc-pCV5Z.gamess,gamess,gamess;gaussian;molpro;nwchem,gamess:2747;gaussian:2747;nwchem:2747,ccECP,aug-cc-pCV5Z,aug-cc-pCV5Z-ccECP,-ccECP,Cu:aug-cc-pCV5Z-ccECP,47,241,i,"10s,10p,9d,6f,5g,4h,3i","16s,16p,14d,6f,5g,4h,3i",source library name plus declared suffix '-ccECP',PASS,by_element/Cu/Cu.aug-cc-pCV5Z.cfour
Cu,29,recipes/Cu/ccECP,Cu.aug-cc-pCVDZ.gamess,gamess,gamess;gaussian;molpro;nwchem,gamess:1255;gaussian:1255;nwchem:1255,ccECP,aug-cc-pCVDZ,aug-cc-pCVDZ-ccECP,-ccECP,Cu:aug-cc-pCVDZ-ccECP,23,115,f,"7s,7p,6d,3f","16s,16p,14d,3f",source library name plus declared suffix '-ccECP',PASS,by_element/Cu/Cu.aug-cc-pCVDZ.cfour
Cu,29,recipes/Cu/ccECP,Cu.aug-cc-pCVQZ.gamess,gamess,gamess;gaussian;molpro;nwchem,gamess:2233;gaussian:2233;nwchem:2233,ccECP,aug-cc-pCVQZ,aug-cc-pCVQZ-ccECP,-ccECP,Cu:aug-cc-pCVQZ-ccECP,38,198,h,"9s,9p,8d,5f,4g,3h","16s,16p,14d,5f,4g,3h",source library name plus declared suffix '-ccECP',PASS,by_element/Cu/Cu.aug-cc-pCVQZ.cfour
Cu,29,recipes/Cu/ccECP,Cu.aug-cc-pCVTZ.gamess,gamess,gamess;gaussian;molpro;nwchem,gamess:1737;gaussian:1737;nwchem:1737,ccECP,aug-cc-pCVTZ,aug-cc-pCVTZ-ccECP,-ccECP,Cu:aug-cc-pCVTZ-ccECP,30,156,g,"8s,8p,7d,4f,3g","16s,16p,14d,4f,3g",source library name plus declared suffix '-ccECP',PASS,by_element/Cu/Cu.aug-cc-pCVTZ.cfour
Cu,29,recipes/Cu/ccECP,Cu.aug-cc-pV5Z.gamess,gamess,gamess;gaussian;molpro;nwchem,gamess:2666;gaussian:2666;nwchem:2666,ccECP,aug-cc-pV5Z,aug-cc-pV5Z-ccECP,-ccECP,Cu:aug-cc-pV5Z-ccECP,37,231,i,"8s,8p,7d,5f,4g,3h,2i","14s,14p,12d,5f,4g,3h,2i",source library name plus declared suffix '-ccECP',PASS,by_element/Cu/Cu.aug-cc-pV5Z.cfour
Cu,29,recipes/Cu/ccECP,Cu.aug-cc-pVDZ.gamess,gamess,gamess;gaussian;molpro;nwchem,gamess:1199;gaussian:1199;nwchem:1199,ccECP,aug-cc-pVDZ,aug-cc-pVDZ-ccECP,-ccECP,Cu:aug-cc-pVDZ-ccECP,16,108,f,"5s,5p,4d,2f","14s,14p,12d,2f",source library name plus declared suffix '-ccECP',PASS,by_element/Cu/Cu.aug-cc-pVDZ.cfour
Cu,29,recipes/Cu/ccECP,Cu.aug-cc-pVQZ.gamess,gamess,gamess;gaussian;molpro;nwchem,gamess:2161;gaussian:2161;nwchem:2161,ccECP,aug-cc-pVQZ,aug-cc-pVQZ-ccECP,-ccECP,Cu:aug-cc-pVQZ-ccECP,29,189,h,"7s,7p,6d,4f,3g,2h","14s,14p,12d,4f,3g,2h",source library name plus declared suffix '-ccECP',PASS,by_element/Cu/Cu.aug-cc-pVQZ.cfour
Cu,29,recipes/Cu/ccECP,Cu.aug-cc-pVTZ.gamess,gamess,gamess;gaussian;molpro;nwchem,gamess:1672;gaussian:1672;nwchem:1672,ccECP,aug-cc-pVTZ,aug-cc-pVTZ-ccECP,-ccECP,Cu:aug-cc-pVTZ-ccECP,22,148,g,"6s,6p,5d,3f,2g","14s,14p,12d,3f,2g",source library name plus declared suffix '-ccECP',PASS,by_element/Cu/Cu.aug-cc-pVTZ.cfour
Cu,29,recipes/Cu/ccECP,Cu.cc-pCV5Z.gamess,gamess,gamess;gaussian;molpro;nwchem,gamess:2711;gaussian:2711;nwchem:2711,ccECP,cc-pCV5Z,cc-pCV5Z-ccECP,-ccECP,Cu:cc-pCV5Z-ccECP,40,234,i,"9s,9p,8d,5f,4g,3h,2i","15s,15p,13d,5f,4g,3h,2i",source library name plus declared suffix '-ccECP',PASS,by_element/Cu/Cu.cc-pCV5Z.cfour
Cu,29,recipes/Cu/ccECP,Cu.cc-pCVDZ.gamess,gamess,gamess;gaussian;molpro;nwchem,gamess:1240;gaussian:1240;nwchem:1240,ccECP,cc-pCVDZ,cc-pCVDZ-ccECP,-ccECP,Cu:cc-pCVDZ-ccECP,19,111,f,"6s,6p,5d,2f","15s,15p,13d,2f",source library name plus declared suffix '-ccECP',PASS,by_element/Cu/Cu.cc-pCVDZ.cfour
Cu,29,recipes/Cu/ccECP,Cu.cc-pCVQZ.gamess,gamess,gamess;gaussian;molpro;nwchem,gamess:2203;gaussian:2203;nwchem:2203,ccECP,cc-pCVQZ,cc-pCVQZ-ccECP,-ccECP,Cu:cc-pCVQZ-ccECP,32,192,h,"8s,8p,7d,4f,3g,2h","15s,15p,13d,4f,3g,2h",source library name plus declared suffix '-ccECP',PASS,by_element/Cu/Cu.cc-pCVQZ.cfour
Cu,29,recipes/Cu/ccECP,Cu.cc-pCVTZ.gamess,gamess,gamess;gaussian;molpro;nwchem,gamess:1715;gaussian:1715;nwchem:1715,ccECP,cc-pCVTZ,cc-pCVTZ-ccECP,-ccECP,Cu:cc-pCVTZ-ccECP,25,151,g,"7s,7p,6d,3f,2g","15s,15p,13d,3f,2g",source library name plus declared suffix '-ccECP',PASS,by_element/Cu/Cu.cc-pCVTZ.cfour
Cu,29,recipes/Cu/ccECP,Cu.cc-pV5Z.gamess,gamess,gamess;gaussian;molpro;nwchem,gamess:2630;gaussian:2630;nwchem:2630,ccECP,cc-pV5Z,cc-pV5Z-ccECP,-ccECP,Cu:cc-pV5Z-ccECP,30,224,i,"7s,7p,6d,4f,3g,2h,1i","13s,13p,11d,4f,3g,2h,1i",source library name plus declared suffix '-ccECP',PASS,by_element/Cu/Cu.cc-pV5Z.cfour
Cu,29,recipes/Cu/ccECP,Cu.cc-pVDZ.gamess,gamess,gamess;gaussian;molpro;nwchem,gamess:1184;gaussian:1184;nwchem:1184,ccECP,cc-pVDZ,cc-pVDZ-ccECP,-ccECP,Cu:cc-pVDZ-ccECP,12,104,f,"4s,4p,3d,1f","13s,13p,11d,1f",source library name plus declared suffix '-ccECP',PASS,by_element/Cu/Cu.cc-pVDZ.cfour
Cu,29,recipes/Cu/ccECP,Cu.cc-pVQZ.gamess,gamess,gamess;gaussian;molpro;nwchem,gamess:2131;gaussian:2131;nwchem:2131,ccECP,cc-pVQZ,cc-pVQZ-ccECP,-ccECP,Cu:cc-pVQZ-ccECP,23,183,h,"6s,6p,5d,3f,2g,1h","13s,13p,11d,3f,2g,1h",source library name plus declared suffix '-ccECP',PASS,by_element/Cu/Cu.cc-pVQZ.cfour
Cu,29,recipes/Cu/ccECP,Cu.cc-pVTZ.gamess,gamess,gamess;gaussian;molpro;nwchem,gamess:1650;gaussian:1650;nwchem:1650,ccECP,cc-pVTZ,cc-pVTZ-ccECP,-ccECP,Cu:cc-pVTZ-ccECP,17,143,g,"5s,5p,4d,2f,1g","13s,13p,11d,2f,1g",source library name plus declared suffix '-ccECP',PASS,by_element/Cu/Cu.cc-pVTZ.cfour
Eu,63,recipes/Eu/ccECP,Eu.aug-cc-pCVDZ.gamess,gamess,dirac;gamess;gaussian;molpro;nwchem,gamess:1588;gaussian:1588;nwchem:1588,ccECP,aug-cc-pCVDZ,aug-cc-pCVDZ-ccECP,-ccECP,Eu:aug-cc-pCVDZ-ccECP,25,145,g,"6s,6p,5d,5f,3g","15s,15p,15d,15f,3g",source library name plus declared suffix '-ccECP',PASS,by_element/Eu/Eu.aug-cc-pCVDZ.cfour
Eu,63,recipes/Eu/ccECP,Eu.aug-cc-pCVQZ.gamess,gamess,dirac;gamess;gaussian;molpro;nwchem,gamess:2898;gaussian:2898;nwchem:2898,ccECP,aug-cc-pCVQZ,aug-cc-pCVQZ-ccECP,-ccECP,Eu:aug-cc-pCVQZ-ccECP,40,256,i,"8s,8p,7d,7f,4g,3h,3i","15s,15p,15d,15f,4g,3h,3i",source library name plus declared suffix '-ccECP',PASS,by_element/Eu/Eu.aug-cc-pCVQZ.cfour
Eu,63,recipes/Eu/ccECP,Eu.aug-cc-pCVTZ.gamess,gamess,dirac;gamess;gaussian;molpro;nwchem,gamess:2232;gaussian:2232;nwchem:2232,ccECP,aug-cc-pCVTZ,aug-cc-pCVTZ-ccECP,-ccECP,Eu:aug-cc-pCVTZ-ccECP,32,200,h,"7s,7p,6d,6f,3g,3h","15s,15p,15d,15f,3g,3h",source library name plus declared suffix '-ccECP',PASS,by_element/Eu/Eu.aug-cc-pCVTZ.cfour
Eu,63,recipes/Eu/ccECP,Eu.aug-cc-pVDZ.gamess,gamess,dirac;gamess;gaussian;molpro;nwchem,gamess:1551;gaussian:1551;nwchem:1551,ccECP,aug-cc-pVDZ,aug-cc-pVDZ-ccECP,-ccECP,Eu:aug-cc-pVDZ-ccECP,20,140,g,"5s,5p,4d,4f,2g","14s,14p,14d,14f,2g",source library name plus declared suffix '-ccECP',PASS,by_element/Eu/Eu.aug-cc-pVDZ.cfour
Eu,63,recipes/Eu/ccECP,Eu.aug-cc-pVQZ.gamess,gamess,dirac;gamess;gaussian;molpro;nwchem,gamess:2861;gaussian:2861;nwchem:2861,ccECP,aug-cc-pVQZ,aug-cc-pVQZ-ccECP,-ccECP,Eu:aug-cc-pVQZ-ccECP,35,251,i,"7s,7p,6d,6f,4g,3h,2i","14s,14p,14d,14f,4g,3h,2i",source library name plus declared suffix '-ccECP',PASS,by_element/Eu/Eu.aug-cc-pVQZ.cfour
Eu,63,recipes/Eu/ccECP,Eu.aug-cc-pVTZ.gamess,gamess,dirac;gamess;gaussian;molpro;nwchem,gamess:2193;gaussian:2193;nwchem:2193,ccECP,aug-cc-pVTZ,aug-cc-pVTZ-ccECP,-ccECP,Eu:aug-cc-pVTZ-ccECP,27,195,h,"6s,6p,5d,5f,3g,2h","14s,14p,14d,14f,3g,2h",source library name plus declared suffix '-ccECP',PASS,by_element/Eu/Eu.aug-cc-pVTZ.cfour
Eu,63,recipes/Eu/ccECP,Eu.cc-pCVDZ.gamess,gamess,dirac;gamess;gaussian;molpro;nwchem,gamess:1559;gaussian:1559;nwchem:1559,ccECP,cc-pCVDZ,cc-pCVDZ-ccECP,-ccECP,Eu:cc-pCVDZ-ccECP,20,140,g,"5s,5p,4d,4f,2g","14s,14p,14d,14f,2g",source library name plus declared suffix '-ccECP',PASS,by_element/Eu/Eu.cc-pCVDZ.cfour
Eu,63,recipes/Eu/ccECP,Eu.cc-pCVQZ.gamess,gamess,dirac;gamess;gaussian;molpro;nwchem,gamess:2869;gaussian:2869;nwchem:2869,ccECP,cc-pCVQZ,cc-pCVQZ-ccECP,-ccECP,Eu:cc-pCVQZ-ccECP,35,251,i,"7s,7p,6d,6f,4g,3h,2i","14s,14p,14d,14f,4g,3h,2i",source library name plus declared suffix '-ccECP',PASS,by_element/Eu/Eu.cc-pCVQZ.cfour
Eu,63,recipes/Eu/ccECP,Eu.cc-pCVTZ.gamess,gamess,dirac;gamess;gaussian;molpro;nwchem,gamess:2203;gaussian:2203;nwchem:2203,ccECP,cc-pCVTZ,cc-pCVTZ-ccECP,-ccECP,Eu:cc-pCVTZ-ccECP,27,195,h,"6s,6p,5d,5f,3g,2h","14s,14p,14d,14f,3g,2h",source library name plus declared suffix '-ccECP',PASS,by_element/Eu/Eu.cc-pCVTZ.cfour
Eu,63,recipes/Eu/ccECP,Eu.cc-pVDZ.gamess,gamess,dirac;gamess;gaussian;molpro;nwchem,gamess:1498;gaussian:1498;nwchem:1498,ccECP,cc-pVDZ,cc-pVDZ-ccECP,-ccECP,Eu:cc-pVDZ-ccECP,11,131,g,"3s,3p,2d,2f,1g","13s,13p,13d,13f,1g",source library name plus declared suffix '-ccECP',PASS,by_element/Eu/Eu.cc-pVDZ.cfour
Eu,63,recipes/Eu/ccECP,Eu.cc-pVQZ.gamess,gamess,dirac;gamess;gaussian;molpro;nwchem,gamess:2794;gaussian:2794;nwchem:2794,ccECP,cc-pVQZ,cc-pVQZ-ccECP,-ccECP,Eu:cc-pVQZ-ccECP,24,240,i,"5s,5p,4d,4f,3g,2h,1i","13s,13p,13d,13f,3g,2h,1i",source library name plus declared suffix '-ccECP',PASS,by_element/Eu/Eu.cc-pVQZ.cfour
Eu,63,recipes/Eu/ccECP,Eu.cc-pVTZ.gamess,gamess,dirac;gamess;gaussian;molpro;nwchem,gamess:2133;gaussian:2133;nwchem:2133,ccECP,cc-pVTZ,cc-pVTZ-ccECP,-ccECP,Eu:cc-pVTZ-ccECP,17,185,h,"4s,4p,3d,3f,2g,1h","13s,13p,13d,13f,2g,1h",source library name plus declared suffix '-ccECP',PASS,by_element/Eu/Eu.cc-pVTZ.cfour
F,9,recipes/F/ccECP,F.aug-cc-pV5Z.gamess,gamess,gamess;gaussian;molpro;nwchem,gamess:434;gaussian:434;nwchem:434,ccECP,aug-cc-pV5Z,aug-cc-pV5Z-ccECP,-ccECP,F:aug-cc-pV5Z-ccECP,26,44,h,"6s,6p,5d,4f,3g,2h","15s,15p,5d,4f,3g,2h",source library name plus declared suffix '-ccECP',PASS,by_element/F/F.aug-cc-pV5Z.cfour
F,9,recipes/F/ccECP,F.aug-cc-pV6Z.gamess,gamess,gamess;gaussian;molpro;nwchem,gamess:494;gaussian:494;nwchem:494,ccECP,aug-cc-pV6Z,aug-cc-pV6Z-ccECP,-ccECP,F:aug-cc-pV6Z-ccECP,34,52,i,"7s,7p,6d,5f,4g,3h,2i","16s,16p,6d,5f,4g,3h,2i",source library name plus declared suffix '-ccECP',PASS,by_element/F/F.aug-cc-pV6Z.cfour
F,9,recipes/F/ccECP,F.aug-cc-pVDZ.gamess,gamess,gamess;gaussian;molpro;nwchem,gamess:299;gaussian:299;nwchem:299,ccECP,aug-cc-pVDZ,aug-cc-pVDZ-ccECP,-ccECP,F:aug-cc-pVDZ-ccECP,8,26,d,"3s,3p,2d","12s,12p,2d",source library name plus declared suffix '-ccECP',PASS,by_element/F/F.aug-cc-pVDZ.cfour
F,9,recipes/F/ccECP,F.aug-cc-pVQZ.gamess,gamess,gamess;gaussian;molpro;nwchem,gamess:381;gaussian:381;nwchem:381,ccECP,aug-cc-pVQZ,aug-cc-pVQZ-ccECP,-ccECP,F:aug-cc-pVQZ-ccECP,19,37,g,"5s,5p,4d,3f,2g","14s,14p,4d,3f,2g",source library name plus declared suffix '-ccECP',PASS,by_element/F/F.aug-cc-pVQZ.cfour
F,9,recipes/F/ccECP,F.aug-cc-pVTZ.gamess,gamess,gamess;gaussian;molpro;nwchem,gamess:333;gaussian:333;nwchem:333,ccECP,aug-cc-pVTZ,aug-cc-pVTZ-ccECP,-ccECP,F:aug-cc-pVTZ-ccECP,13,31,f,"4s,4p,3d,2f","13s,13p,3d,2f",source library name plus declared suffix '-ccECP',PASS,by_element/F/F.aug-cc-pVTZ.cfour
F,9,recipes/F/ccECP,F.cc-pV5Z.gamess,gamess,gamess;gaussian;molpro;nwchem,gamess:394;gaussian:394;nwchem:394,ccECP,cc-pV5Z,cc-pV5Z-ccECP,-ccECP,F:cc-pV5Z-ccECP,20,38,h,"5s,5p,4d,3f,2g,1h","14s,14p,4d,3f,2g,1h",source library name plus declared suffix '-ccECP',PASS,by_element/F/F.cc-pV5Z.cfour
F,9,recipes/F/ccECP,F.cc-pV6Z.gamess,gamess,gamess;gaussian;molpro;nwchem,gamess:448;gaussian:448;nwchem:448,ccECP,cc-pV6Z,cc-pV6Z-ccECP,-ccECP,F:cc-pV6Z-ccECP,27,45,i,"6s,6p,5d,4f,3g,2h,1i","15s,15p,5d,4f,3g,2h,1i",source library name plus declared suffix '-ccECP',PASS,by_element/F/F.cc-pV6Z.cfour
F,9,recipes/F/ccECP,F.cc-pVDZ.gamess,gamess,gamess;gaussian;molpro;nwchem,gamess:278;gaussian:278;nwchem:278,ccECP,cc-pVDZ,cc-pVDZ-ccECP,-ccECP,F:cc-pVDZ-ccECP,5,23,d,"2s,2p,1d","11s,11p,1d",source library name plus declared suffix '-ccECP',PASS,by_element/F/F.cc-pVDZ.cfour
F,9,recipes/F/ccECP,F.cc-pVQZ.gamess,gamess,gamess;gaussian;molpro;nwchem,gamess:347;gaussian:347;nwchem:347,ccECP,cc-pVQZ,cc-pVQZ-ccECP,-ccECP,F:cc-pVQZ-ccECP,14,32,g,"4s,4p,3d,2f,1g","13s,13p,3d,2f,1g",source library name plus declared suffix '-ccECP',PASS,by_element/F/F.cc-pVQZ.cfour
F,9,recipes/F/ccECP,F.cc-pVTZ.gamess,gamess,gamess;gaussian;molpro;nwchem,gamess:307;gaussian:307;nwchem:307,ccECP,cc-pVTZ,cc-pVTZ-ccECP,-ccECP,F:cc-pVTZ-ccECP,9,27,f,"3s,3p,2d,1f","12s,12p,2d,1f",source library name plus declared suffix '-ccECP',PASS,by_element/F/F.cc-pVTZ.cfour
Fe,26,recipes/Fe/ccECP,Fe.aug-cc-pCV5Z.gamess,gamess,gamess;gaussian;molpro;nwchem,gamess:2746;gaussian:2746;nwchem:2746,ccECP,aug-cc-pCV5Z,aug-cc-pCV5Z-ccECP,-ccECP,Fe:aug-cc-pCV5Z-ccECP,47,241,i,"10s,10p,9d,6f,5g,4h,3i","16s,16p,14d,6f,5g,4h,3i",source library name plus declared suffix '-ccECP',PASS,by_element/Fe/Fe.aug-cc-pCV5Z.cfour
Fe,26,recipes/Fe/ccECP,Fe.aug-cc-pCVDZ.gamess,gamess,gamess;gaussian;molpro;nwchem,gamess:1264;gaussian:1264;nwchem:1264,ccECP,aug-cc-pCVDZ,aug-cc-pCVDZ-ccECP,-ccECP,Fe:aug-cc-pCVDZ-ccECP,23,115,f,"7s,7p,6d,3f","16s,16p,14d,3f",source library name plus declared suffix '-ccECP',PASS,by_element/Fe/Fe.aug-cc-pCVDZ.cfour
Fe,26,recipes/Fe/ccECP,Fe.aug-cc-pCVQZ.gamess,gamess,gamess;gaussian;molpro;nwchem,gamess:2241;gaussian:2241;nwchem:2241,ccECP,aug-cc-pCVQZ,aug-cc-pCVQZ-ccECP,-ccECP,Fe:aug-cc-pCVQZ-ccECP,38,198,h,"9s,9p,8d,5f,4g,3h","16s,16p,14d,5f,4g,3h",source library name plus declared suffix '-ccECP',PASS,by_element/Fe/Fe.aug-cc-pCVQZ.cfour
Fe,26,recipes/Fe/ccECP,Fe.aug-cc-pCVTZ.gamess,gamess,gamess;gaussian;molpro;nwchem,gamess:1747;gaussian:1747;nwchem:1747,ccECP,aug-cc-pCVTZ,aug-cc-pCVTZ-ccECP,-ccECP,Fe:aug-cc-pCVTZ-ccECP,30,156,g,"8s,8p,7d,4f,3g","16s,16p,14d,4f,3g",source library name plus declared suffix '-ccECP',PASS,by_element/Fe/Fe.aug-cc-pCVTZ.cfour
Fe,26,recipes/Fe/ccECP,Fe.aug-cc-pV5Z.gamess,gamess,gamess;gaussian;molpro;nwchem,gamess:2677;gaussian:2677;nwchem:2677,ccECP,aug-cc-pV5Z,aug-cc-pV5Z-ccECP,-ccECP,Fe:aug-cc-pV5Z-ccECP,37,231,i,"8s,8p,7d,5f,4g,3h,2i","14s,14p,12d,5f,4g,3h,2i",source library name plus declared suffix '-ccECP',PASS,by_element/Fe/Fe.aug-cc-pV5Z.cfour
Fe,26,recipes/Fe/ccECP,Fe.aug-cc-pVDZ.gamess,gamess,gamess;gaussian;molpro;nwchem,gamess:1211;gaussian:1211;nwchem:1211,ccECP,aug-cc-pVDZ,aug-cc-pVDZ-ccECP,-ccECP,Fe:aug-cc-pVDZ-ccECP,16,108,f,"5s,5p,4d,2f","14s,14p,12d,2f",source library name plus declared suffix '-ccECP',PASS,by_element/Fe/Fe.aug-cc-pVDZ.cfour
Fe,26,recipes/Fe/ccECP,Fe.aug-cc-pVQZ.gamess,gamess,gamess;gaussian;molpro;nwchem,gamess:2170;gaussian:2170;nwchem:2170,ccECP,aug-cc-pVQZ,aug-cc-pVQZ-ccECP,-ccECP,Fe:aug-cc-pVQZ-ccECP,29,189,h,"7s,7p,6d,4f,3g,2h","14s,14p,12d,4f,3g,2h",source library name plus declared suffix '-ccECP',PASS,by_element/Fe/Fe.aug-cc-pVQZ.cfour
Fe,26,recipes/Fe/ccECP,Fe.aug-cc-pVTZ.gamess,gamess,gamess;gaussian;molpro;nwchem,gamess:1684;gaussian:1684;nwchem:1684,ccECP,aug-cc-pVTZ,aug-cc-pVTZ-ccECP,-ccECP,Fe:aug-cc-pVTZ-ccECP,22,148,g,"6s,6p,5d,3f,2g","14s,14p,12d,3f,2g",source library name plus declared suffix '-ccECP',PASS,by_element/Fe/Fe.aug-cc-pVTZ.cfour
Fe,26,recipes/Fe/ccECP,Fe.cc-pCV5Z.gamess,gamess,gamess;gaussian;molpro;nwchem,gamess:2709;gaussian:2709;nwchem:2709,ccECP,cc-pCV5Z,cc-pCV5Z-ccECP,-ccECP,Fe:cc-pCV5Z-ccECP,40,234,i,"9s,9p,8d,5f,4g,3h,2i","15s,15p,13d,5f,4g,3h,2i",source library name plus declared suffix '-ccECP',PASS,by_element/Fe/Fe.cc-pCV5Z.cfour
Fe,26,recipes/Fe/ccECP,Fe.cc-pCVDZ.gamess,gamess,gamess;gaussian;molpro;nwchem,gamess:1249;gaussian:1249;nwchem:1249,ccECP,cc-pCVDZ,cc-pCVDZ-ccECP,-ccECP,Fe:cc-pCVDZ-ccECP,19,111,f,"6s,6p,5d,2f","15s,15p,13d,2f",source library name plus declared suffix '-ccECP',PASS,by_element/Fe/Fe.cc-pCVDZ.cfour
Fe,26,recipes/Fe/ccECP,Fe.cc-pCVQZ.gamess,gamess,gamess;gaussian;molpro;nwchem,gamess:2213;gaussian:2213;nwchem:2213,ccECP,cc-pCVQZ,cc-pCVQZ-ccECP,-ccECP,Fe:cc-pCVQZ-ccECP,32,192,h,"8s,8p,7d,4f,3g,2h","15s,15p,13d,4f,3g,2h",source library name plus declared suffix '-ccECP',PASS,by_element/Fe/Fe.cc-pCVQZ.cfour
Fe,26,recipes/Fe/ccECP,Fe.cc-pCVTZ.gamess,gamess,gamess;gaussian;molpro;nwchem,gamess:1725;gaussian:1725;nwchem:1725,ccECP,cc-pCVTZ,cc-pCVTZ-ccECP,-ccECP,Fe:cc-pCVTZ-ccECP,25,151,g,"7s,7p,6d,3f,2g","15s,15p,13d,3f,2g",source library name plus declared suffix '-ccECP',PASS,by_element/Fe/Fe.cc-pCVTZ.cfour
Fe,26,recipes/Fe/ccECP,Fe.cc-pV5Z.gamess,gamess,gamess;gaussian;molpro;nwchem,gamess:2640;gaussian:2640;nwchem:2640,ccECP,cc-pV5Z,cc-pV5Z-ccECP,-ccECP,Fe:cc-pV5Z-ccECP,30,224,i,"7s,7p,6d,4f,3g,2h,1i","13s,13p,11d,4f,3g,2h,1i",source library name plus declared suffix '-ccECP',PASS,by_element/Fe/Fe.cc-pV5Z.cfour
Fe,26,recipes/Fe/ccECP,Fe.cc-pVDZ.gamess,gamess,gamess;gaussian;molpro;nwchem,gamess:1196;gaussian:1196;nwchem:1196,ccECP,cc-pVDZ,cc-pVDZ-ccECP,-ccECP,Fe:cc-pVDZ-ccECP,12,104,f,"4s,4p,3d,1f","13s,13p,11d,1f",source library name plus declared suffix '-ccECP',PASS,by_element/Fe/Fe.cc-pVDZ.cfour
Fe,26,recipes/Fe/ccECP,Fe.cc-pVQZ.gamess,gamess,gamess;gaussian;molpro;nwchem,gamess:2142;gaussian:2142;nwchem:2142,ccECP,cc-pVQZ,cc-pVQZ-ccECP,-ccECP,Fe:cc-pVQZ-ccECP,23,183,h,"6s,6p,5d,3f,2g,1h","13s,13p,11d,3f,2g,1h",source library name plus declared suffix '-ccECP',PASS,by_element/Fe/Fe.cc-pVQZ.cfour
Fe,26,recipes/Fe/ccECP,Fe.cc-pVTZ.gamess,gamess,gamess;gaussian;molpro;nwchem,gamess:1662;gaussian:1662;nwchem:1662,ccECP,cc-pVTZ,cc-pVTZ-ccECP,-ccECP,Fe:cc-pVTZ-ccECP,17,143,g,"5s,5p,4d,2f,1g","13s,13p,11d,2f,1g",source library name plus declared suffix '-ccECP',PASS,by_element/Fe/Fe.cc-pVTZ.cfour
Ga,31,recipes/Ga/ccECP,Ga.aug-cc-pV5Z.gamess,gamess,gamess;gaussian;molpro;nwchem,gamess:357;gaussian:357;nwchem:357,ccECP,aug-cc-pV5Z,aug-cc-pV5Z-ccECP,-ccECP,Ga:aug-cc-pV5Z-ccECP,26,42,h,"6s,6p,5d,4f,3g,2h","14s,14p,5d,4f,3g,2h",source library name plus declared suffix '-ccECP',PASS,by_element/Ga/Ga.aug-cc-pV5Z.cfour
Ga,31,recipes/Ga/ccECP,Ga.aug-cc-pV6Z.gamess,gamess,gamess;gaussian;molpro;nwchem,gamess:413;gaussian:413;nwchem:413,ccECP,aug-cc-pV6Z,aug-cc-pV6Z-ccECP,-ccECP,Ga:aug-cc-pV6Z-ccECP,34,50,i,"7s,7p,6d,5f,4g,3h,2i","15s,15p,6d,5f,4g,3h,2i",source library name plus declared suffix '-ccECP',PASS,by_element/Ga/Ga.aug-cc-pV6Z.cfour
Ga,31,recipes/Ga/ccECP,Ga.aug-cc-pVDZ.gamess,gamess,gamess;gaussian;molpro;nwchem,gamess:237;gaussian:237;nwchem:237,ccECP,aug-cc-pVDZ,aug-cc-pVDZ-ccECP,-ccECP,Ga:aug-cc-pVDZ-ccECP,8,24,d,"3s,3p,2d","11s,11p,2d",source library name plus declared suffix '-ccECP',PASS,by_element/Ga/Ga.aug-cc-pVDZ.cfour
Ga,31,recipes/Ga/ccECP,Ga.aug-cc-pVQZ.gamess,gamess,gamess;gaussian;molpro;nwchem,gamess:311;gaussian:311;nwchem:311,ccECP,aug-cc-pVQZ,aug-cc-pVQZ-ccECP,-ccECP,Ga:aug-cc-pVQZ-ccECP,19,35,g,"5s,5p,4d,3f,2g","13s,13p,4d,3f,2g",source library name plus declared suffix '-ccECP',PASS,by_element/Ga/Ga.aug-cc-pVQZ.cfour
Ga,31,recipes/Ga/ccECP,Ga.aug-cc-pVTZ.gamess,gamess,gamess;gaussian;molpro;nwchem,gamess:269;gaussian:269;nwchem:269,ccECP,aug-cc-pVTZ,aug-cc-pVTZ-ccECP,-ccECP,Ga:aug-cc-pVTZ-ccECP,13,29,f,"4s,4p,3d,2f","12s,12p,3d,2f",source library name plus declared suffix '-ccECP',PASS,by_element/Ga/Ga.aug-cc-pVTZ.cfour
Ga,31,recipes/Ga/ccECP,Ga.cc-pV5Z.gamess,gamess,gamess;gaussian;molpro;nwchem,gamess:319;gaussian:319;nwchem:319,ccECP,cc-pV5Z,cc-pV5Z-ccECP,-ccECP,Ga:cc-pV5Z-ccECP,20,36,h,"5s,5p,4d,3f,2g,1h","13s,13p,4d,3f,2g,1h",source library name plus declared suffix '-ccECP',PASS,by_element/Ga/Ga.cc-pV5Z.cfour
Ga,31,recipes/Ga/ccECP,Ga.cc-pV6Z.gamess,gamess,gamess;gaussian;molpro;nwchem,gamess:371;gaussian:371;nwchem:371,ccECP,cc-pV6Z,cc-pV6Z-ccECP,-ccECP,Ga:cc-pV6Z-ccECP,27,43,i,"6s,6p,5d,4f,3g,2h,1i","14s,14p,5d,4f,3g,2h,1i",source library name plus declared suffix '-ccECP',PASS,by_element/Ga/Ga.cc-pV6Z.cfour
Ga,31,recipes/Ga/ccECP,Ga.cc-pVDZ.gamess,gamess,gamess;gaussian;molpro;nwchem,gamess:219;gaussian:219;nwchem:219,ccECP,cc-pVDZ,cc-pVDZ-ccECP,-ccECP,Ga:cc-pVDZ-ccECP,5,21,d,"2s,2p,1d","10s,10p,1d",source library name plus declared suffix '-ccECP',PASS,by_element/Ga/Ga.cc-pVDZ.cfour
Ga,31,recipes/Ga/ccECP,Ga.cc-pVQZ.gamess,gamess,gamess;gaussian;molpro;nwchem,gamess:280;gaussian:280;nwchem:280,ccECP,cc-pVQZ,cc-pVQZ-ccECP,-ccECP,Ga:cc-pVQZ-ccECP,14,30,g,"4s,4p,3d,2f,1g","12s,12p,3d,2f,1g",source library name plus declared suffix '-ccECP',PASS,by_element/Ga/Ga.cc-pVQZ.cfour
Ga,31,recipes/Ga/ccECP,Ga.cc-pVTZ.gamess,gamess,gamess;gaussian;molpro;nwchem,gamess:245;gaussian:245;nwchem:245,ccECP,cc-pVTZ,cc-pVTZ-ccECP,-ccECP,Ga:cc-pVTZ-ccECP,9,25,f,"3s,3p,2d,1f","11s,11p,2d,1f",source library name plus declared suffix '-ccECP',PASS,by_element/Ga/Ga.cc-pVTZ.cfour
Gd,64,recipes/Gd/ccECP,Gd.aug-cc-pCVDZ.gamess,gamess,dirac;gamess;gaussian;molpro;nwchem,gamess:1565;gaussian:1565;nwchem:1565,ccECP,aug-cc-pCVDZ,aug-cc-pCVDZ-ccECP,-ccECP,Gd:aug-cc-pCVDZ-ccECP,25,145,g,"6s,6p,5d,5f,3g","15s,15p,15d,15f,3g",source library name plus declared suffix '-ccECP',PASS,by_element/Gd/Gd.aug-cc-pCVDZ.cfour
Gd,64,recipes/Gd/ccECP,Gd.aug-cc-pCVQZ.gamess,gamess,dirac;gamess;gaussian;molpro;nwchem,gamess:2879;gaussian:2879;nwchem:2879,ccECP,aug-cc-pCVQZ,aug-cc-pCVQZ-ccECP,-ccECP,Gd:aug-cc-pCVQZ-ccECP,42,258,i,"8s,8p,7d,7f,5g,4h,3i","15s,15p,15d,15f,5g,4h,3i",source library name plus declared suffix '-ccECP',PASS,by_element/Gd/Gd.aug-cc-pCVQZ.cfour
Gd,64,recipes/Gd/ccECP,Gd.aug-cc-pCVTZ.gamess,gamess,dirac;gamess;gaussian;molpro;nwchem,gamess:2216;gaussian:2216;nwchem:2216,ccECP,aug-cc-pCVTZ,aug-cc-pCVTZ-ccECP,-ccECP,Gd:aug-cc-pCVTZ-ccECP,33,201,h,"7s,7p,6d,6f,4g,3h","15s,15p,15d,15f,4g,3h",source library name plus declared suffix '-ccECP',PASS,by_element/Gd/Gd.aug-cc-pCVTZ.cfour
Gd,64,recipes/Gd/ccECP,Gd.aug-cc-pVDZ.gamess,gamess,dirac;gamess;gaussian;molpro;nwchem,gamess:1525;gaussian:1525;nwchem:1525,ccECP,aug-cc-pVDZ,aug-cc-pVDZ-ccECP,-ccECP,Gd:aug-cc-pVDZ-ccECP,20,140,g,"5s,5p,4d,4f,2g","14s,14p,14d,14f,2g",source library name plus declared suffix '-ccECP',PASS,by_element/Gd/Gd.aug-cc-pVDZ.cfour
Gd,64,recipes/Gd/ccECP,Gd.aug-cc-pVQZ.gamess,gamess,dirac;gamess;gaussian;molpro;nwchem,gamess:2826;gaussian:2826;nwchem:2826,ccECP,aug-cc-pVQZ,aug-cc-pVQZ-ccECP,-ccECP,Gd:aug-cc-pVQZ-ccECP,35,251,i,"7s,7p,6d,6f,4g,3h,2i","14s,14p,14d,14f,4g,3h,2i",source library name plus declared suffix '-ccECP',PASS,by_element/Gd/Gd.aug-cc-pVQZ.cfour
Gd,64,recipes/Gd/ccECP,Gd.aug-cc-pVTZ.gamess,gamess,dirac;gamess;gaussian;molpro;nwchem,gamess:2171;gaussian:2171;nwchem:2171,ccECP,aug-cc-pVTZ,aug-cc-pVTZ-ccECP,-ccECP,Gd:aug-cc-pVTZ-ccECP,27,195,h,"6s,6p,5d,5f,3g,2h","14s,14p,14d,14f,3g,2h",source library name plus declared suffix '-ccECP',PASS,by_element/Gd/Gd.aug-cc-pVTZ.cfour
Gd,64,recipes/Gd/ccECP,Gd.cc-pCVDZ.gamess,gamess,dirac;gamess;gaussian;molpro;nwchem,gamess:1536;gaussian:1536;nwchem:1536,ccECP,cc-pCVDZ,cc-pCVDZ-ccECP,-ccECP,Gd:cc-pCVDZ-ccECP,20,140,g,"5s,5p,4d,4f,2g","14s,14p,14d,14f,2g",source library name plus declared suffix '-ccECP',PASS,by_element/Gd/Gd.cc-pCVDZ.cfour
Gd,64,recipes/Gd/ccECP,Gd.cc-pCVQZ.gamess,gamess,dirac;gamess;gaussian;molpro;nwchem,gamess:2837;gaussian:2837;nwchem:2837,ccECP,cc-pCVQZ,cc-pCVQZ-ccECP,-ccECP,Gd:cc-pCVQZ-ccECP,35,251,i,"7s,7p,6d,6f,4g,3h,2i","14s,14p,14d,14f,4g,3h,2i",source library name plus declared suffix '-ccECP',PASS,by_element/Gd/Gd.cc-pCVQZ.cfour
Gd,64,recipes/Gd/ccECP,Gd.cc-pCVTZ.gamess,gamess,dirac;gamess;gaussian;molpro;nwchem,gamess:2181;gaussian:2181;nwchem:2181,ccECP,cc-pCVTZ,cc-pCVTZ-ccECP,-ccECP,Gd:cc-pCVTZ-ccECP,27,195,h,"6s,6p,5d,5f,3g,2h","14s,14p,14d,14f,3g,2h",source library name plus declared suffix '-ccECP',PASS,by_element/Gd/Gd.cc-pCVTZ.cfour
Gd,64,recipes/Gd/ccECP,Gd.cc-pVDZ.gamess,gamess,dirac;gamess;gaussian;molpro;nwchem,gamess:1496;gaussian:1496;nwchem:1496,ccECP,cc-pVDZ,cc-pVDZ-ccECP,-ccECP,Gd:cc-pVDZ-ccECP,15,135,g,"4s,4p,3d,3f,1g","13s,13p,13d,13f,1g",source library name plus declared suffix '-ccECP',PASS,by_element/Gd/Gd.cc-pVDZ.cfour
Gd,64,recipes/Gd/ccECP,Gd.cc-pVQZ.gamess,gamess,dirac;gamess;gaussian;molpro;nwchem,gamess:2784;gaussian:2784;nwchem:2784,ccECP,cc-pVQZ,cc-pVQZ-ccECP,-ccECP,Gd:cc-pVQZ-ccECP,28,244,i,"6s,6p,5d,5f,3g,2h,1i","13s,13p,13d,13f,3g,2h,1i",source library name plus declared suffix '-ccECP',PASS,by_element/Gd/Gd.cc-pVQZ.cfour
Gd,64,recipes/Gd/ccECP,Gd.cc-pVTZ.gamess,gamess,dirac;gamess;gaussian;molpro;nwchem,gamess:2136;gaussian:2136;nwchem:2136,ccECP,cc-pVTZ,cc-pVTZ-ccECP,-ccECP,Gd:cc-pVTZ-ccECP,21,189,h,"5s,5p,4d,4f,2g,1h","13s,13p,13d,13f,2g,1h",source library name plus declared suffix '-ccECP',PASS,by_element/Gd/Gd.cc-pVTZ.cfour
Ge,32,recipes/Ge/ccECP,Ge.aug-cc-pV5Z.gamess,gamess,gamess;gaussian;molpro;nwchem,gamess:361;gaussian:361;nwchem:361,ccECP,aug-cc-pV5Z,aug-cc-pV5Z-ccECP,-ccECP,Ge:aug-cc-pV5Z-ccECP,26,42,h,"6s,6p,5d,4f,3g,2h","14s,14p,5d,4f,3g,2h",source library name plus declared suffix '-ccECP',PASS,by_element/Ge/Ge.aug-cc-pV5Z.cfour
Ge,32,recipes/Ge/ccECP,Ge.aug-cc-pV6Z.gamess,gamess,gamess;gaussian;molpro;nwchem,gamess:416;gaussian:416;nwchem:416,ccECP,aug-cc-pV6Z,aug-cc-pV6Z-ccECP,-ccECP,Ge:aug-cc-pV6Z-ccECP,34,50,i,"7s,7p,6d,5f,4g,3h,2i","15s,15p,6d,5f,4g,3h,2i",source library name plus declared suffix '-ccECP',PASS,by_element/Ge/Ge.aug-cc-pV6Z.cfour
Ge,32,recipes/Ge/ccECP,Ge.aug-cc-pVDZ.gamess,gamess,gamess;gaussian;molpro;nwchem,gamess:240;gaussian:240;nwchem:240,ccECP,aug-cc-pVDZ,aug-cc-pVDZ-ccECP,-ccECP,Ge:aug-cc-pVDZ-ccECP,8,24,d,"3s,3p,2d","11s,11p,2d",source library name plus declared suffix '-ccECP',PASS,by_element/Ge/Ge.aug-cc-pVDZ.cfour
Ge,32,recipes/Ge/ccECP,Ge.aug-cc-pVQZ.gamess,gamess,gamess;gaussian;molpro;nwchem,gamess:315;gaussian:315;nwchem:315,ccECP,aug-cc-pVQZ,aug-cc-pVQZ-ccECP,-ccECP,Ge:aug-cc-pVQZ-ccECP,19,35,g,"5s,5p,4d,3f,2g","13s,13p,4d,3f,2g",source library name plus declared suffix '-ccECP',PASS,by_element/Ge/Ge.aug-cc-pVQZ.cfour
Ge,32,recipes/Ge/ccECP,Ge.aug-cc-pVTZ.gamess,gamess,gamess;gaussian;molpro;nwchem,gamess:274;gaussian:274;nwchem:274,ccECP,aug-cc-pVTZ,aug-cc-pVTZ-ccECP,-ccECP,Ge:aug-cc-pVTZ-ccECP,13,29,f,"4s,4p,3d,2f","12s,12p,3d,2f",source library name plus declared suffix '-ccECP',PASS,by_element/Ge/Ge.aug-cc-pVTZ.cfour
Ge,32,recipes/Ge/ccECP,Ge.cc-pV5Z.gamess,gamess,gamess;gaussian;molpro;nwchem,gamess:324;gaussian:324;nwchem:324,ccECP,cc-pV5Z,cc-pV5Z-ccECP,-ccECP,Ge:cc-pV5Z-ccECP,20,36,h,"5s,5p,4d,3f,2g,1h","13s,13p,4d,3f,2g,1h",source library name plus declared suffix '-ccECP',PASS,by_element/Ge/Ge.cc-pV5Z.cfour
Ge,32,recipes/Ge/ccECP,Ge.cc-pV6Z.gamess,gamess,gamess;gaussian;molpro;nwchem,gamess:373;gaussian:373;nwchem:373,ccECP,cc-pV6Z,cc-pV6Z-ccECP,-ccECP,Ge:cc-pV6Z-ccECP,27,43,i,"6s,6p,5d,4f,3g,2h,1i","14s,14p,5d,4f,3g,2h,1i",source library name plus declared suffix '-ccECP',PASS,by_element/Ge/Ge.cc-pV6Z.cfour
Ge,32,recipes/Ge/ccECP,Ge.cc-pVDZ.gamess,gamess,gamess;gaussian;molpro;nwchem,gamess:222;gaussian:222;nwchem:222,ccECP,cc-pVDZ,cc-pVDZ-ccECP,-ccECP,Ge:cc-pVDZ-ccECP,5,21,d,"2s,2p,1d","10s,10p,1d",source library name plus declared suffix '-ccECP',PASS,by_element/Ge/Ge.cc-pVDZ.cfour
Ge,32,recipes/Ge/ccECP,Ge.cc-pVQZ.gamess,gamess,gamess;gaussian;molpro;nwchem,gamess:285;gaussian:285;nwchem:285,ccECP,cc-pVQZ,cc-pVQZ-ccECP,-ccECP,Ge:cc-pVQZ-ccECP,14,30,g,"4s,4p,3d,2f,1g","12s,12p,3d,2f,1g",source library name plus declared suffix '-ccECP',PASS,by_element/Ge/Ge.cc-pVQZ.cfour
Ge,32,recipes/Ge/ccECP,Ge.cc-pVTZ.gamess,gamess,gamess;gaussian;molpro;nwchem,gamess:250;gaussian:250;nwchem:250,ccECP,cc-pVTZ,cc-pVTZ-ccECP,-ccECP,Ge:cc-pVTZ-ccECP,9,25,f,"3s,3p,2d,1f","11s,11p,2d,1f",source library name plus declared suffix '-ccECP',PASS,by_element/Ge/Ge.cc-pVTZ.cfour
H,1,recipes/H/ccECP,H.aug-cc-pV5Z.gamess,gamess,gamess;gaussian;molpro;nwchem,gamess:240;gaussian:240;nwchem:240,ccECP,aug-cc-pV5Z,aug-cc-pV5Z-ccECP,-ccECP,H:aug-cc-pV5Z-ccECP,20,27,g,"6s,5p,4d,3f,2g","13s,5p,4d,3f,2g",source library name plus declared suffix '-ccECP',PASS,by_element/H/H.aug-cc-pV5Z.cfour
H,1,recipes/H/ccECP,H.aug-cc-pV6Z.gamess,gamess,gamess;gaussian;molpro;nwchem,gamess:291;gaussian:291;nwchem:291,ccECP,aug-cc-pV6Z,aug-cc-pV6Z-ccECP,-ccECP,H:aug-cc-pV6Z-ccECP,27,34,h,"7s,6p,5d,4f,3g,2h","14s,6p,5d,4f,3g,2h",source library name plus declared suffix '-ccECP',PASS,by_element/H/H.aug-cc-pV6Z.cfour
H,1,recipes/H/ccECP,H.aug-cc-pVDZ.gamess,gamess,gamess;gaussian;molpro;nwchem,gamess:129;gaussian:129;nwchem:129,ccECP,aug-cc-pVDZ,aug-cc-pVDZ-ccECP,-ccECP,H:aug-cc-pVDZ-ccECP,5,12,p,"3s,2p","10s,2p",source library name plus declared suffix '-ccECP',PASS,by_element/H/H.aug-cc-pVDZ.cfour
H,1,recipes/H/ccECP,H.aug-cc-pVQZ.gamess,gamess,gamess;gaussian;molpro;nwchem,gamess:194;gaussian:194;nwchem:194,ccECP,aug-cc-pVQZ,aug-cc-pVQZ-ccECP,-ccECP,H:aug-cc-pVQZ-ccECP,14,21,f,"5s,4p,3d,2f","12s,4p,3d,2f",source library name plus declared suffix '-ccECP',PASS,by_element/H/H.aug-cc-pVQZ.cfour
H,1,recipes/H/ccECP,H.aug-cc-pVTZ.gamess,gamess,gamess;gaussian;molpro;nwchem,gamess:160;gaussian:160;nwchem:160,ccECP,aug-cc-pVTZ,aug-cc-pVTZ-ccECP,-ccECP,H:aug-cc-pVTZ-ccECP,9,16,d,"4s,3p,2d","11s,3p,2d",source library name plus declared suffix '-ccECP',PASS,by_element/H/H.aug-cc-pVTZ.cfour
H,1,recipes/H/ccECP,H.cc-pV5Z.gamess,gamess,gamess;gaussian;molpro;nwchem,gamess:207;gaussian:207;nwchem:207,ccECP,cc-pV5Z,cc-pV5Z-ccECP,-ccECP,H:cc-pV5Z-ccECP,15,22,g,"5s,4p,3d,2f,1g","12s,4p,3d,2f,1g",source library name plus declared suffix '-ccECP',PASS,by_element/H/H.cc-pV5Z.cfour
H,1,recipes/H/ccECP,H.cc-pV6Z.gamess,gamess,gamess;gaussian;molpro;nwchem,gamess:252;gaussian:252;nwchem:252,ccECP,cc-pV6Z,cc-pV6Z-ccECP,-ccECP,H:cc-pV6Z-ccECP,21,28,h,"6s,5p,4d,3f,2g,1h","13s,5p,4d,3f,2g,1h",source library name plus declared suffix '-ccECP',PASS,by_element/H/H.cc-pV6Z.cfour
H,1,recipes/H/ccECP,H.cc-pVDZ.gamess,gamess,gamess;gaussian;molpro;nwchem,gamess:118;gaussian:118;nwchem:118,ccECP,cc-pVDZ,cc-pVDZ-ccECP,-ccECP,H:cc-pVDZ-ccECP,3,10,p,"2s,1p","9s,1p",source library name plus declared suffix '-ccECP',PASS,by_element/H/H.cc-pVDZ.cfour
H,1,recipes/H/ccECP,H.cc-pVQZ.gamess,gamess,gamess;gaussian;molpro;nwchem,gamess:168;gaussian:168;nwchem:168,ccECP,cc-pVQZ,cc-pVQZ-ccECP,-ccECP,H:cc-pVQZ-ccECP,10,17,f,"4s,3p,2d,1f","11s,3p,2d,1f",source library name plus declared suffix '-ccECP',PASS,by_element/H/H.cc-pVQZ.cfour
H,1,recipes/H/ccECP,H.cc-pVTZ.gamess,gamess,gamess;gaussian;molpro;nwchem,gamess:140;gaussian:140;nwchem:140,ccECP,cc-pVTZ,cc-pVTZ-ccECP,-ccECP,H:cc-pVTZ-ccECP,6,13,d,"3s,2p,1d","10s,2p,1d",source library name plus declared suffix '-ccECP',PASS,by_element/H/H.cc-pVTZ.cfour
He,2,recipes/He/ccECP,He.aug-cc-pV5Z.gamess,gamess,gamess;gaussian;molpro;nwchem,gamess:247;gaussian:247;nwchem:247,ccECP,aug-cc-pV5Z,aug-cc-pV5Z-ccECP,-ccECP,He:aug-cc-pV5Z-ccECP,20,27,g,"6s,5p,4d,3f,2g","13s,5p,4d,3f,2g",source library name plus declared suffix '-ccECP',PASS,by_element/He/He.aug-cc-pV5Z.cfour
He,2,recipes/He/ccECP,He.aug-cc-pV6Z.gamess,gamess,gamess;gaussian;molpro;nwchem,gamess:301;gaussian:301;nwchem:301,ccECP,aug-cc-pV6Z,aug-cc-pV6Z-ccECP,-ccECP,He:aug-cc-pV6Z-ccECP,27,34,h,"7s,6p,5d,4f,3g,2h","14s,6p,5d,4f,3g,2h",source library name plus declared suffix '-ccECP',PASS,by_element/He/He.aug-cc-pV6Z.cfour
He,2,recipes/He/ccECP,He.aug-cc-pVDZ.gamess,gamess,gamess;gaussian;molpro;nwchem,gamess:133;gaussian:133;nwchem:133,ccECP,aug-cc-pVDZ,aug-cc-pVDZ-ccECP,-ccECP,He:aug-cc-pVDZ-ccECP,5,12,p,"3s,2p","10s,2p",source library name plus declared suffix '-ccECP',PASS,by_element/He/He.aug-cc-pVDZ.cfour
He,2,recipes/He/ccECP,He.aug-cc-pVQZ.gamess,gamess,gamess;gaussian;molpro;nwchem,gamess:201;gaussian:201;nwchem:201,ccECP,aug-cc-pVQZ,aug-cc-pVQZ-ccECP,-ccECP,He:aug-cc-pVQZ-ccECP,14,21,f,"5s,4p,3d,2f","12s,4p,3d,2f",source library name plus declared suffix '-ccECP',PASS,by_element/He/He.aug-cc-pVQZ.cfour
He,2,recipes/He/ccECP,He.aug-cc-pVTZ.gamess,gamess,gamess;gaussian;molpro;nwchem,gamess:161;gaussian:161;nwchem:161,ccECP,aug-cc-pVTZ,aug-cc-pVTZ-ccECP,-ccECP,He:aug-cc-pVTZ-ccECP,9,16,d,"4s,3p,2d","11s,3p,2d",source library name plus declared suffix '-ccECP',PASS,by_element/He/He.aug-cc-pVTZ.cfour
He,2,recipes/He/ccECP,He.cc-pV5Z.gamess,gamess,gamess;gaussian;molpro;nwchem,gamess:213;gaussian:213;nwchem:213,ccECP,cc-pV5Z,cc-pV5Z-ccECP,-ccECP,He:cc-pV5Z-ccECP,15,22,g,"5s,4p,3d,2f,1g","12s,4p,3d,2f,1g",source library name plus declared suffix '-ccECP',PASS,by_element/He/He.cc-pV5Z.cfour
He,2,recipes/He/ccECP,He.cc-pV6Z.gamess,gamess,gamess;gaussian;molpro;nwchem,gamess:261;gaussian:261;nwchem:261,ccECP,cc-pV6Z,cc-pV6Z-ccECP,-ccECP,He:cc-pV6Z-ccECP,21,28,h,"6s,5p,4d,3f,2g,1h","13s,5p,4d,3f,2g,1h",source library name plus declared suffix '-ccECP',PASS,by_element/He/He.cc-pV6Z.cfour
He,2,recipes/He/ccECP,He.cc-pVDZ.gamess,gamess,gamess;gaussian;molpro;nwchem,gamess:119;gaussian:119;nwchem:119,ccECP,cc-pVDZ,cc-pVDZ-ccECP,-ccECP,He:cc-pVDZ-ccECP,3,10,p,"2s,1p","9s,1p",source library name plus declared suffix '-ccECP',PASS,by_element/He/He.cc-pVDZ.cfour
He,2,recipes/He/ccECP,He.cc-pVQZ.gamess,gamess,gamess;gaussian;molpro;nwchem,gamess:174;gaussian:174;nwchem:174,ccECP,cc-pVQZ,cc-pVQZ-ccECP,-ccECP,He:cc-pVQZ-ccECP,10,17,f,"4s,3p,2d,1f","11s,3p,2d,1f",source library name plus declared suffix '-ccECP',PASS,by_element/He/He.cc-pVQZ.cfour
He,2,recipes/He/ccECP,He.cc-pVTZ.gamess,gamess,gamess;gaussian;molpro;nwchem,gamess:142;gaussian:142;nwchem:142,ccECP,cc-pVTZ,cc-pVTZ-ccECP,-ccECP,He:cc-pVTZ-ccECP,6,13,d,"3s,2p,1d","10s,2p,1d",source library name plus declared suffix '-ccECP',PASS,by_element/He/He.cc-pVTZ.cfour
I,53,recipes/I/ccECP,I.aug-cc-pV5Z.gamess,gamess,dirac;gamess;gaussian;molpro;nwchem,gamess:396;gaussian:396;nwchem:396,ccECP,aug-cc-pV5Z,aug-cc-pV5Z-ccECP,-ccECP,I:aug-cc-pV5Z-ccECP,26,44,h,"6s,6p,5d,4f,3g,2h","15s,15p,5d,4f,3g,2h",source library name plus declared suffix '-ccECP',PASS,by_element/I/I.aug-cc-pV5Z.cfour
I,53,recipes/I/ccECP,I.aug-cc-pV6Z.gamess,gamess,dirac;gamess;gaussian;molpro;nwchem,gamess:455;gaussian:455;nwchem:455,ccECP,aug-cc-pV6Z,aug-cc-pV6Z-ccECP,-ccECP,I:aug-cc-pV6Z-ccECP,34,52,i,"7s,7p,6d,5f,4g,3h,2i","16s,16p,6d,5f,4g,3h,2i",source library name plus declared suffix '-ccECP',PASS,by_element/I/I.aug-cc-pV6Z.cfour
I,53,recipes/I/ccECP,I.aug-cc-pVDZ.gamess,gamess,dirac;gamess;gaussian;molpro;nwchem,gamess:270;gaussian:270;nwchem:270,ccECP,aug-cc-pVDZ,aug-cc-pVDZ-ccECP,-ccECP,I:aug-cc-pVDZ-ccECP,8,26,d,"3s,3p,2d","12s,12p,2d",source library name plus declared suffix '-ccECP',PASS,by_element/I/I.aug-cc-pVDZ.cfour
I,53,recipes/I/ccECP,I.aug-cc-pVQZ.gamess,gamess,dirac;gamess;gaussian;molpro;nwchem,gamess:348;gaussian:348;nwchem:348,ccECP,aug-cc-pVQZ,aug-cc-pVQZ-ccECP,-ccECP,I:aug-cc-pVQZ-ccECP,19,37,g,"5s,5p,4d,3f,2g","14s,14p,4d,3f,2g",source library name plus declared suffix '-ccECP',PASS,by_element/I/I.aug-cc-pVQZ.cfour
I,53,recipes/I/ccECP,I.aug-cc-pVTZ.gamess,gamess,dirac;gamess;gaussian;molpro;nwchem,gamess:306;gaussian:306;nwchem:306,ccECP,aug-cc-pVTZ,aug-cc-pVTZ-ccECP,-ccECP,I:aug-cc-pVTZ-ccECP,13,31,f,"4s,4p,3d,2f","13s,13p,3d,2f",source library name plus declared suffix '-ccECP',PASS,by_element/I/I.aug-cc-pVTZ.cfour
I,53,recipes/I/ccECP,I.cc-pV5Z.gamess,gamess,dirac;gamess;gaussian;molpro;nwchem,gamess:360;gaussian:360;nwchem:360,ccECP,cc-pV5Z,cc-pV5Z-ccECP,-ccECP,I:cc-pV5Z-ccECP,20,38,h,"5s,5p,4d,3f,2g,1h","14s,14p,4d,3f,2g,1h",source library name plus declared suffix '-ccECP',PASS,by_element/I/I.cc-pV5Z.cfour
I,53,recipes/I/ccECP,I.cc-pV6Z.gamess,gamess,dirac;gamess;gaussian;molpro;nwchem,gamess:411;gaussian:411;nwchem:411,ccECP,cc-pV6Z,cc-pV6Z-ccECP,-ccECP,I:cc-pV6Z-ccECP,27,45,i,"6s,6p,5d,4f,3g,2h,1i","15s,15p,5d,4f,3g,2h,1i",source library name plus declared suffix '-ccECP',PASS,by_element/I/I.cc-pV6Z.cfour
I,53,recipes/I/ccECP,I.cc-pVDZ.gamess,gamess,dirac;gamess;gaussian;molpro;nwchem,gamess:252;gaussian:252;nwchem:252,ccECP,cc-pVDZ,cc-pVDZ-ccECP,-ccECP,I:cc-pVDZ-ccECP,5,23,d,"2s,2p,1d","11s,11p,1d",source library name plus declared suffix '-ccECP',PASS,by_element/I/I.cc-pVDZ.cfour
I,53,recipes/I/ccECP,I.cc-pVQZ.gamess,gamess,dirac;gamess;gaussian;molpro;nwchem,gamess:316;gaussian:316;nwchem:316,ccECP,cc-pVQZ,cc-pVQZ-ccECP,-ccECP,I:cc-pVQZ-ccECP,14,32,g,"4s,4p,3d,2f,1g","13s,13p,3d,2f,1g",source library name plus declared suffix '-ccECP',PASS,by_element/I/I.cc-pVQZ.cfour
I,53,recipes/I/ccECP,I.cc-pVTZ.gamess,gamess,dirac;gamess;gaussian;molpro;nwchem,gamess:281;gaussian:281;nwchem:281,ccECP,cc-pVTZ,cc-pVTZ-ccECP,-ccECP,I:cc-pVTZ-ccECP,9,27,f,"3s,3p,2d,1f","12s,12p,2d,1f",source library name plus declared suffix '-ccECP',PASS,by_element/I/I.cc-pVTZ.cfour
Ir,77,recipes/Ir/ccECP,Ir.aug-cc-pCV5Z.gamess,gamess,dirac;gamess;gaussian;molpro;nwchem,gamess:2863;gaussian:2863;nwchem:2863,ccECP,aug-cc-pCV5Z,aug-cc-pCV5Z-ccECP,-ccECP,Ir:aug-cc-pCV5Z-ccECP,47,251,i,"10s,10p,9d,6f,5g,4h,3i","16s,16p,16d,6f,5g,4h,3i",source library name plus declared suffix '-ccECP',PASS,by_element/Ir/Ir.aug-cc-pCV5Z.cfour
Ir,77,recipes/Ir/ccECP,Ir.aug-cc-pCVDZ.gamess,gamess,dirac;gamess;gaussian;molpro;nwchem,gamess:1274;gaussian:1274;nwchem:1274,ccECP,aug-cc-pCVDZ,aug-cc-pCVDZ-ccECP,-ccECP,Ir:aug-cc-pCVDZ-ccECP,20,116,f,"6s,6p,5d,3f","15s,15p,15d,3f",source library name plus declared suffix '-ccECP',PASS,by_element/Ir/Ir.aug-cc-pCVDZ.cfour
Ir,77,recipes/Ir/ccECP,Ir.aug-cc-pCVQZ.gamess,gamess,dirac;gamess;gaussian;molpro;nwchem,gamess:2303;gaussian:2303;nwchem:2303,ccECP,aug-cc-pCVQZ,aug-cc-pCVQZ-ccECP,-ccECP,Ir:aug-cc-pCVQZ-ccECP,37,205,h,"8s,9p,8d,5f,4g,3h","15s,16p,16d,5f,4g,3h",source library name plus declared suffix '-ccECP',PASS,by_element/Ir/Ir.aug-cc-pCVQZ.cfour
Ir,77,recipes/Ir/ccECP,Ir.aug-cc-pCVTZ.gamess,gamess,dirac;gamess;gaussian;molpro;nwchem,gamess:1785;gaussian:1785;nwchem:1785,ccECP,aug-cc-pCVTZ,aug-cc-pCVTZ-ccECP,-ccECP,Ir:aug-cc-pCVTZ-ccECP,29,161,g,"7s,8p,7d,4f,3g","15s,16p,16d,4f,3g",source library name plus declared suffix '-ccECP',PASS,by_element/Ir/Ir.aug-cc-pCVTZ.cfour
Ir,77,recipes/Ir/ccECP,Ir.aug-cc-pV5Z.gamess,gamess,dirac;gamess;gaussian;molpro;nwchem,gamess:2785;gaussian:2785;nwchem:2785,ccECP,aug-cc-pV5Z,aug-cc-pV5Z-ccECP,-ccECP,Ir:aug-cc-pV5Z-ccECP,37,241,i,"8s,8p,7d,5f,4g,3h,2i","14s,14p,14d,5f,4g,3h,2i",source library name plus declared suffix '-ccECP',PASS,by_element/Ir/Ir.aug-cc-pV5Z.cfour
Ir,77,recipes/Ir/ccECP,Ir.aug-cc-pVDZ.gamess,gamess,dirac;gamess;gaussian;molpro;nwchem,gamess:1243;gaussian:1243;nwchem:1243,ccECP,aug-cc-pVDZ,aug-cc-pVDZ-ccECP,-ccECP,Ir:aug-cc-pVDZ-ccECP,16,112,f,"5s,5p,4d,2f","14s,14p,14d,2f",source library name plus declared suffix '-ccECP',PASS,by_element/Ir/Ir.aug-cc-pVDZ.cfour
Ir,77,recipes/Ir/ccECP,Ir.aug-cc-pVQZ.gamess,gamess,dirac;gamess;gaussian;molpro;nwchem,gamess:2243;gaussian:2243;nwchem:2243,ccECP,aug-cc-pVQZ,aug-cc-pVQZ-ccECP,-ccECP,Ir:aug-cc-pVQZ-ccECP,29,197,h,"7s,7p,6d,4f,3g,2h","14s,14p,14d,4f,3g,2h",source library name plus declared suffix '-ccECP',PASS,by_element/Ir/Ir.aug-cc-pVQZ.cfour
Ir,77,recipes/Ir/ccECP,Ir.aug-cc-pVTZ.gamess,gamess,dirac;gamess;gaussian;molpro;nwchem,gamess:1731;gaussian:1731;nwchem:1731,ccECP,aug-cc-pVTZ,aug-cc-pVTZ-ccECP,-ccECP,Ir:aug-cc-pVTZ-ccECP,22,154,g,"6s,6p,5d,3f,2g","14s,14p,14d,3f,2g",source library name plus declared suffix '-ccECP',PASS,by_element/Ir/Ir.aug-cc-pVTZ.cfour
Ir,77,recipes/Ir/ccECP,Ir.cc-pCV5Z.gamess,gamess,dirac;gamess;gaussian;molpro;nwchem,gamess:2819;gaussian:2819;nwchem:2819,ccECP,cc-pCV5Z,cc-pCV5Z-ccECP,-ccECP,Ir:cc-pCV5Z-ccECP,40,244,i,"9s,9p,8d,5f,4g,3h,2i","15s,15p,15d,5f,4g,3h,2i",source library name plus declared suffix '-ccECP',PASS,by_element/Ir/Ir.cc-pCV5Z.cfour
Ir,77,recipes/Ir/ccECP,Ir.cc-pCVDZ.gamess,gamess,dirac;gamess;gaussian;molpro;nwchem,gamess:1250;gaussian:1250;nwchem:1250,ccECP,cc-pCVDZ,cc-pCVDZ-ccECP,-ccECP,Ir:cc-pCVDZ-ccECP,16,112,f,"5s,5p,4d,2f","14s,14p,14d,2f",source library name plus declared suffix '-ccECP',PASS,by_element/Ir/Ir.cc-pCVDZ.cfour
Ir,77,recipes/Ir/ccECP,Ir.cc-pCVQZ.gamess,gamess,dirac;gamess;gaussian;molpro;nwchem,gamess:2267;gaussian:2267;nwchem:2267,ccECP,cc-pCVQZ,cc-pCVQZ-ccECP,-ccECP,Ir:cc-pCVQZ-ccECP,31,199,h,"7s,8p,7d,4f,3g,2h","14s,15p,15d,4f,3g,2h",source library name plus declared suffix '-ccECP',PASS,by_element/Ir/Ir.cc-pCVQZ.cfour
Ir,77,recipes/Ir/ccECP,Ir.cc-pCVTZ.gamess,gamess,dirac;gamess;gaussian;molpro;nwchem,gamess:1754;gaussian:1754;nwchem:1754,ccECP,cc-pCVTZ,cc-pCVTZ-ccECP,-ccECP,Ir:cc-pCVTZ-ccECP,24,156,g,"6s,7p,6d,3f,2g","14s,15p,15d,3f,2g",source library name plus declared suffix '-ccECP',PASS,by_element/Ir/Ir.cc-pCVTZ.cfour
Ir,77,recipes/Ir/ccECP,Ir.cc-pV5Z.gamess,gamess,dirac;gamess;gaussian;molpro;nwchem,gamess:2741;gaussian:2741;nwchem:2741,ccECP,cc-pV5Z,cc-pV5Z-ccECP,-ccECP,Ir:cc-pV5Z-ccECP,30,234,i,"7s,7p,6d,4f,3g,2h,1i","13s,13p,13d,4f,3g,2h,1i",source library name plus declared suffix '-ccECP',PASS,by_element/Ir/Ir.cc-pV5Z.cfour
Ir,77,recipes/Ir/ccECP,Ir.cc-pVDZ.gamess,gamess,dirac;gamess;gaussian;molpro;nwchem,gamess:1219;gaussian:1219;nwchem:1219,ccECP,cc-pVDZ,cc-pVDZ-ccECP,-ccECP,Ir:cc-pVDZ-ccECP,12,108,f,"4s,4p,3d,1f","13s,13p,13d,1f",source library name plus declared suffix '-ccECP',PASS,by_element/Ir/Ir.cc-pVDZ.cfour
Ir,77,recipes/Ir/ccECP,Ir.cc-pVQZ.gamess,gamess,dirac;gamess;gaussian;molpro;nwchem,gamess:2207;gaussian:2207;nwchem:2207,ccECP,cc-pVQZ,cc-pVQZ-ccECP,-ccECP,Ir:cc-pVQZ-ccECP,23,191,h,"6s,6p,5d,3f,2g,1h","13s,13p,13d,3f,2g,1h",source library name plus declared suffix '-ccECP',PASS,by_element/Ir/Ir.cc-pVQZ.cfour
Ir,77,recipes/Ir/ccECP,Ir.cc-pVTZ.gamess,gamess,dirac;gamess;gaussian;molpro;nwchem,gamess:1700;gaussian:1700;nwchem:1700,ccECP,cc-pVTZ,cc-pVTZ-ccECP,-ccECP,Ir:cc-pVTZ-ccECP,17,149,g,"5s,5p,4d,2f,1g","13s,13p,13d,2f,1g",source library name plus declared suffix '-ccECP',PASS,by_element/Ir/Ir.cc-pVTZ.cfour
K,19,recipes/K/ccECP,K.aug-cc-pCV5Z.gamess,gamess,gamess;gaussian;molpro;nwchem,gamess:1026;gaussian:1026;nwchem:1026,ccECP,aug-cc-pCV5Z,aug-cc-pCV5Z-ccECP,-ccECP,K:aug-cc-pCV5Z-ccECP,51,107,h,"13s,13p,10d,7f,5g,3h","24s,23p,20d,7f,5g,3h",source library name plus declared suffix '-ccECP',PASS,by_element/K/K.aug-cc-pCV5Z.cfour
K,19,recipes/K/ccECP,K.aug-cc-pCV6Z.gamess,gamess,gamess;gaussian;molpro;nwchem,gamess:1135;gaussian:1135;nwchem:1135,ccECP,aug-cc-pCV6Z,aug-cc-pCV6Z-ccECP,-ccECP,K:aug-cc-pCV6Z-ccECP,66,122,i,"15s,15p,12d,9f,7g,5h,3i","26s,25p,22d,9f,7g,5h,3i",source library name plus declared suffix '-ccECP',PASS,by_element/K/K.aug-cc-pCV6Z.cfour
K,19,recipes/K/ccECP,K.aug-cc-pCVDZ.gamess,gamess,gamess;gaussian;molpro;nwchem,gamess:793;gaussian:793;nwchem:793,ccECP,aug-cc-pCVDZ,aug-cc-pCVDZ-ccECP,-ccECP,K:aug-cc-pCVDZ-ccECP,18,74,d,"7s,7p,4d","18s,17p,14d",source library name plus declared suffix '-ccECP',PASS,by_element/K/K.aug-cc-pCVDZ.cfour
K,19,recipes/K/ccECP,K.aug-cc-pCVQZ.gamess,gamess,gamess;gaussian;molpro;nwchem,gamess:931;gaussian:931;nwchem:931,ccECP,aug-cc-pCVQZ,aug-cc-pCVQZ-ccECP,-ccECP,K:aug-cc-pCVQZ-ccECP,38,94,g,"11s,11p,8d,5f,3g","22s,21p,18d,5f,3g",source library name plus declared suffix '-ccECP',PASS,by_element/K/K.aug-cc-pCVQZ.cfour
K,19,recipes/K/ccECP,K.aug-cc-pCVTZ.gamess,gamess,gamess;gaussian;molpro;nwchem,gamess:855;gaussian:855;nwchem:855,ccECP,aug-cc-pCVTZ,aug-cc-pCVTZ-ccECP,-ccECP,K:aug-cc-pCVTZ-ccECP,27,83,f,"9s,9p,6d,3f","20s,19p,16d,3f",source library name plus declared suffix '-ccECP',PASS,by_element/K/K.aug-cc-pCVTZ.cfour
K,19,recipes/K/ccECP,K.aug-cc-pV5Z.gamess,gamess,gamess;gaussian;molpro;nwchem,gamess:874;gaussian:874;nwchem:874,ccECP,aug-cc-pV5Z,aug-cc-pV5Z-ccECP,-ccECP,K:aug-cc-pV5Z-ccECP,31,87,h,"8s,8p,6d,4f,3g,2h","19s,18p,16d,4f,3g,2h",source library name plus declared suffix '-ccECP',PASS,by_element/K/K.aug-cc-pV5Z.cfour
K,19,recipes/K/ccECP,K.aug-cc-pV6Z.gamess,gamess,gamess;gaussian;molpro;nwchem,gamess:926;gaussian:926;nwchem:926,ccECP,aug-cc-pV6Z,aug-cc-pV6Z-ccECP,-ccECP,K:aug-cc-pV6Z-ccECP,39,95,i,"9s,9p,7d,5f,4g,3h,2i","20s,19p,17d,5f,4g,3h,2i",source library name plus declared suffix '-ccECP',PASS,by_element/K/K.aug-cc-pV6Z.cfour
K,19,recipes/K/ccECP,K.aug-cc-pVDZ.gamess,gamess,gamess;gaussian;molpro;nwchem,gamess:758;gaussian:758;nwchem:758,ccECP,aug-cc-pVDZ,aug-cc-pVDZ-ccECP,-ccECP,K:aug-cc-pVDZ-ccECP,13,69,d,"5s,5p,3d","16s,15p,13d",source library name plus declared suffix '-ccECP',PASS,by_element/K/K.aug-cc-pVDZ.cfour
K,19,recipes/K/ccECP,K.aug-cc-pVQZ.gamess,gamess,gamess;gaussian;molpro;nwchem,gamess:825;gaussian:825;nwchem:825,ccECP,aug-cc-pVQZ,aug-cc-pVQZ-ccECP,-ccECP,K:aug-cc-pVQZ-ccECP,24,80,g,"7s,7p,5d,3f,2g","18s,17p,15d,3f,2g",source library name plus declared suffix '-ccECP',PASS,by_element/K/K.aug-cc-pVQZ.cfour
K,19,recipes/K/ccECP,K.aug-cc-pVTZ.gamess,gamess,gamess;gaussian;molpro;nwchem,gamess:789;gaussian:789;nwchem:789,ccECP,aug-cc-pVTZ,aug-cc-pVTZ-ccECP,-ccECP,K:aug-cc-pVTZ-ccECP,18,74,f,"6s,6p,4d,2f","17s,16p,14d,2f",source library name plus declared suffix '-ccECP',PASS,by_element/K/K.aug-cc-pVTZ.cfour
K,19,recipes/K/ccECP,K.cc-pCV5Z.gamess,gamess,gamess;gaussian;molpro;nwchem,gamess:994;gaussian:994;nwchem:994,ccECP,cc-pCV5Z,cc-pCV5Z-ccECP,-ccECP,K:cc-pCV5Z-ccECP,45,101,h,"12s,12p,9d,6f,4g,2h","23s,22p,19d,6f,4g,2h",source library name plus declared suffix '-ccECP',PASS,by_element/K/K.cc-pCV5Z.cfour
K,19,recipes/K/ccECP,K.cc-pCV6Z.gamess,gamess,gamess;gaussian;molpro;nwchem,gamess:1096;gaussian:1096;nwchem:1096,ccECP,cc-pCV6Z,cc-pCV6Z-ccECP,-ccECP,K:cc-pCV6Z-ccECP,59,115,i,"14s,14p,11d,8f,6g,4h,2i","25s,24p,21d,8f,6g,4h,2i",source library name plus declared suffix '-ccECP',PASS,by_element/K/K.cc-pCV6Z.cfour
K,19,recipes/K/ccECP,K.cc-pCVDZ.gamess,gamess,gamess;gaussian;molpro;nwchem,gamess:779;gaussian:779;nwchem:779,ccECP,cc-pCVDZ,cc-pCVDZ-ccECP,-ccECP,K:cc-pCVDZ-ccECP,15,71,d,"6s,6p,3d","17s,16p,13d",source library name plus declared suffix '-ccECP',PASS,by_element/K/K.cc-pCVDZ.cfour
K,19,recipes/K/ccECP,K.cc-pCVQZ.gamess,gamess,gamess;gaussian;molpro;nwchem,gamess:905;gaussian:905;nwchem:905,ccECP,cc-pCVQZ,cc-pCVQZ-ccECP,-ccECP,K:cc-pCVQZ-ccECP,33,89,g,"10s,10p,7d,4f,2g","21s,20p,17d,4f,2g",source library name plus declared suffix '-ccECP',PASS,by_element/K/K.cc-pCVQZ.cfour
K,19,recipes/K/ccECP,K.cc-pCVTZ.gamess,gamess,gamess;gaussian;molpro;nwchem,gamess:835;gaussian:835;nwchem:835,ccECP,cc-pCVTZ,cc-pCVTZ-ccECP,-ccECP,K:cc-pCVTZ-ccECP,23,79,f,"8s,8p,5d,2f","19s,18p,15d,2f",source library name plus declared suffix '-ccECP',PASS,by_element/K/K.cc-pCVTZ.cfour
K,19,recipes/K/ccECP,K.cc-pV5Z.gamess,gamess,gamess;gaussian;molpro;nwchem,gamess:842;gaussian:842;nwchem:842,ccECP,cc-pV5Z,cc-pV5Z-ccECP,-ccECP,K:cc-pV5Z-ccECP,25,81,h,"7s,7p,5d,3f,2g,1h","18s,17p,15d,3f,2g,1h",source library name plus declared suffix '-ccECP',PASS,by_element/K/K.cc-pV5Z.cfour
K,19,recipes/K/ccECP,K.cc-pV6Z.gamess,gamess,gamess;gaussian;molpro;nwchem,gamess:887;gaussian:887;nwchem:887,ccECP,cc-pV6Z,cc-pV6Z-ccECP,-ccECP,K:cc-pV6Z-ccECP,32,88,i,"8s,8p,6d,4f,3g,2h,1i","19s,18p,16d,4f,3g,2h,1i",source library name plus declared suffix '-ccECP',PASS,by_element/K/K.cc-pV6Z.cfour
K,19,recipes/K/ccECP,K.cc-pVDZ.gamess,gamess,gamess;gaussian;molpro;nwchem,gamess:744;gaussian:744;nwchem:744,ccECP,cc-pVDZ,cc-pVDZ-ccECP,-ccECP,K:cc-pVDZ-ccECP,10,66,d,"4s,4p,2d","15s,14p,12d",source library name plus declared suffix '-ccECP',PASS,by_element/K/K.cc-pVDZ.cfour
K,19,recipes/K/ccECP,K.cc-pVQZ.gamess,gamess,gamess;gaussian;molpro;nwchem,gamess:799;gaussian:799;nwchem:799,ccECP,cc-pVQZ,cc-pVQZ-ccECP,-ccECP,K:cc-pVQZ-ccECP,19,75,g,"6s,6p,4d,2f,1g","17s,16p,14d,2f,1g",source library name plus declared suffix '-ccECP',PASS,by_element/K/K.cc-pVQZ.cfour
K,19,recipes/K/ccECP,K.cc-pVTZ.gamess,gamess,gamess;gaussian;molpro;nwchem,gamess:769;gaussian:769;nwchem:769,ccECP,cc-pVTZ,cc-pVTZ-ccECP,-ccECP,K:cc-pVTZ-ccECP,14,70,f,"5s,5p,3d,1f","16s,15p,13d,1f",source library name plus declared suffix '-ccECP',PASS,by_element/K/K.cc-pVTZ.cfour
Kr,36,recipes/Kr/ccECP,Kr.aug-cc-pV5Z.gamess,gamess,gamess;gaussian;molpro;nwchem,gamess:380;gaussian:380;nwchem:380,ccECP,aug-cc-pV5Z,aug-cc-pV5Z-ccECP,-ccECP,Kr:aug-cc-pV5Z-ccECP,26,42,h,"6s,6p,5d,4f,3g,2h","14s,14p,5d,4f,3g,2h",source library name plus declared suffix '-ccECP',PASS,by_element/Kr/Kr.aug-cc-pV5Z.cfour
Kr,36,recipes/Kr/ccECP,Kr.aug-cc-pV6Z.gamess,gamess,gamess;gaussian;molpro;nwchem,gamess:441;gaussian:441;nwchem:441,ccECP,aug-cc-pV6Z,aug-cc-pV6Z-ccECP,-ccECP,Kr:aug-cc-pV6Z-ccECP,34,50,i,"7s,7p,6d,5f,4g,3h,2i","15s,15p,6d,5f,4g,3h,2i",source library name plus declared suffix '-ccECP',PASS,by_element/Kr/Kr.aug-cc-pV6Z.cfour
Kr,36,recipes/Kr/ccECP,Kr.aug-cc-pVDZ.gamess,gamess,gamess;gaussian;molpro;nwchem,gamess:253;gaussian:253;nwchem:253,ccECP,aug-cc-pVDZ,aug-cc-pVDZ-ccECP,-ccECP,Kr:aug-cc-pVDZ-ccECP,8,24,d,"3s,3p,2d","11s,11p,2d",source library name plus declared suffix '-ccECP',PASS,by_element/Kr/Kr.aug-cc-pVDZ.cfour
Kr,36,recipes/Kr/ccECP,Kr.aug-cc-pVQZ.gamess,gamess,gamess;gaussian;molpro;nwchem,gamess:329;gaussian:329;nwchem:329,ccECP,aug-cc-pVQZ,aug-cc-pVQZ-ccECP,-ccECP,Kr:aug-cc-pVQZ-ccECP,19,35,g,"5s,5p,4d,3f,2g","13s,13p,4d,3f,2g",source library name plus declared suffix '-ccECP',PASS,by_element/Kr/Kr.aug-cc-pVQZ.cfour
Kr,36,recipes/Kr/ccECP,Kr.aug-cc-pVTZ.gamess,gamess,gamess;gaussian;molpro;nwchem,gamess:288;gaussian:288;nwchem:288,ccECP,aug-cc-pVTZ,aug-cc-pVTZ-ccECP,-ccECP,Kr:aug-cc-pVTZ-ccECP,13,29,f,"4s,4p,3d,2f","12s,12p,3d,2f",source library name plus declared suffix '-ccECP',PASS,by_element/Kr/Kr.aug-cc-pVTZ.cfour
Kr,36,recipes/Kr/ccECP,Kr.cc-pV5Z.gamess,gamess,gamess;gaussian;molpro;nwchem,gamess:341;gaussian:341;nwchem:341,ccECP,cc-pV5Z,cc-pV5Z-ccECP,-ccECP,Kr:cc-pV5Z-ccECP,20,36,h,"5s,5p,4d,3f,2g,1h","13s,13p,4d,3f,2g,1h",source library name plus declared suffix '-ccECP',PASS,by_element/Kr/Kr.cc-pV5Z.cfour
Kr,36,recipes/Kr/ccECP,Kr.cc-pV6Z.gamess,gamess,gamess;gaussian;molpro;nwchem,gamess:396;gaussian:396;nwchem:396,ccECP,cc-pV6Z,cc-pV6Z-ccECP,-ccECP,Kr:cc-pV6Z-ccECP,27,43,i,"6s,6p,5d,4f,3g,2h,1i","14s,14p,5d,4f,3g,2h,1i",source library name plus declared suffix '-ccECP',PASS,by_element/Kr/Kr.cc-pV6Z.cfour
Kr,36,recipes/Kr/ccECP,Kr.cc-pVDZ.gamess,gamess,gamess;gaussian;molpro;nwchem,gamess:233;gaussian:233;nwchem:233,ccECP,cc-pVDZ,cc-pVDZ-ccECP,-ccECP,Kr:cc-pVDZ-ccECP,5,21,d,"2s,2p,1d","10s,10p,1d",source library name plus declared suffix '-ccECP',PASS,by_element/Kr/Kr.cc-pVDZ.cfour
Kr,36,recipes/Kr/ccECP,Kr.cc-pVQZ.gamess,gamess,gamess;gaussian;molpro;nwchem,gamess:298;gaussian:298;nwchem:298,ccECP,cc-pVQZ,cc-pVQZ-ccECP,-ccECP,Kr:cc-pVQZ-ccECP,14,30,g,"4s,4p,3d,2f,1g","12s,12p,3d,2f,1g",source library name plus declared suffix '-ccECP',PASS,by_element/Kr/Kr.cc-pVQZ.cfour
Kr,36,recipes/Kr/ccECP,Kr.cc-pVTZ.gamess,gamess,gamess;gaussian;molpro;nwchem,gamess:261;gaussian:261;nwchem:261,ccECP,cc-pVTZ,cc-pVTZ-ccECP,-ccECP,Kr:cc-pVTZ-ccECP,9,25,f,"3s,3p,2d,1f","11s,11p,2d,1f",source library name plus declared suffix '-ccECP',PASS,by_element/Kr/Kr.cc-pVTZ.cfour
La,57,recipes/La/ccECP,La.aug-cc-pCVDZ.gamess,gamess,dirac;gamess;gaussian;molpro;nwchem,gamess:1603;gaussian:1603;nwchem:1603,ccECP,aug-cc-pCVDZ,aug-cc-pCVDZ-ccECP,-ccECP,La:aug-cc-pCVDZ-ccECP,25,145,g,"6s,6p,5d,5f,3g","15s,15p,15d,15f,3g",source library name plus declared suffix '-ccECP',PASS,by_element/La/La.aug-cc-pCVDZ.cfour
La,57,recipes/La/ccECP,La.aug-cc-pCVQZ.gamess,gamess,dirac;gamess;gaussian;molpro;nwchem,gamess:2963;gaussian:2963;nwchem:2963,ccECP,aug-cc-pCVQZ,aug-cc-pCVQZ-ccECP,-ccECP,La:aug-cc-pCVQZ-ccECP,42,258,i,"8s,8p,7d,7f,5g,4h,3i","15s,15p,15d,15f,5g,4h,3i",source library name plus declared suffix '-ccECP',PASS,by_element/La/La.aug-cc-pCVQZ.cfour
La,57,recipes/La/ccECP,La.aug-cc-pCVTZ.gamess,gamess,dirac;gamess;gaussian;molpro;nwchem,gamess:2260;gaussian:2260;nwchem:2260,ccECP,aug-cc-pCVTZ,aug-cc-pCVTZ-ccECP,-ccECP,La:aug-cc-pCVTZ-ccECP,33,201,h,"7s,7p,6d,6f,4g,3h","15s,15p,15d,15f,4g,3h",source library name plus declared suffix '-ccECP',PASS,by_element/La/La.aug-cc-pCVTZ.cfour
La,57,recipes/La/ccECP,La.aug-cc-pVDZ.gamess,gamess,dirac;gamess;gaussian;molpro;nwchem,gamess:1566;gaussian:1566;nwchem:1566,ccECP,aug-cc-pVDZ,aug-cc-pVDZ-ccECP,-ccECP,La:aug-cc-pVDZ-ccECP,20,140,g,"5s,5p,4d,4f,2g","14s,14p,14d,14f,2g",source library name plus declared suffix '-ccECP',PASS,by_element/La/La.aug-cc-pVDZ.cfour
La,57,recipes/La/ccECP,La.aug-cc-pVQZ.gamess,gamess,dirac;gamess;gaussian;molpro;nwchem,gamess:2912;gaussian:2912;nwchem:2912,ccECP,aug-cc-pVQZ,aug-cc-pVQZ-ccECP,-ccECP,La:aug-cc-pVQZ-ccECP,35,251,i,"7s,7p,6d,6f,4g,3h,2i","14s,14p,14d,14f,4g,3h,2i",source library name plus declared suffix '-ccECP',PASS,by_element/La/La.aug-cc-pVQZ.cfour
La,57,recipes/La/ccECP,La.aug-cc-pVTZ.gamess,gamess,dirac;gamess;gaussian;molpro;nwchem,gamess:2214;gaussian:2214;nwchem:2214,ccECP,aug-cc-pVTZ,aug-cc-pVTZ-ccECP,-ccECP,La:aug-cc-pVTZ-ccECP,27,195,h,"6s,6p,5d,5f,3g,2h","14s,14p,14d,14f,3g,2h",source library name plus declared suffix '-ccECP',PASS,by_element/La/La.aug-cc-pVTZ.cfour
La,57,recipes/La/ccECP,La.cc-pCVDZ.gamess,gamess,dirac;gamess;gaussian;molpro;nwchem,gamess:1573;gaussian:1573;nwchem:1573,ccECP,cc-pCVDZ,cc-pCVDZ-ccECP,-ccECP,La:cc-pCVDZ-ccECP,20,140,g,"5s,5p,4d,4f,2g","14s,14p,14d,14f,2g",source library name plus declared suffix '-ccECP',PASS,by_element/La/La.cc-pCVDZ.cfour
La,57,recipes/La/ccECP,La.cc-pCVQZ.gamess,gamess,dirac;gamess;gaussian;molpro;nwchem,gamess:2918;gaussian:2918;nwchem:2918,ccECP,cc-pCVQZ,cc-pCVQZ-ccECP,-ccECP,La:cc-pCVQZ-ccECP,35,251,i,"7s,7p,6d,6f,4g,3h,2i","14s,14p,14d,14f,4g,3h,2i",source library name plus declared suffix '-ccECP',PASS,by_element/La/La.cc-pCVQZ.cfour
La,57,recipes/La/ccECP,La.cc-pCVTZ.gamess,gamess,dirac;gamess;gaussian;molpro;nwchem,gamess:2223;gaussian:2223;nwchem:2223,ccECP,cc-pCVTZ,cc-pCVTZ-ccECP,-ccECP,La:cc-pCVTZ-ccECP,27,195,h,"6s,6p,5d,5f,3g,2h","14s,14p,14d,14f,3g,2h",source library name plus declared suffix '-ccECP',PASS,by_element/La/La.cc-pCVTZ.cfour
La,57,recipes/La/ccECP,La.cc-pVDZ.gamess,gamess,dirac;gamess;gaussian;molpro;nwchem,gamess:1536;gaussian:1536;nwchem:1536,ccECP,cc-pVDZ,cc-pVDZ-ccECP,-ccECP,La:cc-pVDZ-ccECP,15,135,g,"4s,4p,3d,3f,1g","13s,13p,13d,13f,1g",source library name plus declared suffix '-ccECP',PASS,by_element/La/La.cc-pVDZ.cfour
La,57,recipes/La/ccECP,La.cc-pVQZ.gamess,gamess,dirac;gamess;gaussian;molpro;nwchem,gamess:2867;gaussian:2867;nwchem:2867,ccECP,cc-pVQZ,cc-pVQZ-ccECP,-ccECP,La:cc-pVQZ-ccECP,28,244,i,"6s,6p,5d,5f,3g,2h,1i","13s,13p,13d,13f,3g,2h,1i",source library name plus declared suffix '-ccECP',PASS,by_element/La/La.cc-pVQZ.cfour
La,57,recipes/La/ccECP,La.cc-pVTZ.gamess,gamess,dirac;gamess;gaussian;molpro;nwchem,gamess:2177;gaussian:2177;nwchem:2177,ccECP,cc-pVTZ,cc-pVTZ-ccECP,-ccECP,La:cc-pVTZ-ccECP,21,189,h,"5s,5p,4d,4f,2g,1h","13s,13p,13d,13f,2g,1h",source library name plus declared suffix '-ccECP',PASS,by_element/La/La.cc-pVTZ.cfour
Li,3,recipes/Li/ccECP,Li.aug-cc-pV5Z.gamess,gamess,gamess;gaussian;molpro;nwchem,gamess:378;gaussian:378;nwchem:378,ccECP,aug-cc-pV5Z,aug-cc-pV5Z-ccECP,-ccECP,Li:aug-cc-pV5Z-ccECP,24,42,g,"6s,6p,5d,4f,3g","15s,15p,5d,4f,3g",source library name plus declared suffix '-ccECP',PASS,by_element/Li/Li.aug-cc-pV5Z.cfour
Li,3,recipes/Li/ccECP,Li.aug-cc-pVDZ.gamess,gamess,gamess;gaussian;molpro;nwchem,gamess:270;gaussian:270;nwchem:270,ccECP,aug-cc-pVDZ,aug-cc-pVDZ-ccECP,-ccECP,Li:aug-cc-pVDZ-ccECP,8,26,d,"3s,3p,2d","12s,12p,2d",source library name plus declared suffix '-ccECP',PASS,by_element/Li/Li.aug-cc-pVDZ.cfour
Li,3,recipes/Li/ccECP,Li.aug-cc-pVQZ.gamess,gamess,gamess;gaussian;molpro;nwchem,gamess:337;gaussian:337;nwchem:337,ccECP,aug-cc-pVQZ,aug-cc-pVQZ-ccECP,-ccECP,Li:aug-cc-pVQZ-ccECP,19,37,g,"5s,5p,4d,3f,2g","14s,14p,4d,3f,2g",source library name plus declared suffix '-ccECP',PASS,by_element/Li/Li.aug-cc-pVQZ.cfour
Li,3,recipes/Li/ccECP,Li.aug-cc-pVTZ.gamess,gamess,gamess;gaussian;molpro;nwchem,gamess:301;gaussian:301;nwchem:301,ccECP,aug-cc-pVTZ,aug-cc-pVTZ-ccECP,-ccECP,Li:aug-cc-pVTZ-ccECP,13,31,f,"4s,4p,3d,2f","13s,13p,3d,2f",source library name plus declared suffix '-ccECP',PASS,by_element/Li/Li.aug-cc-pVTZ.cfour
Li,3,recipes/Li/ccECP,Li.cc-pV5Z.gamess,gamess,gamess;gaussian;molpro;nwchem,gamess:347;gaussian:347;nwchem:347,ccECP,cc-pV5Z,cc-pV5Z-ccECP,-ccECP,Li:cc-pV5Z-ccECP,19,37,g,"5s,5p,4d,3f,2g","14s,14p,4d,3f,2g",source library name plus declared suffix '-ccECP',PASS,by_element/Li/Li.cc-pV5Z.cfour
Li,3,recipes/Li/ccECP,Li.cc-pVDZ.gamess,gamess,gamess;gaussian;molpro;nwchem,gamess:252;gaussian:252;nwchem:252,ccECP,cc-pVDZ,cc-pVDZ-ccECP,-ccECP,Li:cc-pVDZ-ccECP,5,23,d,"2s,2p,1d","11s,11p,1d",source library name plus declared suffix '-ccECP',PASS,by_element/Li/Li.cc-pVDZ.cfour
Li,3,recipes/Li/ccECP,Li.cc-pVQZ.gamess,gamess,gamess;gaussian;molpro;nwchem,gamess:308;gaussian:308;nwchem:308,ccECP,cc-pVQZ,cc-pVQZ-ccECP,-ccECP,Li:cc-pVQZ-ccECP,14,32,g,"4s,4p,3d,2f,1g","13s,13p,3d,2f,1g",source library name plus declared suffix '-ccECP',PASS,by_element/Li/Li.cc-pVQZ.cfour
Li,3,recipes/Li/ccECP,Li.cc-pVTZ.gamess,gamess,gamess;gaussian;molpro;nwchem,gamess:277;gaussian:277;nwchem:277,ccECP,cc-pVTZ,cc-pVTZ-ccECP,-ccECP,Li:cc-pVTZ-ccECP,9,27,f,"3s,3p,2d,1f","12s,12p,2d,1f",source library name plus declared suffix '-ccECP',PASS,by_element/Li/Li.cc-pVTZ.cfour
Mg,12,recipes/Mg/ccECP,Mg.aug-cc-pV5Z.gamess,gamess,gamess;gaussian;molpro;nwchem,gamess:367;gaussian:367;nwchem:367,ccECP,aug-cc-pV5Z,aug-cc-pV5Z-ccECP,-ccECP,Mg:aug-cc-pV5Z-ccECP,26,44,h,"6s,6p,5d,4f,3g,2h","15s,15p,5d,4f,3g,2h",source library name plus declared suffix '-ccECP',PASS,by_element/Mg/Mg.aug-cc-pV5Z.cfour
Mg,12,recipes/Mg/ccECP,Mg.aug-cc-pV6Z.gamess,gamess,gamess;gaussian;molpro;nwchem,gamess:419;gaussian:419;nwchem:419,ccECP,aug-cc-pV6Z,aug-cc-pV6Z-ccECP,-ccECP,Mg:aug-cc-pV6Z-ccECP,34,52,i,"7s,7p,6d,5f,4g,3h,2i","16s,16p,6d,5f,4g,3h,2i",source library name plus declared suffix '-ccECP',PASS,by_element/Mg/Mg.aug-cc-pV6Z.cfour
Mg,12,recipes/Mg/ccECP,Mg.aug-cc-pVDZ.gamess,gamess,gamess;gaussian;molpro;nwchem,gamess:248;gaussian:248;nwchem:248,ccECP,aug-cc-pVDZ,aug-cc-pVDZ-ccECP,-ccECP,Mg:aug-cc-pVDZ-ccECP,8,26,d,"3s,3p,2d","12s,12p,2d",source library name plus declared suffix '-ccECP',PASS,by_element/Mg/Mg.aug-cc-pVDZ.cfour
Mg,12,recipes/Mg/ccECP,Mg.aug-cc-pVQZ.gamess,gamess,gamess;gaussian;molpro;nwchem,gamess:317;gaussian:317;nwchem:317,ccECP,aug-cc-pVQZ,aug-cc-pVQZ-ccECP,-ccECP,Mg:aug-cc-pVQZ-ccECP,19,37,g,"5s,5p,4d,3f,2g","14s,14p,4d,3f,2g",source library name plus declared suffix '-ccECP',PASS,by_element/Mg/Mg.aug-cc-pVQZ.cfour
Mg,12,recipes/Mg/ccECP,Mg.aug-cc-pVTZ.gamess,gamess,gamess;gaussian;molpro;nwchem,gamess:279;gaussian:279;nwchem:279,ccECP,aug-cc-pVTZ,aug-cc-pVTZ-ccECP,-ccECP,Mg:aug-cc-pVTZ-ccECP,13,31,f,"4s,4p,3d,2f","13s,13p,3d,2f",source library name plus declared suffix '-ccECP',PASS,by_element/Mg/Mg.aug-cc-pVTZ.cfour
Mg,12,recipes/Mg/ccECP,Mg.cc-pV5Z.gamess,gamess,gamess;gaussian;molpro;nwchem,gamess:330;gaussian:330;nwchem:330,ccECP,cc-pV5Z,cc-pV5Z-ccECP,-ccECP,Mg:cc-pV5Z-ccECP,20,38,h,"5s,5p,4d,3f,2g,1h","14s,14p,4d,3f,2g,1h",source library name plus declared suffix '-ccECP',PASS,by_element/Mg/Mg.cc-pV5Z.cfour
Mg,12,recipes/Mg/ccECP,Mg.cc-pV6Z.gamess,gamess,gamess;gaussian;molpro;nwchem,gamess:375;gaussian:375;nwchem:375,ccECP,cc-pV6Z,cc-pV6Z-ccECP,-ccECP,Mg:cc-pV6Z-ccECP,27,45,i,"6s,6p,5d,4f,3g,2h,1i","15s,15p,5d,4f,3g,2h,1i",source library name plus declared suffix '-ccECP',PASS,by_element/Mg/Mg.cc-pV6Z.cfour
Mg,12,recipes/Mg/ccECP,Mg.cc-pVDZ.gamess,gamess,gamess;gaussian;molpro;nwchem,gamess:226;gaussian:226;nwchem:226,ccECP,cc-pVDZ,cc-pVDZ-ccECP,-ccECP,Mg:cc-pVDZ-ccECP,5,23,d,"2s,2p,1d","11s,11p,1d",source library name plus declared suffix '-ccECP',PASS,by_element/Mg/Mg.cc-pVDZ.cfour
Mg,12,recipes/Mg/ccECP,Mg.cc-pVQZ.gamess,gamess,gamess;gaussian;molpro;nwchem,gamess:286;gaussian:286;nwchem:286,ccECP,cc-pVQZ,cc-pVQZ-ccECP,-ccECP,Mg:cc-pVQZ-ccECP,14,32,g,"4s,4p,3d,2f,1g","13s,13p,3d,2f,1g",source library name plus declared suffix '-ccECP',PASS,by_element/Mg/Mg.cc-pVQZ.cfour
Mg,12,recipes/Mg/ccECP,Mg.cc-pVTZ.gamess,gamess,gamess;gaussian;molpro;nwchem,gamess:253;gaussian:253;nwchem:253,ccECP,cc-pVTZ,cc-pVTZ-ccECP,-ccECP,Mg:cc-pVTZ-ccECP,9,27,f,"3s,3p,2d,1f","12s,12p,2d,1f",source library name plus declared suffix '-ccECP',PASS,by_element/Mg/Mg.cc-pVTZ.cfour
Mn,25,recipes/Mn/ccECP,Mn.aug-cc-pCV5Z.gamess,gamess,gamess;gaussian;molpro;nwchem,gamess:2745;gaussian:2745;nwchem:2745,ccECP,aug-cc-pCV5Z,aug-cc-pCV5Z-ccECP,-ccECP,Mn:aug-cc-pCV5Z-ccECP,47,241,i,"10s,10p,9d,6f,5g,4h,3i","16s,16p,14d,6f,5g,4h,3i",source library name plus declared suffix '-ccECP',PASS,by_element/Mn/Mn.aug-cc-pCV5Z.cfour
Mn,25,recipes/Mn/ccECP,Mn.aug-cc-pCVDZ.gamess,gamess,gamess;gaussian;molpro;nwchem,gamess:1251;gaussian:1251;nwchem:1251,ccECP,aug-cc-pCVDZ,aug-cc-pCVDZ-ccECP,-ccECP,Mn:aug-cc-pCVDZ-ccECP,23,115,f,"7s,7p,6d,3f","16s,16p,14d,3f",source library name plus declared suffix '-ccECP',PASS,by_element/Mn/Mn.aug-cc-pCVDZ.cfour
Mn,25,recipes/Mn/ccECP,Mn.aug-cc-pCVQZ.gamess,gamess,gamess;gaussian;molpro;nwchem,gamess:2230;gaussian:2230;nwchem:2230,ccECP,aug-cc-pCVQZ,aug-cc-pCVQZ-ccECP,-ccECP,Mn:aug-cc-pCVQZ-ccECP,38,198,h,"9s,9p,8d,5f,4g,3h","16s,16p,14d,5f,4g,3h",source library name plus declared suffix '-ccECP',PASS,by_element/Mn/Mn.aug-cc-pCVQZ.cfour
Mn,25,recipes/Mn/ccECP,Mn.aug-cc-pCVTZ.gamess,gamess,gamess;gaussian;molpro;nwchem,gamess:1726;gaussian:1726;nwchem:1726,ccECP,aug-cc-pCVTZ,aug-cc-pCVTZ-ccECP,-ccECP,Mn:aug-cc-pCVTZ-ccECP,30,156,g,"8s,8p,7d,4f,3g","16s,16p,14d,4f,3g",source library name plus declared suffix '-ccECP',PASS,by_element/Mn/Mn.aug-cc-pCVTZ.cfour
Mn,25,recipes/Mn/ccECP,Mn.aug-cc-pV5Z.gamess,gamess,gamess;gaussian;molpro;nwchem,gamess:2667;gaussian:2667;nwchem:2667,ccECP,aug-cc-pV5Z,aug-cc-pV5Z-ccECP,-ccECP,Mn:aug-cc-pV5Z-ccECP,37,231,i,"8s,8p,7d,5f,4g,3h,2i","14s,14p,12d,5f,4g,3h,2i",source library name plus declared suffix '-ccECP',PASS,by_element/Mn/Mn.aug-cc-pV5Z.cfour
Mn,25,recipes/Mn/ccECP,Mn.aug-cc-pVDZ.gamess,gamess,gamess;gaussian;molpro;nwchem,gamess:1197;gaussian:1197;nwchem:1197,ccECP,aug-cc-pVDZ,aug-cc-pVDZ-ccECP,-ccECP,Mn:aug-cc-pVDZ-ccECP,16,108,f,"5s,5p,4d,2f","14s,14p,12d,2f",source library name plus declared suffix '-ccECP',PASS,by_element/Mn/Mn.aug-cc-pVDZ.cfour
Mn,25,recipes/Mn/ccECP,Mn.aug-cc-pVQZ.gamess,gamess,gamess;gaussian;molpro;nwchem,gamess:2158;gaussian:2158;nwchem:2158,ccECP,aug-cc-pVQZ,aug-cc-pVQZ-ccECP,-ccECP,Mn:aug-cc-pVQZ-ccECP,29,189,h,"7s,7p,6d,4f,3g,2h","14s,14p,12d,4f,3g,2h",source library name plus declared suffix '-ccECP',PASS,by_element/Mn/Mn.aug-cc-pVQZ.cfour
Mn,25,recipes/Mn/ccECP,Mn.aug-cc-pVTZ.gamess,gamess,gamess;gaussian;molpro;nwchem,gamess:1663;gaussian:1663;nwchem:1663,ccECP,aug-cc-pVTZ,aug-cc-pVTZ-ccECP,-ccECP,Mn:aug-cc-pVTZ-ccECP,22,148,g,"6s,6p,5d,3f,2g","14s,14p,12d,3f,2g",source library name plus declared suffix '-ccECP',PASS,by_element/Mn/Mn.aug-cc-pVTZ.cfour
Mn,25,recipes/Mn/ccECP,Mn.cc-pCV5Z.gamess,gamess,gamess;gaussian;molpro;nwchem,gamess:2709;gaussian:2709;nwchem:2709,ccECP,cc-pCV5Z,cc-pCV5Z-ccECP,-ccECP,Mn:cc-pCV5Z-ccECP,40,234,i,"9s,9p,8d,5f,4g,3h,2i","15s,15p,13d,5f,4g,3h,2i",source library name plus declared suffix '-ccECP',PASS,by_element/Mn/Mn.cc-pCV5Z.cfour
Mn,25,recipes/Mn/ccECP,Mn.cc-pCVDZ.gamess,gamess,gamess;gaussian;molpro;nwchem,gamess:1235;gaussian:1235;nwchem:1235,ccECP,cc-pCVDZ,cc-pCVDZ-ccECP,-ccECP,Mn:cc-pCVDZ-ccECP,19,111,f,"6s,6p,5d,2f","15s,15p,13d,2f",source library name plus declared suffix '-ccECP',PASS,by_element/Mn/Mn.cc-pCVDZ.cfour
Mn,25,recipes/Mn/ccECP,Mn.cc-pCVQZ.gamess,gamess,gamess;gaussian;molpro;nwchem,gamess:2200;gaussian:2200;nwchem:2200,ccECP,cc-pCVQZ,cc-pCVQZ-ccECP,-ccECP,Mn:cc-pCVQZ-ccECP,32,192,h,"8s,8p,7d,4f,3g,2h","15s,15p,13d,4f,3g,2h",source library name plus declared suffix '-ccECP',PASS,by_element/Mn/Mn.cc-pCVQZ.cfour
Mn,25,recipes/Mn/ccECP,Mn.cc-pCVTZ.gamess,gamess,gamess;gaussian;molpro;nwchem,gamess:1703;gaussian:1703;nwchem:1703,ccECP,cc-pCVTZ,cc-pCVTZ-ccECP,-ccECP,Mn:cc-pCVTZ-ccECP,25,151,g,"7s,7p,6d,3f,2g","15s,15p,13d,3f,2g",source library name plus declared suffix '-ccECP',PASS,by_element/Mn/Mn.cc-pCVTZ.cfour
Mn,25,recipes/Mn/ccECP,Mn.cc-pV5Z.gamess,gamess,gamess;gaussian;molpro;nwchem,gamess:2631;gaussian:2631;nwchem:2631,ccECP,cc-pV5Z,cc-pV5Z-ccECP,-ccECP,Mn:cc-pV5Z-ccECP,30,224,i,"7s,7p,6d,4f,3g,2h,1i","13s,13p,11d,4f,3g,2h,1i",source library name plus declared suffix '-ccECP',PASS,by_element/Mn/Mn.cc-pV5Z.cfour
Mn,25,recipes/Mn/ccECP,Mn.cc-pVDZ.gamess,gamess,gamess;gaussian;molpro;nwchem,gamess:1181;gaussian:1181;nwchem:1181,ccECP,cc-pVDZ,cc-pVDZ-ccECP,-ccECP,Mn:cc-pVDZ-ccECP,12,104,f,"4s,4p,3d,1f","13s,13p,11d,1f",source library name plus declared suffix '-ccECP',PASS,by_element/Mn/Mn.cc-pVDZ.cfour
Mn,25,recipes/Mn/ccECP,Mn.cc-pVQZ.gamess,gamess,gamess;gaussian;molpro;nwchem,gamess:2128;gaussian:2128;nwchem:2128,ccECP,cc-pVQZ,cc-pVQZ-ccECP,-ccECP,Mn:cc-pVQZ-ccECP,23,183,h,"6s,6p,5d,3f,2g,1h","13s,13p,11d,3f,2g,1h",source library name plus declared suffix '-ccECP',PASS,by_element/Mn/Mn.cc-pVQZ.cfour
Mn,25,recipes/Mn/ccECP,Mn.cc-pVTZ.gamess,gamess,gamess;gaussian;molpro;nwchem,gamess:1640;gaussian:1640;nwchem:1640,ccECP,cc-pVTZ,cc-pVTZ-ccECP,-ccECP,Mn:cc-pVTZ-ccECP,17,143,g,"5s,5p,4d,2f,1g","13s,13p,11d,2f,1g",source library name plus declared suffix '-ccECP',PASS,by_element/Mn/Mn.cc-pVTZ.cfour
Mo,42,recipes/Mo/ccECP,Mo.aug-cc-pCV5Z.gamess,gamess,dirac;gamess;gaussian;molpro;nwchem,gamess:2798;gaussian:2798;nwchem:2798,ccECP,aug-cc-pCV5Z,aug-cc-pCV5Z-ccECP,-ccECP,Mo:aug-cc-pCV5Z-ccECP,47,251,i,"10s,10p,9d,6f,5g,4h,3i","16s,16p,16d,6f,5g,4h,3i",source library name plus declared suffix '-ccECP',PASS,by_element/Mo/Mo.aug-cc-pCV5Z.cfour
Mo,42,recipes/Mo/ccECP,Mo.aug-cc-pCVDZ.gamess,gamess,dirac;gamess;gaussian;molpro;nwchem,gamess:1254;gaussian:1254;nwchem:1254,ccECP,aug-cc-pCVDZ,aug-cc-pCVDZ-ccECP,-ccECP,Mo:aug-cc-pCVDZ-ccECP,20,116,f,"6s,6p,5d,3f","15s,15p,15d,3f",source library name plus declared suffix '-ccECP',PASS,by_element/Mo/Mo.aug-cc-pCVDZ.cfour
Mo,42,recipes/Mo/ccECP,Mo.aug-cc-pCVQZ.gamess,gamess,dirac;gamess;gaussian;molpro;nwchem,gamess:2262;gaussian:2262;nwchem:2262,ccECP,aug-cc-pCVQZ,aug-cc-pCVQZ-ccECP,-ccECP,Mo:aug-cc-pCVQZ-ccECP,38,206,h,"9s,9p,8d,5f,4g,3h","16s,16p,16d,5f,4g,3h",source library name plus declared suffix '-ccECP',PASS,by_element/Mo/Mo.aug-cc-pCVQZ.cfour
Mo,42,recipes/Mo/ccECP,Mo.aug-cc-pCVTZ.gamess,gamess,dirac;gamess;gaussian;molpro;nwchem,gamess:1761;gaussian:1761;nwchem:1761,ccECP,aug-cc-pCVTZ,aug-cc-pCVTZ-ccECP,-ccECP,Mo:aug-cc-pCVTZ-ccECP,30,162,g,"8s,8p,7d,4f,3g","16s,16p,16d,4f,3g",source library name plus declared suffix '-ccECP',PASS,by_element/Mo/Mo.aug-cc-pCVTZ.cfour
Mo,42,recipes/Mo/ccECP,Mo.aug-cc-pV5Z.gamess,gamess,dirac;gamess;gaussian;molpro;nwchem,gamess:2741;gaussian:2741;nwchem:2741,ccECP,aug-cc-pV5Z,aug-cc-pV5Z-ccECP,-ccECP,Mo:aug-cc-pV5Z-ccECP,37,241,i,"8s,8p,7d,5f,4g,3h,2i","14s,14p,14d,5f,4g,3h,2i",source library name plus declared suffix '-ccECP',PASS,by_element/Mo/Mo.aug-cc-pV5Z.cfour
Mo,42,recipes/Mo/ccECP,Mo.aug-cc-pVDZ.gamess,gamess,dirac;gamess;gaussian;molpro;nwchem,gamess:1232;gaussian:1232;nwchem:1232,ccECP,aug-cc-pVDZ,aug-cc-pVDZ-ccECP,-ccECP,Mo:aug-cc-pVDZ-ccECP,16,112,f,"5s,5p,4d,2f","14s,14p,14d,2f",source library name plus declared suffix '-ccECP',PASS,by_element/Mo/Mo.aug-cc-pVDZ.cfour
Mo,42,recipes/Mo/ccECP,Mo.aug-cc-pVQZ.gamess,gamess,dirac;gamess;gaussian;molpro;nwchem,gamess:2209;gaussian:2209;nwchem:2209,ccECP,aug-cc-pVQZ,aug-cc-pVQZ-ccECP,-ccECP,Mo:aug-cc-pVQZ-ccECP,29,197,h,"7s,7p,6d,4f,3g,2h","14s,14p,14d,4f,3g,2h",source library name plus declared suffix '-ccECP',PASS,by_element/Mo/Mo.aug-cc-pVQZ.cfour
Mo,42,recipes/Mo/ccECP,Mo.aug-cc-pVTZ.gamess,gamess,dirac;gamess;gaussian;molpro;nwchem,gamess:1718;gaussian:1718;nwchem:1718,ccECP,aug-cc-pVTZ,aug-cc-pVTZ-ccECP,-ccECP,Mo:aug-cc-pVTZ-ccECP,22,154,g,"6s,6p,5d,3f,2g","14s,14p,14d,3f,2g",source library name plus declared suffix '-ccECP',PASS,by_element/Mo/Mo.aug-cc-pVTZ.cfour
Mo,42,recipes/Mo/ccECP,Mo.cc-pCV5Z.gamess,gamess,dirac;gamess;gaussian;molpro;nwchem,gamess:2764;gaussian:2764;nwchem:2764,ccECP,cc-pCV5Z,cc-pCV5Z-ccECP,-ccECP,Mo:cc-pCV5Z-ccECP,40,244,i,"9s,9p,8d,5f,4g,3h,2i","15s,15p,15d,5f,4g,3h,2i",source library name plus declared suffix '-ccECP',PASS,by_element/Mo/Mo.cc-pCV5Z.cfour
Mo,42,recipes/Mo/ccECP,Mo.cc-pCVDZ.gamess,gamess,dirac;gamess;gaussian;molpro;nwchem,gamess:1235;gaussian:1235;nwchem:1235,ccECP,cc-pCVDZ,cc-pCVDZ-ccECP,-ccECP,Mo:cc-pCVDZ-ccECP,16,112,f,"5s,5p,4d,2f","14s,14p,14d,2f",source library name plus declared suffix '-ccECP',PASS,by_element/Mo/Mo.cc-pCVDZ.cfour
Mo,42,recipes/Mo/ccECP,Mo.cc-pCVQZ.gamess,gamess,dirac;gamess;gaussian;molpro;nwchem,gamess:2233;gaussian:2233;nwchem:2233,ccECP,cc-pCVQZ,cc-pCVQZ-ccECP,-ccECP,Mo:cc-pCVQZ-ccECP,32,200,h,"8s,8p,7d,4f,3g,2h","15s,15p,15d,4f,3g,2h",source library name plus declared suffix '-ccECP',PASS,by_element/Mo/Mo.cc-pCVQZ.cfour
Mo,42,recipes/Mo/ccECP,Mo.cc-pCVTZ.gamess,gamess,dirac;gamess;gaussian;molpro;nwchem,gamess:1736;gaussian:1736;nwchem:1736,ccECP,cc-pCVTZ,cc-pCVTZ-ccECP,-ccECP,Mo:cc-pCVTZ-ccECP,25,157,g,"7s,7p,6d,3f,2g","15s,15p,15d,3f,2g",source library name plus declared suffix '-ccECP',PASS,by_element/Mo/Mo.cc-pCVTZ.cfour
Mo,42,recipes/Mo/ccECP,Mo.cc-pV5Z.gamess,gamess,dirac;gamess;gaussian;molpro;nwchem,gamess:2707;gaussian:2707;nwchem:2707,ccECP,cc-pV5Z,cc-pV5Z-ccECP,-ccECP,Mo:cc-pV5Z-ccECP,30,234,i,"7s,7p,6d,4f,3g,2h,1i","13s,13p,13d,4f,3g,2h,1i",source library name plus declared suffix '-ccECP',PASS,by_element/Mo/Mo.cc-pV5Z.cfour
Mo,42,recipes/Mo/ccECP,Mo.cc-pVDZ.gamess,gamess,dirac;gamess;gaussian;molpro;nwchem,gamess:1213;gaussian:1213;nwchem:1213,ccECP,cc-pVDZ,cc-pVDZ-ccECP,-ccECP,Mo:cc-pVDZ-ccECP,12,108,f,"4s,4p,3d,1f","13s,13p,13d,1f",source library name plus declared suffix '-ccECP',PASS,by_element/Mo/Mo.cc-pVDZ.cfour
Mo,42,recipes/Mo/ccECP,Mo.cc-pVQZ.gamess,gamess,dirac;gamess;gaussian;molpro;nwchem,gamess:2180;gaussian:2180;nwchem:2180,ccECP,cc-pVQZ,cc-pVQZ-ccECP,-ccECP,Mo:cc-pVQZ-ccECP,23,191,h,"6s,6p,5d,3f,2g,1h","13s,13p,13d,3f,2g,1h",source library name plus declared suffix '-ccECP',PASS,by_element/Mo/Mo.cc-pVQZ.cfour
Mo,42,recipes/Mo/ccECP,Mo.cc-pVTZ.gamess,gamess,dirac;gamess;gaussian;molpro;nwchem,gamess:1693;gaussian:1693;nwchem:1693,ccECP,cc-pVTZ,cc-pVTZ-ccECP,-ccECP,Mo:cc-pVTZ-ccECP,17,149,g,"5s,5p,4d,2f,1g","13s,13p,13d,2f,1g",source library name plus declared suffix '-ccECP',PASS,by_element/Mo/Mo.cc-pVTZ.cfour
N,7,recipes/N/ccECP,N.aug-cc-pV5Z.gamess,gamess,gamess;gaussian;molpro;nwchem,gamess:400;gaussian:400;nwchem:400,ccECP,aug-cc-pV5Z,aug-cc-pV5Z-ccECP,-ccECP,N:aug-cc-pV5Z-ccECP,26,42,h,"6s,6p,5d,4f,3g,2h","14s,14p,5d,4f,3g,2h",source library name plus declared suffix '-ccECP',PASS,by_element/N/N.aug-cc-pV5Z.cfour
N,7,recipes/N/ccECP,N.aug-cc-pV6Z.gamess,gamess,gamess;gaussian;molpro;nwchem,gamess:451;gaussian:451;nwchem:451,ccECP,aug-cc-pV6Z,aug-cc-pV6Z-ccECP,-ccECP,N:aug-cc-pV6Z-ccECP,34,50,i,"7s,7p,6d,5f,4g,3h,2i","15s,15p,6d,5f,4g,3h,2i",source library name plus declared suffix '-ccECP',PASS,by_element/N/N.aug-cc-pV6Z.cfour
N,7,recipes/N/ccECP,N.aug-cc-pVDZ.gamess,gamess,gamess;gaussian;molpro;nwchem,gamess:268;gaussian:268;nwchem:268,ccECP,aug-cc-pVDZ,aug-cc-pVDZ-ccECP,-ccECP,N:aug-cc-pVDZ-ccECP,8,24,d,"3s,3p,2d","11s,11p,2d",source library name plus declared suffix '-ccECP',PASS,by_element/N/N.aug-cc-pVDZ.cfour
N,7,recipes/N/ccECP,N.aug-cc-pVQZ.gamess,gamess,gamess;gaussian;molpro;nwchem,gamess:350;gaussian:350;nwchem:350,ccECP,aug-cc-pVQZ,aug-cc-pVQZ-ccECP,-ccECP,N:aug-cc-pVQZ-ccECP,19,35,g,"5s,5p,4d,3f,2g","13s,13p,4d,3f,2g",source library name plus declared suffix '-ccECP',PASS,by_element/N/N.aug-cc-pVQZ.cfour
N,7,recipes/N/ccECP,N.aug-cc-pVTZ.gamess,gamess,gamess;gaussian;molpro;nwchem,gamess:306;gaussian:306;nwchem:306,ccECP,aug-cc-pVTZ,aug-cc-pVTZ-ccECP,-ccECP,N:aug-cc-pVTZ-ccECP,13,29,f,"4s,4p,3d,2f","12s,12p,3d,2f",source library name plus declared suffix '-ccECP',PASS,by_element/N/N.aug-cc-pVTZ.cfour
N,7,recipes/N/ccECP,N.cc-pV5Z.gamess,gamess,gamess;gaussian;molpro;nwchem,gamess:364;gaussian:362;nwchem:364,ccECP,cc-pV5Z,cc-pV5Z-ccECP,-ccECP,N:cc-pV5Z-ccECP,20,36,h,"5s,5p,4d,3f,2g,1h","13s,13p,4d,3f,2g,1h",source library name plus declared suffix '-ccECP',PASS,by_element/N/N.cc-pV5Z.cfour
N,7,recipes/N/ccECP,N.cc-pV6Z.gamess,gamess,gamess;gaussian;molpro;nwchem,gamess:409;gaussian:409;nwchem:409,ccECP,cc-pV6Z,cc-pV6Z-ccECP,-ccECP,N:cc-pV6Z-ccECP,27,43,i,"6s,6p,5d,4f,3g,2h,1i","14s,14p,5d,4f,3g,2h,1i",source library name plus declared suffix '-ccECP',PASS,by_element/N/N.cc-pV6Z.cfour
N,7,recipes/N/ccECP,N.cc-pVDZ.gamess,gamess,gamess;gaussian;molpro;nwchem,gamess:251;gaussian:249;nwchem:251,ccECP,cc-pVDZ,cc-pVDZ-ccECP,-ccECP,N:cc-pVDZ-ccECP,5,21,d,"2s,2p,1d","10s,10p,1d",source library name plus declared suffix '-ccECP',PASS,by_element/N/N.cc-pVDZ.cfour
N,7,recipes/N/ccECP,N.cc-pVQZ.gamess,gamess,gamess;gaussian;molpro;nwchem,gamess:319;gaussian:317;nwchem:319,ccECP,cc-pVQZ,cc-pVQZ-ccECP,-ccECP,N:cc-pVQZ-ccECP,14,30,g,"4s,4p,3d,2f,1g","12s,12p,3d,2f,1g",source library name plus declared suffix '-ccECP',PASS,by_element/N/N.cc-pVQZ.cfour
N,7,recipes/N/ccECP,N.cc-pVTZ.gamess,gamess,gamess;gaussian;molpro;nwchem,gamess:282;gaussian:280;nwchem:282,ccECP,cc-pVTZ,cc-pVTZ-ccECP,-ccECP,N:cc-pVTZ-ccECP,9,25,f,"3s,3p,2d,1f","11s,11p,2d,1f",source library name plus declared suffix '-ccECP',PASS,by_element/N/N.cc-pVTZ.cfour
Na,11,recipes/Na/ccECP,Na.aug-cc-pV5Z.gamess,gamess,gamess;gaussian;molpro;nwchem,gamess:329;gaussian:329;nwchem:329,ccECP,aug-cc-pV5Z,aug-cc-pV5Z-ccECP,-ccECP,Na:aug-cc-pV5Z-ccECP,26,44,h,"6s,6p,5d,4f,3g,2h","15s,15p,5d,4f,3g,2h",source library name plus declared suffix '-ccECP',PASS,by_element/Na/Na.aug-cc-pV5Z.cfour
Na,11,recipes/Na/ccECP,Na.aug-cc-pVDZ.gamess,gamess,gamess;gaussian;molpro;nwchem,gamess:241;gaussian:241;nwchem:241,ccECP,aug-cc-pVDZ,aug-cc-pVDZ-ccECP,-ccECP,Na:aug-cc-pVDZ-ccECP,8,26,d,"3s,3p,2d","12s,12p,2d",source library name plus declared suffix '-ccECP',PASS,by_element/Na/Na.aug-cc-pVDZ.cfour
Na,11,recipes/Na/ccECP,Na.aug-cc-pVQZ.gamess,gamess,gamess;gaussian;molpro;nwchem,gamess:309;gaussian:309;nwchem:309,ccECP,aug-cc-pVQZ,aug-cc-pVQZ-ccECP,-ccECP,Na:aug-cc-pVQZ-ccECP,19,37,g,"5s,5p,4d,3f,2g","14s,14p,4d,3f,2g",source library name plus declared suffix '-ccECP',PASS,by_element/Na/Na.aug-cc-pVQZ.cfour
Na,11,recipes/Na/ccECP,Na.aug-cc-pVTZ.gamess,gamess,gamess;gaussian;molpro;nwchem,gamess:272;gaussian:272;nwchem:272,ccECP,aug-cc-pVTZ,aug-cc-pVTZ-ccECP,-ccECP,Na:aug-cc-pVTZ-ccECP,13,31,f,"4s,4p,3d,2f","13s,13p,3d,2f",source library name plus declared suffix '-ccECP',PASS,by_element/Na/Na.aug-cc-pVTZ.cfour
Na,11,recipes/Na/ccECP,Na.cc-pV5Z.gamess,gamess,gamess;gaussian;molpro;nwchem,gamess:299;gaussian:299;nwchem:299,ccECP,cc-pV5Z,cc-pV5Z-ccECP,-ccECP,Na:cc-pV5Z-ccECP,20,38,h,"5s,5p,4d,3f,2g,1h","14s,14p,4d,3f,2g,1h",source library name plus declared suffix '-ccECP',PASS,by_element/Na/Na.cc-pV5Z.cfour
Na,11,recipes/Na/ccECP,Na.cc-pVDZ.gamess,gamess,gamess;gaussian;molpro;nwchem,gamess:223;gaussian:223;nwchem:223,ccECP,cc-pVDZ,cc-pVDZ-ccECP,-ccECP,Na:cc-pVDZ-ccECP,5,23,d,"2s,2p,1d","11s,11p,1d",source library name plus declared suffix '-ccECP',PASS,by_element/Na/Na.cc-pVDZ.cfour
Na,11,recipes/Na/ccECP,Na.cc-pVQZ.gamess,gamess,gamess;gaussian;molpro;nwchem,gamess:265;gaussian:265;nwchem:265,ccECP,cc-pVQZ,cc-pVQZ-ccECP,-ccECP,Na:cc-pVQZ-ccECP,14,32,g,"4s,4p,3d,2f,1g","13s,13p,3d,2f,1g",source library name plus declared suffix '-ccECP',PASS,by_element/Na/Na.cc-pVQZ.cfour
Na,11,recipes/Na/ccECP,Na.cc-pVTZ.gamess,gamess,gamess;gaussian;molpro;nwchem,gamess:235;gaussian:235;nwchem:235,ccECP,cc-pVTZ,cc-pVTZ-ccECP,-ccECP,Na:cc-pVTZ-ccECP,9,27,f,"3s,3p,2d,1f","12s,12p,2d,1f",source library name plus declared suffix '-ccECP',PASS,by_element/Na/Na.cc-pVTZ.cfour
Nb,41,recipes/Nb/ccECP,Nb.aug-cc-pCV5Z.gamess,gamess,dirac;gamess;gaussian;molpro;nwchem,gamess:2791;gaussian:2791;nwchem:2791,ccECP,aug-cc-pCV5Z,aug-cc-pCV5Z-ccECP,-ccECP,Nb:aug-cc-pCV5Z-ccECP,47,251,i,"10s,10p,9d,6f,5g,4h,3i","16s,16p,16d,6f,5g,4h,3i",source library name plus declared suffix '-ccECP',PASS,by_element/Nb/Nb.aug-cc-pCV5Z.cfour
Nb,41,recipes/Nb/ccECP,Nb.aug-cc-pCVDZ.gamess,gamess,dirac;gamess;gaussian;molpro;nwchem,gamess:1262;gaussian:1262;nwchem:1262,ccECP,aug-cc-pCVDZ,aug-cc-pCVDZ-ccECP,-ccECP,Nb:aug-cc-pCVDZ-ccECP,20,116,f,"6s,6p,5d,3f","15s,15p,15d,3f",source library name plus declared suffix '-ccECP',PASS,by_element/Nb/Nb.aug-cc-pCVDZ.cfour
Nb,41,recipes/Nb/ccECP,Nb.aug-cc-pCVQZ.gamess,gamess,dirac;gamess;gaussian;molpro;nwchem,gamess:2259;gaussian:2259;nwchem:2259,ccECP,aug-cc-pCVQZ,aug-cc-pCVQZ-ccECP,-ccECP,Nb:aug-cc-pCVQZ-ccECP,38,206,h,"9s,9p,8d,5f,4g,3h","16s,16p,16d,5f,4g,3h",source library name plus declared suffix '-ccECP',PASS,by_element/Nb/Nb.aug-cc-pCVQZ.cfour
Nb,41,recipes/Nb/ccECP,Nb.aug-cc-pCVTZ.gamess,gamess,dirac;gamess;gaussian;molpro;nwchem,gamess:1756;gaussian:1756;nwchem:1756,ccECP,aug-cc-pCVTZ,aug-cc-pCVTZ-ccECP,-ccECP,Nb:aug-cc-pCVTZ-ccECP,30,162,g,"8s,8p,7d,4f,3g","16s,16p,16d,4f,3g",source library name plus declared suffix '-ccECP',PASS,by_element/Nb/Nb.aug-cc-pCVTZ.cfour
Nb,41,recipes/Nb/ccECP,Nb.aug-cc-pV5Z.gamess,gamess,dirac;gamess;gaussian;molpro;nwchem,gamess:2739;gaussian:2739;nwchem:2739,ccECP,aug-cc-pV5Z,aug-cc-pV5Z-ccECP,-ccECP,Nb:aug-cc-pV5Z-ccECP,37,241,i,"8s,8p,7d,5f,4g,3h,2i","14s,14p,14d,5f,4g,3h,2i",source library name plus declared suffix '-ccECP',PASS,by_element/Nb/Nb.aug-cc-pV5Z.cfour
Nb,41,recipes/Nb/ccECP,Nb.aug-cc-pVDZ.gamess,gamess,dirac;gamess;gaussian;molpro;nwchem,gamess:1240;gaussian:1240;nwchem:1240,ccECP,aug-cc-pVDZ,aug-cc-pVDZ-ccECP,-ccECP,Nb:aug-cc-pVDZ-ccECP,16,112,f,"5s,5p,4d,2f","14s,14p,14d,2f",source library name plus declared suffix '-ccECP',PASS,by_element/Nb/Nb.aug-cc-pVDZ.cfour
Nb,41,recipes/Nb/ccECP,Nb.aug-cc-pVQZ.gamess,gamess,dirac;gamess;gaussian;molpro;nwchem,gamess:2211;gaussian:2211;nwchem:2211,ccECP,aug-cc-pVQZ,aug-cc-pVQZ-ccECP,-ccECP,Nb:aug-cc-pVQZ-ccECP,29,197,h,"7s,7p,6d,4f,3g,2h","14s,14p,14d,4f,3g,2h",source library name plus declared suffix '-ccECP',PASS,by_element/Nb/Nb.aug-cc-pVQZ.cfour
Nb,41,recipes/Nb/ccECP,Nb.aug-cc-pVTZ.gamess,gamess,dirac;gamess;gaussian;molpro;nwchem,gamess:1715;gaussian:1715;nwchem:1715,ccECP,aug-cc-pVTZ,aug-cc-pVTZ-ccECP,-ccECP,Nb:aug-cc-pVTZ-ccECP,22,154,g,"6s,6p,5d,3f,2g","14s,14p,14d,3f,2g",source library name plus declared suffix '-ccECP',PASS,by_element/Nb/Nb.aug-cc-pVTZ.cfour
Nb,41,recipes/Nb/ccECP,Nb.cc-pCV5Z.gamess,gamess,dirac;gamess;gaussian;molpro;nwchem,gamess:2755;gaussian:2755;nwchem:2755,ccECP,cc-pCV5Z,cc-pCV5Z-ccECP,-ccECP,Nb:cc-pCV5Z-ccECP,40,244,i,"9s,9p,8d,5f,4g,3h,2i","15s,15p,15d,5f,4g,3h,2i",source library name plus declared suffix '-ccECP',PASS,by_element/Nb/Nb.cc-pCV5Z.cfour
Nb,41,recipes/Nb/ccECP,Nb.cc-pCVDZ.gamess,gamess,dirac;gamess;gaussian;molpro;nwchem,gamess:1239;gaussian:1239;nwchem:1239,ccECP,cc-pCVDZ,cc-pCVDZ-ccECP,-ccECP,Nb:cc-pCVDZ-ccECP,16,112,f,"5s,5p,4d,2f","14s,14p,14d,2f",source library name plus declared suffix '-ccECP',PASS,by_element/Nb/Nb.cc-pCVDZ.cfour
Nb,41,recipes/Nb/ccECP,Nb.cc-pCVQZ.gamess,gamess,dirac;gamess;gaussian;molpro;nwchem,gamess:2227;gaussian:2227;nwchem:2227,ccECP,cc-pCVQZ,cc-pCVQZ-ccECP,-ccECP,Nb:cc-pCVQZ-ccECP,32,200,h,"8s,8p,7d,4f,3g,2h","15s,15p,15d,4f,3g,2h",source library name plus declared suffix '-ccECP',PASS,by_element/Nb/Nb.cc-pCVQZ.cfour
Nb,41,recipes/Nb/ccECP,Nb.cc-pCVTZ.gamess,gamess,dirac;gamess;gaussian;molpro;nwchem,gamess:1729;gaussian:1729;nwchem:1729,ccECP,cc-pCVTZ,cc-pCVTZ-ccECP,-ccECP,Nb:cc-pCVTZ-ccECP,25,157,g,"7s,7p,6d,3f,2g","15s,15p,15d,3f,2g",source library name plus declared suffix '-ccECP',PASS,by_element/Nb/Nb.cc-pCVTZ.cfour
Nb,41,recipes/Nb/ccECP,Nb.cc-pV5Z.gamess,gamess,dirac;gamess;gaussian;molpro;nwchem,gamess:2703;gaussian:2703;nwchem:2703,ccECP,cc-pV5Z,cc-pV5Z-ccECP,-ccECP,Nb:cc-pV5Z-ccECP,30,234,i,"7s,7p,6d,4f,3g,2h,1i","13s,13p,13d,4f,3g,2h,1i",source library name plus declared suffix '-ccECP',PASS,by_element/Nb/Nb.cc-pV5Z.cfour
Nb,41,recipes/Nb/ccECP,Nb.cc-pVDZ.gamess,gamess,dirac;gamess;gaussian;molpro;nwchem,gamess:1217;gaussian:1217;nwchem:1217,ccECP,cc-pVDZ,cc-pVDZ-ccECP,-ccECP,Nb:cc-pVDZ-ccECP,12,108,f,"4s,4p,3d,1f","13s,13p,13d,1f",source library name plus declared suffix '-ccECP',PASS,by_element/Nb/Nb.cc-pVDZ.cfour
Nb,41,recipes/Nb/ccECP,Nb.cc-pVQZ.gamess,gamess,dirac;gamess;gaussian;molpro;nwchem,gamess:2179;gaussian:2179;nwchem:2179,ccECP,cc-pVQZ,cc-pVQZ-ccECP,-ccECP,Nb:cc-pVQZ-ccECP,23,191,h,"6s,6p,5d,3f,2g,1h","13s,13p,13d,3f,2g,1h",source library name plus declared suffix '-ccECP',PASS,by_element/Nb/Nb.cc-pVQZ.cfour
Nb,41,recipes/Nb/ccECP,Nb.cc-pVTZ.gamess,gamess,dirac;gamess;gaussian;molpro;nwchem,gamess:1688;gaussian:1688;nwchem:1688,ccECP,cc-pVTZ,cc-pVTZ-ccECP,-ccECP,Nb:cc-pVTZ-ccECP,17,149,g,"5s,5p,4d,2f,1g","13s,13p,13d,2f,1g",source library name plus declared suffix '-ccECP',PASS,by_element/Nb/Nb.cc-pVTZ.cfour
Ne,10,recipes/Ne/ccECP,Ne.cc-pV5Z.gamess,gamess,gamess;gaussian;molpro;nwchem,gamess:402;gaussian:402;nwchem:402,ccECP,cc-pV5Z,cc-pV5Z-ccECP,-ccECP,Ne:cc-pV5Z-ccECP,20,38,h,"5s,5p,4d,3f,2g,1h","14s,14p,4d,3f,2g,1h",source library name plus declared suffix '-ccECP',PASS,by_element/Ne/Ne.cc-pV5Z.cfour
Ne,10,recipes/Ne/ccECP,Ne.cc-pV6Z.gamess,gamess,gamess;gaussian;molpro;nwchem,gamess:455;gaussian:455;nwchem:455,ccECP,cc-pV6Z,cc-pV6Z-ccECP,-ccECP,Ne:cc-pV6Z-ccECP,27,45,i,"6s,6p,5d,4f,3g,2h,1i","15s,15p,5d,4f,3g,2h,1i",source library name plus declared suffix '-ccECP',PASS,by_element/Ne/Ne.cc-pV6Z.cfour
Ne,10,recipes/Ne/ccECP,Ne.cc-pVDZ.gamess,gamess,gamess;gaussian;molpro;nwchem,gamess:284;gaussian:284;nwchem:284,ccECP,cc-pVDZ,cc-pVDZ-ccECP,-ccECP,Ne:cc-pVDZ-ccECP,5,23,d,"2s,2p,1d","11s,11p,1d",source library name plus declared suffix '-ccECP',PASS,by_element/Ne/Ne.cc-pVDZ.cfour
Ne,10,recipes/Ne/ccECP,Ne.cc-pVQZ.gamess,gamess,gamess;gaussian;molpro;nwchem,gamess:354;gaussian:354;nwchem:354,ccECP,cc-pVQZ,cc-pVQZ-ccECP,-ccECP,Ne:cc-pVQZ-ccECP,14,32,g,"4s,4p,3d,2f,1g","13s,13p,3d,2f,1g",source library name plus declared suffix '-ccECP',PASS,by_element/Ne/Ne.cc-pVQZ.cfour
Ne,10,recipes/Ne/ccECP,Ne.cc-pVTZ.gamess,gamess,gamess;gaussian;molpro;nwchem,gamess:314;gaussian:314;nwchem:314,ccECP,cc-pVTZ,cc-pVTZ-ccECP,-ccECP,Ne:cc-pVTZ-ccECP,9,27,f,"3s,3p,2d,1f","12s,12p,2d,1f",source library name plus declared suffix '-ccECP',PASS,by_element/Ne/Ne.cc-pVTZ.cfour
Ni,28,recipes/Ni/ccECP,Ni.aug-cc-pCV5Z.gamess,gamess,gamess;gaussian;molpro;nwchem,gamess:2777;gaussian:2777;nwchem:2777,ccECP,aug-cc-pCV5Z,aug-cc-pCV5Z-ccECP,-ccECP,Ni:aug-cc-pCV5Z-ccECP,47,241,i,"10s,10p,9d,6f,5g,4h,3i","16s,16p,14d,6f,5g,4h,3i",source library name plus declared suffix '-ccECP',PASS,by_element/Ni/Ni.aug-cc-pCV5Z.cfour
Ni,28,recipes/Ni/ccECP,Ni.aug-cc-pCVDZ.gamess,gamess,gamess;gaussian;molpro;nwchem,gamess:1276;gaussian:1276;nwchem:1276,ccECP,aug-cc-pCVDZ,aug-cc-pCVDZ-ccECP,-ccECP,Ni:aug-cc-pCVDZ-ccECP,23,115,f,"7s,7p,6d,3f","16s,16p,14d,3f",source library name plus declared suffix '-ccECP',PASS,by_element/Ni/Ni.aug-cc-pCVDZ.cfour
Ni,28,recipes/Ni/ccECP,Ni.aug-cc-pCVQZ.gamess,gamess,gamess;gaussian;molpro;nwchem,gamess:2255;gaussian:2255;nwchem:2255,ccECP,aug-cc-pCVQZ,aug-cc-pCVQZ-ccECP,-ccECP,Ni:aug-cc-pCVQZ-ccECP,38,198,h,"9s,9p,8d,5f,4g,3h","16s,16p,14d,5f,4g,3h",source library name plus declared suffix '-ccECP',PASS,by_element/Ni/Ni.aug-cc-pCVQZ.cfour
Ni,28,recipes/Ni/ccECP,Ni.aug-cc-pCVTZ.gamess,gamess,gamess;gaussian;molpro;nwchem,gamess:1759;gaussian:1759;nwchem:1759,ccECP,aug-cc-pCVTZ,aug-cc-pCVTZ-ccECP,-ccECP,Ni:aug-cc-pCVTZ-ccECP,30,156,g,"8s,8p,7d,4f,3g","16s,16p,14d,4f,3g",source library name plus declared suffix '-ccECP',PASS,by_element/Ni/Ni.aug-cc-pCVTZ.cfour
Ni,28,recipes/Ni/ccECP,Ni.aug-cc-pV5Z.gamess,gamess,gamess;gaussian;molpro;nwchem,gamess:2700;gaussian:2700;nwchem:2700,ccECP,aug-cc-pV5Z,aug-cc-pV5Z-ccECP,-ccECP,Ni:aug-cc-pV5Z-ccECP,37,231,i,"8s,8p,7d,5f,4g,3h,2i","14s,14p,12d,5f,4g,3h,2i",source library name plus declared suffix '-ccECP',PASS,by_element/Ni/Ni.aug-cc-pV5Z.cfour
Ni,28,recipes/Ni/ccECP,Ni.aug-cc-pVDZ.gamess,gamess,gamess;gaussian;molpro;nwchem,gamess:1220;gaussian:1220;nwchem:1220,ccECP,aug-cc-pVDZ,aug-cc-pVDZ-ccECP,-ccECP,Ni:aug-cc-pVDZ-ccECP,16,108,f,"5s,5p,4d,2f","14s,14p,12d,2f",source library name plus declared suffix '-ccECP',PASS,by_element/Ni/Ni.aug-cc-pVDZ.cfour
Ni,28,recipes/Ni/ccECP,Ni.aug-cc-pVQZ.gamess,gamess,gamess;gaussian;molpro;nwchem,gamess:2183;gaussian:2183;nwchem:2183,ccECP,aug-cc-pVQZ,aug-cc-pVQZ-ccECP,-ccECP,Ni:aug-cc-pVQZ-ccECP,29,189,h,"7s,7p,6d,4f,3g,2h","14s,14p,12d,4f,3g,2h",source library name plus declared suffix '-ccECP',PASS,by_element/Ni/Ni.aug-cc-pVQZ.cfour
Ni,28,recipes/Ni/ccECP,Ni.aug-cc-pVTZ.gamess,gamess,gamess;gaussian;molpro;nwchem,gamess:1695;gaussian:1695;nwchem:1695,ccECP,aug-cc-pVTZ,aug-cc-pVTZ-ccECP,-ccECP,Ni:aug-cc-pVTZ-ccECP,22,148,g,"6s,6p,5d,3f,2g","14s,14p,12d,3f,2g",source library name plus declared suffix '-ccECP',PASS,by_element/Ni/Ni.aug-cc-pVTZ.cfour
Ni,28,recipes/Ni/ccECP,Ni.cc-pCV5Z.gamess,gamess,gamess;gaussian;molpro;nwchem,gamess:2740;gaussian:2740;nwchem:2740,ccECP,cc-pCV5Z,cc-pCV5Z-ccECP,-ccECP,Ni:cc-pCV5Z-ccECP,40,234,i,"9s,9p,8d,5f,4g,3h,2i","15s,15p,13d,5f,4g,3h,2i",source library name plus declared suffix '-ccECP',PASS,by_element/Ni/Ni.cc-pCV5Z.cfour
Ni,28,recipes/Ni/ccECP,Ni.cc-pCVDZ.gamess,gamess,gamess;gaussian;molpro;nwchem,gamess:1260;gaussian:1260;nwchem:1260,ccECP,cc-pCVDZ,cc-pCVDZ-ccECP,-ccECP,Ni:cc-pCVDZ-ccECP,19,111,f,"6s,6p,5d,2f","15s,15p,13d,2f",source library name plus declared suffix '-ccECP',PASS,by_element/Ni/Ni.cc-pCVDZ.cfour
Ni,28,recipes/Ni/ccECP,Ni.cc-pCVQZ.gamess,gamess,gamess;gaussian;molpro;nwchem,gamess:2226;gaussian:2226;nwchem:2226,ccECP,cc-pCVQZ,cc-pCVQZ-ccECP,-ccECP,Ni:cc-pCVQZ-ccECP,32,192,h,"8s,8p,7d,4f,3g,2h","15s,15p,13d,4f,3g,2h",source library name plus declared suffix '-ccECP',PASS,by_element/Ni/Ni.cc-pCVQZ.cfour
Ni,28,recipes/Ni/ccECP,Ni.cc-pCVTZ.gamess,gamess,gamess;gaussian;molpro;nwchem,gamess:1736;gaussian:1736;nwchem:1736,ccECP,cc-pCVTZ,cc-pCVTZ-ccECP,-ccECP,Ni:cc-pCVTZ-ccECP,25,151,g,"7s,7p,6d,3f,2g","15s,15p,13d,3f,2g",source library name plus declared suffix '-ccECP',PASS,by_element/Ni/Ni.cc-pCVTZ.cfour
Ni,28,recipes/Ni/ccECP,Ni.cc-pV5Z.gamess,gamess,gamess;gaussian;molpro;nwchem,gamess:2663;gaussian:2663;nwchem:2663,ccECP,cc-pV5Z,cc-pV5Z-ccECP,-ccECP,Ni:cc-pV5Z-ccECP,30,224,i,"7s,7p,6d,4f,3g,2h,1i","13s,13p,11d,4f,3g,2h,1i",source library name plus declared suffix '-ccECP',PASS,by_element/Ni/Ni.cc-pV5Z.cfour
Ni,28,recipes/Ni/ccECP,Ni.cc-pVDZ.gamess,gamess,gamess;gaussian;molpro;nwchem,gamess:1204;gaussian:1204;nwchem:1204,ccECP,cc-pVDZ,cc-pVDZ-ccECP,-ccECP,Ni:cc-pVDZ-ccECP,12,104,f,"4s,4p,3d,1f","13s,13p,11d,1f",source library name plus declared suffix '-ccECP',PASS,by_element/Ni/Ni.cc-pVDZ.cfour
Ni,28,recipes/Ni/ccECP,Ni.cc-pVQZ.gamess,gamess,gamess;gaussian;molpro;nwchem,gamess:2154;gaussian:2154;nwchem:2154,ccECP,cc-pVQZ,cc-pVQZ-ccECP,-ccECP,Ni:cc-pVQZ-ccECP,23,183,h,"6s,6p,5d,3f,2g,1h","13s,13p,11d,3f,2g,1h",source library name plus declared suffix '-ccECP',PASS,by_element/Ni/Ni.cc-pVQZ.cfour
Ni,28,recipes/Ni/ccECP,Ni.cc-pVTZ.gamess,gamess,gamess;gaussian;molpro;nwchem,gamess:1672;gaussian:1672;nwchem:1672,ccECP,cc-pVTZ,cc-pVTZ-ccECP,-ccECP,Ni:cc-pVTZ-ccECP,17,143,g,"5s,5p,4d,2f,1g","13s,13p,11d,2f,1g",source library name plus declared suffix '-ccECP',PASS,by_element/Ni/Ni.cc-pVTZ.cfour
O,8,recipes/O/ccECP,O.aug-cc-pV5Z.gamess,gamess,gamess;gaussian;molpro;nwchem,gamess:411;gaussian:411;nwchem:411,ccECP,aug-cc-pV5Z,aug-cc-pV5Z-ccECP,-ccECP,O:aug-cc-pV5Z-ccECP,26,42,h,"6s,6p,5d,4f,3g,2h","14s,14p,5d,4f,3g,2h",source library name plus declared suffix '-ccECP',PASS,by_element/O/O.aug-cc-pV5Z.cfour
O,8,recipes/O/ccECP,O.aug-cc-pV6Z.gamess,gamess,gamess;gaussian;molpro;nwchem,gamess:465;gaussian:465;nwchem:465,ccECP,aug-cc-pV6Z,aug-cc-pV6Z-ccECP,-ccECP,O:aug-cc-pV6Z-ccECP,34,50,i,"7s,7p,6d,5f,4g,3h,2i","15s,15p,6d,5f,4g,3h,2i",source library name plus declared suffix '-ccECP',PASS,by_element/O/O.aug-cc-pV6Z.cfour
O,8,recipes/O/ccECP,O.aug-cc-pVDZ.gamess,gamess,gamess;gaussian;molpro;nwchem,gamess:276;gaussian:276;nwchem:276,ccECP,aug-cc-pVDZ,aug-cc-pVDZ-ccECP,-ccECP,O:aug-cc-pVDZ-ccECP,8,24,d,"3s,3p,2d","11s,11p,2d",source library name plus declared suffix '-ccECP',PASS,by_element/O/O.aug-cc-pVDZ.cfour
O,8,recipes/O/ccECP,O.aug-cc-pVQZ.gamess,gamess,gamess;gaussian;molpro;nwchem,gamess:356;gaussian:356;nwchem:356,ccECP,aug-cc-pVQZ,aug-cc-pVQZ-ccECP,-ccECP,O:aug-cc-pVQZ-ccECP,19,35,g,"5s,5p,4d,3f,2g","13s,13p,4d,3f,2g",source library name plus declared suffix '-ccECP',PASS,by_element/O/O.aug-cc-pVQZ.cfour
O,8,recipes/O/ccECP,O.aug-cc-pVTZ.gamess,gamess,gamess;gaussian;molpro;nwchem,gamess:311;gaussian:311;nwchem:311,ccECP,aug-cc-pVTZ,aug-cc-pVTZ-ccECP,-ccECP,O:aug-cc-pVTZ-ccECP,13,29,f,"4s,4p,3d,2f","12s,12p,3d,2f",source library name plus declared suffix '-ccECP',PASS,by_element/O/O.aug-cc-pVTZ.cfour
O,8,recipes/O/ccECP,O.cc-pV5Z.gamess,gamess,gamess;gaussian;molpro;nwchem,gamess:370;gaussian:370;nwchem:370,ccECP,cc-pV5Z,cc-pV5Z-ccECP,-ccECP,O:cc-pV5Z-ccECP,20,36,h,"5s,5p,4d,3f,2g,1h","13s,13p,4d,3f,2g,1h",source library name plus declared suffix '-ccECP',PASS,by_element/O/O.cc-pV5Z.cfour
O,8,recipes/O/ccECP,O.cc-pV6Z.gamess,gamess,gamess;gaussian;molpro;nwchem,gamess:419;gaussian:419;nwchem:419,ccECP,cc-pV6Z,cc-pV6Z-ccECP,-ccECP,O:cc-pV6Z-ccECP,27,43,i,"6s,6p,5d,4f,3g,2h,1i","14s,14p,5d,4f,3g,2h,1i",source library name plus declared suffix '-ccECP',PASS,by_element/O/O.cc-pV6Z.cfour
O,8,recipes/O/ccECP,O.cc-pVDZ.gamess,gamess,gamess;gaussian;molpro;nwchem,gamess:256;gaussian:256;nwchem:256,ccECP,cc-pVDZ,cc-pVDZ-ccECP,-ccECP,O:cc-pVDZ-ccECP,5,21,d,"2s,2p,1d","10s,10p,1d",source library name plus declared suffix '-ccECP',PASS,by_element/O/O.cc-pVDZ.cfour
O,8,recipes/O/ccECP,O.cc-pVQZ.gamess,gamess,gamess;gaussian;molpro;nwchem,gamess:323;gaussian:323;nwchem:323,ccECP,cc-pVQZ,cc-pVQZ-ccECP,-ccECP,O:cc-pVQZ-ccECP,14,30,g,"4s,4p,3d,2f,1g","12s,12p,3d,2f,1g",source library name plus declared suffix '-ccECP',PASS,by_element/O/O.cc-pVQZ.cfour
O,8,recipes/O/ccECP,O.cc-pVTZ.gamess,gamess,gamess;gaussian;molpro;nwchem,gamess:285;gaussian:285;nwchem:285,ccECP,cc-pVTZ,cc-pVTZ-ccECP,-ccECP,O:cc-pVTZ-ccECP,9,25,f,"3s,3p,2d,1f","11s,11p,2d,1f",source library name plus declared suffix '-ccECP',PASS,by_element/O/O.cc-pVTZ.cfour
P,15,recipes/P/ccECP,P.aug-cc-pV5Z.gamess,gamess,gamess;gaussian;molpro;nwchem,gamess:388;gaussian:388;nwchem:388,ccECP,aug-cc-pV5Z,aug-cc-pV5Z-ccECP,-ccECP,P:aug-cc-pV5Z-ccECP,26,44,h,"6s,6p,5d,4f,3g,2h","15s,15p,5d,4f,3g,2h",source library name plus declared suffix '-ccECP',PASS,by_element/P/P.aug-cc-pV5Z.cfour
P,15,recipes/P/ccECP,P.aug-cc-pV6Z.gamess,gamess,gamess;gaussian;molpro;nwchem,gamess:444;gaussian:444;nwchem:444,ccECP,aug-cc-pV6Z,aug-cc-pV6Z-ccECP,-ccECP,P:aug-cc-pV6Z-ccECP,34,52,i,"7s,7p,6d,5f,4g,3h,2i","16s,16p,6d,5f,4g,3h,2i",source library name plus declared suffix '-ccECP',PASS,by_element/P/P.aug-cc-pV6Z.cfour
P,15,recipes/P/ccECP,P.aug-cc-pVDZ.gamess,gamess,gamess;gaussian;molpro;nwchem,gamess:264;gaussian:264;nwchem:264,ccECP,aug-cc-pVDZ,aug-cc-pVDZ-ccECP,-ccECP,P:aug-cc-pVDZ-ccECP,8,26,d,"3s,3p,2d","12s,12p,2d",source library name plus declared suffix '-ccECP',PASS,by_element/P/P.aug-cc-pVDZ.cfour
P,15,recipes/P/ccECP,P.aug-cc-pVQZ.gamess,gamess,gamess;gaussian;molpro;nwchem,gamess:340;gaussian:340;nwchem:340,ccECP,aug-cc-pVQZ,aug-cc-pVQZ-ccECP,-ccECP,P:aug-cc-pVQZ-ccECP,19,37,g,"5s,5p,4d,3f,2g","14s,14p,4d,3f,2g",source library name plus declared suffix '-ccECP',PASS,by_element/P/P.aug-cc-pVQZ.cfour
P,15,recipes/P/ccECP,P.aug-cc-pVTZ.gamess,gamess,gamess;gaussian;molpro;nwchem,gamess:298;gaussian:298;nwchem:298,ccECP,aug-cc-pVTZ,aug-cc-pVTZ-ccECP,-ccECP,P:aug-cc-pVTZ-ccECP,13,31,f,"4s,4p,3d,2f","13s,13p,3d,2f",source library name plus declared suffix '-ccECP',PASS,by_element/P/P.aug-cc-pVTZ.cfour
P,15,recipes/P/ccECP,P.cc-pV5Z.gamess,gamess,gamess;gaussian;molpro;nwchem,gamess:351;gaussian:351;nwchem:351,ccECP,cc-pV5Z,cc-pV5Z-ccECP,-ccECP,P:cc-pV5Z-ccECP,20,38,h,"5s,5p,4d,3f,2g,1h","14s,14p,4d,3f,2g,1h",source library name plus declared suffix '-ccECP',PASS,by_element/P/P.cc-pV5Z.cfour
P,15,recipes/P/ccECP,P.cc-pV6Z.gamess,gamess,gamess;gaussian;molpro;nwchem,gamess:398;gaussian:398;nwchem:398,ccECP,cc-pV6Z,cc-pV6Z-ccECP,-ccECP,P:cc-pV6Z-ccECP,27,45,i,"6s,6p,5d,4f,3g,2h,1i","15s,15p,5d,4f,3g,2h,1i",source library name plus declared suffix '-ccECP',PASS,by_element/P/P.cc-pV6Z.cfour
P,15,recipes/P/ccECP,P.cc-pVDZ.gamess,gamess,gamess;gaussian;molpro;nwchem,gamess:245;gaussian:245;nwchem:245,ccECP,cc-pVDZ,cc-pVDZ-ccECP,-ccECP,P:cc-pVDZ-ccECP,5,23,d,"2s,2p,1d","11s,11p,1d",source library name plus declared suffix '-ccECP',PASS,by_element/P/P.cc-pVDZ.cfour
P,15,recipes/P/ccECP,P.cc-pVQZ.gamess,gamess,gamess;gaussian;molpro;nwchem,gamess:308;gaussian:308;nwchem:308,ccECP,cc-pVQZ,cc-pVQZ-ccECP,-ccECP,P:cc-pVQZ-ccECP,14,32,g,"4s,4p,3d,2f,1g","13s,13p,3d,2f,1g",source library name plus declared suffix '-ccECP',PASS,by_element/P/P.cc-pVQZ.cfour
P,15,recipes/P/ccECP,P.cc-pVTZ.gamess,gamess,gamess;gaussian;molpro;nwchem,gamess:274;gaussian:274;nwchem:274,ccECP,cc-pVTZ,cc-pVTZ-ccECP,-ccECP,P:cc-pVTZ-ccECP,9,27,f,"3s,3p,2d,1f","12s,12p,2d,1f",source library name plus declared suffix '-ccECP',PASS,by_element/P/P.cc-pVTZ.cfour
Pb,82,recipes/Pb/ccECP,Pb.aug-cc-pV5Z.gamess,gamess,dirac;gamess;gaussian;molpro;nwchem,gamess:365;gaussian:365;nwchem:365,ccECP,aug-cc-pV5Z,aug-cc-pV5Z-ccECP,-ccECP,Pb:aug-cc-pV5Z-ccECP,26,42,h,"6s,6p,5d,4f,3g,2h","14s,14p,5d,4f,3g,2h",source library name plus declared suffix '-ccECP',PASS,by_element/Pb/Pb.aug-cc-pV5Z.cfour
Pb,82,recipes/Pb/ccECP,Pb.aug-cc-pVDZ.gamess,gamess,dirac;gamess;gaussian;molpro;nwchem,gamess:244;gaussian:244;nwchem:244,ccECP,aug-cc-pVDZ,aug-cc-pVDZ-ccECP,-ccECP,Pb:aug-cc-pVDZ-ccECP,8,24,d,"3s,3p,2d","11s,11p,2d",source library name plus declared suffix '-ccECP',PASS,by_element/Pb/Pb.aug-cc-pVDZ.cfour
Pb,82,recipes/Pb/ccECP,Pb.aug-cc-pVQZ.gamess,gamess,dirac;gamess;gaussian;molpro;nwchem,gamess:320;gaussian:320;nwchem:320,ccECP,aug-cc-pVQZ,aug-cc-pVQZ-ccECP,-ccECP,Pb:aug-cc-pVQZ-ccECP,19,35,g,"5s,5p,4d,3f,2g","13s,13p,4d,3f,2g",source library name plus declared suffix '-ccECP',PASS,by_element/Pb/Pb.aug-cc-pVQZ.cfour
Pb,82,recipes/Pb/ccECP,Pb.aug-cc-pVTZ.gamess,gamess,dirac;gamess;gaussian;molpro;nwchem,gamess:278;gaussian:278;nwchem:278,ccECP,aug-cc-pVTZ,aug-cc-pVTZ-ccECP,-ccECP,Pb:aug-cc-pVTZ-ccECP,13,29,f,"4s,4p,3d,2f","12s,12p,3d,2f",source library name plus declared suffix '-ccECP',PASS,by_element/Pb/Pb.aug-cc-pVTZ.cfour
Pb,82,recipes/Pb/ccECP,Pb.cc-pV5Z.gamess,gamess,dirac;gamess;gaussian;molpro;nwchem,gamess:329;gaussian:329;nwchem:329,ccECP,cc-pV5Z,cc-pV5Z-ccECP,-ccECP,Pb:cc-pV5Z-ccECP,20,36,h,"5s,5p,4d,3f,2g,1h","13s,13p,4d,3f,2g,1h",source library name plus declared suffix '-ccECP',PASS,by_element/Pb/Pb.cc-pV5Z.cfour
Pb,82,recipes/Pb/ccECP,Pb.cc-pVDZ.gamess,gamess,dirac;gamess;gaussian;molpro;nwchem,gamess:226;gaussian:226;nwchem:226,ccECP,cc-pVDZ,cc-pVDZ-ccECP,-ccECP,Pb:cc-pVDZ-ccECP,5,21,d,"2s,2p,1d","10s,10p,1d",source library name plus declared suffix '-ccECP',PASS,by_element/Pb/Pb.cc-pVDZ.cfour
Pb,82,recipes/Pb/ccECP,Pb.cc-pVQZ.gamess,gamess,dirac;gamess;gaussian;molpro;nwchem,gamess:289;gaussian:289;nwchem:289,ccECP,cc-pVQZ,cc-pVQZ-ccECP,-ccECP,Pb:cc-pVQZ-ccECP,14,30,g,"4s,4p,3d,2f,1g","12s,12p,3d,2f,1g",source library name plus declared suffix '-ccECP',PASS,by_element/Pb/Pb.cc-pVQZ.cfour
Pb,82,recipes/Pb/ccECP,Pb.cc-pVTZ.gamess,gamess,dirac;gamess;gaussian;molpro;nwchem,gamess:253;gaussian:253;nwchem:253,ccECP,cc-pVTZ,cc-pVTZ-ccECP,-ccECP,Pb:cc-pVTZ-ccECP,9,25,f,"3s,3p,2d,1f","11s,11p,2d,1f",source library name plus declared suffix '-ccECP',PASS,by_element/Pb/Pb.cc-pVTZ.cfour
Pd,46,recipes/Pd/ccECP,Pd.aug-cc-pCV5Z.gamess,gamess,dirac;gamess;gaussian;molpro;nwchem,gamess:2855;gaussian:2855;nwchem:2855,ccECP,aug-cc-pCV5Z,aug-cc-pCV5Z-ccECP,-ccECP,Pd:aug-cc-pCV5Z-ccECP,47,251,i,"10s,10p,9d,6f,5g,4h,3i","16s,16p,16d,6f,5g,4h,3i",source library name plus declared suffix '-ccECP',PASS,by_element/Pd/Pd.aug-cc-pCV5Z.cfour
Pd,46,recipes/Pd/ccECP,Pd.aug-cc-pCVDZ.gamess,gamess,dirac;gamess;gaussian;molpro;nwchem,gamess:1270;gaussian:1270;nwchem:1270,ccECP,aug-cc-pCVDZ,aug-cc-pCVDZ-ccECP,-ccECP,Pd:aug-cc-pCVDZ-ccECP,20,116,f,"6s,6p,5d,3f","15s,15p,15d,3f",source library name plus declared suffix '-ccECP',PASS,by_element/Pd/Pd.aug-cc-pCVDZ.cfour
Pd,46,recipes/Pd/ccECP,Pd.aug-cc-pCVQZ.gamess,gamess,dirac;gamess;gaussian;molpro;nwchem,gamess:2310;gaussian:2310;nwchem:2310,ccECP,aug-cc-pCVQZ,aug-cc-pCVQZ-ccECP,-ccECP,Pd:aug-cc-pCVQZ-ccECP,38,206,h,"9s,9p,8d,5f,4g,3h","16s,16p,16d,5f,4g,3h",source library name plus declared suffix '-ccECP',PASS,by_element/Pd/Pd.aug-cc-pCVQZ.cfour
Pd,46,recipes/Pd/ccECP,Pd.aug-cc-pCVTZ.gamess,gamess,dirac;gamess;gaussian;molpro;nwchem,gamess:1787;gaussian:1787;nwchem:1787,ccECP,aug-cc-pCVTZ,aug-cc-pCVTZ-ccECP,-ccECP,Pd:aug-cc-pCVTZ-ccECP,30,162,g,"8s,8p,7d,4f,3g","16s,16p,16d,4f,3g",source library name plus declared suffix '-ccECP',PASS,by_element/Pd/Pd.aug-cc-pCVTZ.cfour
Pd,46,recipes/Pd/ccECP,Pd.aug-cc-pV5Z.gamess,gamess,dirac;gamess;gaussian;molpro;nwchem,gamess:2796;gaussian:2796;nwchem:2796,ccECP,aug-cc-pV5Z,aug-cc-pV5Z-ccECP,-ccECP,Pd:aug-cc-pV5Z-ccECP,37,241,i,"8s,8p,7d,5f,4g,3h,2i","14s,14p,14d,5f,4g,3h,2i",source library name plus declared suffix '-ccECP',PASS,by_element/Pd/Pd.aug-cc-pV5Z.cfour
Pd,46,recipes/Pd/ccECP,Pd.aug-cc-pVDZ.gamess,gamess,dirac;gamess;gaussian;molpro;nwchem,gamess:1248;gaussian:1248;nwchem:1248,ccECP,aug-cc-pVDZ,aug-cc-pVDZ-ccECP,-ccECP,Pd:aug-cc-pVDZ-ccECP,16,112,f,"5s,5p,4d,2f","14s,14p,14d,2f",source library name plus declared suffix '-ccECP',PASS,by_element/Pd/Pd.aug-cc-pVDZ.cfour
Pd,46,recipes/Pd/ccECP,Pd.aug-cc-pVQZ.gamess,gamess,dirac;gamess;gaussian;molpro;nwchem,gamess:2325;gaussian:2325;nwchem:2325,ccECP,aug-cc-pVQZ,aug-cc-pVQZ-ccECP,-ccECP,Pd:aug-cc-pVQZ-ccECP,38,206,h,"7s,7p,6d,8f,6g,4h","14s,14p,14d,8f,6g,4h",source library name plus declared suffix '-ccECP',PASS,by_element/Pd/Pd.aug-cc-pVQZ.cfour
Pd,46,recipes/Pd/ccECP,Pd.aug-cc-pVTZ.gamess,gamess,dirac;gamess;gaussian;molpro;nwchem,gamess:1740;gaussian:1740;nwchem:1740,ccECP,aug-cc-pVTZ,aug-cc-pVTZ-ccECP,-ccECP,Pd:aug-cc-pVTZ-ccECP,22,154,g,"6s,6p,5d,3f,2g","14s,14p,14d,3f,2g",source library name plus declared suffix '-ccECP',PASS,by_element/Pd/Pd.aug-cc-pVTZ.cfour
Pd,46,recipes/Pd/ccECP,Pd.cc-pCV5Z.gamess,gamess,dirac;gamess;gaussian;molpro;nwchem,gamess:2818;gaussian:2818;nwchem:2818,ccECP,cc-pCV5Z,cc-pCV5Z-ccECP,-ccECP,Pd:cc-pCV5Z-ccECP,40,244,i,"9s,9p,8d,5f,4g,3h,2i","15s,15p,15d,5f,4g,3h,2i",source library name plus declared suffix '-ccECP',PASS,by_element/Pd/Pd.cc-pCV5Z.cfour
Pd,46,recipes/Pd/ccECP,Pd.cc-pCVDZ.gamess,gamess,dirac;gamess;gaussian;molpro;nwchem,gamess:1249;gaussian:1249;nwchem:1249,ccECP,cc-pCVDZ,cc-pCVDZ-ccECP,-ccECP,Pd:cc-pCVDZ-ccECP,16,112,f,"5s,5p,4d,2f","14s,14p,14d,2f",source library name plus declared suffix '-ccECP',PASS,by_element/Pd/Pd.cc-pCVDZ.cfour
Pd,46,recipes/Pd/ccECP,Pd.cc-pCVQZ.gamess,gamess,dirac;gamess;gaussian;molpro;nwchem,gamess:2280;gaussian:2280;nwchem:2280,ccECP,cc-pCVQZ,cc-pCVQZ-ccECP,-ccECP,Pd:cc-pCVQZ-ccECP,32,200,h,"8s,8p,7d,4f,3g,2h","15s,15p,15d,4f,3g,2h",source library name plus declared suffix '-ccECP',PASS,by_element/Pd/Pd.cc-pCVQZ.cfour
Pd,46,recipes/Pd/ccECP,Pd.cc-pCVTZ.gamess,gamess,dirac;gamess;gaussian;molpro;nwchem,gamess:1761;gaussian:1761;nwchem:1761,ccECP,cc-pCVTZ,cc-pCVTZ-ccECP,-ccECP,Pd:cc-pCVTZ-ccECP,25,157,g,"7s,7p,6d,3f,2g","15s,15p,15d,3f,2g",source library name plus declared suffix '-ccECP',PASS,by_element/Pd/Pd.cc-pCVTZ.cfour
Pd,46,recipes/Pd/ccECP,Pd.cc-pV5Z.gamess,gamess,dirac;gamess;gaussian;molpro;nwchem,gamess:2759;gaussian:2759;nwchem:2759,ccECP,cc-pV5Z,cc-pV5Z-ccECP,-ccECP,Pd:cc-pV5Z-ccECP,30,234,i,"7s,7p,6d,4f,3g,2h,1i","13s,13p,13d,4f,3g,2h,1i",source library name plus declared suffix '-ccECP',PASS,by_element/Pd/Pd.cc-pV5Z.cfour
Pd,46,recipes/Pd/ccECP,Pd.cc-pVDZ.gamess,gamess,dirac;gamess;gaussian;molpro;nwchem,gamess:1227;gaussian:1227;nwchem:1227,ccECP,cc-pVDZ,cc-pVDZ-ccECP,-ccECP,Pd:cc-pVDZ-ccECP,12,108,f,"4s,4p,3d,1f","13s,13p,13d,1f",source library name plus declared suffix '-ccECP',PASS,by_element/Pd/Pd.cc-pVDZ.cfour
Pd,46,recipes/Pd/ccECP,Pd.cc-pVQZ.gamess,gamess,dirac;gamess;gaussian;molpro;nwchem,gamess:2228;gaussian:2228;nwchem:2228,ccECP,cc-pVQZ,cc-pVQZ-ccECP,-ccECP,Pd:cc-pVQZ-ccECP,23,191,h,"6s,6p,5d,3f,2g,1h","13s,13p,13d,3f,2g,1h",source library name plus declared suffix '-ccECP',PASS,by_element/Pd/Pd.cc-pVQZ.cfour
Pd,46,recipes/Pd/ccECP,Pd.cc-pVTZ.gamess,gamess,dirac;gamess;gaussian;molpro;nwchem,gamess:1714;gaussian:1714;nwchem:1714,ccECP,cc-pVTZ,cc-pVTZ-ccECP,-ccECP,Pd:cc-pVTZ-ccECP,17,149,g,"5s,5p,4d,2f,1g","13s,13p,13d,2f,1g",source library name plus declared suffix '-ccECP',PASS,by_element/Pd/Pd.cc-pVTZ.cfour
Pt,78,recipes/Pt/ccECP,Pt.aug-cc-pCV5Z.gamess,gamess,dirac;gamess;gaussian;molpro;nwchem,gamess:2861;gaussian:2861;nwchem:2861,ccECP,aug-cc-pCV5Z,aug-cc-pCV5Z-ccECP,-ccECP,Pt:aug-cc-pCV5Z-ccECP,47,251,i,"10s,10p,9d,6f,5g,4h,3i","16s,16p,16d,6f,5g,4h,3i",source library name plus declared suffix '-ccECP',PASS,by_element/Pt/Pt.aug-cc-pCV5Z.cfour
Pt,78,recipes/Pt/ccECP,Pt.aug-cc-pCVDZ.gamess,gamess,dirac;gamess;gaussian;molpro;nwchem,gamess:1279;gaussian:1279;nwchem:1279,ccECP,aug-cc-pCVDZ,aug-cc-pCVDZ-ccECP,-ccECP,Pt:aug-cc-pCVDZ-ccECP,20,116,f,"6s,6p,5d,3f","15s,15p,15d,3f",source library name plus declared suffix '-ccECP',PASS,by_element/Pt/Pt.aug-cc-pCVDZ.cfour
Pt,78,recipes/Pt/ccECP,Pt.aug-cc-pCVQZ.gamess,gamess,dirac;gamess;gaussian;molpro;nwchem,gamess:2314;gaussian:2314;nwchem:2314,ccECP,aug-cc-pCVQZ,aug-cc-pCVQZ-ccECP,-ccECP,Pt:aug-cc-pCVQZ-ccECP,38,206,h,"9s,9p,8d,5f,4g,3h","16s,16p,16d,5f,4g,3h",source library name plus declared suffix '-ccECP',PASS,by_element/Pt/Pt.aug-cc-pCVQZ.cfour
Pt,78,recipes/Pt/ccECP,Pt.aug-cc-pCVTZ.gamess,gamess,dirac;gamess;gaussian;molpro;nwchem,gamess:1792;gaussian:1792;nwchem:1792,ccECP,aug-cc-pCVTZ,aug-cc-pCVTZ-ccECP,-ccECP,Pt:aug-cc-pCVTZ-ccECP,30,162,g,"8s,8p,7d,4f,3g","16s,16p,16d,4f,3g",source library name plus declared suffix '-ccECP',PASS,by_element/Pt/Pt.aug-cc-pCVTZ.cfour
Pt,78,recipes/Pt/ccECP,Pt.aug-cc-pV5Z.gamess,gamess,dirac;gamess;gaussian;molpro;nwchem,gamess:2800;gaussian:2800;nwchem:2800,ccECP,aug-cc-pV5Z,aug-cc-pV5Z-ccECP,-ccECP,Pt:aug-cc-pV5Z-ccECP,37,241,i,"8s,8p,7d,5f,4g,3h,2i","14s,14p,14d,5f,4g,3h,2i",source library name plus declared suffix '-ccECP',PASS,by_element/Pt/Pt.aug-cc-pV5Z.cfour
Pt,78,recipes/Pt/ccECP,Pt.aug-cc-pVDZ.gamess,gamess,dirac;gamess;gaussian;molpro;nwchem,gamess:1255;gaussian:1255;nwchem:1255,ccECP,aug-cc-pVDZ,aug-cc-pVDZ-ccECP,-ccECP,Pt:aug-cc-pVDZ-ccECP,16,112,f,"5s,5p,4d,2f","14s,14p,14d,2f",source library name plus declared suffix '-ccECP',PASS,by_element/Pt/Pt.aug-cc-pVDZ.cfour
Pt,78,recipes/Pt/ccECP,Pt.aug-cc-pVQZ.gamess,gamess,dirac;gamess;gaussian;molpro;nwchem,gamess:2262;gaussian:2262;nwchem:2262,ccECP,aug-cc-pVQZ,aug-cc-pVQZ-ccECP,-ccECP,Pt:aug-cc-pVQZ-ccECP,29,197,h,"7s,7p,6d,4f,3g,2h","14s,14p,14d,4f,3g,2h",source library name plus declared suffix '-ccECP',PASS,by_element/Pt/Pt.aug-cc-pVQZ.cfour
Pt,78,recipes/Pt/ccECP,Pt.aug-cc-pVTZ.gamess,gamess,dirac;gamess;gaussian;molpro;nwchem,gamess:1743;gaussian:1743;nwchem:1743,ccECP,aug-cc-pVTZ,aug-cc-pVTZ-ccECP,-ccECP,Pt:aug-cc-pVTZ-ccECP,22,154,g,"6s,6p,5d,3f,2g","14s,14p,14d,3f,2g",source library name plus declared suffix '-ccECP',PASS,by_element/Pt/Pt.aug-cc-pVTZ.cfour
Pt,78,recipes/Pt/ccECP,Pt.cc-pCV5Z.gamess,gamess,dirac;gamess;gaussian;molpro;nwchem,gamess:2824;gaussian:2824;nwchem:2824,ccECP,cc-pCV5Z,cc-pCV5Z-ccECP,-ccECP,Pt:cc-pCV5Z-ccECP,40,244,i,"9s,9p,8d,5f,4g,3h,2i","15s,15p,15d,5f,4g,3h,2i",source library name plus declared suffix '-ccECP',PASS,by_element/Pt/Pt.cc-pCV5Z.cfour
Pt,78,recipes/Pt/ccECP,Pt.cc-pCVDZ.gamess,gamess,dirac;gamess;gaussian;molpro;nwchem,gamess:1256;gaussian:1256;nwchem:1256,ccECP,cc-pCVDZ,cc-pCVDZ-ccECP,-ccECP,Pt:cc-pCVDZ-ccECP,16,112,f,"5s,5p,4d,2f","14s,14p,14d,2f",source library name plus declared suffix '-ccECP',PASS,by_element/Pt/Pt.cc-pCVDZ.cfour
Pt,78,recipes/Pt/ccECP,Pt.cc-pCVQZ.gamess,gamess,dirac;gamess;gaussian;molpro;nwchem,gamess:2281;gaussian:2281;nwchem:2281,ccECP,cc-pCVQZ,cc-pCVQZ-ccECP,-ccECP,Pt:cc-pCVQZ-ccECP,32,200,h,"8s,8p,7d,4f,3g,2h","15s,15p,15d,4f,3g,2h",source library name plus declared suffix '-ccECP',PASS,by_element/Pt/Pt.cc-pCVQZ.cfour
Pt,78,recipes/Pt/ccECP,Pt.cc-pCVTZ.gamess,gamess,dirac;gamess;gaussian;molpro;nwchem,gamess:1764;gaussian:1764;nwchem:1764,ccECP,cc-pCVTZ,cc-pCVTZ-ccECP,-ccECP,Pt:cc-pCVTZ-ccECP,25,157,g,"7s,7p,6d,3f,2g","15s,15p,15d,3f,2g",source library name plus declared suffix '-ccECP',PASS,by_element/Pt/Pt.cc-pCVTZ.cfour
Pt,78,recipes/Pt/ccECP,Pt.cc-pV5Z.gamess,gamess,dirac;gamess;gaussian;molpro;nwchem,gamess:2763;gaussian:2763;nwchem:2763,ccECP,cc-pV5Z,cc-pV5Z-ccECP,-ccECP,Pt:cc-pV5Z-ccECP,30,234,i,"7s,7p,6d,4f,3g,2h,1i","13s,13p,13d,4f,3g,2h,1i",source library name plus declared suffix '-ccECP',PASS,by_element/Pt/Pt.cc-pV5Z.cfour
Pt,78,recipes/Pt/ccECP,Pt.cc-pVDZ.gamess,gamess,dirac;gamess;gaussian;molpro;nwchem,gamess:1232;gaussian:1232;nwchem:1232,ccECP,cc-pVDZ,cc-pVDZ-ccECP,-ccECP,Pt:cc-pVDZ-ccECP,12,108,f,"4s,4p,3d,1f","13s,13p,13d,1f",source library name plus declared suffix '-ccECP',PASS,by_element/Pt/Pt.cc-pVDZ.cfour
Pt,78,recipes/Pt/ccECP,Pt.cc-pVQZ.gamess,gamess,dirac;gamess;gaussian;molpro;nwchem,gamess:2229;gaussian:2229;nwchem:2229,ccECP,cc-pVQZ,cc-pVQZ-ccECP,-ccECP,Pt:cc-pVQZ-ccECP,23,191,h,"6s,6p,5d,3f,2g,1h","13s,13p,13d,3f,2g,1h",source library name plus declared suffix '-ccECP',PASS,by_element/Pt/Pt.cc-pVQZ.cfour
Pt,78,recipes/Pt/ccECP,Pt.cc-pVTZ.gamess,gamess,dirac;gamess;gaussian;molpro;nwchem,gamess:1715;gaussian:1715;nwchem:1715,ccECP,cc-pVTZ,cc-pVTZ-ccECP,-ccECP,Pt:cc-pVTZ-ccECP,17,149,g,"5s,5p,4d,2f,1g","13s,13p,13d,2f,1g",source library name plus declared suffix '-ccECP',PASS,by_element/Pt/Pt.cc-pVTZ.cfour
Rb,37,recipes/Rb/ccECP,Rb.aug-cc-pCV5Z.gamess,gamess,dirac;gamess;gaussian;molpro;nwchem,gamess:858;gaussian:858;nwchem:858,ccECP,aug-cc-pCV5Z,aug-cc-pCV5Z-ccECP,-ccECP,Rb:aug-cc-pCV5Z-ccECP,50,98,h,"13s,13p,9d,7f,5g,3h","24s,24p,9d,7f,5g,3h",source library name plus declared suffix '-ccECP',PASS,by_element/Rb/Rb.aug-cc-pCV5Z.cfour
Rb,37,recipes/Rb/ccECP,Rb.aug-cc-pCV6Z.gamess,gamess,dirac;gamess;gaussian;molpro;nwchem,gamess:957;gaussian:957;nwchem:957,ccECP,aug-cc-pCV6Z,aug-cc-pCV6Z-ccECP,-ccECP,Rb:aug-cc-pCV6Z-ccECP,65,113,i,"15s,15p,11d,9f,7g,5h,3i","26s,26p,11d,9f,7g,5h,3i",source library name plus declared suffix '-ccECP',PASS,by_element/Rb/Rb.aug-cc-pCV6Z.cfour
Rb,37,recipes/Rb/ccECP,Rb.aug-cc-pCVDZ.gamess,gamess,dirac;gamess;gaussian;molpro;nwchem,gamess:588;gaussian:588;nwchem:588,ccECP,aug-cc-pCVDZ,aug-cc-pCVDZ-ccECP,-ccECP,Rb:aug-cc-pCVDZ-ccECP,15,63,d,"6s,6p,3d","17s,17p,3d",source library name plus declared suffix '-ccECP',PASS,by_element/Rb/Rb.aug-cc-pCVDZ.cfour
Rb,37,recipes/Rb/ccECP,Rb.aug-cc-pCVQZ.gamess,gamess,dirac;gamess;gaussian;molpro;nwchem,gamess:746;gaussian:746;nwchem:746,ccECP,aug-cc-pCVQZ,aug-cc-pCVQZ-ccECP,-ccECP,Rb:aug-cc-pCVQZ-ccECP,37,85,g,"11s,11p,7d,5f,3g","22s,22p,7d,5f,3g",source library name plus declared suffix '-ccECP',PASS,by_element/Rb/Rb.aug-cc-pCVQZ.cfour
Rb,37,recipes/Rb/ccECP,Rb.aug-cc-pCVTZ.gamess,gamess,dirac;gamess;gaussian;molpro;nwchem,gamess:673;gaussian:673;nwchem:673,ccECP,aug-cc-pCVTZ,aug-cc-pCVTZ-ccECP,-ccECP,Rb:aug-cc-pCVTZ-ccECP,26,74,f,"9s,9p,5d,3f","20s,20p,5d,3f",source library name plus declared suffix '-ccECP',PASS,by_element/Rb/Rb.aug-cc-pCVTZ.cfour
Rb,37,recipes/Rb/ccECP,Rb.aug-cc-pV5Z.gamess,gamess,dirac;gamess;gaussian;molpro;nwchem,gamess:697;gaussian:697;nwchem:697,ccECP,aug-cc-pV5Z,aug-cc-pV5Z-ccECP,-ccECP,Rb:aug-cc-pV5Z-ccECP,30,78,h,"8s,8p,5d,4f,3g,2h","19s,19p,5d,4f,3g,2h",source library name plus declared suffix '-ccECP',PASS,by_element/Rb/Rb.aug-cc-pV5Z.cfour
Rb,37,recipes/Rb/ccECP,Rb.aug-cc-pV6Z.gamess,gamess,dirac;gamess;gaussian;molpro;nwchem,gamess:748;gaussian:748;nwchem:748,ccECP,aug-cc-pV6Z,aug-cc-pV6Z-ccECP,-ccECP,Rb:aug-cc-pV6Z-ccECP,38,86,i,"9s,9p,6d,5f,4g,3h,2i","20s,20p,6d,5f,4g,3h,2i",source library name plus declared suffix '-ccECP',PASS,by_element/Rb/Rb.aug-cc-pV6Z.cfour
Rb,37,recipes/Rb/ccECP,Rb.aug-cc-pVDZ.gamess,gamess,dirac;gamess;gaussian;molpro;nwchem,gamess:568;gaussian:568;nwchem:568,ccECP,aug-cc-pVDZ,aug-cc-pVDZ-ccECP,-ccECP,Rb:aug-cc-pVDZ-ccECP,12,60,d,"5s,5p,2d","16s,16p,2d",source library name plus declared suffix '-ccECP',PASS,by_element/Rb/Rb.aug-cc-pVDZ.cfour
Rb,37,recipes/Rb/ccECP,Rb.aug-cc-pVQZ.gamess,gamess,dirac;gamess;gaussian;molpro;nwchem,gamess:638;gaussian:638;nwchem:638,ccECP,aug-cc-pVQZ,aug-cc-pVQZ-ccECP,-ccECP,Rb:aug-cc-pVQZ-ccECP,23,71,g,"7s,7p,4d,3f,2g","18s,18p,4d,3f,2g",source library name plus declared suffix '-ccECP',PASS,by_element/Rb/Rb.aug-cc-pVQZ.cfour
Rb,37,recipes/Rb/ccECP,Rb.aug-cc-pVTZ.gamess,gamess,dirac;gamess;gaussian;molpro;nwchem,gamess:604;gaussian:604;nwchem:604,ccECP,aug-cc-pVTZ,aug-cc-pVTZ-ccECP,-ccECP,Rb:aug-cc-pVTZ-ccECP,17,65,f,"6s,6p,3d,2f","17s,17p,3d,2f",source library name plus declared suffix '-ccECP',PASS,by_element/Rb/Rb.aug-cc-pVTZ.cfour
Rb,37,recipes/Rb/ccECP,Rb.cc-pCV5Z.gamess,gamess,dirac;gamess;gaussian;molpro;nwchem,gamess:820;gaussian:820;nwchem:820,ccECP,cc-pCV5Z,cc-pCV5Z-ccECP,-ccECP,Rb:cc-pCV5Z-ccECP,44,92,h,"12s,12p,8d,6f,4g,2h","23s,23p,8d,6f,4g,2h",source library name plus declared suffix '-ccECP',PASS,by_element/Rb/Rb.cc-pCV5Z.cfour
Rb,37,recipes/Rb/ccECP,Rb.cc-pCV6Z.gamess,gamess,dirac;gamess;gaussian;molpro;nwchem,gamess:914;gaussian:914;nwchem:914,ccECP,cc-pCV6Z,cc-pCV6Z-ccECP,-ccECP,Rb:cc-pCV6Z-ccECP,58,106,i,"14s,14p,10d,8f,6g,4h,2i","25s,25p,10d,8f,6g,4h,2i",source library name plus declared suffix '-ccECP',PASS,by_element/Rb/Rb.cc-pCV6Z.cfour
Rb,37,recipes/Rb/ccECP,Rb.cc-pCVDZ.gamess,gamess,dirac;gamess;gaussian;molpro;nwchem,gamess:571;gaussian:571;nwchem:571,ccECP,cc-pCVDZ,cc-pCVDZ-ccECP,-ccECP,Rb:cc-pCVDZ-ccECP,12,60,d,"5s,5p,2d","16s,16p,2d",source library name plus declared suffix '-ccECP',PASS,by_element/Rb/Rb.cc-pCVDZ.cfour
Rb,37,recipes/Rb/ccECP,Rb.cc-pCVQZ.gamess,gamess,dirac;gamess;gaussian;molpro;nwchem,gamess:717;gaussian:717;nwchem:717,ccECP,cc-pCVQZ,cc-pCVQZ-ccECP,-ccECP,Rb:cc-pCVQZ-ccECP,32,80,g,"10s,10p,6d,4f,2g","21s,21p,6d,4f,2g",source library name plus declared suffix '-ccECP',PASS,by_element/Rb/Rb.cc-pCVQZ.cfour
Rb,37,recipes/Rb/ccECP,Rb.cc-pCVTZ.gamess,gamess,dirac;gamess;gaussian;molpro;nwchem,gamess:648;gaussian:648;nwchem:648,ccECP,cc-pCVTZ,cc-pCVTZ-ccECP,-ccECP,Rb:cc-pCVTZ-ccECP,22,70,f,"8s,8p,4d,2f","19s,19p,4d,2f",source library name plus declared suffix '-ccECP',PASS,by_element/Rb/Rb.cc-pCVTZ.cfour
Rb,37,recipes/Rb/ccECP,Rb.cc-pV5Z.gamess,gamess,dirac;gamess;gaussian;molpro;nwchem,gamess:659;gaussian:659;nwchem:659,ccECP,cc-pV5Z,cc-pV5Z-ccECP,-ccECP,Rb:cc-pV5Z-ccECP,24,72,h,"7s,7p,4d,3f,2g,1h","18s,18p,4d,3f,2g,1h",source library name plus declared suffix '-ccECP',PASS,by_element/Rb/Rb.cc-pV5Z.cfour
Rb,37,recipes/Rb/ccECP,Rb.cc-pV6Z.gamess,gamess,dirac;gamess;gaussian;molpro;nwchem,gamess:705;gaussian:705;nwchem:705,ccECP,cc-pV6Z,cc-pV6Z-ccECP,-ccECP,Rb:cc-pV6Z-ccECP,31,79,i,"8s,8p,5d,4f,3g,2h,1i","19s,19p,5d,4f,3g,2h,1i",source library name plus declared suffix '-ccECP',PASS,by_element/Rb/Rb.cc-pV6Z.cfour
Rb,37,recipes/Rb/ccECP,Rb.cc-pVDZ.gamess,gamess,dirac;gamess;gaussian;molpro;nwchem,gamess:551;gaussian:551;nwchem:551,ccECP,cc-pVDZ,cc-pVDZ-ccECP,-ccECP,Rb:cc-pVDZ-ccECP,9,57,d,"4s,4p,1d","15s,15p,1d",source library name plus declared suffix '-ccECP',PASS,by_element/Rb/Rb.cc-pVDZ.cfour
Rb,37,recipes/Rb/ccECP,Rb.cc-pVQZ.gamess,gamess,dirac;gamess;gaussian;molpro;nwchem,gamess:609;gaussian:609;nwchem:609,ccECP,cc-pVQZ,cc-pVQZ-ccECP,-ccECP,Rb:cc-pVQZ-ccECP,18,66,g,"6s,6p,3d,2f,1g","17s,17p,3d,2f,1g",source library name plus declared suffix '-ccECP',PASS,by_element/Rb/Rb.cc-pVQZ.cfour
Rb,37,recipes/Rb/ccECP,Rb.cc-pVTZ.gamess,gamess,dirac;gamess;gaussian;molpro;nwchem,gamess:579;gaussian:579;nwchem:579,ccECP,cc-pVTZ,cc-pVTZ-ccECP,-ccECP,Rb:cc-pVTZ-ccECP,13,61,f,"5s,5p,2d,1f","16s,16p,2d,1f",source library name plus declared suffix '-ccECP',PASS,by_element/Rb/Rb.cc-pVTZ.cfour
Re,75,recipes/Re/ccECP,Re.aug-cc-pCV5Z.gamess,gamess,dirac;gamess;gaussian;molpro;nwchem,gamess:2812;gaussian:2812;nwchem:2812,ccECP,aug-cc-pCV5Z,aug-cc-pCV5Z-ccECP,-ccECP,Re:aug-cc-pCV5Z-ccECP,47,251,i,"10s,10p,9d,6f,5g,4h,3i","16s,16p,16d,6f,5g,4h,3i",source library name plus declared suffix '-ccECP',PASS,by_element/Re/Re.aug-cc-pCV5Z.cfour
Re,75,recipes/Re/ccECP,Re.aug-cc-pCVDZ.gamess,gamess,dirac;gamess;gaussian;molpro;nwchem,gamess:1264;gaussian:1264;nwchem:1264,ccECP,aug-cc-pCVDZ,aug-cc-pCVDZ-ccECP,-ccECP,Re:aug-cc-pCVDZ-ccECP,20,116,f,"6s,6p,5d,3f","15s,15p,15d,3f",source library name plus declared suffix '-ccECP',PASS,by_element/Re/Re.aug-cc-pCVDZ.cfour
Re,75,recipes/Re/ccECP,Re.aug-cc-pCVQZ.gamess,gamess,dirac;gamess;gaussian;molpro;nwchem,gamess:2277;gaussian:2277;nwchem:2277,ccECP,aug-cc-pCVQZ,aug-cc-pCVQZ-ccECP,-ccECP,Re:aug-cc-pCVQZ-ccECP,38,206,h,"9s,9p,8d,5f,4g,3h","16s,16p,16d,5f,4g,3h",source library name plus declared suffix '-ccECP',PASS,by_element/Re/Re.aug-cc-pCVQZ.cfour
Re,75,recipes/Re/ccECP,Re.aug-cc-pCVTZ.gamess,gamess,dirac;gamess;gaussian;molpro;nwchem,gamess:1776;gaussian:1776;nwchem:1776,ccECP,aug-cc-pCVTZ,aug-cc-pCVTZ-ccECP,-ccECP,Re:aug-cc-pCVTZ-ccECP,30,162,g,"8s,8p,7d,4f,3g","16s,16p,16d,4f,3g",source library name plus declared suffix '-ccECP',PASS,by_element/Re/Re.aug-cc-pCVTZ.cfour
Re,75,recipes/Re/ccECP,Re.aug-cc-pV5Z.gamess,gamess,dirac;gamess;gaussian;molpro;nwchem,gamess:2755;gaussian:2755;nwchem:2755,ccECP,aug-cc-pV5Z,aug-cc-pV5Z-ccECP,-ccECP,Re:aug-cc-pV5Z-ccECP,37,241,i,"8s,8p,7d,5f,4g,3h,2i","14s,14p,14d,5f,4g,3h,2i",source library name plus declared suffix '-ccECP',PASS,by_element/Re/Re.aug-cc-pV5Z.cfour
Re,75,recipes/Re/ccECP,Re.aug-cc-pVDZ.gamess,gamess,dirac;gamess;gaussian;molpro;nwchem,gamess:1245;gaussian:1245;nwchem:1245,ccECP,aug-cc-pVDZ,aug-cc-pVDZ-ccECP,-ccECP,Re:aug-cc-pVDZ-ccECP,16,112,f,"5s,5p,4d,2f","14s,14p,14d,2f",source library name plus declared suffix '-ccECP',PASS,by_element/Re/Re.aug-cc-pVDZ.cfour
Re,75,recipes/Re/ccECP,Re.aug-cc-pVQZ.gamess,gamess,dirac;gamess;gaussian;molpro;nwchem,gamess:2230;gaussian:2230;nwchem:2230,ccECP,aug-cc-pVQZ,aug-cc-pVQZ-ccECP,-ccECP,Re:aug-cc-pVQZ-ccECP,29,197,h,"7s,7p,6d,4f,3g,2h","14s,14p,14d,4f,3g,2h",source library name plus declared suffix '-ccECP',PASS,by_element/Re/Re.aug-cc-pVQZ.cfour
Re,75,recipes/Re/ccECP,Re.aug-cc-pVTZ.gamess,gamess,dirac;gamess;gaussian;molpro;nwchem,gamess:1731;gaussian:1731;nwchem:1731,ccECP,aug-cc-pVTZ,aug-cc-pVTZ-ccECP,-ccECP,Re:aug-cc-pVTZ-ccECP,22,154,g,"6s,6p,5d,3f,2g","14s,14p,14d,3f,2g",source library name plus declared suffix '-ccECP',PASS,by_element/Re/Re.aug-cc-pVTZ.cfour
Re,75,recipes/Re/ccECP,Re.cc-pCV5Z.gamess,gamess,dirac;gamess;gaussian;molpro;nwchem,gamess:2776;gaussian:2776;nwchem:2776,ccECP,cc-pCV5Z,cc-pCV5Z-ccECP,-ccECP,Re:cc-pCV5Z-ccECP,40,244,i,"9s,9p,8d,5f,4g,3h,2i","15s,15p,15d,5f,4g,3h,2i",source library name plus declared suffix '-ccECP',PASS,by_element/Re/Re.cc-pCV5Z.cfour
Re,75,recipes/Re/ccECP,Re.cc-pCVDZ.gamess,gamess,dirac;gamess;gaussian;molpro;nwchem,gamess:1241;gaussian:1241;nwchem:1241,ccECP,cc-pCVDZ,cc-pCVDZ-ccECP,-ccECP,Re:cc-pCVDZ-ccECP,16,112,f,"5s,5p,4d,2f","14s,14p,14d,2f",source library name plus declared suffix '-ccECP',PASS,by_element/Re/Re.cc-pCVDZ.cfour
Re,75,recipes/Re/ccECP,Re.cc-pCVQZ.gamess,gamess,dirac;gamess;gaussian;molpro;nwchem,gamess:2245;gaussian:2245;nwchem:2245,ccECP,cc-pCVQZ,cc-pCVQZ-ccECP,-ccECP,Re:cc-pCVQZ-ccECP,32,200,h,"8s,8p,7d,4f,3g,2h","15s,15p,15d,4f,3g,2h",source library name plus declared suffix '-ccECP',PASS,by_element/Re/Re.cc-pCVQZ.cfour
Re,75,recipes/Re/ccECP,Re.cc-pCVTZ.gamess,gamess,dirac;gamess;gaussian;molpro;nwchem,gamess:1748;gaussian:1748;nwchem:1748,ccECP,cc-pCVTZ,cc-pCVTZ-ccECP,-ccECP,Re:cc-pCVTZ-ccECP,25,157,g,"7s,7p,6d,3f,2g","15s,15p,15d,3f,2g",source library name plus declared suffix '-ccECP',PASS,by_element/Re/Re.cc-pCVTZ.cfour
Re,75,recipes/Re/ccECP,Re.cc-pV5Z.gamess,gamess,dirac;gamess;gaussian;molpro;nwchem,gamess:2719;gaussian:2719;nwchem:2719,ccECP,cc-pV5Z,cc-pV5Z-ccECP,-ccECP,Re:cc-pV5Z-ccECP,30,234,i,"7s,7p,6d,4f,3g,2h,1i","13s,13p,13d,4f,3g,2h,1i",source library name plus declared suffix '-ccECP',PASS,by_element/Re/Re.cc-pV5Z.cfour
Re,75,recipes/Re/ccECP,Re.cc-pVDZ.gamess,gamess,dirac;gamess;gaussian;molpro;nwchem,gamess:1222;gaussian:1222;nwchem:1222,ccECP,cc-pVDZ,cc-pVDZ-ccECP,-ccECP,Re:cc-pVDZ-ccECP,12,108,f,"4s,4p,3d,1f","13s,13p,13d,1f",source library name plus declared suffix '-ccECP',PASS,by_element/Re/Re.cc-pVDZ.cfour
Re,75,recipes/Re/ccECP,Re.cc-pVQZ.gamess,gamess,dirac;gamess;gaussian;molpro;nwchem,gamess:2198;gaussian:2198;nwchem:2198,ccECP,cc-pVQZ,cc-pVQZ-ccECP,-ccECP,Re:cc-pVQZ-ccECP,23,191,h,"6s,6p,5d,3f,2g,1h","13s,13p,13d,3f,2g,1h",source library name plus declared suffix '-ccECP',PASS,by_element/Re/Re.cc-pVQZ.cfour
Re,75,recipes/Re/ccECP,Re.cc-pVTZ.gamess,gamess,dirac;gamess;gaussian;molpro;nwchem,gamess:1703;gaussian:1703;nwchem:1703,ccECP,cc-pVTZ,cc-pVTZ-ccECP,-ccECP,Re:cc-pVTZ-ccECP,17,149,g,"5s,5p,4d,2f,1g","13s,13p,13d,2f,1g",source library name plus declared suffix '-ccECP',PASS,by_element/Re/Re.cc-pVTZ.cfour
Rh,45,recipes/Rh/ccECP,Rh.aug-cc-pCV5Z.gamess,gamess,dirac;gamess;gaussian;molpro;nwchem,gamess:2834;gaussian:2834;nwchem:2834,ccECP,aug-cc-pCV5Z,aug-cc-pCV5Z-ccECP,-ccECP,Rh:aug-cc-pCV5Z-ccECP,47,251,i,"10s,10p,9d,6f,5g,4h,3i","16s,16p,16d,6f,5g,4h,3i",source library name plus declared suffix '-ccECP',PASS,by_element/Rh/Rh.aug-cc-pCV5Z.cfour
Rh,45,recipes/Rh/ccECP,Rh.aug-cc-pCVDZ.gamess,gamess,dirac;gamess;gaussian;molpro;nwchem,gamess:1263;gaussian:1263;nwchem:1263,ccECP,aug-cc-pCVDZ,aug-cc-pCVDZ-ccECP,-ccECP,Rh:aug-cc-pCVDZ-ccECP,20,116,f,"6s,6p,5d,3f","15s,15p,15d,3f",source library name plus declared suffix '-ccECP',PASS,by_element/Rh/Rh.aug-cc-pCVDZ.cfour
Rh,45,recipes/Rh/ccECP,Rh.aug-cc-pCVQZ.gamess,gamess,dirac;gamess;gaussian;molpro;nwchem,gamess:2299;gaussian:2299;nwchem:2299,ccECP,aug-cc-pCVQZ,aug-cc-pCVQZ-ccECP,-ccECP,Rh:aug-cc-pCVQZ-ccECP,38,206,h,"9s,9p,8d,5f,4g,3h","16s,16p,16d,5f,4g,3h",source library name plus declared suffix '-ccECP',PASS,by_element/Rh/Rh.aug-cc-pCVQZ.cfour
Rh,45,recipes/Rh/ccECP,Rh.aug-cc-pCVTZ.gamess,gamess,dirac;gamess;gaussian;molpro;nwchem,gamess:1778;gaussian:1778;nwchem:1778,ccECP,aug-cc-pCVTZ,aug-cc-pCVTZ-ccECP,-ccECP,Rh:aug-cc-pCVTZ-ccECP,30,162,g,"8s,8p,7d,4f,3g","16s,16p,16d,4f,3g",source library name plus declared suffix '-ccECP',PASS,by_element/Rh/Rh.aug-cc-pCVTZ.cfour
Rh,45,recipes/Rh/ccECP,Rh.aug-cc-pV5Z.gamess,gamess,dirac;gamess;gaussian;molpro;nwchem,gamess:2778;gaussian:2778;nwchem:2778,ccECP,aug-cc-pV5Z,aug-cc-pV5Z-ccECP,-ccECP,Rh:aug-cc-pV5Z-ccECP,37,241,i,"8s,8p,7d,5f,4g,3h,2i","14s,14p,14d,5f,4g,3h,2i",source library name plus declared suffix '-ccECP',PASS,by_element/Rh/Rh.aug-cc-pV5Z.cfour
Rh,45,recipes/Rh/ccECP,Rh.aug-cc-pVDZ.gamess,gamess,dirac;gamess;gaussian;molpro;nwchem,gamess:1240;gaussian:1240;nwchem:1240,ccECP,aug-cc-pVDZ,aug-cc-pVDZ-ccECP,-ccECP,Rh:aug-cc-pVDZ-ccECP,16,112,f,"5s,5p,4d,2f","14s,14p,14d,2f",source library name plus declared suffix '-ccECP',PASS,by_element/Rh/Rh.aug-cc-pVDZ.cfour
Rh,45,recipes/Rh/ccECP,Rh.aug-cc-pVQZ.gamess,gamess,dirac;gamess;gaussian;molpro;nwchem,gamess:2245;gaussian:2245;nwchem:2245,ccECP,aug-cc-pVQZ,aug-cc-pVQZ-ccECP,-ccECP,Rh:aug-cc-pVQZ-ccECP,29,197,h,"7s,7p,6d,4f,3g,2h","14s,14p,14d,4f,3g,2h",source library name plus declared suffix '-ccECP',PASS,by_element/Rh/Rh.aug-cc-pVQZ.cfour
Rh,45,recipes/Rh/ccECP,Rh.aug-cc-pVTZ.gamess,gamess,dirac;gamess;gaussian;molpro;nwchem,gamess:1730;gaussian:1730;nwchem:1730,ccECP,aug-cc-pVTZ,aug-cc-pVTZ-ccECP,-ccECP,Rh:aug-cc-pVTZ-ccECP,22,154,g,"6s,6p,5d,3f,2g","14s,14p,14d,3f,2g",source library name plus declared suffix '-ccECP',PASS,by_element/Rh/Rh.aug-cc-pVTZ.cfour
Rh,45,recipes/Rh/ccECP,Rh.cc-pCV5Z.gamess,gamess,dirac;gamess;gaussian;molpro;nwchem,gamess:2796;gaussian:2796;nwchem:2796,ccECP,cc-pCV5Z,cc-pCV5Z-ccECP,-ccECP,Rh:cc-pCV5Z-ccECP,40,244,i,"9s,9p,8d,5f,4g,3h,2i","15s,15p,15d,5f,4g,3h,2i",source library name plus declared suffix '-ccECP',PASS,by_element/Rh/Rh.cc-pCV5Z.cfour
Rh,45,recipes/Rh/ccECP,Rh.cc-pCVDZ.gamess,gamess,dirac;gamess;gaussian;molpro;nwchem,gamess:1240;gaussian:1240;nwchem:1240,ccECP,cc-pCVDZ,cc-pCVDZ-ccECP,-ccECP,Rh:cc-pCVDZ-ccECP,16,112,f,"5s,5p,4d,2f","14s,14p,14d,2f",source library name plus declared suffix '-ccECP',PASS,by_element/Rh/Rh.cc-pCVDZ.cfour
Rh,45,recipes/Rh/ccECP,Rh.cc-pCVQZ.gamess,gamess,dirac;gamess;gaussian;molpro;nwchem,gamess:2266;gaussian:2266;nwchem:2266,ccECP,cc-pCVQZ,cc-pCVQZ-ccECP,-ccECP,Rh:cc-pCVQZ-ccECP,32,200,h,"8s,8p,7d,4f,3g,2h","15s,15p,15d,4f,3g,2h",source library name plus declared suffix '-ccECP',PASS,by_element/Rh/Rh.cc-pCVQZ.cfour
Rh,45,recipes/Rh/ccECP,Rh.cc-pCVTZ.gamess,gamess,dirac;gamess;gaussian;molpro;nwchem,gamess:1750;gaussian:1750;nwchem:1750,ccECP,cc-pCVTZ,cc-pCVTZ-ccECP,-ccECP,Rh:cc-pCVTZ-ccECP,25,157,g,"7s,7p,6d,3f,2g","15s,15p,15d,3f,2g",source library name plus declared suffix '-ccECP',PASS,by_element/Rh/Rh.cc-pCVTZ.cfour
Rh,45,recipes/Rh/ccECP,Rh.cc-pV5Z.gamess,gamess,dirac;gamess;gaussian;molpro;nwchem,gamess:2740;gaussian:2740;nwchem:2740,ccECP,cc-pV5Z,cc-pV5Z-ccECP,-ccECP,Rh:cc-pV5Z-ccECP,30,234,i,"7s,7p,6d,4f,3g,2h,1i","13s,13p,13d,4f,3g,2h,1i",source library name plus declared suffix '-ccECP',PASS,by_element/Rh/Rh.cc-pV5Z.cfour
Rh,45,recipes/Rh/ccECP,Rh.cc-pVDZ.gamess,gamess,dirac;gamess;gaussian;molpro;nwchem,gamess:1217;gaussian:1217;nwchem:1217,ccECP,cc-pVDZ,cc-pVDZ-ccECP,-ccECP,Rh:cc-pVDZ-ccECP,12,108,f,"4s,4p,3d,1f","13s,13p,13d,1f",source library name plus declared suffix '-ccECP',PASS,by_element/Rh/Rh.cc-pVDZ.cfour
Rh,45,recipes/Rh/ccECP,Rh.cc-pVQZ.gamess,gamess,dirac;gamess;gaussian;molpro;nwchem,gamess:2212;gaussian:2212;nwchem:2212,ccECP,cc-pVQZ,cc-pVQZ-ccECP,-ccECP,Rh:cc-pVQZ-ccECP,23,191,h,"6s,6p,5d,3f,2g,1h","13s,13p,13d,3f,2g,1h",source library name plus declared suffix '-ccECP',PASS,by_element/Rh/Rh.cc-pVQZ.cfour
Rh,45,recipes/Rh/ccECP,Rh.cc-pVTZ.gamess,gamess,dirac;gamess;gaussian;molpro;nwchem,gamess:1702;gaussian:1702;nwchem:1702,ccECP,cc-pVTZ,cc-pVTZ-ccECP,-ccECP,Rh:cc-pVTZ-ccECP,17,149,g,"5s,5p,4d,2f,1g","13s,13p,13d,2f,1g",source library name plus declared suffix '-ccECP',PASS,by_element/Rh/Rh.cc-pVTZ.cfour
Ru,44,recipes/Ru/ccECP,Ru.aug-cc-pCV5Z.gamess,gamess,dirac;gamess;gaussian;molpro;nwchem,gamess:2841;gaussian:2841;nwchem:2841,ccECP,aug-cc-pCV5Z,aug-cc-pCV5Z-ccECP,-ccECP,Ru:aug-cc-pCV5Z-ccECP,47,251,i,"10s,10p,9d,6f,5g,4h,3i","16s,16p,16d,6f,5g,4h,3i",source library name plus declared suffix '-ccECP',PASS,by_element/Ru/Ru.aug-cc-pCV5Z.cfour
Ru,44,recipes/Ru/ccECP,Ru.aug-cc-pCVDZ.gamess,gamess,dirac;gamess;gaussian;molpro;nwchem,gamess:1269;gaussian:1269;nwchem:1269,ccECP,aug-cc-pCVDZ,aug-cc-pCVDZ-ccECP,-ccECP,Ru:aug-cc-pCVDZ-ccECP,20,116,f,"6s,6p,5d,3f","15s,15p,15d,3f",source library name plus declared suffix '-ccECP',PASS,by_element/Ru/Ru.aug-cc-pCVDZ.cfour
Ru,44,recipes/Ru/ccECP,Ru.aug-cc-pCVQZ.gamess,gamess,dirac;gamess;gaussian;molpro;nwchem,gamess:2306;gaussian:2306;nwchem:2306,ccECP,aug-cc-pCVQZ,aug-cc-pCVQZ-ccECP,-ccECP,Ru:aug-cc-pCVQZ-ccECP,37,205,h,"8s,9p,8d,5f,4g,3h","15s,16p,16d,5f,4g,3h",source library name plus declared suffix '-ccECP',PASS,by_element/Ru/Ru.aug-cc-pCVQZ.cfour
Ru,44,recipes/Ru/ccECP,Ru.aug-cc-pCVTZ.gamess,gamess,dirac;gamess;gaussian;molpro;nwchem,gamess:1794;gaussian:1794;nwchem:1794,ccECP,aug-cc-pCVTZ,aug-cc-pCVTZ-ccECP,-ccECP,Ru:aug-cc-pCVTZ-ccECP,30,162,g,"8s,8p,7d,4f,3g","16s,16p,16d,4f,3g",source library name plus declared suffix '-ccECP',PASS,by_element/Ru/Ru.aug-cc-pCVTZ.cfour
Ru,44,recipes/Ru/ccECP,Ru.aug-cc-pV5Z.gamess,gamess,dirac;gamess;gaussian;molpro;nwchem,gamess:2784;gaussian:2784;nwchem:2784,ccECP,aug-cc-pV5Z,aug-cc-pV5Z-ccECP,-ccECP,Ru:aug-cc-pV5Z-ccECP,37,241,i,"8s,8p,7d,5f,4g,3h,2i","14s,14p,14d,5f,4g,3h,2i",source library name plus declared suffix '-ccECP',PASS,by_element/Ru/Ru.aug-cc-pV5Z.cfour
Ru,44,recipes/Ru/ccECP,Ru.aug-cc-pVDZ.gamess,gamess,dirac;gamess;gaussian;molpro;nwchem,gamess:1239;gaussian:1239;nwchem:1239,ccECP,aug-cc-pVDZ,aug-cc-pVDZ-ccECP,-ccECP,Ru:aug-cc-pVDZ-ccECP,16,112,f,"5s,5p,4d,2f","14s,14p,14d,2f",source library name plus declared suffix '-ccECP',PASS,by_element/Ru/Ru.aug-cc-pVDZ.cfour
Ru,44,recipes/Ru/ccECP,Ru.aug-cc-pVQZ.gamess,gamess,dirac;gamess;gaussian;molpro;nwchem,gamess:2242;gaussian:2242;nwchem:2242,ccECP,aug-cc-pVQZ,aug-cc-pVQZ-ccECP,-ccECP,Ru:aug-cc-pVQZ-ccECP,29,197,h,"7s,7p,6d,4f,3g,2h","14s,14p,14d,4f,3g,2h",source library name plus declared suffix '-ccECP',PASS,by_element/Ru/Ru.aug-cc-pVQZ.cfour
Ru,44,recipes/Ru/ccECP,Ru.aug-cc-pVTZ.gamess,gamess,dirac;gamess;gaussian;molpro;nwchem,gamess:1732;gaussian:1732;nwchem:1732,ccECP,aug-cc-pVTZ,aug-cc-pVTZ-ccECP,-ccECP,Ru:aug-cc-pVTZ-ccECP,22,154,g,"6s,6p,5d,3f,2g","14s,14p,14d,3f,2g",source library name plus declared suffix '-ccECP',PASS,by_element/Ru/Ru.aug-cc-pVTZ.cfour
Ru,44,recipes/Ru/ccECP,Ru.cc-pCV5Z.gamess,gamess,dirac;gamess;gaussian;molpro;nwchem,gamess:2797;gaussian:2797;nwchem:2797,ccECP,cc-pCV5Z,cc-pCV5Z-ccECP,-ccECP,Ru:cc-pCV5Z-ccECP,40,244,i,"9s,9p,8d,5f,4g,3h,2i","15s,15p,15d,5f,4g,3h,2i",source library name plus declared suffix '-ccECP',PASS,by_element/Ru/Ru.cc-pCV5Z.cfour
Ru,44,recipes/Ru/ccECP,Ru.cc-pCVDZ.gamess,gamess,dirac;gamess;gaussian;molpro;nwchem,gamess:1244;gaussian:1244;nwchem:1244,ccECP,cc-pCVDZ,cc-pCVDZ-ccECP,-ccECP,Ru:cc-pCVDZ-ccECP,16,112,f,"5s,5p,4d,2f","14s,14p,14d,2f",source library name plus declared suffix '-ccECP',PASS,by_element/Ru/Ru.cc-pCVDZ.cfour
Ru,44,recipes/Ru/ccECP,Ru.cc-pCVQZ.gamess,gamess,dirac;gamess;gaussian;molpro;nwchem,gamess:2269;gaussian:2269;nwchem:2269,ccECP,cc-pCVQZ,cc-pCVQZ-ccECP,-ccECP,Ru:cc-pCVQZ-ccECP,31,199,h,"7s,8p,7d,4f,3g,2h","14s,15p,15d,4f,3g,2h",source library name plus declared suffix '-ccECP',PASS,by_element/Ru/Ru.cc-pCVQZ.cfour
Ru,44,recipes/Ru/ccECP,Ru.cc-pCVTZ.gamess,gamess,dirac;gamess;gaussian;molpro;nwchem,gamess:1763;gaussian:1763;nwchem:1763,ccECP,cc-pCVTZ,cc-pCVTZ-ccECP,-ccECP,Ru:cc-pCVTZ-ccECP,25,157,g,"7s,7p,6d,3f,2g","15s,15p,15d,3f,2g",source library name plus declared suffix '-ccECP',PASS,by_element/Ru/Ru.cc-pCVTZ.cfour
Ru,44,recipes/Ru/ccECP,Ru.cc-pV5Z.gamess,gamess,dirac;gamess;gaussian;molpro;nwchem,gamess:2740;gaussian:2740;nwchem:2740,ccECP,cc-pV5Z,cc-pV5Z-ccECP,-ccECP,Ru:cc-pV5Z-ccECP,30,234,i,"7s,7p,6d,4f,3g,2h,1i","13s,13p,13d,4f,3g,2h,1i",source library name plus declared suffix '-ccECP',PASS,by_element/Ru/Ru.cc-pV5Z.cfour
Ru,44,recipes/Ru/ccECP,Ru.cc-pVDZ.gamess,gamess,dirac;gamess;gaussian;molpro;nwchem,gamess:1214;gaussian:1214;nwchem:1214,ccECP,cc-pVDZ,cc-pVDZ-ccECP,-ccECP,Ru:cc-pVDZ-ccECP,12,108,f,"4s,4p,3d,1f","13s,13p,13d,1f",source library name plus declared suffix '-ccECP',PASS,by_element/Ru/Ru.cc-pVDZ.cfour
Ru,44,recipes/Ru/ccECP,Ru.cc-pVQZ.gamess,gamess,dirac;gamess;gaussian;molpro;nwchem,gamess:2205;gaussian:2205;nwchem:2205,ccECP,cc-pVQZ,cc-pVQZ-ccECP,-ccECP,Ru:cc-pVQZ-ccECP,23,191,h,"6s,6p,5d,3f,2g,1h","13s,13p,13d,3f,2g,1h",source library name plus declared suffix '-ccECP',PASS,by_element/Ru/Ru.cc-pVQZ.cfour
Ru,44,recipes/Ru/ccECP,Ru.cc-pVTZ.gamess,gamess,dirac;gamess;gaussian;molpro;nwchem,gamess:1701;gaussian:1701;nwchem:1701,ccECP,cc-pVTZ,cc-pVTZ-ccECP,-ccECP,Ru:cc-pVTZ-ccECP,17,149,g,"5s,5p,4d,2f,1g","13s,13p,13d,2f,1g",source library name plus declared suffix '-ccECP',PASS,by_element/Ru/Ru.cc-pVTZ.cfour
S,16,recipes/S/ccECP,S.aug-cc-pV5Z.gamess,gamess,gamess;gaussian;molpro;nwchem,gamess:399;gaussian:399;nwchem:399,ccECP,aug-cc-pV5Z,aug-cc-pV5Z-ccECP,-ccECP,S:aug-cc-pV5Z-ccECP,26,44,h,"6s,6p,5d,4f,3g,2h","15s,15p,5d,4f,3g,2h",source library name plus declared suffix '-ccECP',PASS,by_element/S/S.aug-cc-pV5Z.cfour
S,16,recipes/S/ccECP,S.aug-cc-pV6Z.gamess,gamess,gamess;gaussian;molpro;nwchem,gamess:452;gaussian:452;nwchem:452,ccECP,aug-cc-pV6Z,aug-cc-pV6Z-ccECP,-ccECP,S:aug-cc-pV6Z-ccECP,34,52,i,"7s,7p,6d,5f,4g,3h,2i","16s,16p,6d,5f,4g,3h,2i",source library name plus declared suffix '-ccECP',PASS,by_element/S/S.aug-cc-pV6Z.cfour
S,16,recipes/S/ccECP,S.aug-cc-pVDZ.gamess,gamess,gamess;gaussian;molpro;nwchem,gamess:270;gaussian:270;nwchem:270,ccECP,aug-cc-pVDZ,aug-cc-pVDZ-ccECP,-ccECP,S:aug-cc-pVDZ-ccECP,8,26,d,"4s,2p,2d","13s,11p,2d",source library name plus declared suffix '-ccECP',PASS,by_element/S/S.aug-cc-pVDZ.cfour
S,16,recipes/S/ccECP,S.aug-cc-pVQZ.gamess,gamess,gamess;gaussian;molpro;nwchem,gamess:347;gaussian:347;nwchem:347,ccECP,aug-cc-pVQZ,aug-cc-pVQZ-ccECP,-ccECP,S:aug-cc-pVQZ-ccECP,19,37,g,"5s,5p,4d,3f,2g","14s,14p,4d,3f,2g",source library name plus declared suffix '-ccECP',PASS,by_element/S/S.aug-cc-pVQZ.cfour
S,16,recipes/S/ccECP,S.aug-cc-pVTZ.gamess,gamess,gamess;gaussian;molpro;nwchem,gamess:305;gaussian:305;nwchem:305,ccECP,aug-cc-pVTZ,aug-cc-pVTZ-ccECP,-ccECP,S:aug-cc-pVTZ-ccECP,13,31,f,"4s,4p,3d,2f","13s,13p,3d,2f",source library name plus declared suffix '-ccECP',PASS,by_element/S/S.aug-cc-pVTZ.cfour
S,16,recipes/S/ccECP,S.cc-pV5Z.gamess,gamess,gamess;gaussian;molpro;nwchem,gamess:359;gaussian:359;nwchem:359,ccECP,cc-pV5Z,cc-pV5Z-ccECP,-ccECP,S:cc-pV5Z-ccECP,20,38,h,"5s,5p,4d,3f,2g,1h","14s,14p,4d,3f,2g,1h",source library name plus declared suffix '-ccECP',PASS,by_element/S/S.cc-pV5Z.cfour
S,16,recipes/S/ccECP,S.cc-pV6Z.gamess,gamess,gamess;gaussian;molpro;nwchem,gamess:410;gaussian:410;nwchem:410,ccECP,cc-pV6Z,cc-pV6Z-ccECP,-ccECP,S:cc-pV6Z-ccECP,27,45,i,"6s,6p,5d,4f,3g,2h,1i","15s,15p,5d,4f,3g,2h,1i",source library name plus declared suffix '-ccECP',PASS,by_element/S/S.cc-pV6Z.cfour
S,16,recipes/S/ccECP,S.cc-pVDZ.gamess,gamess,gamess;gaussian;molpro;nwchem,gamess:251;gaussian:251;nwchem:251,ccECP,cc-pVDZ,cc-pVDZ-ccECP,-ccECP,S:cc-pVDZ-ccECP,5,23,d,"2s,2p,1d","11s,11p,1d",source library name plus declared suffix '-ccECP',PASS,by_element/S/S.cc-pVDZ.cfour
S,16,recipes/S/ccECP,S.cc-pVQZ.gamess,gamess,gamess;gaussian;molpro;nwchem,gamess:314;gaussian:314;nwchem:314,ccECP,cc-pVQZ,cc-pVQZ-ccECP,-ccECP,S:cc-pVQZ-ccECP,14,32,g,"4s,4p,3d,2f,1g","13s,13p,3d,2f,1g",source library name plus declared suffix '-ccECP',PASS,by_element/S/S.cc-pVQZ.cfour
S,16,recipes/S/ccECP,S.cc-pVTZ.gamess,gamess,gamess;gaussian;molpro;nwchem,gamess:279;gaussian:279;nwchem:279,ccECP,cc-pVTZ,cc-pVTZ-ccECP,-ccECP,S:cc-pVTZ-ccECP,9,27,f,"3s,3p,2d,1f","12s,12p,2d,1f",source library name plus declared suffix '-ccECP',PASS,by_element/S/S.cc-pVTZ.cfour
Sb,51,recipes/Sb/ccECP,Sb.aug-cc-pV5Z.gamess,gamess,dirac;gamess;molpro;nwchem,gamess:363;nwchem:363,ccECP,aug-cc-pV5Z,aug-cc-pV5Z-ccECP,-ccECP,Sb:aug-cc-pV5Z-ccECP,26,44,h,"6s,6p,5d,4f,3g,2h","15s,15p,5d,4f,3g,2h",source library name plus declared suffix '-ccECP',PASS,by_element/Sb/Sb.aug-cc-pV5Z.cfour
Sb,51,recipes/Sb/ccECP,Sb.aug-cc-pV6Z.gamess,gamess,dirac;gamess;molpro;nwchem,gamess:423;nwchem:423,ccECP,aug-cc-pV6Z,aug-cc-pV6Z-ccECP,-ccECP,Sb:aug-cc-pV6Z-ccECP,34,52,i,"7s,7p,6d,5f,4g,3h,2i","16s,16p,6d,5f,4g,3h,2i",source library name plus declared suffix '-ccECP',PASS,by_element/Sb/Sb.aug-cc-pV6Z.cfour
Sb,51,recipes/Sb/ccECP,Sb.aug-cc-pVDZ.gamess,gamess,dirac;gamess;molpro;nwchem,gamess:241;nwchem:241,ccECP,aug-cc-pVDZ,aug-cc-pVDZ-ccECP,-ccECP,Sb:aug-cc-pVDZ-ccECP,8,26,d,"3s,3p,2d","12s,12p,2d",source library name plus declared suffix '-ccECP',PASS,by_element/Sb/Sb.aug-cc-pVDZ.cfour
Sb,51,recipes/Sb/ccECP,Sb.aug-cc-pVQZ.gamess,gamess,dirac;gamess;molpro;nwchem,gamess:313;nwchem:313,ccECP,aug-cc-pVQZ,aug-cc-pVQZ-ccECP,-ccECP,Sb:aug-cc-pVQZ-ccECP,19,37,g,"5s,5p,4d,3f,2g","14s,14p,4d,3f,2g",source library name plus declared suffix '-ccECP',PASS,by_element/Sb/Sb.aug-cc-pVQZ.cfour
Sb,51,recipes/Sb/ccECP,Sb.aug-cc-pVTZ.gamess,gamess,dirac;gamess;molpro;nwchem,gamess:279;nwchem:279,ccECP,aug-cc-pVTZ,aug-cc-pVTZ-ccECP,-ccECP,Sb:aug-cc-pVTZ-ccECP,13,31,f,"4s,4p,3d,2f","13s,13p,3d,2f",source library name plus declared suffix '-ccECP',PASS,by_element/Sb/Sb.aug-cc-pVTZ.cfour
Sb,51,recipes/Sb/ccECP,Sb.cc-pV5Z.gamess,gamess,dirac;gamess;molpro;nwchem,gamess:326;nwchem:326,ccECP,cc-pV5Z,cc-pV5Z-ccECP,-ccECP,Sb:cc-pV5Z-ccECP,20,38,h,"5s,5p,4d,3f,2g,1h","14s,14p,4d,3f,2g,1h",source library name plus declared suffix '-ccECP',PASS,by_element/Sb/Sb.cc-pV5Z.cfour
Sb,51,recipes/Sb/ccECP,Sb.cc-pV6Z.gamess,gamess,dirac;gamess;molpro;nwchem,gamess:380;nwchem:380,ccECP,cc-pV6Z,cc-pV6Z-ccECP,-ccECP,Sb:cc-pV6Z-ccECP,27,45,i,"6s,6p,5d,4f,3g,2h,1i","15s,15p,5d,4f,3g,2h,1i",source library name plus declared suffix '-ccECP',PASS,by_element/Sb/Sb.cc-pV6Z.cfour
Sb,51,recipes/Sb/ccECP,Sb.cc-pVDZ.gamess,gamess,dirac;gamess;molpro;nwchem,gamess:224;nwchem:224,ccECP,cc-pVDZ,cc-pVDZ-ccECP,-ccECP,Sb:cc-pVDZ-ccECP,5,23,d,"2s,2p,1d","11s,11p,1d",source library name plus declared suffix '-ccECP',PASS,by_element/Sb/Sb.cc-pVDZ.cfour
Sb,51,recipes/Sb/ccECP,Sb.cc-pVQZ.gamess,gamess,dirac;gamess;molpro;nwchem,gamess:286;nwchem:286,ccECP,cc-pVQZ,cc-pVQZ-ccECP,-ccECP,Sb:cc-pVQZ-ccECP,14,32,g,"4s,4p,3d,2f,1g","13s,13p,3d,2f,1g",source library name plus declared suffix '-ccECP',PASS,by_element/Sb/Sb.cc-pVQZ.cfour
Sb,51,recipes/Sb/ccECP,Sb.cc-pVTZ.gamess,gamess,dirac;gamess;molpro;nwchem,gamess:253;nwchem:253,ccECP,cc-pVTZ,cc-pVTZ-ccECP,-ccECP,Sb:cc-pVTZ-ccECP,9,27,f,"3s,3p,2d,1f","12s,12p,2d,1f",source library name plus declared suffix '-ccECP',PASS,by_element/Sb/Sb.cc-pVTZ.cfour
Sc,21,recipes/Sc/ccECP,Sc.aug-cc-pCV5Z.gamess,gamess,gamess;gaussian;molpro;nwchem,gamess:2709;gaussian:2709;nwchem:2709,ccECP,aug-cc-pCV5Z,aug-cc-pCV5Z-ccECP,-ccECP,Sc:aug-cc-pCV5Z-ccECP,47,241,i,"10s,10p,9d,6f,5g,4h,3i","16s,16p,14d,6f,5g,4h,3i",source library name plus declared suffix '-ccECP',PASS,by_element/Sc/Sc.aug-cc-pCV5Z.cfour
Sc,21,recipes/Sc/ccECP,Sc.aug-cc-pCVDZ.gamess,gamess,gamess;gaussian;molpro;nwchem,gamess:1244;gaussian:1244;nwchem:1244,ccECP,aug-cc-pCVDZ,aug-cc-pCVDZ-ccECP,-ccECP,Sc:aug-cc-pCVDZ-ccECP,23,115,f,"7s,7p,6d,3f","16s,16p,14d,3f",source library name plus declared suffix '-ccECP',PASS,by_element/Sc/Sc.aug-cc-pCVDZ.cfour
Sc,21,recipes/Sc/ccECP,Sc.aug-cc-pCVQZ.gamess,gamess,gamess;gaussian;molpro;nwchem,gamess:2198;gaussian:2198;nwchem:2198,ccECP,aug-cc-pCVQZ,aug-cc-pCVQZ-ccECP,-ccECP,Sc:aug-cc-pCVQZ-ccECP,38,198,h,"9s,9p,8d,5f,4g,3h","16s,16p,14d,5f,4g,3h",source library name plus declared suffix '-ccECP',PASS,by_element/Sc/Sc.aug-cc-pCVQZ.cfour
Sc,21,recipes/Sc/ccECP,Sc.aug-cc-pCVTZ.gamess,gamess,gamess;gaussian;molpro;nwchem,gamess:1711;gaussian:1711;nwchem:1711,ccECP,aug-cc-pCVTZ,aug-cc-pCVTZ-ccECP,-ccECP,Sc:aug-cc-pCVTZ-ccECP,30,156,g,"8s,8p,7d,4f,3g","16s,16p,14d,4f,3g",source library name plus declared suffix '-ccECP',PASS,by_element/Sc/Sc.aug-cc-pCVTZ.cfour
Sc,21,recipes/Sc/ccECP,Sc.aug-cc-pV5Z.gamess,gamess,gamess;gaussian;molpro;nwchem,gamess:2629;gaussian:2629;nwchem:2629,ccECP,aug-cc-pV5Z,aug-cc-pV5Z-ccECP,-ccECP,Sc:aug-cc-pV5Z-ccECP,37,231,i,"8s,8p,7d,5f,4g,3h,2i","14s,14p,12d,5f,4g,3h,2i",source library name plus declared suffix '-ccECP',PASS,by_element/Sc/Sc.aug-cc-pV5Z.cfour
Sc,21,recipes/Sc/ccECP,Sc.aug-cc-pVDZ.gamess,gamess,gamess;gaussian;molpro;nwchem,gamess:1190;gaussian:1190;nwchem:1190,ccECP,aug-cc-pVDZ,aug-cc-pVDZ-ccECP,-ccECP,Sc:aug-cc-pVDZ-ccECP,16,108,f,"5s,5p,4d,2f","14s,14p,12d,2f",source library name plus declared suffix '-ccECP',PASS,by_element/Sc/Sc.aug-cc-pVDZ.cfour
Sc,21,recipes/Sc/ccECP,Sc.aug-cc-pVQZ.gamess,gamess,gamess;gaussian;molpro;nwchem,gamess:2129;gaussian:2129;nwchem:2129,ccECP,aug-cc-pVQZ,aug-cc-pVQZ-ccECP,-ccECP,Sc:aug-cc-pVQZ-ccECP,29,189,h,"7s,7p,6d,4f,3g,2h","14s,14p,12d,4f,3g,2h",source library name plus declared suffix '-ccECP',PASS,by_element/Sc/Sc.aug-cc-pVQZ.cfour
Sc,21,recipes/Sc/ccECP,Sc.aug-cc-pVTZ.gamess,gamess,gamess;gaussian;molpro;nwchem,gamess:1652;gaussian:1652;nwchem:1652,ccECP,aug-cc-pVTZ,aug-cc-pVTZ-ccECP,-ccECP,Sc:aug-cc-pVTZ-ccECP,22,148,g,"6s,6p,5d,3f,2g","14s,14p,12d,3f,2g",source library name plus declared suffix '-ccECP',PASS,by_element/Sc/Sc.aug-cc-pVTZ.cfour
Sc,21,recipes/Sc/ccECP,Sc.cc-pCV5Z.gamess,gamess,gamess;gaussian;molpro;nwchem,gamess:2675;gaussian:2675;nwchem:2675,ccECP,cc-pCV5Z,cc-pCV5Z-ccECP,-ccECP,Sc:cc-pCV5Z-ccECP,40,234,i,"9s,9p,8d,5f,4g,3h,2i","15s,15p,13d,5f,4g,3h,2i",source library name plus declared suffix '-ccECP',PASS,by_element/Sc/Sc.cc-pCV5Z.cfour
Sc,21,recipes/Sc/ccECP,Sc.cc-pCVDZ.gamess,gamess,gamess;gaussian;molpro;nwchem,gamess:1230;gaussian:1230;nwchem:1230,ccECP,cc-pCVDZ,cc-pCVDZ-ccECP,-ccECP,Sc:cc-pCVDZ-ccECP,19,111,f,"6s,6p,5d,2f","15s,15p,13d,2f",source library name plus declared suffix '-ccECP',PASS,by_element/Sc/Sc.cc-pCVDZ.cfour
Sc,21,recipes/Sc/ccECP,Sc.cc-pCVQZ.gamess,gamess,gamess;gaussian;molpro;nwchem,gamess:2173;gaussian:2173;nwchem:2173,ccECP,cc-pCVQZ,cc-pCVQZ-ccECP,-ccECP,Sc:cc-pCVQZ-ccECP,32,192,h,"8s,8p,7d,4f,3g,2h","15s,15p,13d,4f,3g,2h",source library name plus declared suffix '-ccECP',PASS,by_element/Sc/Sc.cc-pCVQZ.cfour
Sc,21,recipes/Sc/ccECP,Sc.cc-pCVTZ.gamess,gamess,gamess;gaussian;molpro;nwchem,gamess:1691;gaussian:1691;nwchem:1691,ccECP,cc-pCVTZ,cc-pCVTZ-ccECP,-ccECP,Sc:cc-pCVTZ-ccECP,25,151,g,"7s,7p,6d,3f,2g","15s,15p,13d,3f,2g",source library name plus declared suffix '-ccECP',PASS,by_element/Sc/Sc.cc-pCVTZ.cfour
Sc,21,recipes/Sc/ccECP,Sc.cc-pV5Z.gamess,gamess,gamess;gaussian;molpro;nwchem,gamess:2595;gaussian:2595;nwchem:2595,ccECP,cc-pV5Z,cc-pV5Z-ccECP,-ccECP,Sc:cc-pV5Z-ccECP,30,224,i,"7s,7p,6d,4f,3g,2h,1i","13s,13p,11d,4f,3g,2h,1i",source library name plus declared suffix '-ccECP',PASS,by_element/Sc/Sc.cc-pV5Z.cfour
Sc,21,recipes/Sc/ccECP,Sc.cc-pVDZ.gamess,gamess,gamess;gaussian;molpro;nwchem,gamess:1176;gaussian:1176;nwchem:1176,ccECP,cc-pVDZ,cc-pVDZ-ccECP,-ccECP,Sc:cc-pVDZ-ccECP,12,104,f,"4s,4p,3d,1f","13s,13p,11d,1f",source library name plus declared suffix '-ccECP',PASS,by_element/Sc/Sc.cc-pVDZ.cfour
Sc,21,recipes/Sc/ccECP,Sc.cc-pVQZ.gamess,gamess,gamess;gaussian;molpro;nwchem,gamess:2104;gaussian:2104;nwchem:2104,ccECP,cc-pVQZ,cc-pVQZ-ccECP,-ccECP,Sc:cc-pVQZ-ccECP,23,183,h,"6s,6p,5d,3f,2g,1h","13s,13p,11d,3f,2g,1h",source library name plus declared suffix '-ccECP',PASS,by_element/Sc/Sc.cc-pVQZ.cfour
Sc,21,recipes/Sc/ccECP,Sc.cc-pVTZ.gamess,gamess,gamess;gaussian;molpro;nwchem,gamess:1632;gaussian:1632;nwchem:1632,ccECP,cc-pVTZ,cc-pVTZ-ccECP,-ccECP,Sc:cc-pVTZ-ccECP,17,143,g,"5s,5p,4d,2f,1g","13s,13p,11d,2f,1g",source library name plus declared suffix '-ccECP',PASS,by_element/Sc/Sc.cc-pVTZ.cfour
Se,34,recipes/Se/ccECP,Se.aug-cc-pV5Z.gamess,gamess,gamess;gaussian;molpro;nwchem,gamess:373;gaussian:373;nwchem:373,ccECP,aug-cc-pV5Z,aug-cc-pV5Z-ccECP,-ccECP,Se:aug-cc-pV5Z-ccECP,26,42,h,"6s,6p,5d,4f,3g,2h","14s,14p,5d,4f,3g,2h",source library name plus declared suffix '-ccECP',PASS,by_element/Se/Se.aug-cc-pV5Z.cfour
Se,34,recipes/Se/ccECP,Se.aug-cc-pV6Z.gamess,gamess,gamess;gaussian;molpro;nwchem,gamess:428;gaussian:428;nwchem:428,ccECP,aug-cc-pV6Z,aug-cc-pV6Z-ccECP,-ccECP,Se:aug-cc-pV6Z-ccECP,34,50,i,"7s,7p,6d,5f,4g,3h,2i","15s,15p,6d,5f,4g,3h,2i",source library name plus declared suffix '-ccECP',PASS,by_element/Se/Se.aug-cc-pV6Z.cfour
Se,34,recipes/Se/ccECP,Se.aug-cc-pVDZ.gamess,gamess,gamess;gaussian;molpro;nwchem,gamess:249;gaussian:249;nwchem:249,ccECP,aug-cc-pVDZ,aug-cc-pVDZ-ccECP,-ccECP,Se:aug-cc-pVDZ-ccECP,8,24,d,"3s,3p,2d","11s,11p,2d",source library name plus declared suffix '-ccECP',PASS,by_element/Se/Se.aug-cc-pVDZ.cfour
Se,34,recipes/Se/ccECP,Se.aug-cc-pVQZ.gamess,gamess,gamess;gaussian;molpro;nwchem,gamess:322;gaussian:322;nwchem:322,ccECP,aug-cc-pVQZ,aug-cc-pVQZ-ccECP,-ccECP,Se:aug-cc-pVQZ-ccECP,19,35,g,"5s,5p,4d,3f,2g","13s,13p,4d,3f,2g",source library name plus declared suffix '-ccECP',PASS,by_element/Se/Se.aug-cc-pVQZ.cfour
Se,34,recipes/Se/ccECP,Se.aug-cc-pVTZ.gamess,gamess,gamess;gaussian;molpro;nwchem,gamess:283;gaussian:283;nwchem:283,ccECP,aug-cc-pVTZ,aug-cc-pVTZ-ccECP,-ccECP,Se:aug-cc-pVTZ-ccECP,13,29,f,"4s,4p,3d,2f","12s,12p,3d,2f",source library name plus declared suffix '-ccECP',PASS,by_element/Se/Se.aug-cc-pVTZ.cfour
Se,34,recipes/Se/ccECP,Se.cc-pV5Z.gamess,gamess,gamess;gaussian;molpro;nwchem,gamess:335;gaussian:335;nwchem:335,ccECP,cc-pV5Z,cc-pV5Z-ccECP,-ccECP,Se:cc-pV5Z-ccECP,20,36,h,"5s,5p,4d,3f,2g,1h","13s,13p,4d,3f,2g,1h",source library name plus declared suffix '-ccECP',PASS,by_element/Se/Se.cc-pV5Z.cfour
Se,34,recipes/Se/ccECP,Se.cc-pV6Z.gamess,gamess,gamess;gaussian;molpro;nwchem,gamess:385;gaussian:385;nwchem:385,ccECP,cc-pV6Z,cc-pV6Z-ccECP,-ccECP,Se:cc-pV6Z-ccECP,27,43,i,"6s,6p,5d,4f,3g,2h,1i","14s,14p,5d,4f,3g,2h,1i",source library name plus declared suffix '-ccECP',PASS,by_element/Se/Se.cc-pV6Z.cfour
Se,34,recipes/Se/ccECP,Se.cc-pVDZ.gamess,gamess,gamess;gaussian;molpro;nwchem,gamess:230;gaussian:230;nwchem:230,ccECP,cc-pVDZ,cc-pVDZ-ccECP,-ccECP,Se:cc-pVDZ-ccECP,5,21,d,"2s,2p,1d","10s,10p,1d",source library name plus declared suffix '-ccECP',PASS,by_element/Se/Se.cc-pVDZ.cfour
Se,34,recipes/Se/ccECP,Se.cc-pVQZ.gamess,gamess,gamess;gaussian;molpro;nwchem,gamess:290;gaussian:290;nwchem:290,ccECP,cc-pVQZ,cc-pVQZ-ccECP,-ccECP,Se:cc-pVQZ-ccECP,14,30,g,"4s,4p,3d,2f,1g","12s,12p,3d,2f,1g",source library name plus declared suffix '-ccECP',PASS,by_element/Se/Se.cc-pVQZ.cfour
Se,34,recipes/Se/ccECP,Se.cc-pVTZ.gamess,gamess,gamess;gaussian;molpro;nwchem,gamess:258;gaussian:258;nwchem:258,ccECP,cc-pVTZ,cc-pVTZ-ccECP,-ccECP,Se:cc-pVTZ-ccECP,9,25,f,"3s,3p,2d,1f","11s,11p,2d,1f",source library name plus declared suffix '-ccECP',PASS,by_element/Se/Se.cc-pVTZ.cfour
Si,14,recipes/Si/ccECP,Si.aug-cc-pV5Z.gamess,gamess,gamess;gaussian;molpro;nwchem,gamess:386;gaussian:386;nwchem:386,ccECP,aug-cc-pV5Z,aug-cc-pV5Z-ccECP,-ccECP,Si:aug-cc-pV5Z-ccECP,26,44,h,"6s,6p,5d,4f,3g,2h","15s,15p,5d,4f,3g,2h",source library name plus declared suffix '-ccECP',PASS,by_element/Si/Si.aug-cc-pV5Z.cfour
Si,14,recipes/Si/ccECP,Si.aug-cc-pV6Z.gamess,gamess,gamess;gaussian;molpro;nwchem,gamess:443;gaussian:443;nwchem:443,ccECP,aug-cc-pV6Z,aug-cc-pV6Z-ccECP,-ccECP,Si:aug-cc-pV6Z-ccECP,34,52,i,"7s,7p,6d,5f,4g,3h,2i","16s,16p,6d,5f,4g,3h,2i",source library name plus declared suffix '-ccECP',PASS,by_element/Si/Si.aug-cc-pV6Z.cfour
Si,14,recipes/Si/ccECP,Si.aug-cc-pVDZ.gamess,gamess,gamess;gaussian;molpro;nwchem,gamess:264;gaussian:264;nwchem:264,ccECP,aug-cc-pVDZ,aug-cc-pVDZ-ccECP,-ccECP,Si:aug-cc-pVDZ-ccECP,8,26,d,"3s,3p,2d","12s,12p,2d",source library name plus declared suffix '-ccECP',PASS,by_element/Si/Si.aug-cc-pVDZ.cfour
Si,14,recipes/Si/ccECP,Si.aug-cc-pVQZ.gamess,gamess,gamess;gaussian;molpro;nwchem,gamess:337;gaussian:337;nwchem:337,ccECP,aug-cc-pVQZ,aug-cc-pVQZ-ccECP,-ccECP,Si:aug-cc-pVQZ-ccECP,19,37,g,"5s,5p,4d,3f,2g","14s,14p,4d,3f,2g",source library name plus declared suffix '-ccECP',PASS,by_element/Si/Si.aug-cc-pVQZ.cfour
Si,14,recipes/Si/ccECP,Si.aug-cc-pVTZ.gamess,gamess,gamess;gaussian;molpro;nwchem,gamess:295;gaussian:295;nwchem:295,ccECP,aug-cc-pVTZ,aug-cc-pVTZ-ccECP,-ccECP,Si:aug-cc-pVTZ-ccECP,13,31,f,"4s,4p,3d,2f","13s,13p,3d,2f",source library name plus declared suffix '-ccECP',PASS,by_element/Si/Si.aug-cc-pVTZ.cfour
Si,14,recipes/Si/ccECP,Si.cc-pV5Z.gamess,gamess,gamess;gaussian;molpro;nwchem,gamess:348;gaussian:348;nwchem:348,ccECP,cc-pV5Z,cc-pV5Z-ccECP,-ccECP,Si:cc-pV5Z-ccECP,20,38,h,"5s,5p,4d,3f,2g,1h","14s,14p,4d,3f,2g,1h",source library name plus declared suffix '-ccECP',PASS,by_element/Si/Si.cc-pV5Z.cfour
Si,14,recipes/Si/ccECP,Si.cc-pV6Z.gamess,gamess,gamess;gaussian;molpro;nwchem,gamess:398;gaussian:398;nwchem:398,ccECP,cc-pV6Z,cc-pV6Z-ccECP,-ccECP,Si:cc-pV6Z-ccECP,27,45,i,"6s,6p,5d,4f,3g,2h,1i","15s,15p,5d,4f,3g,2h,1i",source library name plus declared suffix '-ccECP',PASS,by_element/Si/Si.cc-pV6Z.cfour
Si,14,recipes/Si/ccECP,Si.cc-pVDZ.gamess,gamess,gamess;gaussian;molpro;nwchem,gamess:245;gaussian:245;nwchem:245,ccECP,cc-pVDZ,cc-pVDZ-ccECP,-ccECP,Si:cc-pVDZ-ccECP,5,23,d,"2s,2p,1d","11s,11p,1d",source library name plus declared suffix '-ccECP',PASS,by_element/Si/Si.cc-pVDZ.cfour
Si,14,recipes/Si/ccECP,Si.cc-pVQZ.gamess,gamess,gamess;gaussian;molpro;nwchem,gamess:307;gaussian:307;nwchem:307,ccECP,cc-pVQZ,cc-pVQZ-ccECP,-ccECP,Si:cc-pVQZ-ccECP,14,32,g,"4s,4p,3d,2f,1g","13s,13p,3d,2f,1g",source library name plus declared suffix '-ccECP',PASS,by_element/Si/Si.cc-pVQZ.cfour
Si,14,recipes/Si/ccECP,Si.cc-pVTZ.gamess,gamess,gamess;gaussian;molpro;nwchem,gamess:270;gaussian:270;nwchem:270,ccECP,cc-pVTZ,cc-pVTZ-ccECP,-ccECP,Si:cc-pVTZ-ccECP,9,27,f,"3s,3p,2d,1f","12s,12p,2d,1f",source library name plus declared suffix '-ccECP',PASS,by_element/Si/Si.cc-pVTZ.cfour
Sn,50,recipes/Sn/ccECP,Sn.aug-cc-pV5Z.gamess,gamess,dirac;gamess;gaussian;molpro;nwchem,gamess:363;gaussian:363;nwchem:363,ccECP,aug-cc-pV5Z,aug-cc-pV5Z-ccECP,-ccECP,Sn:aug-cc-pV5Z-ccECP,26,42,h,"6s,6p,5d,4f,3g,2h","14s,14p,5d,4f,3g,2h",source library name plus declared suffix '-ccECP',PASS,by_element/Sn/Sn.aug-cc-pV5Z.cfour
Sn,50,recipes/Sn/ccECP,Sn.aug-cc-pV6Z.gamess,gamess,dirac;gamess;gaussian;molpro;nwchem,gamess:424;gaussian:424;nwchem:424,ccECP,aug-cc-pV6Z,aug-cc-pV6Z-ccECP,-ccECP,Sn:aug-cc-pV6Z-ccECP,34,50,i,"7s,7p,6d,5f,4g,3h,2i","15s,15p,6d,5f,4g,3h,2i",source library name plus declared suffix '-ccECP',PASS,by_element/Sn/Sn.aug-cc-pV6Z.cfour
Sn,50,recipes/Sn/ccECP,Sn.aug-cc-pVDZ.gamess,gamess,dirac;gamess;gaussian;molpro;nwchem,gamess:238;gaussian:238;nwchem:238,ccECP,aug-cc-pVDZ,aug-cc-pVDZ-ccECP,-ccECP,Sn:aug-cc-pVDZ-ccECP,8,24,d,"3s,3p,2d","11s,11p,2d",source library name plus declared suffix '-ccECP',PASS,by_element/Sn/Sn.aug-cc-pVDZ.cfour
Sn,50,recipes/Sn/ccECP,Sn.aug-cc-pVQZ.gamess,gamess,dirac;gamess;gaussian;molpro;nwchem,gamess:313;gaussian:313;nwchem:313,ccECP,aug-cc-pVQZ,aug-cc-pVQZ-ccECP,-ccECP,Sn:aug-cc-pVQZ-ccECP,19,35,g,"5s,5p,4d,3f,2g","13s,13p,4d,3f,2g",source library name plus declared suffix '-ccECP',PASS,by_element/Sn/Sn.aug-cc-pVQZ.cfour
Sn,50,recipes/Sn/ccECP,Sn.aug-cc-pVTZ.gamess,gamess,dirac;gamess;gaussian;molpro;nwchem,gamess:272;gaussian:272;nwchem:272,ccECP,aug-cc-pVTZ,aug-cc-pVTZ-ccECP,-ccECP,Sn:aug-cc-pVTZ-ccECP,13,29,f,"4s,4p,3d,2f","12s,12p,3d,2f",source library name plus declared suffix '-ccECP',PASS,by_element/Sn/Sn.aug-cc-pVTZ.cfour
Sn,50,recipes/Sn/ccECP,Sn.cc-pV5Z.gamess,gamess,dirac;gamess;gaussian;molpro;nwchem,gamess:326;gaussian:326;nwchem:326,ccECP,cc-pV5Z,cc-pV5Z-ccECP,-ccECP,Sn:cc-pV5Z-ccECP,20,36,h,"5s,5p,4d,3f,2g,1h","13s,13p,4d,3f,2g,1h",source library name plus declared suffix '-ccECP',PASS,by_element/Sn/Sn.cc-pV5Z.cfour
Sn,50,recipes/Sn/ccECP,Sn.cc-pV6Z.gamess,gamess,dirac;gamess;gaussian;molpro;nwchem,gamess:381;gaussian:381;nwchem:381,ccECP,cc-pV6Z,cc-pV6Z-ccECP,-ccECP,Sn:cc-pV6Z-ccECP,27,43,i,"6s,6p,5d,4f,3g,2h,1i","14s,14p,5d,4f,3g,2h,1i",source library name plus declared suffix '-ccECP',PASS,by_element/Sn/Sn.cc-pV6Z.cfour
Sn,50,recipes/Sn/ccECP,Sn.cc-pVDZ.gamess,gamess,dirac;gamess;gaussian;molpro;nwchem,gamess:220;gaussian:220;nwchem:220,ccECP,cc-pVDZ,cc-pVDZ-ccECP,-ccECP,Sn:cc-pVDZ-ccECP,5,21,d,"2s,2p,1d","10s,10p,1d",source library name plus declared suffix '-ccECP',PASS,by_element/Sn/Sn.cc-pVDZ.cfour
Sn,50,recipes/Sn/ccECP,Sn.cc-pVQZ.gamess,gamess,dirac;gamess;gaussian;molpro;nwchem,gamess:283;gaussian:283;nwchem:283,ccECP,cc-pVQZ,cc-pVQZ-ccECP,-ccECP,Sn:cc-pVQZ-ccECP,14,30,g,"4s,4p,3d,2f,1g","12s,12p,3d,2f,1g",source library name plus declared suffix '-ccECP',PASS,by_element/Sn/Sn.cc-pVQZ.cfour
Sn,50,recipes/Sn/ccECP,Sn.cc-pVTZ.gamess,gamess,dirac;gamess;gaussian;molpro;nwchem,gamess:248;gaussian:248;nwchem:248,ccECP,cc-pVTZ,cc-pVTZ-ccECP,-ccECP,Sn:cc-pVTZ-ccECP,9,25,f,"3s,3p,2d,1f","11s,11p,2d,1f",source library name plus declared suffix '-ccECP',PASS,by_element/Sn/Sn.cc-pVTZ.cfour
Ta,73,recipes/Ta/ccECP,Ta.aug-cc-pCV5Z.gamess,gamess,dirac;gamess;gaussian;molpro;nwchem,gamess:2798;gaussian:2798;nwchem:2798,ccECP,aug-cc-pCV5Z,aug-cc-pCV5Z-ccECP,-ccECP,Ta:aug-cc-pCV5Z-ccECP,47,251,i,"10s,10p,9d,6f,5g,4h,3i","16s,16p,16d,6f,5g,4h,3i",source library name plus declared suffix '-ccECP',PASS,by_element/Ta/Ta.aug-cc-pCV5Z.cfour
Ta,73,recipes/Ta/ccECP,Ta.aug-cc-pCVDZ.gamess,gamess,dirac;gamess;gaussian;molpro;nwchem,gamess:1268;gaussian:1268;nwchem:1268,ccECP,aug-cc-pCVDZ,aug-cc-pCVDZ-ccECP,-ccECP,Ta:aug-cc-pCVDZ-ccECP,20,116,f,"6s,6p,5d,3f","15s,15p,15d,3f",source library name plus declared suffix '-ccECP',PASS,by_element/Ta/Ta.aug-cc-pCVDZ.cfour
Ta,73,recipes/Ta/ccECP,Ta.aug-cc-pCVQZ.gamess,gamess,dirac;gamess;gaussian;molpro;nwchem,gamess:2278;gaussian:2278;nwchem:2278,ccECP,aug-cc-pCVQZ,aug-cc-pCVQZ-ccECP,-ccECP,Ta:aug-cc-pCVQZ-ccECP,38,206,h,"9s,9p,8d,5f,4g,3h","16s,16p,16d,5f,4g,3h",source library name plus declared suffix '-ccECP',PASS,by_element/Ta/Ta.aug-cc-pCVQZ.cfour
Ta,73,recipes/Ta/ccECP,Ta.aug-cc-pCVTZ.gamess,gamess,dirac;gamess;gaussian;molpro;nwchem,gamess:1769;gaussian:1769;nwchem:1769,ccECP,aug-cc-pCVTZ,aug-cc-pCVTZ-ccECP,-ccECP,Ta:aug-cc-pCVTZ-ccECP,30,162,g,"8s,8p,7d,4f,3g","16s,16p,16d,4f,3g",source library name plus declared suffix '-ccECP',PASS,by_element/Ta/Ta.aug-cc-pCVTZ.cfour
Ta,73,recipes/Ta/ccECP,Ta.aug-cc-pV5Z.gamess,gamess,dirac;gamess;gaussian;molpro;nwchem,gamess:2744;gaussian:2744;nwchem:2744,ccECP,aug-cc-pV5Z,aug-cc-pV5Z-ccECP,-ccECP,Ta:aug-cc-pV5Z-ccECP,37,241,i,"8s,8p,7d,5f,4g,3h,2i","14s,14p,14d,5f,4g,3h,2i",source library name plus declared suffix '-ccECP',PASS,by_element/Ta/Ta.aug-cc-pV5Z.cfour
Ta,73,recipes/Ta/ccECP,Ta.aug-cc-pVDZ.gamess,gamess,dirac;gamess;gaussian;molpro;nwchem,gamess:1244;gaussian:1244;nwchem:1244,ccECP,aug-cc-pVDZ,aug-cc-pVDZ-ccECP,-ccECP,Ta:aug-cc-pVDZ-ccECP,16,112,f,"5s,5p,4d,2f","14s,14p,14d,2f",source library name plus declared suffix '-ccECP',PASS,by_element/Ta/Ta.aug-cc-pVDZ.cfour
Ta,73,recipes/Ta/ccECP,Ta.aug-cc-pVQZ.gamess,gamess,dirac;gamess;gaussian;molpro;nwchem,gamess:2227;gaussian:2227;nwchem:2227,ccECP,aug-cc-pVQZ,aug-cc-pVQZ-ccECP,-ccECP,Ta:aug-cc-pVQZ-ccECP,29,197,h,"7s,7p,6d,4f,3g,2h","14s,14p,14d,4f,3g,2h",source library name plus declared suffix '-ccECP',PASS,by_element/Ta/Ta.aug-cc-pVQZ.cfour
Ta,73,recipes/Ta/ccECP,Ta.aug-cc-pVTZ.gamess,gamess,dirac;gamess;gaussian;molpro;nwchem,gamess:1725;gaussian:1725;nwchem:1725,ccECP,aug-cc-pVTZ,aug-cc-pVTZ-ccECP,-ccECP,Ta:aug-cc-pVTZ-ccECP,22,154,g,"6s,6p,5d,3f,2g","14s,14p,14d,3f,2g",source library name plus declared suffix '-ccECP',PASS,by_element/Ta/Ta.aug-cc-pVTZ.cfour
Ta,73,recipes/Ta/ccECP,Ta.cc-pCV5Z.gamess,gamess,dirac;gamess;gaussian;molpro;nwchem,gamess:2764;gaussian:2764;nwchem:2764,ccECP,cc-pCV5Z,cc-pCV5Z-ccECP,-ccECP,Ta:cc-pCV5Z-ccECP,40,244,i,"9s,9p,8d,5f,4g,3h,2i","15s,15p,15d,5f,4g,3h,2i",source library name plus declared suffix '-ccECP',PASS,by_element/Ta/Ta.cc-pCV5Z.cfour
Ta,73,recipes/Ta/ccECP,Ta.cc-pCVDZ.gamess,gamess,dirac;gamess;gaussian;molpro;nwchem,gamess:1247;gaussian:1247;nwchem:1247,ccECP,cc-pCVDZ,cc-pCVDZ-ccECP,-ccECP,Ta:cc-pCVDZ-ccECP,16,112,f,"5s,5p,4d,2f","14s,14p,14d,2f",source library name plus declared suffix '-ccECP',PASS,by_element/Ta/Ta.cc-pCVDZ.cfour
Ta,73,recipes/Ta/ccECP,Ta.cc-pCVQZ.gamess,gamess,dirac;gamess;gaussian;molpro;nwchem,gamess:2248;gaussian:2248;nwchem:2248,ccECP,cc-pCVQZ,cc-pCVQZ-ccECP,-ccECP,Ta:cc-pCVQZ-ccECP,32,200,h,"8s,8p,7d,4f,3g,2h","15s,15p,15d,4f,3g,2h",source library name plus declared suffix '-ccECP',PASS,by_element/Ta/Ta.cc-pCVQZ.cfour
Ta,73,recipes/Ta/ccECP,Ta.cc-pCVTZ.gamess,gamess,dirac;gamess;gaussian;molpro;nwchem,gamess:1744;gaussian:1744;nwchem:1744,ccECP,cc-pCVTZ,cc-pCVTZ-ccECP,-ccECP,Ta:cc-pCVTZ-ccECP,25,157,g,"7s,7p,6d,3f,2g","15s,15p,15d,3f,2g",source library name plus declared suffix '-ccECP',PASS,by_element/Ta/Ta.cc-pCVTZ.cfour
Ta,73,recipes/Ta/ccECP,Ta.cc-pV5Z.gamess,gamess,dirac;gamess;gaussian;molpro;nwchem,gamess:2710;gaussian:2710;nwchem:2710,ccECP,cc-pV5Z,cc-pV5Z-ccECP,-ccECP,Ta:cc-pV5Z-ccECP,30,234,i,"7s,7p,6d,4f,3g,2h,1i","13s,13p,13d,4f,3g,2h,1i",source library name plus declared suffix '-ccECP',PASS,by_element/Ta/Ta.cc-pV5Z.cfour
Ta,73,recipes/Ta/ccECP,Ta.cc-pVDZ.gamess,gamess,dirac;gamess;gaussian;molpro;nwchem,gamess:1223;gaussian:1223;nwchem:1223,ccECP,cc-pVDZ,cc-pVDZ-ccECP,-ccECP,Ta:cc-pVDZ-ccECP,12,108,f,"4s,4p,3d,1f","13s,13p,13d,1f",source library name plus declared suffix '-ccECP',PASS,by_element/Ta/Ta.cc-pVDZ.cfour
Ta,73,recipes/Ta/ccECP,Ta.cc-pVQZ.gamess,gamess,dirac;gamess;gaussian;molpro;nwchem,gamess:2197;gaussian:2197;nwchem:2197,ccECP,cc-pVQZ,cc-pVQZ-ccECP,-ccECP,Ta:cc-pVQZ-ccECP,23,191,h,"6s,6p,5d,3f,2g,1h","13s,13p,13d,3f,2g,1h",source library name plus declared suffix '-ccECP',PASS,by_element/Ta/Ta.cc-pVQZ.cfour
Ta,73,recipes/Ta/ccECP,Ta.cc-pVTZ.gamess,gamess,dirac;gamess;gaussian;molpro;nwchem,gamess:1700;gaussian:1700;nwchem:1700,ccECP,cc-pVTZ,cc-pVTZ-ccECP,-ccECP,Ta:cc-pVTZ-ccECP,17,149,g,"5s,5p,4d,2f,1g","13s,13p,13d,2f,1g",source library name plus declared suffix '-ccECP',PASS,by_element/Ta/Ta.cc-pVTZ.cfour
Tb,65,recipes/Tb/ccECP,Tb.aug-cc-pCVDZ.gamess,gamess,dirac;gamess;gaussian;molpro;nwchem,gamess:1581;gaussian:1581;nwchem:1581,ccECP,aug-cc-pCVDZ,aug-cc-pCVDZ-ccECP,-ccECP,Tb:aug-cc-pCVDZ-ccECP,25,145,g,"6s,6p,5d,5f,3g","15s,15p,15d,15f,3g",source library name plus declared suffix '-ccECP',PASS,by_element/Tb/Tb.aug-cc-pCVDZ.cfour
Tb,65,recipes/Tb/ccECP,Tb.aug-cc-pCVQZ.gamess,gamess,dirac;gamess;gaussian;molpro;nwchem,gamess:2901;gaussian:2901;nwchem:2901,ccECP,aug-cc-pCVQZ,aug-cc-pCVQZ-ccECP,-ccECP,Tb:aug-cc-pCVQZ-ccECP,42,258,i,"8s,8p,7d,7f,5g,4h,3i","15s,15p,15d,15f,5g,4h,3i",source library name plus declared suffix '-ccECP',PASS,by_element/Tb/Tb.aug-cc-pCVQZ.cfour
Tb,65,recipes/Tb/ccECP,Tb.aug-cc-pCVTZ.gamess,gamess,dirac;gamess;gaussian;molpro;nwchem,gamess:2223;gaussian:2223;nwchem:2223,ccECP,aug-cc-pCVTZ,aug-cc-pCVTZ-ccECP,-ccECP,Tb:aug-cc-pCVTZ-ccECP,33,201,h,"7s,7p,6d,6f,4g,3h","15s,15p,15d,15f,4g,3h",source library name plus declared suffix '-ccECP',PASS,by_element/Tb/Tb.aug-cc-pCVTZ.cfour
Tb,65,recipes/Tb/ccECP,Tb.aug-cc-pVDZ.gamess,gamess,dirac;gamess;gaussian;molpro;nwchem,gamess:1540;gaussian:1540;nwchem:1540,ccECP,aug-cc-pVDZ,aug-cc-pVDZ-ccECP,-ccECP,Tb:aug-cc-pVDZ-ccECP,20,140,g,"5s,5p,4d,4f,2g","14s,14p,14d,14f,2g",source library name plus declared suffix '-ccECP',PASS,by_element/Tb/Tb.aug-cc-pVDZ.cfour
Tb,65,recipes/Tb/ccECP,Tb.aug-cc-pVQZ.gamess,gamess,dirac;gamess;gaussian;molpro;nwchem,gamess:2846;gaussian:2846;nwchem:2846,ccECP,aug-cc-pVQZ,aug-cc-pVQZ-ccECP,-ccECP,Tb:aug-cc-pVQZ-ccECP,35,251,i,"7s,7p,6d,6f,4g,3h,2i","14s,14p,14d,14f,4g,3h,2i",source library name plus declared suffix '-ccECP',PASS,by_element/Tb/Tb.aug-cc-pVQZ.cfour
Tb,65,recipes/Tb/ccECP,Tb.aug-cc-pVTZ.gamess,gamess,dirac;gamess;gaussian;molpro;nwchem,gamess:2179;gaussian:2179;nwchem:2179,ccECP,aug-cc-pVTZ,aug-cc-pVTZ-ccECP,-ccECP,Tb:aug-cc-pVTZ-ccECP,27,195,h,"6s,6p,5d,5f,3g,2h","14s,14p,14d,14f,3g,2h",source library name plus declared suffix '-ccECP',PASS,by_element/Tb/Tb.aug-cc-pVTZ.cfour
Tb,65,recipes/Tb/ccECP,Tb.cc-pCVDZ.gamess,gamess,dirac;gamess;gaussian;molpro;nwchem,gamess:1552;gaussian:1552;nwchem:1552,ccECP,cc-pCVDZ,cc-pCVDZ-ccECP,-ccECP,Tb:cc-pCVDZ-ccECP,20,140,g,"5s,5p,4d,4f,2g","14s,14p,14d,14f,2g",source library name plus declared suffix '-ccECP',PASS,by_element/Tb/Tb.cc-pCVDZ.cfour
Tb,65,recipes/Tb/ccECP,Tb.cc-pCVQZ.gamess,gamess,dirac;gamess;gaussian;molpro;nwchem,gamess:2859;gaussian:2859;nwchem:2859,ccECP,cc-pCVQZ,cc-pCVQZ-ccECP,-ccECP,Tb:cc-pCVQZ-ccECP,35,251,i,"7s,7p,6d,6f,4g,3h,2i","14s,14p,14d,14f,4g,3h,2i",source library name plus declared suffix '-ccECP',PASS,by_element/Tb/Tb.cc-pCVQZ.cfour
Tb,65,recipes/Tb/ccECP,Tb.cc-pCVTZ.gamess,gamess,dirac;gamess;gaussian;molpro;nwchem,gamess:2188;gaussian:2188;nwchem:2188,ccECP,cc-pCVTZ,cc-pCVTZ-ccECP,-ccECP,Tb:cc-pCVTZ-ccECP,27,195,h,"6s,6p,5d,5f,3g,2h","14s,14p,14d,14f,3g,2h",source library name plus declared suffix '-ccECP',PASS,by_element/Tb/Tb.cc-pCVTZ.cfour
Tb,65,recipes/Tb/ccECP,Tb.cc-pVDZ.gamess,gamess,dirac;gamess;gaussian;molpro;nwchem,gamess:1511;gaussian:1511;nwchem:1511,ccECP,cc-pVDZ,cc-pVDZ-ccECP,-ccECP,Tb:cc-pVDZ-ccECP,15,135,g,"4s,4p,3d,3f,1g","13s,13p,13d,13f,1g",source library name plus declared suffix '-ccECP',PASS,by_element/Tb/Tb.cc-pVDZ.cfour
Tb,65,recipes/Tb/ccECP,Tb.cc-pVQZ.gamess,gamess,dirac;gamess;gaussian;molpro;nwchem,gamess:2804;gaussian:2804;nwchem:2804,ccECP,cc-pVQZ,cc-pVQZ-ccECP,-ccECP,Tb:cc-pVQZ-ccECP,28,244,i,"6s,6p,5d,5f,3g,2h,1i","13s,13p,13d,13f,3g,2h,1i",source library name plus declared suffix '-ccECP',PASS,by_element/Tb/Tb.cc-pVQZ.cfour
Tb,65,recipes/Tb/ccECP,Tb.cc-pVTZ.gamess,gamess,dirac;gamess;gaussian;molpro;nwchem,gamess:2144;gaussian:2144;nwchem:2144,ccECP,cc-pVTZ,cc-pVTZ-ccECP,-ccECP,Tb:cc-pVTZ-ccECP,21,189,h,"5s,5p,4d,4f,2g,1h","13s,13p,13d,13f,2g,1h",source library name plus declared suffix '-ccECP',PASS,by_element/Tb/Tb.cc-pVTZ.cfour
Te,52,recipes/Te/ccECP,Te.aug-cc-pV5Z.gamess,gamess,dirac;gamess;gaussian;molpro;nwchem,gamess:392;gaussian:392;nwchem:392,ccECP,aug-cc-pV5Z,aug-cc-pV5Z-ccECP,-ccECP,Te:aug-cc-pV5Z-ccECP,26,44,h,"6s,6p,5d,4f,3g,2h","15s,15p,5d,4f,3g,2h",source library name plus declared suffix '-ccECP',PASS,by_element/Te/Te.aug-cc-pV5Z.cfour
Te,52,recipes/Te/ccECP,Te.aug-cc-pV6Z.gamess,gamess,dirac;gamess;gaussian;molpro;nwchem,gamess:445;gaussian:445;nwchem:445,ccECP,aug-cc-pV6Z,aug-cc-pV6Z-ccECP,-ccECP,Te:aug-cc-pV6Z-ccECP,34,52,i,"7s,7p,6d,5f,4g,3h,2i","16s,16p,6d,5f,4g,3h,2i",source library name plus declared suffix '-ccECP',PASS,by_element/Te/Te.aug-cc-pV6Z.cfour
Te,52,recipes/Te/ccECP,Te.aug-cc-pVDZ.gamess,gamess,dirac;gamess;gaussian;molpro;nwchem,gamess:268;gaussian:268;nwchem:268,ccECP,aug-cc-pVDZ,aug-cc-pVDZ-ccECP,-ccECP,Te:aug-cc-pVDZ-ccECP,8,26,d,"3s,3p,2d","12s,12p,2d",source library name plus declared suffix '-ccECP',PASS,by_element/Te/Te.aug-cc-pVDZ.cfour
Te,52,recipes/Te/ccECP,Te.aug-cc-pVQZ.gamess,gamess,dirac;gamess;gaussian;molpro;nwchem,gamess:344;gaussian:344;nwchem:344,ccECP,aug-cc-pVQZ,aug-cc-pVQZ-ccECP,-ccECP,Te:aug-cc-pVQZ-ccECP,19,37,g,"5s,5p,4d,3f,2g","14s,14p,4d,3f,2g",source library name plus declared suffix '-ccECP',PASS,by_element/Te/Te.aug-cc-pVQZ.cfour
Te,52,recipes/Te/ccECP,Te.aug-cc-pVTZ.gamess,gamess,dirac;gamess;gaussian;molpro;nwchem,gamess:304;gaussian:304;nwchem:304,ccECP,aug-cc-pVTZ,aug-cc-pVTZ-ccECP,-ccECP,Te:aug-cc-pVTZ-ccECP,13,31,f,"4s,4p,3d,2f","13s,13p,3d,2f",source library name plus declared suffix '-ccECP',PASS,by_element/Te/Te.aug-cc-pVTZ.cfour
Te,52,recipes/Te/ccECP,Te.cc-pV5Z.gamess,gamess,dirac;gamess;gaussian;molpro;nwchem,gamess:354;gaussian:354;nwchem:354,ccECP,cc-pV5Z,cc-pV5Z-ccECP,-ccECP,Te:cc-pV5Z-ccECP,20,38,h,"5s,5p,4d,3f,2g,1h","14s,14p,4d,3f,2g,1h",source library name plus declared suffix '-ccECP',PASS,by_element/Te/Te.cc-pV5Z.cfour
Te,52,recipes/Te/ccECP,Te.cc-pV6Z.gamess,gamess,dirac;gamess;gaussian;molpro;nwchem,gamess:403;gaussian:403;nwchem:403,ccECP,cc-pV6Z,cc-pV6Z-ccECP,-ccECP,Te:cc-pV6Z-ccECP,27,45,i,"6s,6p,5d,4f,3g,2h,1i","15s,15p,5d,4f,3g,2h,1i",source library name plus declared suffix '-ccECP',PASS,by_element/Te/Te.cc-pV6Z.cfour
Te,52,recipes/Te/ccECP,Te.cc-pVDZ.gamess,gamess,dirac;gamess;gaussian;molpro;nwchem,gamess:250;gaussian:250;nwchem:250,ccECP,cc-pVDZ,cc-pVDZ-ccECP,-ccECP,Te:cc-pVDZ-ccECP,5,23,d,"2s,2p,1d","11s,11p,1d",source library name plus declared suffix '-ccECP',PASS,by_element/Te/Te.cc-pVDZ.cfour
Te,52,recipes/Te/ccECP,Te.cc-pVQZ.gamess,gamess,dirac;gamess;gaussian;molpro;nwchem,gamess:314;gaussian:314;nwchem:314,ccECP,cc-pVQZ,cc-pVQZ-ccECP,-ccECP,Te:cc-pVQZ-ccECP,14,32,g,"4s,4p,3d,2f,1g","13s,13p,3d,2f,1g",source library name plus declared suffix '-ccECP',PASS,by_element/Te/Te.cc-pVQZ.cfour
Te,52,recipes/Te/ccECP,Te.cc-pVTZ.gamess,gamess,dirac;gamess;gaussian;molpro;nwchem,gamess:279;gaussian:279;nwchem:279,ccECP,cc-pVTZ,cc-pVTZ-ccECP,-ccECP,Te:cc-pVTZ-ccECP,9,27,f,"3s,3p,2d,1f","12s,12p,2d,1f",source library name plus declared suffix '-ccECP',PASS,by_element/Te/Te.cc-pVTZ.cfour
Ti,22,recipes/Ti/ccECP,Ti.aug-cc-pCV5Z.gamess,gamess,gamess;gaussian;molpro;nwchem,gamess:2690;gaussian:2690;nwchem:2690,ccECP,aug-cc-pCV5Z,aug-cc-pCV5Z-ccECP,-ccECP,Ti:aug-cc-pCV5Z-ccECP,47,241,i,"10s,10p,9d,6f,5g,4h,3i","16s,16p,14d,6f,5g,4h,3i",source library name plus declared suffix '-ccECP',PASS,by_element/Ti/Ti.aug-cc-pCV5Z.cfour
Ti,22,recipes/Ti/ccECP,Ti.aug-cc-pCVDZ.gamess,gamess,gamess;gaussian;molpro;nwchem,gamess:1223;gaussian:1223;nwchem:1223,ccECP,aug-cc-pCVDZ,aug-cc-pCVDZ-ccECP,-ccECP,Ti:aug-cc-pCVDZ-ccECP,23,115,f,"7s,7p,6d,3f","16s,16p,14d,3f",source library name plus declared suffix '-ccECP',PASS,by_element/Ti/Ti.aug-cc-pCVDZ.cfour
Ti,22,recipes/Ti/ccECP,Ti.aug-cc-pCVQZ.gamess,gamess,gamess;gaussian;molpro;nwchem,gamess:2184;gaussian:2184;nwchem:2184,ccECP,aug-cc-pCVQZ,aug-cc-pCVQZ-ccECP,-ccECP,Ti:aug-cc-pCVQZ-ccECP,38,198,h,"9s,9p,8d,5f,4g,3h","16s,16p,14d,5f,4g,3h",source library name plus declared suffix '-ccECP',PASS,by_element/Ti/Ti.aug-cc-pCVQZ.cfour
Ti,22,recipes/Ti/ccECP,Ti.aug-cc-pCVTZ.gamess,gamess,gamess;gaussian;molpro;nwchem,gamess:1697;gaussian:1697;nwchem:1697,ccECP,aug-cc-pCVTZ,aug-cc-pCVTZ-ccECP,-ccECP,Ti:aug-cc-pCVTZ-ccECP,30,156,g,"8s,8p,7d,4f,3g","16s,16p,14d,4f,3g",source library name plus declared suffix '-ccECP',PASS,by_element/Ti/Ti.aug-cc-pCVTZ.cfour
Ti,22,recipes/Ti/ccECP,Ti.aug-cc-pV5Z.gamess,gamess,gamess;gaussian;molpro;nwchem,gamess:2610;gaussian:2610;nwchem:2610,ccECP,aug-cc-pV5Z,aug-cc-pV5Z-ccECP,-ccECP,Ti:aug-cc-pV5Z-ccECP,37,231,i,"8s,8p,7d,5f,4g,3h,2i","14s,14p,12d,5f,4g,3h,2i",source library name plus declared suffix '-ccECP',PASS,by_element/Ti/Ti.aug-cc-pV5Z.cfour
Ti,22,recipes/Ti/ccECP,Ti.aug-cc-pVDZ.gamess,gamess,gamess;gaussian;molpro;nwchem,gamess:1170;gaussian:1170;nwchem:1170,ccECP,aug-cc-pVDZ,aug-cc-pVDZ-ccECP,-ccECP,Ti:aug-cc-pVDZ-ccECP,16,108,f,"5s,5p,4d,2f","14s,14p,12d,2f",source library name plus declared suffix '-ccECP',PASS,by_element/Ti/Ti.aug-cc-pVDZ.cfour
Ti,22,recipes/Ti/ccECP,Ti.aug-cc-pVQZ.gamess,gamess,gamess;gaussian;molpro;nwchem,gamess:2112;gaussian:2112;nwchem:2112,ccECP,aug-cc-pVQZ,aug-cc-pVQZ-ccECP,-ccECP,Ti:aug-cc-pVQZ-ccECP,29,189,h,"7s,7p,6d,4f,3g,2h","14s,14p,12d,4f,3g,2h",source library name plus declared suffix '-ccECP',PASS,by_element/Ti/Ti.aug-cc-pVQZ.cfour
Ti,22,recipes/Ti/ccECP,Ti.aug-cc-pVTZ.gamess,gamess,gamess;gaussian;molpro;nwchem,gamess:1635;gaussian:1635;nwchem:1635,ccECP,aug-cc-pVTZ,aug-cc-pVTZ-ccECP,-ccECP,Ti:aug-cc-pVTZ-ccECP,22,148,g,"6s,6p,5d,3f,2g","14s,14p,12d,3f,2g",source library name plus declared suffix '-ccECP',PASS,by_element/Ti/Ti.aug-cc-pVTZ.cfour
Ti,22,recipes/Ti/ccECP,Ti.cc-pCV5Z.gamess,gamess,gamess;gaussian;molpro;nwchem,gamess:2656;gaussian:2656;nwchem:2656,ccECP,cc-pCV5Z,cc-pCV5Z-ccECP,-ccECP,Ti:cc-pCV5Z-ccECP,40,234,i,"9s,9p,8d,5f,4g,3h,2i","15s,15p,13d,5f,4g,3h,2i",source library name plus declared suffix '-ccECP',PASS,by_element/Ti/Ti.cc-pCV5Z.cfour
Ti,22,recipes/Ti/ccECP,Ti.cc-pCVDZ.gamess,gamess,gamess;gaussian;molpro;nwchem,gamess:1208;gaussian:1208;nwchem:1208,ccECP,cc-pCVDZ,cc-pCVDZ-ccECP,-ccECP,Ti:cc-pCVDZ-ccECP,19,111,f,"6s,6p,5d,2f","15s,15p,13d,2f",source library name plus declared suffix '-ccECP',PASS,by_element/Ti/Ti.cc-pCVDZ.cfour
Ti,22,recipes/Ti/ccECP,Ti.cc-pCVQZ.gamess,gamess,gamess;gaussian;molpro;nwchem,gamess:2156;gaussian:2156;nwchem:2156,ccECP,cc-pCVQZ,cc-pCVQZ-ccECP,-ccECP,Ti:cc-pCVQZ-ccECP,32,192,h,"8s,8p,7d,4f,3g,2h","15s,15p,13d,4f,3g,2h",source library name plus declared suffix '-ccECP',PASS,by_element/Ti/Ti.cc-pCVQZ.cfour
Ti,22,recipes/Ti/ccECP,Ti.cc-pCVTZ.gamess,gamess,gamess;gaussian;molpro;nwchem,gamess:1676;gaussian:1676;nwchem:1676,ccECP,cc-pCVTZ,cc-pCVTZ-ccECP,-ccECP,Ti:cc-pCVTZ-ccECP,25,151,g,"7s,7p,6d,3f,2g","15s,15p,13d,3f,2g",source library name plus declared suffix '-ccECP',PASS,by_element/Ti/Ti.cc-pCVTZ.cfour
Ti,22,recipes/Ti/ccECP,Ti.cc-pV5Z.gamess,gamess,gamess;gaussian;molpro;nwchem,gamess:2576;gaussian:2576;nwchem:2576,ccECP,cc-pV5Z,cc-pV5Z-ccECP,-ccECP,Ti:cc-pV5Z-ccECP,30,224,i,"7s,7p,6d,4f,3g,2h,1i","13s,13p,11d,4f,3g,2h,1i",source library name plus declared suffix '-ccECP',PASS,by_element/Ti/Ti.cc-pV5Z.cfour
Ti,22,recipes/Ti/ccECP,Ti.cc-pVDZ.gamess,gamess,gamess;gaussian;molpro;nwchem,gamess:1155;gaussian:1155;nwchem:1155,ccECP,cc-pVDZ,cc-pVDZ-ccECP,-ccECP,Ti:cc-pVDZ-ccECP,12,104,f,"4s,4p,3d,1f","13s,13p,11d,1f",source library name plus declared suffix '-ccECP',PASS,by_element/Ti/Ti.cc-pVDZ.cfour
Ti,22,recipes/Ti/ccECP,Ti.cc-pVQZ.gamess,gamess,gamess;gaussian;molpro;nwchem,gamess:2084;gaussian:2084;nwchem:2084,ccECP,cc-pVQZ,cc-pVQZ-ccECP,-ccECP,Ti:cc-pVQZ-ccECP,23,183,h,"6s,6p,5d,3f,2g,1h","13s,13p,11d,3f,2g,1h",source library name plus declared suffix '-ccECP',PASS,by_element/Ti/Ti.cc-pVQZ.cfour
Ti,22,recipes/Ti/ccECP,Ti.cc-pVTZ.gamess,gamess,gamess;gaussian;molpro;nwchem,gamess:1614;gaussian:1614;nwchem:1614,ccECP,cc-pVTZ,cc-pVTZ-ccECP,-ccECP,Ti:cc-pVTZ-ccECP,17,143,g,"5s,5p,4d,2f,1g","13s,13p,11d,2f,1g",source library name plus declared suffix '-ccECP',PASS,by_element/Ti/Ti.cc-pVTZ.cfour
V,23,recipes/V/ccECP,V.aug-cc-pCV5Z.gamess,gamess,gamess;gaussian;molpro;nwchem,gamess:2711;gaussian:2711;nwchem:2711,ccECP,aug-cc-pCV5Z,aug-cc-pCV5Z-ccECP,-ccECP,V:aug-cc-pCV5Z-ccECP,46,240,i,"10s,10p,9d,6f,5g,4h,2i","16s,16p,14d,6f,5g,4h,2i",source library name plus declared suffix '-ccECP',PASS,by_element/V/V.aug-cc-pCV5Z.cfour
V,23,recipes/V/ccECP,V.aug-cc-pCVDZ.gamess,gamess,gamess;gaussian;molpro;nwchem,gamess:1234;gaussian:1234;nwchem:1234,ccECP,aug-cc-pCVDZ,aug-cc-pCVDZ-ccECP,-ccECP,V:aug-cc-pCVDZ-ccECP,23,115,f,"7s,7p,6d,3f","16s,16p,14d,3f",source library name plus declared suffix '-ccECP',PASS,by_element/V/V.aug-cc-pCVDZ.cfour
V,23,recipes/V/ccECP,V.aug-cc-pCVQZ.gamess,gamess,gamess;gaussian;molpro;nwchem,gamess:2212;gaussian:2212;nwchem:2212,ccECP,aug-cc-pCVQZ,aug-cc-pCVQZ-ccECP,-ccECP,V:aug-cc-pCVQZ-ccECP,38,198,h,"9s,9p,8d,5f,4g,3h","16s,16p,14d,5f,4g,3h",source library name plus declared suffix '-ccECP',PASS,by_element/V/V.aug-cc-pCVQZ.cfour
V,23,recipes/V/ccECP,V.aug-cc-pCVTZ.gamess,gamess,gamess;gaussian;molpro;nwchem,gamess:1714;gaussian:1714;nwchem:1714,ccECP,aug-cc-pCVTZ,aug-cc-pCVTZ-ccECP,-ccECP,V:aug-cc-pCVTZ-ccECP,30,156,g,"8s,8p,7d,4f,3g","16s,16p,14d,4f,3g",source library name plus declared suffix '-ccECP',PASS,by_element/V/V.aug-cc-pCVTZ.cfour
V,23,recipes/V/ccECP,V.aug-cc-pV5Z.gamess,gamess,gamess;gaussian;molpro;nwchem,gamess:2641;gaussian:2641;nwchem:2641,ccECP,aug-cc-pV5Z,aug-cc-pV5Z-ccECP,-ccECP,V:aug-cc-pV5Z-ccECP,37,231,i,"8s,8p,7d,5f,4g,3h,2i","14s,14p,12d,5f,4g,3h,2i",source library name plus declared suffix '-ccECP',PASS,by_element/V/V.aug-cc-pV5Z.cfour
V,23,recipes/V/ccECP,V.aug-cc-pVDZ.gamess,gamess,gamess;gaussian;molpro;nwchem,gamess:1181;gaussian:1181;nwchem:1181,ccECP,aug-cc-pVDZ,aug-cc-pVDZ-ccECP,-ccECP,V:aug-cc-pVDZ-ccECP,16,108,f,"5s,5p,4d,2f","14s,14p,12d,2f",source library name plus declared suffix '-ccECP',PASS,by_element/V/V.aug-cc-pVDZ.cfour
V,23,recipes/V/ccECP,V.aug-cc-pVQZ.gamess,gamess,gamess;gaussian;molpro;nwchem,gamess:2143;gaussian:2143;nwchem:2143,ccECP,aug-cc-pVQZ,aug-cc-pVQZ-ccECP,-ccECP,V:aug-cc-pVQZ-ccECP,29,189,h,"7s,7p,6d,4f,3g,2h","14s,14p,12d,4f,3g,2h",source library name plus declared suffix '-ccECP',PASS,by_element/V/V.aug-cc-pVQZ.cfour
V,23,recipes/V/ccECP,V.aug-cc-pVTZ.gamess,gamess,gamess;gaussian;molpro;nwchem,gamess:1652;gaussian:1652;nwchem:1652,ccECP,aug-cc-pVTZ,aug-cc-pVTZ-ccECP,-ccECP,V:aug-cc-pVTZ-ccECP,22,148,g,"6s,6p,5d,3f,2g","14s,14p,12d,3f,2g",source library name plus declared suffix '-ccECP',PASS,by_element/V/V.aug-cc-pVTZ.cfour
V,23,recipes/V/ccECP,V.cc-pCV5Z.gamess,gamess,gamess;gaussian;molpro;nwchem,gamess:2679;gaussian:2679;nwchem:2679,ccECP,cc-pCV5Z,cc-pCV5Z-ccECP,-ccECP,V:cc-pCV5Z-ccECP,39,233,i,"9s,9p,8d,5f,4g,3h,1i","15s,15p,13d,5f,4g,3h,1i",source library name plus declared suffix '-ccECP',PASS,by_element/V/V.cc-pCV5Z.cfour
V,23,recipes/V/ccECP,V.cc-pCVDZ.gamess,gamess,gamess;gaussian;molpro;nwchem,gamess:1218;gaussian:1218;nwchem:1218,ccECP,cc-pCVDZ,cc-pCVDZ-ccECP,-ccECP,V:cc-pCVDZ-ccECP,19,111,f,"6s,6p,5d,2f","15s,15p,13d,2f",source library name plus declared suffix '-ccECP',PASS,by_element/V/V.cc-pCVDZ.cfour
V,23,recipes/V/ccECP,V.cc-pCVQZ.gamess,gamess,gamess;gaussian;molpro;nwchem,gamess:2183;gaussian:2183;nwchem:2183,ccECP,cc-pCVQZ,cc-pCVQZ-ccECP,-ccECP,V:cc-pCVQZ-ccECP,32,192,h,"8s,8p,7d,4f,3g,2h","15s,15p,13d,4f,3g,2h",source library name plus declared suffix '-ccECP',PASS,by_element/V/V.cc-pCVQZ.cfour
V,23,recipes/V/ccECP,V.cc-pCVTZ.gamess,gamess,gamess;gaussian;molpro;nwchem,gamess:1692;gaussian:1692;nwchem:1692,ccECP,cc-pCVTZ,cc-pCVTZ-ccECP,-ccECP,V:cc-pCVTZ-ccECP,25,151,g,"7s,7p,6d,3f,2g","15s,15p,13d,3f,2g",source library name plus declared suffix '-ccECP',PASS,by_element/V/V.cc-pCVTZ.cfour
V,23,recipes/V/ccECP,V.cc-pV5Z.gamess,gamess,gamess;gaussian;molpro;nwchem,gamess:2609;gaussian:2609;nwchem:2609,ccECP,cc-pV5Z,cc-pV5Z-ccECP,-ccECP,V:cc-pV5Z-ccECP,30,224,i,"7s,7p,6d,4f,3g,2h,1i","13s,13p,11d,4f,3g,2h,1i",source library name plus declared suffix '-ccECP',PASS,by_element/V/V.cc-pV5Z.cfour
V,23,recipes/V/ccECP,V.cc-pVDZ.gamess,gamess,gamess;gaussian;molpro;nwchem,gamess:1165;gaussian:1165;nwchem:1165,ccECP,cc-pVDZ,cc-pVDZ-ccECP,-ccECP,V:cc-pVDZ-ccECP,12,104,f,"4s,4p,3d,1f","13s,13p,11d,1f",source library name plus declared suffix '-ccECP',PASS,by_element/V/V.cc-pVDZ.cfour
V,23,recipes/V/ccECP,V.cc-pVQZ.gamess,gamess,gamess;gaussian;molpro;nwchem,gamess:2114;gaussian:2114;nwchem:2114,ccECP,cc-pVQZ,cc-pVQZ-ccECP,-ccECP,V:cc-pVQZ-ccECP,23,183,h,"6s,6p,5d,3f,2g,1h","13s,13p,11d,3f,2g,1h",source library name plus declared suffix '-ccECP',PASS,by_element/V/V.cc-pVQZ.cfour
V,23,recipes/V/ccECP,V.cc-pVTZ.gamess,gamess,gamess;gaussian;molpro;nwchem,gamess:1630;gaussian:1630;nwchem:1630,ccECP,cc-pVTZ,cc-pVTZ-ccECP,-ccECP,V:cc-pVTZ-ccECP,17,143,g,"5s,5p,4d,2f,1g","13s,13p,11d,2f,1g",source library name plus declared suffix '-ccECP',PASS,by_element/V/V.cc-pVTZ.cfour
W,74,recipes/W/ccECP,W.aug-cc-pCV5Z.gamess,gamess,dirac;gamess;gaussian;molpro;nwchem,gamess:2799;gaussian:2799;nwchem:2799,ccECP,aug-cc-pCV5Z,aug-cc-pCV5Z-ccECP,-ccECP,W:aug-cc-pCV5Z-ccECP,47,251,i,"10s,10p,9d,6f,5g,4h,3i","16s,16p,16d,6f,5g,4h,3i",source library name plus declared suffix '-ccECP',PASS,by_element/W/W.aug-cc-pCV5Z.cfour
W,74,recipes/W/ccECP,W.aug-cc-pCVDZ.gamess,gamess,dirac;gamess;gaussian;molpro;nwchem,gamess:1265;gaussian:1265;nwchem:1265,ccECP,aug-cc-pCVDZ,aug-cc-pCVDZ-ccECP,-ccECP,W:aug-cc-pCVDZ-ccECP,20,116,f,"6s,6p,5d,3f","15s,15p,15d,3f",source library name plus declared suffix '-ccECP',PASS,by_element/W/W.aug-cc-pCVDZ.cfour
W,74,recipes/W/ccECP,W.aug-cc-pCVQZ.gamess,gamess,dirac;gamess;gaussian;molpro;nwchem,gamess:2274;gaussian:2274;nwchem:2274,ccECP,aug-cc-pCVQZ,aug-cc-pCVQZ-ccECP,-ccECP,W:aug-cc-pCVQZ-ccECP,38,206,h,"9s,9p,8d,5f,4g,3h","16s,16p,16d,5f,4g,3h",source library name plus declared suffix '-ccECP',PASS,by_element/W/W.aug-cc-pCVQZ.cfour
W,74,recipes/W/ccECP,W.aug-cc-pCVTZ.gamess,gamess,dirac;gamess;gaussian;molpro;nwchem,gamess:1769;gaussian:1769;nwchem:1769,ccECP,aug-cc-pCVTZ,aug-cc-pCVTZ-ccECP,-ccECP,W:aug-cc-pCVTZ-ccECP,30,162,g,"8s,8p,7d,4f,3g","16s,16p,16d,4f,3g",source library name plus declared suffix '-ccECP',PASS,by_element/W/W.aug-cc-pCVTZ.cfour
W,74,recipes/W/ccECP,W.aug-cc-pV5Z.gamess,gamess,dirac;gamess;gaussian;molpro;nwchem,gamess:2747;gaussian:2747;nwchem:2747,ccECP,aug-cc-pV5Z,aug-cc-pV5Z-ccECP,-ccECP,W:aug-cc-pV5Z-ccECP,37,241,i,"8s,8p,7d,5f,4g,3h,2i","14s,14p,14d,5f,4g,3h,2i",source library name plus declared suffix '-ccECP',PASS,by_element/W/W.aug-cc-pV5Z.cfour
W,74,recipes/W/ccECP,W.aug-cc-pVDZ.gamess,gamess,dirac;gamess;gaussian;molpro;nwchem,gamess:1241;gaussian:1241;nwchem:1241,ccECP,aug-cc-pVDZ,aug-cc-pVDZ-ccECP,-ccECP,W:aug-cc-pVDZ-ccECP,16,112,f,"5s,5p,4d,2f","14s,14p,14d,2f",source library name plus declared suffix '-ccECP',PASS,by_element/W/W.aug-cc-pVDZ.cfour
W,74,recipes/W/ccECP,W.aug-cc-pVQZ.gamess,gamess,dirac;gamess;gaussian;molpro;nwchem,gamess:2229;gaussian:2229;nwchem:2229,ccECP,aug-cc-pVQZ,aug-cc-pVQZ-ccECP,-ccECP,W:aug-cc-pVQZ-ccECP,29,197,h,"7s,7p,6d,4f,3g,2h","14s,14p,14d,4f,3g,2h",source library name plus declared suffix '-ccECP',PASS,by_element/W/W.aug-cc-pVQZ.cfour
W,74,recipes/W/ccECP,W.aug-cc-pVTZ.gamess,gamess,dirac;gamess;gaussian;molpro;nwchem,gamess:1724;gaussian:1724;nwchem:1724,ccECP,aug-cc-pVTZ,aug-cc-pVTZ-ccECP,-ccECP,W:aug-cc-pVTZ-ccECP,22,154,g,"6s,6p,5d,3f,2g","14s,14p,14d,3f,2g",source library name plus declared suffix '-ccECP',PASS,by_element/W/W.aug-cc-pVTZ.cfour
W,74,recipes/W/ccECP,W.cc-pCV5Z.gamess,gamess,dirac;gamess;gaussian;molpro;nwchem,gamess:2764;gaussian:2764;nwchem:2764,ccECP,cc-pCV5Z,cc-pCV5Z-ccECP,-ccECP,W:cc-pCV5Z-ccECP,40,244,i,"9s,9p,8d,5f,4g,3h,2i","15s,15p,15d,5f,4g,3h,2i",source library name plus declared suffix '-ccECP',PASS,by_element/W/W.cc-pCV5Z.cfour
W,74,recipes/W/ccECP,W.cc-pCVDZ.gamess,gamess,dirac;gamess;gaussian;molpro;nwchem,gamess:1243;gaussian:1243;nwchem:1243,ccECP,cc-pCVDZ,cc-pCVDZ-ccECP,-ccECP,W:cc-pCVDZ-ccECP,16,112,f,"5s,5p,4d,2f","14s,14p,14d,2f",source library name plus declared suffix '-ccECP',PASS,by_element/W/W.cc-pCVDZ.cfour
W,74,recipes/W/ccECP,W.cc-pCVQZ.gamess,gamess,dirac;gamess;gaussian;molpro;nwchem,gamess:2243;gaussian:2243;nwchem:2243,ccECP,cc-pCVQZ,cc-pCVQZ-ccECP,-ccECP,W:cc-pCVQZ-ccECP,32,200,h,"8s,8p,7d,4f,3g,2h","15s,15p,15d,4f,3g,2h",source library name plus declared suffix '-ccECP',PASS,by_element/W/W.cc-pCVQZ.cfour
W,74,recipes/W/ccECP,W.cc-pCVTZ.gamess,gamess,dirac;gamess;gaussian;molpro;nwchem,gamess:1743;gaussian:1743;nwchem:1743,ccECP,cc-pCVTZ,cc-pCVTZ-ccECP,-ccECP,W:cc-pCVTZ-ccECP,25,157,g,"7s,7p,6d,3f,2g","15s,15p,15d,3f,2g",source library name plus declared suffix '-ccECP',PASS,by_element/W/W.cc-pCVTZ.cfour
W,74,recipes/W/ccECP,W.cc-pV5Z.gamess,gamess,dirac;gamess;gaussian;molpro;nwchem,gamess:2712;gaussian:2712;nwchem:2712,ccECP,cc-pV5Z,cc-pV5Z-ccECP,-ccECP,W:cc-pV5Z-ccECP,30,234,i,"7s,7p,6d,4f,3g,2h,1i","13s,13p,13d,4f,3g,2h,1i",source library name plus declared suffix '-ccECP',PASS,by_element/W/W.cc-pV5Z.cfour
W,74,recipes/W/ccECP,W.cc-pVDZ.gamess,gamess,dirac;gamess;gaussian;molpro;nwchem,gamess:1219;gaussian:1219;nwchem:1219,ccECP,cc-pVDZ,cc-pVDZ-ccECP,-ccECP,W:cc-pVDZ-ccECP,12,108,f,"4s,4p,3d,1f","13s,13p,13d,1f",source library name plus declared suffix '-ccECP',PASS,by_element/W/W.cc-pVDZ.cfour
W,74,recipes/W/ccECP,W.cc-pVQZ.gamess,gamess,dirac;gamess;gaussian;molpro;nwchem,gamess:2198;gaussian:2198;nwchem:2198,ccECP,cc-pVQZ,cc-pVQZ-ccECP,-ccECP,W:cc-pVQZ-ccECP,23,191,h,"6s,6p,5d,3f,2g,1h","13s,13p,13d,3f,2g,1h",source library name plus declared suffix '-ccECP',PASS,by_element/W/W.cc-pVQZ.cfour
W,74,recipes/W/ccECP,W.cc-pVTZ.gamess,gamess,dirac;gamess;gaussian;molpro;nwchem,gamess:1698;gaussian:1698;nwchem:1698,ccECP,cc-pVTZ,cc-pVTZ-ccECP,-ccECP,W:cc-pVTZ-ccECP,17,149,g,"5s,5p,4d,2f,1g","13s,13p,13d,2f,1g",source library name plus declared suffix '-ccECP',PASS,by_element/W/W.cc-pVTZ.cfour
Y,39,recipes/Y/ccECP,Y.aug-cc-pCV5Z.gamess,gamess,dirac;gamess;gaussian;molpro;nwchem,gamess:2744;gaussian:2744;nwchem:2744,ccECP,aug-cc-pCV5Z,aug-cc-pCV5Z-ccECP,-ccECP,Y:aug-cc-pCV5Z-ccECP,47,251,i,"10s,10p,9d,6f,5g,4h,3i","16s,16p,16d,6f,5g,4h,3i",source library name plus declared suffix '-ccECP',PASS,by_element/Y/Y.aug-cc-pCV5Z.cfour
Y,39,recipes/Y/ccECP,Y.aug-cc-pCVDZ.gamess,gamess,dirac;gamess;gaussian;molpro;nwchem,gamess:1226;gaussian:1226;nwchem:1226,ccECP,aug-cc-pCVDZ,aug-cc-pCVDZ-ccECP,-ccECP,Y:aug-cc-pCVDZ-ccECP,20,116,f,"6s,6p,5d,3f","15s,15p,15d,3f",source library name plus declared suffix '-ccECP',PASS,by_element/Y/Y.aug-cc-pCVDZ.cfour
Y,39,recipes/Y/ccECP,Y.aug-cc-pCVQZ.gamess,gamess,dirac;gamess;gaussian;molpro;nwchem,gamess:2224;gaussian:2224;nwchem:2224,ccECP,aug-cc-pCVQZ,aug-cc-pCVQZ-ccECP,-ccECP,Y:aug-cc-pCVQZ-ccECP,38,206,h,"9s,9p,8d,5f,4g,3h","16s,16p,16d,5f,4g,3h",source library name plus declared suffix '-ccECP',PASS,by_element/Y/Y.aug-cc-pCVQZ.cfour
Y,39,recipes/Y/ccECP,Y.aug-cc-pCVTZ.gamess,gamess,dirac;gamess;gaussian;molpro;nwchem,gamess:1728;gaussian:1728;nwchem:1728,ccECP,aug-cc-pCVTZ,aug-cc-pCVTZ-ccECP,-ccECP,Y:aug-cc-pCVTZ-ccECP,30,162,g,"8s,8p,7d,4f,3g","16s,16p,16d,4f,3g",source library name plus declared suffix '-ccECP',PASS,by_element/Y/Y.aug-cc-pCVTZ.cfour
Y,39,recipes/Y/ccECP,Y.aug-cc-pV5Z.gamess,gamess,dirac;gamess;gaussian;molpro;nwchem,gamess:2691;gaussian:2691;nwchem:2691,ccECP,aug-cc-pV5Z,aug-cc-pV5Z-ccECP,-ccECP,Y:aug-cc-pV5Z-ccECP,37,241,i,"8s,8p,7d,5f,4g,3h,2i","14s,14p,14d,5f,4g,3h,2i",source library name plus declared suffix '-ccECP',PASS,by_element/Y/Y.aug-cc-pV5Z.cfour
Y,39,recipes/Y/ccECP,Y.aug-cc-pVDZ.gamess,gamess,dirac;gamess;gaussian;molpro;nwchem,gamess:1207;gaussian:1207;nwchem:1207,ccECP,aug-cc-pVDZ,aug-cc-pVDZ-ccECP,-ccECP,Y:aug-cc-pVDZ-ccECP,16,112,f,"5s,5p,4d,2f","14s,14p,14d,2f",source library name plus declared suffix '-ccECP',PASS,by_element/Y/Y.aug-cc-pVDZ.cfour
Y,39,recipes/Y/ccECP,Y.aug-cc-pVQZ.gamess,gamess,dirac;gamess;gaussian;molpro;nwchem,gamess:2174;gaussian:2174;nwchem:2174,ccECP,aug-cc-pVQZ,aug-cc-pVQZ-ccECP,-ccECP,Y:aug-cc-pVQZ-ccECP,29,197,h,"7s,7p,6d,4f,3g,2h","14s,14p,14d,4f,3g,2h",source library name plus declared suffix '-ccECP',PASS,by_element/Y/Y.aug-cc-pVQZ.cfour
Y,39,recipes/Y/ccECP,Y.aug-cc-pVTZ.gamess,gamess,dirac;gamess;gaussian;molpro;nwchem,gamess:1684;gaussian:1684;nwchem:1684,ccECP,aug-cc-pVTZ,aug-cc-pVTZ-ccECP,-ccECP,Y:aug-cc-pVTZ-ccECP,22,154,g,"6s,6p,5d,3f,2g","14s,14p,14d,3f,2g",source library name plus declared suffix '-ccECP',PASS,by_element/Y/Y.aug-cc-pVTZ.cfour
Y,39,recipes/Y/ccECP,Y.cc-pCV5Z.gamess,gamess,dirac;gamess;gaussian;molpro;nwchem,gamess:2711;gaussian:2711;nwchem:2711,ccECP,cc-pCV5Z,cc-pCV5Z-ccECP,-ccECP,Y:cc-pCV5Z-ccECP,40,244,i,"9s,9p,8d,5f,4g,3h,2i","15s,15p,15d,5f,4g,3h,2i",source library name plus declared suffix '-ccECP',PASS,by_element/Y/Y.cc-pCV5Z.cfour
Y,39,recipes/Y/ccECP,Y.cc-pCVDZ.gamess,gamess,dirac;gamess;gaussian;molpro;nwchem,gamess:1206;gaussian:1206;nwchem:1206,ccECP,cc-pCVDZ,cc-pCVDZ-ccECP,-ccECP,Y:cc-pCVDZ-ccECP,16,112,f,"5s,5p,4d,2f","14s,14p,14d,2f",source library name plus declared suffix '-ccECP',PASS,by_element/Y/Y.cc-pCVDZ.cfour
Y,39,recipes/Y/ccECP,Y.cc-pCVQZ.gamess,gamess,dirac;gamess;gaussian;molpro;nwchem,gamess:2196;gaussian:2196;nwchem:2196,ccECP,cc-pCVQZ,cc-pCVQZ-ccECP,-ccECP,Y:cc-pCVQZ-ccECP,32,200,h,"8s,8p,7d,4f,3g,2h","15s,15p,15d,4f,3g,2h",source library name plus declared suffix '-ccECP',PASS,by_element/Y/Y.cc-pCVQZ.cfour
Y,39,recipes/Y/ccECP,Y.cc-pCVTZ.gamess,gamess,dirac;gamess;gaussian;molpro;nwchem,gamess:1704;gaussian:1704;nwchem:1704,ccECP,cc-pCVTZ,cc-pCVTZ-ccECP,-ccECP,Y:cc-pCVTZ-ccECP,25,157,g,"7s,7p,6d,3f,2g","15s,15p,15d,3f,2g",source library name plus declared suffix '-ccECP',PASS,by_element/Y/Y.cc-pCVTZ.cfour
Y,39,recipes/Y/ccECP,Y.cc-pV5Z.gamess,gamess,dirac;gamess;gaussian;molpro;nwchem,gamess:2658;gaussian:2658;nwchem:2658,ccECP,cc-pV5Z,cc-pV5Z-ccECP,-ccECP,Y:cc-pV5Z-ccECP,30,234,i,"7s,7p,6d,4f,3g,2h,1i","13s,13p,13d,4f,3g,2h,1i",source library name plus declared suffix '-ccECP',PASS,by_element/Y/Y.cc-pV5Z.cfour
Y,39,recipes/Y/ccECP,Y.cc-pVDZ.gamess,gamess,dirac;gamess;gaussian;molpro;nwchem,gamess:1187;gaussian:1187;nwchem:1187,ccECP,cc-pVDZ,cc-pVDZ-ccECP,-ccECP,Y:cc-pVDZ-ccECP,12,108,f,"4s,4p,3d,1f","13s,13p,13d,1f",source library name plus declared suffix '-ccECP',PASS,by_element/Y/Y.cc-pVDZ.cfour
Y,39,recipes/Y/ccECP,Y.cc-pVQZ.gamess,gamess,dirac;gamess;gaussian;molpro;nwchem,gamess:2146;gaussian:2146;nwchem:2146,ccECP,cc-pVQZ,cc-pVQZ-ccECP,-ccECP,Y:cc-pVQZ-ccECP,23,191,h,"6s,6p,5d,3f,2g,1h","13s,13p,13d,3f,2g,1h",source library name plus declared suffix '-ccECP',PASS,by_element/Y/Y.cc-pVQZ.cfour
Y,39,recipes/Y/ccECP,Y.cc-pVTZ.gamess,gamess,dirac;gamess;gaussian;molpro;nwchem,gamess:1660;gaussian:1660;nwchem:1660,ccECP,cc-pVTZ,cc-pVTZ-ccECP,-ccECP,Y:cc-pVTZ-ccECP,17,149,g,"5s,5p,4d,2f,1g","13s,13p,13d,2f,1g",source library name plus declared suffix '-ccECP',PASS,by_element/Y/Y.cc-pVTZ.cfour
Zn,30,recipes/Zn/ccECP,Zn.aug-cc-pCV5Z.gamess,gamess,gamess;gaussian;molpro;nwchem,gamess:2812;gaussian:2812;nwchem:2812,ccECP,aug-cc-pCV5Z,aug-cc-pCV5Z-ccECP,-ccECP,Zn:aug-cc-pCV5Z-ccECP,47,241,i,"10s,10p,9d,6f,5g,4h,3i","16s,16p,14d,6f,5g,4h,3i",source library name plus declared suffix '-ccECP',PASS,by_element/Zn/Zn.aug-cc-pCV5Z.cfour
Zn,30,recipes/Zn/ccECP,Zn.aug-cc-pCVDZ.gamess,gamess,gamess;gaussian;molpro;nwchem,gamess:1289;gaussian:1289;nwchem:1289,ccECP,aug-cc-pCVDZ,aug-cc-pCVDZ-ccECP,-ccECP,Zn:aug-cc-pCVDZ-ccECP,23,115,f,"7s,7p,6d,3f","16s,16p,14d,3f",source library name plus declared suffix '-ccECP',PASS,by_element/Zn/Zn.aug-cc-pCVDZ.cfour
Zn,30,recipes/Zn/ccECP,Zn.aug-cc-pCVQZ.gamess,gamess,gamess;gaussian;molpro;nwchem,gamess:2291;gaussian:2291;nwchem:2291,ccECP,aug-cc-pCVQZ,aug-cc-pCVQZ-ccECP,-ccECP,Zn:aug-cc-pCVQZ-ccECP,38,198,h,"9s,9p,8d,5f,4g,3h","16s,16p,14d,5f,4g,3h",source library name plus declared suffix '-ccECP',PASS,by_element/Zn/Zn.aug-cc-pCVQZ.cfour
Zn,30,recipes/Zn/ccECP,Zn.aug-cc-pCVTZ.gamess,gamess,gamess;gaussian;molpro;nwchem,gamess:1786;gaussian:1786;nwchem:1786,ccECP,aug-cc-pCVTZ,aug-cc-pCVTZ-ccECP,-ccECP,Zn:aug-cc-pCVTZ-ccECP,30,156,g,"8s,8p,7d,4f,3g","16s,16p,14d,4f,3g",source library name plus declared suffix '-ccECP',PASS,by_element/Zn/Zn.aug-cc-pCVTZ.cfour
Zn,30,recipes/Zn/ccECP,Zn.aug-cc-pV5Z.gamess,gamess,gamess;gaussian;molpro;nwchem,gamess:2732;gaussian:2732;nwchem:2732,ccECP,aug-cc-pV5Z,aug-cc-pV5Z-ccECP,-ccECP,Zn:aug-cc-pV5Z-ccECP,37,231,i,"8s,8p,7d,5f,4g,3h,2i","14s,14p,12d,5f,4g,3h,2i",source library name plus declared suffix '-ccECP',PASS,by_element/Zn/Zn.aug-cc-pV5Z.cfour
Zn,30,recipes/Zn/ccECP,Zn.aug-cc-pVDZ.gamess,gamess,gamess;gaussian;molpro;nwchem,gamess:1235;gaussian:1235;nwchem:1235,ccECP,aug-cc-pVDZ,aug-cc-pVDZ-ccECP,-ccECP,Zn:aug-cc-pVDZ-ccECP,16,108,f,"5s,5p,4d,2f","14s,14p,12d,2f",source library name plus declared suffix '-ccECP',PASS,by_element/Zn/Zn.aug-cc-pVDZ.cfour
Zn,30,recipes/Zn/ccECP,Zn.aug-cc-pVQZ.gamess,gamess,gamess;gaussian;molpro;nwchem,gamess:2218;gaussian:2218;nwchem:2218,ccECP,aug-cc-pVQZ,aug-cc-pVQZ-ccECP,-ccECP,Zn:aug-cc-pVQZ-ccECP,29,189,h,"7s,7p,6d,4f,3g,2h","14s,14p,12d,4f,3g,2h",source library name plus declared suffix '-ccECP',PASS,by_element/Zn/Zn.aug-cc-pVQZ.cfour
Zn,30,recipes/Zn/ccECP,Zn.aug-cc-pVTZ.gamess,gamess,gamess;gaussian;molpro;nwchem,gamess:1721;gaussian:1721;nwchem:1721,ccECP,aug-cc-pVTZ,aug-cc-pVTZ-ccECP,-ccECP,Zn:aug-cc-pVTZ-ccECP,22,148,g,"6s,6p,5d,3f,2g","14s,14p,12d,3f,2g",source library name plus declared suffix '-ccECP',PASS,by_element/Zn/Zn.aug-cc-pVTZ.cfour
Zn,30,recipes/Zn/ccECP,Zn.cc-pCV5Z.gamess,gamess,gamess;gaussian;molpro;nwchem,gamess:2775;gaussian:2775;nwchem:2775,ccECP,cc-pCV5Z,cc-pCV5Z-ccECP,-ccECP,Zn:cc-pCV5Z-ccECP,40,234,i,"9s,9p,8d,5f,4g,3h,2i","15s,15p,13d,5f,4g,3h,2i",source library name plus declared suffix '-ccECP',PASS,by_element/Zn/Zn.cc-pCV5Z.cfour
Zn,30,recipes/Zn/ccECP,Zn.cc-pCVDZ.gamess,gamess,gamess;gaussian;molpro;nwchem,gamess:1274;gaussian:1274;nwchem:1274,ccECP,cc-pCVDZ,cc-pCVDZ-ccECP,-ccECP,Zn:cc-pCVDZ-ccECP,19,111,f,"6s,6p,5d,2f","15s,15p,13d,2f",source library name plus declared suffix '-ccECP',PASS,by_element/Zn/Zn.cc-pCVDZ.cfour
Zn,30,recipes/Zn/ccECP,Zn.cc-pCVQZ.gamess,gamess,gamess;gaussian;molpro;nwchem,gamess:2261;gaussian:2261;nwchem:2261,ccECP,cc-pCVQZ,cc-pCVQZ-ccECP,-ccECP,Zn:cc-pCVQZ-ccECP,32,192,h,"8s,8p,7d,4f,3g,2h","15s,15p,13d,4f,3g,2h",source library name plus declared suffix '-ccECP',PASS,by_element/Zn/Zn.cc-pCVQZ.cfour
Zn,30,recipes/Zn/ccECP,Zn.cc-pCVTZ.gamess,gamess,gamess;gaussian;molpro;nwchem,gamess:1763;gaussian:1763;nwchem:1763,ccECP,cc-pCVTZ,cc-pCVTZ-ccECP,-ccECP,Zn:cc-pCVTZ-ccECP,25,151,g,"7s,7p,6d,3f,2g","15s,15p,13d,3f,2g",source library name plus declared suffix '-ccECP',PASS,by_element/Zn/Zn.cc-pCVTZ.cfour
Zn,30,recipes/Zn/ccECP,Zn.cc-pV5Z.gamess,gamess,gamess;gaussian;molpro;nwchem,gamess:2695;gaussian:2695;nwchem:2695,ccECP,cc-pV5Z,cc-pV5Z-ccECP,-ccECP,Zn:cc-pV5Z-ccECP,30,224,i,"7s,7p,6d,4f,3g,2h,1i","13s,13p,11d,4f,3g,2h,1i",source library name plus declared suffix '-ccECP',PASS,by_element/Zn/Zn.cc-pV5Z.cfour
Zn,30,recipes/Zn/ccECP,Zn.cc-pVDZ.gamess,gamess,gamess;gaussian;molpro;nwchem,gamess:1220;gaussian:1220;nwchem:1220,ccECP,cc-pVDZ,cc-pVDZ-ccECP,-ccECP,Zn:cc-pVDZ-ccECP,12,104,f,"4s,4p,3d,1f","13s,13p,11d,1f",source library name plus declared suffix '-ccECP',PASS,by_element/Zn/Zn.cc-pVDZ.cfour
Zn,30,recipes/Zn/ccECP,Zn.cc-pVQZ.gamess,gamess,gamess;gaussian;molpro;nwchem,gamess:2188;gaussian:2188;nwchem:2188,ccECP,cc-pVQZ,cc-pVQZ-ccECP,-ccECP,Zn:cc-pVQZ-ccECP,23,183,h,"6s,6p,5d,3f,2g,1h","13s,13p,11d,3f,2g,1h",source library name plus declared suffix '-ccECP',PASS,by_element/Zn/Zn.cc-pVQZ.cfour
Zn,30,recipes/Zn/ccECP,Zn.cc-pVTZ.gamess,gamess,gamess;gaussian;molpro;nwchem,gamess:1698;gaussian:1698;nwchem:1698,ccECP,cc-pVTZ,cc-pVTZ-ccECP,-ccECP,Zn:cc-pVTZ-ccECP,17,143,g,"5s,5p,4d,2f,1g","13s,13p,11d,2f,1g",source library name plus declared suffix '-ccECP',PASS,by_element/Zn/Zn.cc-pVTZ.cfour
Zr,40,recipes/Zr/ccECP,Zr.aug-cc-pCV5Z.gamess,gamess,dirac;gamess;gaussian;molpro;nwchem,gamess:2742;gaussian:2742;nwchem:2742,ccECP,aug-cc-pCV5Z,aug-cc-pCV5Z-ccECP,-ccECP,Zr:aug-cc-pCV5Z-ccECP,47,251,i,"10s,10p,9d,6f,5g,4h,3i","16s,16p,16d,6f,5g,4h,3i",source library name plus declared suffix '-ccECP',PASS,by_element/Zr/Zr.aug-cc-pCV5Z.cfour
Zr,40,recipes/Zr/ccECP,Zr.aug-cc-pCVDZ.gamess,gamess,dirac;gamess;gaussian;molpro;nwchem,gamess:1231;gaussian:1231;nwchem:1231,ccECP,aug-cc-pCVDZ,aug-cc-pCVDZ-ccECP,-ccECP,Zr:aug-cc-pCVDZ-ccECP,20,116,f,"6s,6p,5d,3f","15s,15p,15d,3f",source library name plus declared suffix '-ccECP',PASS,by_element/Zr/Zr.aug-cc-pCVDZ.cfour
Zr,40,recipes/Zr/ccECP,Zr.aug-cc-pCVQZ.gamess,gamess,dirac;gamess;gaussian;molpro;nwchem,gamess:2226;gaussian:2226;nwchem:2226,ccECP,aug-cc-pCVQZ,aug-cc-pCVQZ-ccECP,-ccECP,Zr:aug-cc-pCVQZ-ccECP,38,206,h,"9s,9p,8d,5f,4g,3h","16s,16p,16d,5f,4g,3h",source library name plus declared suffix '-ccECP',PASS,by_element/Zr/Zr.aug-cc-pCVQZ.cfour
Zr,40,recipes/Zr/ccECP,Zr.aug-cc-pCVTZ.gamess,gamess,dirac;gamess;gaussian;molpro;nwchem,gamess:1731;gaussian:1731;nwchem:1731,ccECP,aug-cc-pCVTZ,aug-cc-pCVTZ-ccECP,-ccECP,Zr:aug-cc-pCVTZ-ccECP,30,162,g,"8s,8p,7d,4f,3g","16s,16p,16d,4f,3g",source library name plus declared suffix '-ccECP',PASS,by_element/Zr/Zr.aug-cc-pCVTZ.cfour
Zr,40,recipes/Zr/ccECP,Zr.aug-cc-pV5Z.gamess,gamess,dirac;gamess;gaussian;molpro;nwchem,gamess:2684;gaussian:2684;nwchem:2684,ccECP,aug-cc-pV5Z,aug-cc-pV5Z-ccECP,-ccECP,Zr:aug-cc-pV5Z-ccECP,37,241,i,"8s,8p,7d,5f,4g,3h,2i","14s,14p,14d,5f,4g,3h,2i",source library name plus declared suffix '-ccECP',PASS,by_element/Zr/Zr.aug-cc-pV5Z.cfour
Zr,40,recipes/Zr/ccECP,Zr.aug-cc-pVDZ.gamess,gamess,dirac;gamess;gaussian;molpro;nwchem,gamess:1209;gaussian:1209;nwchem:1209,ccECP,aug-cc-pVDZ,aug-cc-pVDZ-ccECP,-ccECP,Zr:aug-cc-pVDZ-ccECP,16,112,f,"5s,5p,4d,2f","14s,14p,14d,2f",source library name plus declared suffix '-ccECP',PASS,by_element/Zr/Zr.aug-cc-pVDZ.cfour
Zr,40,recipes/Zr/ccECP,Zr.aug-cc-pVQZ.gamess,gamess,dirac;gamess;gaussian;molpro;nwchem,gamess:2177;gaussian:2177;nwchem:2177,ccECP,aug-cc-pVQZ,aug-cc-pVQZ-ccECP,-ccECP,Zr:aug-cc-pVQZ-ccECP,29,197,h,"7s,7p,6d,4f,3g,2h","14s,14p,14d,4f,3g,2h",source library name plus declared suffix '-ccECP',PASS,by_element/Zr/Zr.aug-cc-pVQZ.cfour
Zr,40,recipes/Zr/ccECP,Zr.aug-cc-pVTZ.gamess,gamess,dirac;gamess;gaussian;molpro;nwchem,gamess:1687;gaussian:1687;nwchem:1687,ccECP,aug-cc-pVTZ,aug-cc-pVTZ-ccECP,-ccECP,Zr:aug-cc-pVTZ-ccECP,22,154,g,"6s,6p,5d,3f,2g","14s,14p,14d,3f,2g",source library name plus declared suffix '-ccECP',PASS,by_element/Zr/Zr.aug-cc-pVTZ.cfour
Zr,40,recipes/Zr/ccECP,Zr.cc-pCV5Z.gamess,gamess,dirac;gamess;gaussian;molpro;nwchem,gamess:2709;gaussian:2709;nwchem:2709,ccECP,cc-pCV5Z,cc-pCV5Z-ccECP,-ccECP,Zr:cc-pCV5Z-ccECP,40,244,i,"9s,9p,8d,5f,4g,3h,2i","15s,15p,15d,5f,4g,3h,2i",source library name plus declared suffix '-ccECP',PASS,by_element/Zr/Zr.cc-pCV5Z.cfour
Zr,40,recipes/Zr/ccECP,Zr.cc-pCVDZ.gamess,gamess,dirac;gamess;gaussian;molpro;nwchem,gamess:1212;gaussian:1212;nwchem:1212,ccECP,cc-pCVDZ,cc-pCVDZ-ccECP,-ccECP,Zr:cc-pCVDZ-ccECP,16,112,f,"5s,5p,4d,2f","14s,14p,14d,2f",source library name plus declared suffix '-ccECP',PASS,by_element/Zr/Zr.cc-pCVDZ.cfour
Zr,40,recipes/Zr/ccECP,Zr.cc-pCVQZ.gamess,gamess,dirac;gamess;gaussian;molpro;nwchem,gamess:2198;gaussian:2198;nwchem:2198,ccECP,cc-pCVQZ,cc-pCVQZ-ccECP,-ccECP,Zr:cc-pCVQZ-ccECP,32,200,h,"8s,8p,7d,4f,3g,2h","15s,15p,15d,4f,3g,2h",source library name plus declared suffix '-ccECP',PASS,by_element/Zr/Zr.cc-pCVQZ.cfour
Zr,40,recipes/Zr/ccECP,Zr.cc-pCVTZ.gamess,gamess,dirac;gamess;gaussian;molpro;nwchem,gamess:1707;gaussian:1707;nwchem:1707,ccECP,cc-pCVTZ,cc-pCVTZ-ccECP,-ccECP,Zr:cc-pCVTZ-ccECP,25,157,g,"7s,7p,6d,3f,2g","15s,15p,15d,3f,2g",source library name plus declared suffix '-ccECP',PASS,by_element/Zr/Zr.cc-pCVTZ.cfour
Zr,40,recipes/Zr/ccECP,Zr.cc-pV5Z.gamess,gamess,dirac;gamess;gaussian;molpro;nwchem,gamess:2651;gaussian:2651;nwchem:2651,ccECP,cc-pV5Z,cc-pV5Z-ccECP,-ccECP,Zr:cc-pV5Z-ccECP,30,234,i,"7s,7p,6d,4f,3g,2h,1i","13s,13p,13d,4f,3g,2h,1i",source library name plus declared suffix '-ccECP',PASS,by_element/Zr/Zr.cc-pV5Z.cfour
Zr,40,recipes/Zr/ccECP,Zr.cc-pVDZ.gamess,gamess,dirac;gamess;gaussian;molpro;nwchem,gamess:1190;gaussian:1190;nwchem:1190,ccECP,cc-pVDZ,cc-pVDZ-ccECP,-ccECP,Zr:cc-pVDZ-ccECP,12,108,f,"4s,4p,3d,1f","13s,13p,13d,1f",source library name plus declared suffix '-ccECP',PASS,by_element/Zr/Zr.cc-pVDZ.cfour
Zr,40,recipes/Zr/ccECP,Zr.cc-pVQZ.gamess,gamess,dirac;gamess;gaussian;molpro;nwchem,gamess:2149;gaussian:2149;nwchem:2149,ccECP,cc-pVQZ,cc-pVQZ-ccECP,-ccECP,Zr:cc-pVQZ-ccECP,23,191,h,"6s,6p,5d,3f,2g,1h","13s,13p,13d,3f,2g,1h",source library name plus declared suffix '-ccECP',PASS,by_element/Zr/Zr.cc-pVQZ.cfour
Zr,40,recipes/Zr/ccECP,Zr.cc-pVTZ.gamess,gamess,dirac;gamess;gaussian;molpro;nwchem,gamess:1663;gaussian:1663;nwchem:1663,ccECP,cc-pVTZ,cc-pVTZ-ccECP,-ccECP,Zr:cc-pVTZ-ccECP,17,149,g,"5s,5p,4d,2f,1g","13s,13p,13d,2f,1g",source library name plus declared suffix '-ccECP',PASS,by_element/Zr/Zr.cc-pVTZ.cfour
