element,source_recipe_dir,source_filename,kind,library_family,library_name,cfour_name,label_suffix,cfour_label,status,note,cfour_file
Ag,recipes/Ag/ccECP,Ag.ccECP.gamess,ecp,ccECP,ccECP,ccECP,,Ag:ccECP,PASS,no transformation: label is exactly <library element>:<library name>,by_element/Ag/Ag.ccECP.cfour
Al,recipes/Al/ccECP,Al.ccECP.gamess,ecp,ccECP,ccECP,ccECP,,Al:ccECP,PASS,no transformation: label is exactly <library element>:<library name>,by_element/Al/Al.ccECP.cfour
Ar,recipes/Ar/ccECP,Ar.ccECP.gamess,ecp,ccECP,ccECP,ccECP,,Ar:ccECP,PASS,no transformation: label is exactly <library element>:<library name>,by_element/Ar/Ar.ccECP.cfour
As,recipes/As/ccECP,As.ccECP.gamess,ecp,ccECP,ccECP,ccECP,,As:ccECP,PASS,no transformation: label is exactly <library element>:<library name>,by_element/As/As.ccECP.cfour
Au,recipes/Au/ccECP,Au.ccECP.gamess,ecp,ccECP,ccECP,ccECP,,Au:ccECP,PASS,no transformation: label is exactly <library element>:<library name>,by_element/Au/Au.ccECP.cfour
B,recipes/B/ccECP,B.ccECP.gamess,ecp,ccECP,ccECP,ccECP,,B:ccECP,PASS,no transformation: label is exactly <library element>:<library name>,by_element/B/B.ccECP.cfour
Ba,recipes/Ba/ccECP,Ba.ccECP.gamess,ecp,ccECP,ccECP,ccECP,,Ba:ccECP,PASS,no transformation: label is exactly <library element>:<library name>,by_element/Ba/Ba.ccECP.cfour
Be,recipes/Be/ccECP,Be.ccECP.gamess,ecp,ccECP,ccECP,ccECP,,Be:ccECP,PASS,no transformation: label is exactly <library element>:<library name>,by_element/Be/Be.ccECP.cfour
Bi,recipes/Bi/ccECP,Bi.ccECP.gamess,ecp,ccECP,ccECP,ccECP,,Bi:ccECP,PASS,no transformation: label is exactly <library element>:<library name>,by_element/Bi/Bi.ccECP.cfour
Br,recipes/Br/ccECP,Br.ccECP.gamess,ecp,ccECP,ccECP,ccECP,,Br:ccECP,PASS,no transformation: label is exactly <library element>:<library name>,by_element/Br/Br.ccECP.cfour
C,recipes/C/ccECP,C.ccECP.gamess,ecp,ccECP,ccECP,ccECP,,C:ccECP,PASS,no transformation: label is exactly <library element>:<library name>,by_element/C/C.ccECP.cfour
Ca,recipes/Ca/ccECP,Ca.ccECP.gamess,ecp,ccECP,ccECP,ccECP,,Ca:ccECP,PASS,no transformation: label is exactly <library element>:<library name>,by_element/Ca/Ca.ccECP.cfour
Cd,recipes/Cd/ccECP,Cd.ccECP.gamess,ecp,ccECP,ccECP,ccECP,,Cd:ccECP,PASS,no transformation: label is exactly <library element>:<library name>,by_element/Cd/Cd.ccECP.cfour
Ce,recipes/Ce/ccECP,Ce.ccECP.gamess,ecp,ccECP,ccECP,ccECP,,Ce:ccECP,PASS,no transformation: label is exactly <library element>:<library name>,by_element/Ce/Ce.ccECP.cfour
Cl,recipes/Cl/ccECP,Cl.ccECP.gamess,ecp,ccECP,ccECP,ccECP,,Cl:ccECP,PASS,no transformation: label is exactly <library element>:<library name>,by_element/Cl/Cl.ccECP.cfour
Co,recipes/Co/ccECP,Co.ccECP.gamess,ecp,ccECP,ccECP,ccECP,,Co:ccECP,PASS,no transformation: label is exactly <library element>:<library name>,by_element/Co/Co.ccECP.cfour
Cr,recipes/Cr/ccECP,Cr.ccECP.gamess,ecp,ccECP,ccECP,ccECP,,Cr:ccECP,PASS,no transformation: label is exactly <library element>:<library name>,by_element/Cr/Cr.ccECP.cfour
Cs,recipes/Cs/ccECP,Cs.ccECP.gamess,ecp,ccECP,ccECP,ccECP,,Cs:ccECP,PASS,no transformation: label is exactly <library element>:<library name>,by_element/Cs/Cs.ccECP.cfour
Cu,recipes/Cu/ccECP,Cu.ccECP.gamess,ecp,ccECP,ccECP,ccECP,,Cu:ccECP,PASS,no transformation: label is exactly <library element>:<library name>,by_element/Cu/Cu.ccECP.cfour
Eu,recipes/Eu/ccECP,Eu.ccECP.gamess,ecp,ccECP,ccECP,ccECP,,Eu:ccECP,PASS,no transformation: label is exactly <library element>:<library name>,by_element/Eu/Eu.ccECP.cfour
F,recipes/F/ccECP,F.ccECP.gamess,ecp,ccECP,ccECP,ccECP,,F:ccECP,PASS,no transformation: label is exactly <library element>:<library name>,by_element/F/F.ccECP.cfour
Fe,recipes/Fe/ccECP,Fe.ccECP.gamess,ecp,ccECP,ccECP,ccECP,,Fe:ccECP,PASS,no transformation: label is exactly <library element>:<library name>,by_element/Fe/Fe.ccECP.cfour
Ga,recipes/Ga/ccECP,Ga.ccECP.gamess,ecp,ccECP,ccECP,ccECP,,Ga:ccECP,PASS,no transformation: label is exactly <library element>:<library name>,by_element/Ga/Ga.ccECP.cfour
Gd,recipes/Gd/ccECP,Gd.ccECP.gamess,ecp,ccECP,ccECP,ccECP,,Gd:ccECP,PASS,no transformation: label is exactly <library element>:<library name>,by_element/Gd/Gd.ccECP.cfour
Ge,recipes/Ge/ccECP,Ge.ccECP.gamess,ecp,ccECP,ccECP,ccECP,,Ge:ccECP,PASS,no transformation: label is exactly <library element>:<library name>,by_element/Ge/Ge.ccECP.cfour
H,recipes/H/ccECP,H.ccECP.gamess,ecp,ccECP,ccECP,ccECP,,H:ccECP,PASS,no transformation: label is exactly <library element>:<library name>,by_element/H/H.ccECP.cfour
He,recipes/He/ccECP,He.ccECP.gamess,ecp,ccECP,ccECP,ccECP,,He:ccECP,PASS,no transformation: label is exactly <library element>:<library name>,by_element/He/He.ccECP.cfour
I,recipes/I/ccECP,I.ccECP.gamess,ecp,ccECP,ccECP,ccECP,,I:ccECP,PASS,no transformation: label is exactly <library element>:<library name>,by_element/I/I.ccECP.cfour
Ir,recipes/Ir/ccECP,Ir.ccECP.gamess,ecp,ccECP,ccECP,ccECP,,Ir:ccECP,PASS,no transformation: label is exactly <library element>:<library name>,by_element/Ir/Ir.ccECP.cfour
K,recipes/K/ccECP,K.ccECP.gamess,ecp,ccECP,ccECP,ccECP,,K:ccECP,PASS,no transformation: label is exactly <library element>:<library name>,by_element/K/K.ccECP.cfour
Kr,recipes/Kr/ccECP,Kr.ccECP.gamess,ecp,ccECP,ccECP,ccECP,,Kr:ccECP,PASS,no transformation: label is exactly <library element>:<library name>,by_element/Kr/Kr.ccECP.cfour
La,recipes/La/ccECP,La.ccECP.gamess,ecp,ccECP,ccECP,ccECP,,La:ccECP,PASS,no transformation: label is exactly <library element>:<library name>,by_element/La/La.ccECP.cfour
Li,recipes/Li/ccECP,Li.ccECP.gamess,ecp,ccECP,ccECP,ccECP,,Li:ccECP,PASS,no transformation: label is exactly <library element>:<library name>,by_element/Li/Li.ccECP.cfour
Mg,recipes/Mg/ccECP,Mg.ccECP.gamess,ecp,ccECP,ccECP,ccECP,,Mg:ccECP,PASS,no transformation: label is exactly <library element>:<library name>,by_element/Mg/Mg.ccECP.cfour
Mn,recipes/Mn/ccECP,Mn.ccECP.gamess,ecp,ccECP,ccECP,ccECP,,Mn:ccECP,PASS,no transformation: label is exactly <library element>:<library name>,by_element/Mn/Mn.ccECP.cfour
Mo,recipes/Mo/ccECP,Mo.ccECP.gamess,ecp,ccECP,ccECP,ccECP,,Mo:ccECP,PASS,no transformation: label is exactly <library element>:<library name>,by_element/Mo/Mo.ccECP.cfour
N,recipes/N/ccECP,N.ccECP.gamess,ecp,ccECP,ccECP,ccECP,,N:ccECP,PASS,no transformation: label is exactly <library element>:<library name>,by_element/N/N.ccECP.cfour
Na,recipes/Na/ccECP,Na.ccECP.gamess,ecp,ccECP,ccECP,ccECP,,Na:ccECP,PASS,no transformation: label is exactly <library element>:<library name>,by_element/Na/Na.ccECP.cfour
Nb,recipes/Nb/ccECP,Nb.ccECP.gamess,ecp,ccECP,ccECP,ccECP,,Nb:ccECP,PASS,no transformation: label is exactly <library element>:<library name>,by_element/Nb/Nb.ccECP.cfour
Ne,recipes/Ne/ccECP,Ne.ccECP.gamess,ecp,ccECP,ccECP,ccECP,,Ne:ccECP,PASS,no transformation: label is exactly <library element>:<library name>,by_element/Ne/Ne.ccECP.cfour
Ni,recipes/Ni/ccECP,Ni.ccECP.gamess,ecp,ccECP,ccECP,ccECP,,Ni:ccECP,PASS,no transformation: label is exactly <library element>:<library name>,by_element/Ni/Ni.ccECP.cfour
O,recipes/O/ccECP,O.ccECP.gamess,ecp,ccECP,ccECP,ccECP,,O:ccECP,PASS,no transformation: label is exactly <library element>:<library name>,by_element/O/O.ccECP.cfour
P,recipes/P/ccECP,P.ccECP.gamess,ecp,ccECP,ccECP,ccECP,,P:ccECP,PASS,no transformation: label is exactly <library element>:<library name>,by_element/P/P.ccECP.cfour
Pb,recipes/Pb/ccECP,Pb.ccECP.gamess,ecp,ccECP,ccECP,ccECP,,Pb:ccECP,PASS,no transformation: label is exactly <library element>:<library name>,by_element/Pb/Pb.ccECP.cfour
Pd,recipes/Pd/ccECP,Pd.ccECP.gamess,ecp,ccECP,ccECP,ccECP,,Pd:ccECP,PASS,no transformation: label is exactly <library element>:<library name>,by_element/Pd/Pd.ccECP.cfour
Pt,recipes/Pt/ccECP,Pt.ccECP.gamess,ecp,ccECP,ccECP,ccECP,,Pt:ccECP,PASS,no transformation: label is exactly <library element>:<library name>,by_element/Pt/Pt.ccECP.cfour
Rb,recipes/Rb/ccECP,Rb.ccECP.gamess,ecp,ccECP,ccECP,ccECP,,Rb:ccECP,PASS,no transformation: label is exactly <library element>:<library name>,by_element/Rb/Rb.ccECP.cfour
Re,recipes/Re/ccECP,Re.ccECP.gamess,ecp,ccECP,ccECP,ccECP,,Re:ccECP,PASS,no transformation: label is exactly <library element>:<library name>,by_element/Re/Re.ccECP.cfour
Rh,recipes/Rh/ccECP,Rh.ccECP.gamess,ecp,ccECP,ccECP,ccECP,,Rh:ccECP,PASS,no transformation: label is exactly <library element>:<library name>,by_element/Rh/Rh.ccECP.cfour
Ru,recipes/Ru/ccECP,Ru.ccECP.gamess,ecp,ccECP,ccECP,ccECP,,Ru:ccECP,PASS,no transformation: label is exactly <library element>:<library name>,by_element/Ru/Ru.ccECP.cfour
S,recipes/S/ccECP,S.ccECP.gamess,ecp,ccECP,ccECP,ccECP,,S:ccECP,PASS,no transformation: label is exactly <library element>:<library name>,by_element/S/S.ccECP.cfour
Sb,recipes/Sb/ccECP,Sb.ccECP.gamess,ecp,ccECP,ccECP,ccECP,,Sb:ccECP,PASS,no transformation: label is exactly <library element>:<library name>,by_element/Sb/Sb.ccECP.cfour
Sc,recipes/Sc/ccECP,Sc.ccECP.gamess,ecp,ccECP,ccECP,ccECP,,Sc:ccECP,PASS,no transformation: label is exactly <library element>:<library name>,by_element/Sc/Sc.ccECP.cfour
Se,recipes/Se/ccECP,Se.ccECP.gamess,ecp,ccECP,ccECP,ccECP,,Se:ccECP,PASS,no transformation: label is exactly <library element>:<library name>,by_element/Se/Se.ccECP.cfour
Si,recipes/Si/ccECP,Si.ccECP.gamess,ecp,ccECP,ccECP,ccECP,,Si:ccECP,PASS,no transformation: label is exactly <library element>:<library name>,by_element/Si/Si.ccECP.cfour
Sn,recipes/Sn/ccECP,Sn.ccECP.gamess,ecp,ccECP,ccECP,ccECP,,Sn:ccECP,PASS,no transformation: label is exactly <library element>:<library name>,by_element/Sn/Sn.ccECP.cfour
Ta,recipes/Ta/ccECP,Ta.ccECP.gamess,ecp,ccECP,ccECP,ccECP,,Ta:ccECP,PASS,no transformation: label is exactly <library element>:<library name>,by_element/Ta/Ta.ccECP.cfour
Tb,recipes/Tb/ccECP,Tb.ccECP.gamess,ecp,ccECP,ccECP,ccECP,,Tb:ccECP,PASS,no transformation: label is exactly <library element>:<library name>,by_element/Tb/Tb.ccECP.cfour
Te,recipes/Te/ccECP,Te.ccECP.gamess,ecp,ccECP,ccECP,ccECP,,Te:ccECP,PASS,no transformation: label is exactly <library element>:<library name>,by_element/Te/Te.ccECP.cfour
Ti,recipes/Ti/ccECP,Ti.ccECP.gamess,ecp,ccECP,ccECP,ccECP,,Ti:ccECP,PASS,no transformation: label is exactly <library element>:<library name>,by_element/Ti/Ti.ccECP.cfour
V,recipes/V/ccECP,V.ccECP.gamess,ecp,ccECP,ccECP,ccECP,,V:ccECP,PASS,no transformation: label is exactly <library element>:<library name>,by_element/V/V.ccECP.cfour
W,recipes/W/ccECP,W.ccECP.gamess,ecp,ccECP,ccECP,ccECP,,W:ccECP,PASS,no transformation: label is exactly <library element>:<library name>,by_element/W/W.ccECP.cfour
Y,recipes/Y/ccECP,Y.ccECP.gamess,ecp,ccECP,ccECP,ccECP,,Y:ccECP,PASS,no transformation: label is exactly <library element>:<library name>,by_element/Y/Y.ccECP.cfour
Zn,recipes/Zn/ccECP,Zn.ccECP.gamess,ecp,ccECP,ccECP,ccECP,,Zn:ccECP,PASS,no transformation: label is exactly <library element>:<library name>,by_element/Zn/Zn.ccECP.cfour
Zr,recipes/Zr/ccECP,Zr.ccECP.gamess,ecp,ccECP,ccECP,ccECP,,Zr:ccECP,PASS,no transformation: label is exactly <library element>:<library name>,by_element/Zr/Zr.ccECP.cfour
Ag,recipes/Ag/ccECP,Ag.aug-cc-pCV5Z.gamess,basis,ccECP,aug-cc-pCV5Z,aug-cc-pCV5Z-ccECP,-ccECP,Ag:aug-cc-pCV5Z-ccECP,PASS,source library name retained as the label stem; declared disambiguating suffix '-ccECP' appended: aug-cc-pCV5Z -> aug-cc-pCV5Z-ccECP,by_element/Ag/Ag.aug-cc-pCV5Z.cfour
Ag,recipes/Ag/ccECP,Ag.aug-cc-pCVDZ.gamess,basis,ccECP,aug-cc-pCVDZ,aug-cc-pCVDZ-ccECP,-ccECP,Ag:aug-cc-pCVDZ-ccECP,PASS,source library name retained as the label stem; declared disambiguating suffix '-ccECP' appended: aug-cc-pCVDZ -> aug-cc-pCVDZ-ccECP,by_element/Ag/Ag.aug-cc-pCVDZ.cfour
Ag,recipes/Ag/ccECP,Ag.aug-cc-pCVQZ.gamess,basis,ccECP,aug-cc-pCVQZ,aug-cc-pCVQZ-ccECP,-ccECP,Ag:aug-cc-pCVQZ-ccECP,PASS,source library name retained as the label stem; declared disambiguating suffix '-ccECP' appended: aug-cc-pCVQZ -> aug-cc-pCVQZ-ccECP,by_element/Ag/Ag.aug-cc-pCVQZ.cfour
Ag,recipes/Ag/ccECP,Ag.aug-cc-pCVTZ.gamess,basis,ccECP,aug-cc-pCVTZ,aug-cc-pCVTZ-ccECP,-ccECP,Ag:aug-cc-pCVTZ-ccECP,PASS,source library name retained as the label stem; declared disambiguating suffix '-ccECP' appended: aug-cc-pCVTZ -> aug-cc-pCVTZ-ccECP,by_element/Ag/Ag.aug-cc-pCVTZ.cfour
Ag,recipes/Ag/ccECP,Ag.aug-cc-pV5Z.gamess,basis,ccECP,aug-cc-pV5Z,aug-cc-pV5Z-ccECP,-ccECP,Ag:aug-cc-pV5Z-ccECP,PASS,source library name retained as the label stem; declared disambiguating suffix '-ccECP' appended: aug-cc-pV5Z -> aug-cc-pV5Z-ccECP,by_element/Ag/Ag.aug-cc-pV5Z.cfour
Ag,recipes/Ag/ccECP,Ag.aug-cc-pVDZ.gamess,basis,ccECP,aug-cc-pVDZ,aug-cc-pVDZ-ccECP,-ccECP,Ag:aug-cc-pVDZ-ccECP,PASS,source library name retained as the label stem; declared disambiguating suffix '-ccECP' appended: aug-cc-pVDZ -> aug-cc-pVDZ-ccECP,by_element/Ag/Ag.aug-cc-pVDZ.cfour
Ag,recipes/Ag/ccECP,Ag.aug-cc-pVQZ.gamess,basis,ccECP,aug-cc-pVQZ,aug-cc-pVQZ-ccECP,-ccECP,Ag:aug-cc-pVQZ-ccECP,PASS,source library name retained as the label stem; declared disambiguating suffix '-ccECP' appended: aug-cc-pVQZ -> aug-cc-pVQZ-ccECP,by_element/Ag/Ag.aug-cc-pVQZ.cfour
Ag,recipes/Ag/ccECP,Ag.aug-cc-pVTZ.gamess,basis,ccECP,aug-cc-pVTZ,aug-cc-pVTZ-ccECP,-ccECP,Ag:aug-cc-pVTZ-ccECP,PASS,source library name retained as the label stem; declared disambiguating suffix '-ccECP' appended: aug-cc-pVTZ -> aug-cc-pVTZ-ccECP,by_element/Ag/Ag.aug-cc-pVTZ.cfour
Ag,recipes/Ag/ccECP,Ag.cc-pCV5Z.gamess,basis,ccECP,cc-pCV5Z,cc-pCV5Z-ccECP,-ccECP,Ag:cc-pCV5Z-ccECP,PASS,source library name retained as the label stem; declared disambiguating suffix '-ccECP' appended: cc-pCV5Z -> cc-pCV5Z-ccECP,by_element/Ag/Ag.cc-pCV5Z.cfour
Ag,recipes/Ag/ccECP,Ag.cc-pCVDZ.gamess,basis,ccECP,cc-pCVDZ,cc-pCVDZ-ccECP,-ccECP,Ag:cc-pCVDZ-ccECP,PASS,source library name retained as the label stem; declared disambiguating suffix '-ccECP' appended: cc-pCVDZ -> cc-pCVDZ-ccECP,by_element/Ag/Ag.cc-pCVDZ.cfour
Ag,recipes/Ag/ccECP,Ag.cc-pCVQZ.gamess,basis,ccECP,cc-pCVQZ,cc-pCVQZ-ccECP,-ccECP,Ag:cc-pCVQZ-ccECP,PASS,source library name retained as the label stem; declared disambiguating suffix '-ccECP' appended: cc-pCVQZ -> cc-pCVQZ-ccECP,by_element/Ag/Ag.cc-pCVQZ.cfour
Ag,recipes/Ag/ccECP,Ag.cc-pCVTZ.gamess,basis,ccECP,cc-pCVTZ,cc-pCVTZ-ccECP,-ccECP,Ag:cc-pCVTZ-ccECP,PASS,source library name retained as the label stem; declared disambiguating suffix '-ccECP' appended: cc-pCVTZ -> cc-pCVTZ-ccECP,by_element/Ag/Ag.cc-pCVTZ.cfour
Ag,recipes/Ag/ccECP,Ag.cc-pV5Z.gamess,basis,ccECP,cc-pV5Z,cc-pV5Z-ccECP,-ccECP,Ag:cc-pV5Z-ccECP,PASS,source library name retained as the label stem; declared disambiguating suffix '-ccECP' appended: cc-pV5Z -> cc-pV5Z-ccECP,by_element/Ag/Ag.cc-pV5Z.cfour
Ag,recipes/Ag/ccECP,Ag.cc-pVDZ.gamess,basis,ccECP,cc-pVDZ,cc-pVDZ-ccECP,-ccECP,Ag:cc-pVDZ-ccECP,PASS,source library name retained as the label stem; declared disambiguating suffix '-ccECP' appended: cc-pVDZ -> cc-pVDZ-ccECP,by_element/Ag/Ag.cc-pVDZ.cfour
Ag,recipes/Ag/ccECP,Ag.cc-pVQZ.gamess,basis,ccECP,cc-pVQZ,cc-pVQZ-ccECP,-ccECP,Ag:cc-pVQZ-ccECP,PASS,source library name retained as the label stem; declared disambiguating suffix '-ccECP' appended: cc-pVQZ -> cc-pVQZ-ccECP,by_element/Ag/Ag.cc-pVQZ.cfour
Ag,recipes/Ag/ccECP,Ag.cc-pVTZ.gamess,basis,ccECP,cc-pVTZ,cc-pVTZ-ccECP,-ccECP,Ag:cc-pVTZ-ccECP,PASS,source library name retained as the label stem; declared disambiguating suffix '-ccECP' appended: cc-pVTZ -> cc-pVTZ-ccECP,by_element/Ag/Ag.cc-pVTZ.cfour
Al,recipes/Al/ccECP,Al.aug-cc-pV5Z.gamess,basis,ccECP,aug-cc-pV5Z,aug-cc-pV5Z-ccECP,-ccECP,Al:aug-cc-pV5Z-ccECP,PASS,source library name retained as the label stem; declared disambiguating suffix '-ccECP' appended: aug-cc-pV5Z -> aug-cc-pV5Z-ccECP,by_element/Al/Al.aug-cc-pV5Z.cfour
Al,recipes/Al/ccECP,Al.aug-cc-pV6Z.gamess,basis,ccECP,aug-cc-pV6Z,aug-cc-pV6Z-ccECP,-ccECP,Al:aug-cc-pV6Z-ccECP,PASS,source library name retained as the label stem; declared disambiguating suffix '-ccECP' appended: aug-cc-pV6Z -> aug-cc-pV6Z-ccECP,by_element/Al/Al.aug-cc-pV6Z.cfour
Al,recipes/Al/ccECP,Al.aug-cc-pVDZ.gamess,basis,ccECP,aug-cc-pVDZ,aug-cc-pVDZ-ccECP,-ccECP,Al:aug-cc-pVDZ-ccECP,PASS,source library name retained as the label stem; declared disambiguating suffix '-ccECP' appended: aug-cc-pVDZ -> aug-cc-pVDZ-ccECP,by_element/Al/Al.aug-cc-pVDZ.cfour
Al,recipes/Al/ccECP,Al.aug-cc-pVQZ.gamess,basis,ccECP,aug-cc-pVQZ,aug-cc-pVQZ-ccECP,-ccECP,Al:aug-cc-pVQZ-ccECP,PASS,source library name retained as the label stem; declared disambiguating suffix '-ccECP' appended: aug-cc-pVQZ -> aug-cc-pVQZ-ccECP,by_element/Al/Al.aug-cc-pVQZ.cfour
Al,recipes/Al/ccECP,Al.aug-cc-pVTZ.gamess,basis,ccECP,aug-cc-pVTZ,aug-cc-pVTZ-ccECP,-ccECP,Al:aug-cc-pVTZ-ccECP,PASS,source library name retained as the label stem; declared disambiguating suffix '-ccECP' appended: aug-cc-pVTZ -> aug-cc-pVTZ-ccECP,by_element/Al/Al.aug-cc-pVTZ.cfour
Al,recipes/Al/ccECP,Al.cc-pV5Z.gamess,basis,ccECP,cc-pV5Z,cc-pV5Z-ccECP,-ccECP,Al:cc-pV5Z-ccECP,PASS,source library name retained as the label stem; declared disambiguating suffix '-ccECP' appended: cc-pV5Z -> cc-pV5Z-ccECP,by_element/Al/Al.cc-pV5Z.cfour
Al,recipes/Al/ccECP,Al.cc-pV6Z.gamess,basis,ccECP,cc-pV6Z,cc-pV6Z-ccECP,-ccECP,Al:cc-pV6Z-ccECP,PASS,source library name retained as the label stem; declared disambiguating suffix '-ccECP' appended: cc-pV6Z -> cc-pV6Z-ccECP,by_element/Al/Al.cc-pV6Z.cfour
Al,recipes/Al/ccECP,Al.cc-pVDZ.gamess,basis,ccECP,cc-pVDZ,cc-pVDZ-ccECP,-ccECP,Al:cc-pVDZ-ccECP,PASS,source library name retained as the label stem; declared disambiguating suffix '-ccECP' appended: cc-pVDZ -> cc-pVDZ-ccECP,by_element/Al/Al.cc-pVDZ.cfour
Al,recipes/Al/ccECP,Al.cc-pVQZ.gamess,basis,ccECP,cc-pVQZ,cc-pVQZ-ccECP,-ccECP,Al:cc-pVQZ-ccECP,PASS,source library name retained as the label stem; declared disambiguating suffix '-ccECP' appended: cc-pVQZ -> cc-pVQZ-ccECP,by_element/Al/Al.cc-pVQZ.cfour
Al,recipes/Al/ccECP,Al.cc-pVTZ.gamess,basis,ccECP,cc-pVTZ,cc-pVTZ-ccECP,-ccECP,Al:cc-pVTZ-ccECP,PASS,source library name retained as the label stem; declared disambiguating suffix '-ccECP' appended: cc-pVTZ -> cc-pVTZ-ccECP,by_element/Al/Al.cc-pVTZ.cfour
Ar,recipes/Ar/ccECP,Ar.aug-cc-pV5Z.gamess,basis,ccECP,aug-cc-pV5Z,aug-cc-pV5Z-ccECP,-ccECP,Ar:aug-cc-pV5Z-ccECP,PASS,source library name retained as the label stem; declared disambiguating suffix '-ccECP' appended: aug-cc-pV5Z -> aug-cc-pV5Z-ccECP,by_element/Ar/Ar.aug-cc-pV5Z.cfour
Ar,recipes/Ar/ccECP,Ar.aug-cc-pV6Z.gamess,basis,ccECP,aug-cc-pV6Z,aug-cc-pV6Z-ccECP,-ccECP,Ar:aug-cc-pV6Z-ccECP,PASS,source library name retained as the label stem; declared disambiguating suffix '-ccECP' appended: aug-cc-pV6Z -> aug-cc-pV6Z-ccECP,by_element/Ar/Ar.aug-cc-pV6Z.cfour
Ar,recipes/Ar/ccECP,Ar.aug-cc-pVDZ.gamess,basis,ccECP,aug-cc-pVDZ,aug-cc-pVDZ-ccECP,-ccECP,Ar:aug-cc-pVDZ-ccECP,PASS,source library name retained as the label stem; declared disambiguating suffix '-ccECP' appended: aug-cc-pVDZ -> aug-cc-pVDZ-ccECP,by_element/Ar/Ar.aug-cc-pVDZ.cfour
Ar,recipes/Ar/ccECP,Ar.aug-cc-pVQZ.gamess,basis,ccECP,aug-cc-pVQZ,aug-cc-pVQZ-ccECP,-ccECP,Ar:aug-cc-pVQZ-ccECP,PASS,source library name retained as the label stem; declared disambiguating suffix '-ccECP' appended: aug-cc-pVQZ -> aug-cc-pVQZ-ccECP,by_element/Ar/Ar.aug-cc-pVQZ.cfour
Ar,recipes/Ar/ccECP,Ar.aug-cc-pVTZ.gamess,basis,ccECP,aug-cc-pVTZ,aug-cc-pVTZ-ccECP,-ccECP,Ar:aug-cc-pVTZ-ccECP,PASS,source library name retained as the label stem; declared disambiguating suffix '-ccECP' appended: aug-cc-pVTZ -> aug-cc-pVTZ-ccECP,by_element/Ar/Ar.aug-cc-pVTZ.cfour
Ar,recipes/Ar/ccECP,Ar.cc-pV5Z.gamess,basis,ccECP,cc-pV5Z,cc-pV5Z-ccECP,-ccECP,Ar:cc-pV5Z-ccECP,PASS,source library name retained as the label stem; declared disambiguating suffix '-ccECP' appended: cc-pV5Z -> cc-pV5Z-ccECP,by_element/Ar/Ar.cc-pV5Z.cfour
Ar,recipes/Ar/ccECP,Ar.cc-pV6Z.gamess,basis,ccECP,cc-pV6Z,cc-pV6Z-ccECP,-ccECP,Ar:cc-pV6Z-ccECP,PASS,source library name retained as the label stem; declared disambiguating suffix '-ccECP' appended: cc-pV6Z -> cc-pV6Z-ccECP,by_element/Ar/Ar.cc-pV6Z.cfour
Ar,recipes/Ar/ccECP,Ar.cc-pVDZ.gamess,basis,ccECP,cc-pVDZ,cc-pVDZ-ccECP,-ccECP,Ar:cc-pVDZ-ccECP,PASS,source library name retained as the label stem; declared disambiguating suffix '-ccECP' appended: cc-pVDZ -> cc-pVDZ-ccECP,by_element/Ar/Ar.cc-pVDZ.cfour
Ar,recipes/Ar/ccECP,Ar.cc-pVQZ.gamess,basis,ccECP,cc-pVQZ,cc-pVQZ-ccECP,-ccECP,Ar:cc-pVQZ-ccECP,PASS,source library name retained as the label stem; declared disambiguating suffix '-ccECP' appended: cc-pVQZ -> cc-pVQZ-ccECP,by_element/Ar/Ar.cc-pVQZ.cfour
Ar,recipes/Ar/ccECP,Ar.cc-pVTZ.gamess,basis,ccECP,cc-pVTZ,cc-pVTZ-ccECP,-ccECP,Ar:cc-pVTZ-ccECP,PASS,source library name retained as the label stem; declared disambiguating suffix '-ccECP' appended: cc-pVTZ -> cc-pVTZ-ccECP,by_element/Ar/Ar.cc-pVTZ.cfour
As,recipes/As/ccECP,As.aug-cc-pV5Z.gamess,basis,ccECP,aug-cc-pV5Z,aug-cc-pV5Z-ccECP,-ccECP,As:aug-cc-pV5Z-ccECP,PASS,source library name retained as the label stem; declared disambiguating suffix '-ccECP' appended: aug-cc-pV5Z -> aug-cc-pV5Z-ccECP,by_element/As/As.aug-cc-pV5Z.cfour
As,recipes/As/ccECP,As.aug-cc-pV6Z.gamess,basis,ccECP,aug-cc-pV6Z,aug-cc-pV6Z-ccECP,-ccECP,As:aug-cc-pV6Z-ccECP,PASS,source library name retained as the label stem; declared disambiguating suffix '-ccECP' appended: aug-cc-pV6Z -> aug-cc-pV6Z-ccECP,by_element/As/As.aug-cc-pV6Z.cfour
As,recipes/As/ccECP,As.aug-cc-pVDZ.gamess,basis,ccECP,aug-cc-pVDZ,aug-cc-pVDZ-ccECP,-ccECP,As:aug-cc-pVDZ-ccECP,PASS,source library name retained as the label stem; declared disambiguating suffix '-ccECP' appended: aug-cc-pVDZ -> aug-cc-pVDZ-ccECP,by_element/As/As.aug-cc-pVDZ.cfour
As,recipes/As/ccECP,As.aug-cc-pVQZ.gamess,basis,ccECP,aug-cc-pVQZ,aug-cc-pVQZ-ccECP,-ccECP,As:aug-cc-pVQZ-ccECP,PASS,source library name retained as the label stem; declared disambiguating suffix '-ccECP' appended: aug-cc-pVQZ -> aug-cc-pVQZ-ccECP,by_element/As/As.aug-cc-pVQZ.cfour
As,recipes/As/ccECP,As.aug-cc-pVTZ.gamess,basis,ccECP,aug-cc-pVTZ,aug-cc-pVTZ-ccECP,-ccECP,As:aug-cc-pVTZ-ccECP,PASS,source library name retained as the label stem; declared disambiguating suffix '-ccECP' appended: aug-cc-pVTZ -> aug-cc-pVTZ-ccECP,by_element/As/As.aug-cc-pVTZ.cfour
As,recipes/As/ccECP,As.cc-pV5Z.gamess,basis,ccECP,cc-pV5Z,cc-pV5Z-ccECP,-ccECP,As:cc-pV5Z-ccECP,PASS,source library name retained as the label stem; declared disambiguating suffix '-ccECP' appended: cc-pV5Z -> cc-pV5Z-ccECP,by_element/As/As.cc-pV5Z.cfour
As,recipes/As/ccECP,As.cc-pV6Z.gamess,basis,ccECP,cc-pV6Z,cc-pV6Z-ccECP,-ccECP,As:cc-pV6Z-ccECP,PASS,source library name retained as the label stem; declared disambiguating suffix '-ccECP' appended: cc-pV6Z -> cc-pV6Z-ccECP,by_element/As/As.cc-pV6Z.cfour
As,recipes/As/ccECP,As.cc-pVDZ.gamess,basis,ccECP,cc-pVDZ,cc-pVDZ-ccECP,-ccECP,As:cc-pVDZ-ccECP,PASS,source library name retained as the label stem; declared disambiguating suffix '-ccECP' appended: cc-pVDZ -> cc-pVDZ-ccECP,by_element/As/As.cc-pVDZ.cfour
As,recipes/As/ccECP,As.cc-pVQZ.gamess,basis,ccECP,cc-pVQZ,cc-pVQZ-ccECP,-ccECP,As:cc-pVQZ-ccECP,PASS,source library name retained as the label stem; declared disambiguating suffix '-ccECP' appended: cc-pVQZ -> cc-pVQZ-ccECP,by_element/As/As.cc-pVQZ.cfour
As,recipes/As/ccECP,As.cc-pVTZ.gamess,basis,ccECP,cc-pVTZ,cc-pVTZ-ccECP,-ccECP,As:cc-pVTZ-ccECP,PASS,source library name retained as the label stem; declared disambiguating suffix '-ccECP' appended: cc-pVTZ -> cc-pVTZ-ccECP,by_element/As/As.cc-pVTZ.cfour
Au,recipes/Au/ccECP,Au.aug-cc-pCV5Z.gamess,basis,ccECP,aug-cc-pCV5Z,aug-cc-pCV5Z-ccECP,-ccECP,Au:aug-cc-pCV5Z-ccECP,PASS,source library name retained as the label stem; declared disambiguating suffix '-ccECP' appended: aug-cc-pCV5Z -> aug-cc-pCV5Z-ccECP,by_element/Au/Au.aug-cc-pCV5Z.cfour
Au,recipes/Au/ccECP,Au.aug-cc-pCVDZ.gamess,basis,ccECP,aug-cc-pCVDZ,aug-cc-pCVDZ-ccECP,-ccECP,Au:aug-cc-pCVDZ-ccECP,PASS,source library name retained as the label stem; declared disambiguating suffix '-ccECP' appended: aug-cc-pCVDZ -> aug-cc-pCVDZ-ccECP,by_element/Au/Au.aug-cc-pCVDZ.cfour
Au,recipes/Au/ccECP,Au.aug-cc-pCVQZ.gamess,basis,ccECP,aug-cc-pCVQZ,aug-cc-pCVQZ-ccECP,-ccECP,Au:aug-cc-pCVQZ-ccECP,PASS,source library name retained as the label stem; declared disambiguating suffix '-ccECP' appended: aug-cc-pCVQZ -> aug-cc-pCVQZ-ccECP,by_element/Au/Au.aug-cc-pCVQZ.cfour
Au,recipes/Au/ccECP,Au.aug-cc-pCVTZ.gamess,basis,ccECP,aug-cc-pCVTZ,aug-cc-pCVTZ-ccECP,-ccECP,Au:aug-cc-pCVTZ-ccECP,PASS,source library name retained as the label stem; declared disambiguating suffix '-ccECP' appended: aug-cc-pCVTZ -> aug-cc-pCVTZ-ccECP,by_element/Au/Au.aug-cc-pCVTZ.cfour
Au,recipes/Au/ccECP,Au.aug-cc-pV5Z.gamess,basis,ccECP,aug-cc-pV5Z,aug-cc-pV5Z-ccECP,-ccECP,Au:aug-cc-pV5Z-ccECP,PASS,source library name retained as the label stem; declared disambiguating suffix '-ccECP' appended: aug-cc-pV5Z -> aug-cc-pV5Z-ccECP,by_element/Au/Au.aug-cc-pV5Z.cfour
Au,recipes/Au/ccECP,Au.aug-cc-pVDZ.gamess,basis,ccECP,aug-cc-pVDZ,aug-cc-pVDZ-ccECP,-ccECP,Au:aug-cc-pVDZ-ccECP,PASS,source library name retained as the label stem; declared disambiguating suffix '-ccECP' appended: aug-cc-pVDZ -> aug-cc-pVDZ-ccECP,by_element/Au/Au.aug-cc-pVDZ.cfour
Au,recipes/Au/ccECP,Au.aug-cc-pVQZ.gamess,basis,ccECP,aug-cc-pVQZ,aug-cc-pVQZ-ccECP,-ccECP,Au:aug-cc-pVQZ-ccECP,PASS,source library name retained as the label stem; declared disambiguating suffix '-ccECP' appended: aug-cc-pVQZ -> aug-cc-pVQZ-ccECP,by_element/Au/Au.aug-cc-pVQZ.cfour
Au,recipes/Au/ccECP,Au.aug-cc-pVTZ.gamess,basis,ccECP,aug-cc-pVTZ,aug-cc-pVTZ-ccECP,-ccECP,Au:aug-cc-pVTZ-ccECP,PASS,source library name retained as the label stem; declared disambiguating suffix '-ccECP' appended: aug-cc-pVTZ -> aug-cc-pVTZ-ccECP,by_element/Au/Au.aug-cc-pVTZ.cfour
Au,recipes/Au/ccECP,Au.cc-pCV5Z.gamess,basis,ccECP,cc-pCV5Z,cc-pCV5Z-ccECP,-ccECP,Au:cc-pCV5Z-ccECP,PASS,source library name retained as the label stem; declared disambiguating suffix '-ccECP' appended: cc-pCV5Z -> cc-pCV5Z-ccECP,by_element/Au/Au.cc-pCV5Z.cfour
Au,recipes/Au/ccECP,Au.cc-pCVDZ.gamess,basis,ccECP,cc-pCVDZ,cc-pCVDZ-ccECP,-ccECP,Au:cc-pCVDZ-ccECP,PASS,source library name retained as the label stem; declared disambiguating suffix '-ccECP' appended: cc-pCVDZ -> cc-pCVDZ-ccECP,by_element/Au/Au.cc-pCVDZ.cfour
Au,recipes/Au/ccECP,Au.cc-pCVQZ.gamess,basis,ccECP,cc-pCVQZ,cc-pCVQZ-ccECP,-ccECP,Au:cc-pCVQZ-ccECP,PASS,source library name retained as the label stem; declared disambiguating suffix '-ccECP' appended: cc-pCVQZ -> cc-pCVQZ-ccECP,by_element/Au/Au.cc-pCVQZ.cfour
Au,recipes/Au/ccECP,Au.cc-pCVTZ.gamess,basis,ccECP,cc-pCVTZ,cc-pCVTZ-ccECP,-ccECP,Au:cc-pCVTZ-ccECP,PASS,source library name retained as the label stem; declared disambiguating suffix '-ccECP' appended: cc-pCVTZ -> cc-pCVTZ-ccECP,by_element/Au/Au.cc-pCVTZ.cfour
Au,recipes/Au/ccECP,Au.cc-pV5Z.gamess,basis,ccECP,cc-pV5Z,cc-pV5Z-ccECP,-ccECP,Au:cc-pV5Z-ccECP,PASS,source library name retained as the label stem; declared disambiguating suffix '-ccECP' appended: cc-pV5Z -> cc-pV5Z-ccECP,by_element/Au/Au.cc-pV5Z.cfour
Au,recipes/Au/ccECP,Au.cc-pVDZ.gamess,basis,ccECP,cc-pVDZ,cc-pVDZ-ccECP,-ccECP,Au:cc-pVDZ-ccECP,PASS,source library name retained as the label stem; declared disambiguating suffix '-ccECP' appended: cc-pVDZ -> cc-pVDZ-ccECP,by_element/Au/Au.cc-pVDZ.cfour
Au,recipes/Au/ccECP,Au.cc-pVQZ.gamess,basis,ccECP,cc-pVQZ,cc-pVQZ-ccECP,-ccECP,Au:cc-pVQZ-ccECP,PASS,source library name retained as the label stem; declared disambiguating suffix '-ccECP' appended: cc-pVQZ -> cc-pVQZ-ccECP,by_element/Au/Au.cc-pVQZ.cfour
Au,recipes/Au/ccECP,Au.cc-pVTZ.gamess,basis,ccECP,cc-pVTZ,cc-pVTZ-ccECP,-ccECP,Au:cc-pVTZ-ccECP,PASS,source library name retained as the label stem; declared disambiguating suffix '-ccECP' appended: cc-pVTZ -> cc-pVTZ-ccECP,by_element/Au/Au.cc-pVTZ.cfour
B,recipes/B/ccECP,B.aug-cc-pV5Z.gamess,basis,ccECP,aug-cc-pV5Z,aug-cc-pV5Z-ccECP,-ccECP,B:aug-cc-pV5Z-ccECP,PASS,source library name retained as the label stem; declared disambiguating suffix '-ccECP' appended: aug-cc-pV5Z -> aug-cc-pV5Z-ccECP,by_element/B/B.aug-cc-pV5Z.cfour
B,recipes/B/ccECP,B.aug-cc-pV6Z.gamess,basis,ccECP,aug-cc-pV6Z,aug-cc-pV6Z-ccECP,-ccECP,B:aug-cc-pV6Z-ccECP,PASS,source library name retained as the label stem; declared disambiguating suffix '-ccECP' appended: aug-cc-pV6Z -> aug-cc-pV6Z-ccECP,by_element/B/B.aug-cc-pV6Z.cfour
B,recipes/B/ccECP,B.aug-cc-pVDZ.gamess,basis,ccECP,aug-cc-pVDZ,aug-cc-pVDZ-ccECP,-ccECP,B:aug-cc-pVDZ-ccECP,PASS,source library name retained as the label stem; declared disambiguating suffix '-ccECP' appended: aug-cc-pVDZ -> aug-cc-pVDZ-ccECP,by_element/B/B.aug-cc-pVDZ.cfour
B,recipes/B/ccECP,B.aug-cc-pVQZ.gamess,basis,ccECP,aug-cc-pVQZ,aug-cc-pVQZ-ccECP,-ccECP,B:aug-cc-pVQZ-ccECP,PASS,source library name retained as the label stem; declared disambiguating suffix '-ccECP' appended: aug-cc-pVQZ -> aug-cc-pVQZ-ccECP,by_element/B/B.aug-cc-pVQZ.cfour
B,recipes/B/ccECP,B.aug-cc-pVTZ.gamess,basis,ccECP,aug-cc-pVTZ,aug-cc-pVTZ-ccECP,-ccECP,B:aug-cc-pVTZ-ccECP,PASS,source library name retained as the label stem; declared disambiguating suffix '-ccECP' appended: aug-cc-pVTZ -> aug-cc-pVTZ-ccECP,by_element/B/B.aug-cc-pVTZ.cfour
B,recipes/B/ccECP,B.cc-pV5Z.gamess,basis,ccECP,cc-pV5Z,cc-pV5Z-ccECP,-ccECP,B:cc-pV5Z-ccECP,PASS,source library name retained as the label stem; declared disambiguating suffix '-ccECP' appended: cc-pV5Z -> cc-pV5Z-ccECP,by_element/B/B.cc-pV5Z.cfour
B,recipes/B/ccECP,B.cc-pV6Z.gamess,basis,ccECP,cc-pV6Z,cc-pV6Z-ccECP,-ccECP,B:cc-pV6Z-ccECP,PASS,source library name retained as the label stem; declared disambiguating suffix '-ccECP' appended: cc-pV6Z -> cc-pV6Z-ccECP,by_element/B/B.cc-pV6Z.cfour
B,recipes/B/ccECP,B.cc-pVDZ.gamess,basis,ccECP,cc-pVDZ,cc-pVDZ-ccECP,-ccECP,B:cc-pVDZ-ccECP,PASS,source library name retained as the label stem; declared disambiguating suffix '-ccECP' appended: cc-pVDZ -> cc-pVDZ-ccECP,by_element/B/B.cc-pVDZ.cfour
B,recipes/B/ccECP,B.cc-pVQZ.gamess,basis,ccECP,cc-pVQZ,cc-pVQZ-ccECP,-ccECP,B:cc-pVQZ-ccECP,PASS,source library name retained as the label stem; declared disambiguating suffix '-ccECP' appended: cc-pVQZ -> cc-pVQZ-ccECP,by_element/B/B.cc-pVQZ.cfour
B,recipes/B/ccECP,B.cc-pVTZ.gamess,basis,ccECP,cc-pVTZ,cc-pVTZ-ccECP,-ccECP,B:cc-pVTZ-ccECP,PASS,source library name retained as the label stem; declared disambiguating suffix '-ccECP' appended: cc-pVTZ -> cc-pVTZ-ccECP,by_element/B/B.cc-pVTZ.cfour
Ba,recipes/Ba/ccECP,Ba.aug-cc-pCV5Z.gamess,basis,ccECP,aug-cc-pCV5Z,aug-cc-pCV5Z-ccECP,-ccECP,Ba:aug-cc-pCV5Z-ccECP,PASS,source library name retained as the label stem; declared disambiguating suffix '-ccECP' appended: aug-cc-pCV5Z -> aug-cc-pCV5Z-ccECP,by_element/Ba/Ba.aug-cc-pCV5Z.cfour
Ba,recipes/Ba/ccECP,Ba.aug-cc-pCVDZ.gamess,basis,ccECP,aug-cc-pCVDZ,aug-cc-pCVDZ-ccECP,-ccECP,Ba:aug-cc-pCVDZ-ccECP,PASS,source library name retained as the label stem; declared disambiguating suffix '-ccECP' appended: aug-cc-pCVDZ -> aug-cc-pCVDZ-ccECP,by_element/Ba/Ba.aug-cc-pCVDZ.cfour
Ba,recipes/Ba/ccECP,Ba.aug-cc-pCVQZ.gamess,basis,ccECP,aug-cc-pCVQZ,aug-cc-pCVQZ-ccECP,-ccECP,Ba:aug-cc-pCVQZ-ccECP,PASS,source library name retained as the label stem; declared disambiguating suffix '-ccECP' appended: aug-cc-pCVQZ -> aug-cc-pCVQZ-ccECP,by_element/Ba/Ba.aug-cc-pCVQZ.cfour
Ba,recipes/Ba/ccECP,Ba.aug-cc-pCVTZ.gamess,basis,ccECP,aug-cc-pCVTZ,aug-cc-pCVTZ-ccECP,-ccECP,Ba:aug-cc-pCVTZ-ccECP,PASS,source library name retained as the label stem; declared disambiguating suffix '-ccECP' appended: aug-cc-pCVTZ -> aug-cc-pCVTZ-ccECP,by_element/Ba/Ba.aug-cc-pCVTZ.cfour
Ba,recipes/Ba/ccECP,Ba.aug-cc-pV5Z.gamess,basis,ccECP,aug-cc-pV5Z,aug-cc-pV5Z-ccECP,-ccECP,Ba:aug-cc-pV5Z-ccECP,PASS,source library name retained as the label stem; declared disambiguating suffix '-ccECP' appended: aug-cc-pV5Z -> aug-cc-pV5Z-ccECP,by_element/Ba/Ba.aug-cc-pV5Z.cfour
Ba,recipes/Ba/ccECP,Ba.aug-cc-pVDZ.gamess,basis,ccECP,aug-cc-pVDZ,aug-cc-pVDZ-ccECP,-ccECP,Ba:aug-cc-pVDZ-ccECP,PASS,source library name retained as the label stem; declared disambiguating suffix '-ccECP' appended: aug-cc-pVDZ -> aug-cc-pVDZ-ccECP,by_element/Ba/Ba.aug-cc-pVDZ.cfour
Ba,recipes/Ba/ccECP,Ba.aug-cc-pVQZ.gamess,basis,ccECP,aug-cc-pVQZ,aug-cc-pVQZ-ccECP,-ccECP,Ba:aug-cc-pVQZ-ccECP,PASS,source library name retained as the label stem; declared disambiguating suffix '-ccECP' appended: aug-cc-pVQZ -> aug-cc-pVQZ-ccECP,by_element/Ba/Ba.aug-cc-pVQZ.cfour
Ba,recipes/Ba/ccECP,Ba.aug-cc-pVTZ.gamess,basis,ccECP,aug-cc-pVTZ,aug-cc-pVTZ-ccECP,-ccECP,Ba:aug-cc-pVTZ-ccECP,PASS,source library name retained as the label stem; declared disambiguating suffix '-ccECP' appended: aug-cc-pVTZ -> aug-cc-pVTZ-ccECP,by_element/Ba/Ba.aug-cc-pVTZ.cfour
Ba,recipes/Ba/ccECP,Ba.cc-pCV5Z.gamess,basis,ccECP,cc-pCV5Z,cc-pCV5Z-ccECP,-ccECP,Ba:cc-pCV5Z-ccECP,PASS,source library name retained as the label stem; declared disambiguating suffix '-ccECP' appended: cc-pCV5Z -> cc-pCV5Z-ccECP,by_element/Ba/Ba.cc-pCV5Z.cfour
Ba,recipes/Ba/ccECP,Ba.cc-pCVDZ.gamess,basis,ccECP,cc-pCVDZ,cc-pCVDZ-ccECP,-ccECP,Ba:cc-pCVDZ-ccECP,PASS,source library name retained as the label stem; declared disambiguating suffix '-ccECP' appended: cc-pCVDZ -> cc-pCVDZ-ccECP,by_element/Ba/Ba.cc-pCVDZ.cfour
Ba,recipes/Ba/ccECP,Ba.cc-pCVQZ.gamess,basis,ccECP,cc-pCVQZ,cc-pCVQZ-ccECP,-ccECP,Ba:cc-pCVQZ-ccECP,PASS,source library name retained as the label stem; declared disambiguating suffix '-ccECP' appended: cc-pCVQZ -> cc-pCVQZ-ccECP,by_element/Ba/Ba.cc-pCVQZ.cfour
Ba,recipes/Ba/ccECP,Ba.cc-pCVTZ.gamess,basis,ccECP,cc-pCVTZ,cc-pCVTZ-ccECP,-ccECP,Ba:cc-pCVTZ-ccECP,PASS,source library name retained as the label stem; declared disambiguating suffix '-ccECP' appended: cc-pCVTZ -> cc-pCVTZ-ccECP,by_element/Ba/Ba.cc-pCVTZ.cfour
Ba,recipes/Ba/ccECP,Ba.cc-pV5Z.gamess,basis,ccECP,cc-pV5Z,cc-pV5Z-ccECP,-ccECP,Ba:cc-pV5Z-ccECP,PASS,source library name retained as the label stem; declared disambiguating suffix '-ccECP' appended: cc-pV5Z -> cc-pV5Z-ccECP,by_element/Ba/Ba.cc-pV5Z.cfour
Ba,recipes/Ba/ccECP,Ba.cc-pVDZ.gamess,basis,ccECP,cc-pVDZ,cc-pVDZ-ccECP,-ccECP,Ba:cc-pVDZ-ccECP,PASS,source library name retained as the label stem; declared disambiguating suffix '-ccECP' appended: cc-pVDZ -> cc-pVDZ-ccECP,by_element/Ba/Ba.cc-pVDZ.cfour
Ba,recipes/Ba/ccECP,Ba.cc-pVQZ.gamess,basis,ccECP,cc-pVQZ,cc-pVQZ-ccECP,-ccECP,Ba:cc-pVQZ-ccECP,PASS,source library name retained as the label stem; declared disambiguating suffix '-ccECP' appended: cc-pVQZ -> cc-pVQZ-ccECP,by_element/Ba/Ba.cc-pVQZ.cfour
Ba,recipes/Ba/ccECP,Ba.cc-pVTZ.gamess,basis,ccECP,cc-pVTZ,cc-pVTZ-ccECP,-ccECP,Ba:cc-pVTZ-ccECP,PASS,source library name retained as the label stem; declared disambiguating suffix '-ccECP' appended: cc-pVTZ -> cc-pVTZ-ccECP,by_element/Ba/Ba.cc-pVTZ.cfour
Be,recipes/Be/ccECP,Be.aug-cc-pV5Z.gamess,basis,ccECP,aug-cc-pV5Z,aug-cc-pV5Z-ccECP,-ccECP,Be:aug-cc-pV5Z-ccECP,PASS,source library name retained as the label stem; declared disambiguating suffix '-ccECP' appended: aug-cc-pV5Z -> aug-cc-pV5Z-ccECP,by_element/Be/Be.aug-cc-pV5Z.cfour
Be,recipes/Be/ccECP,Be.aug-cc-pV6Z.gamess,basis,ccECP,aug-cc-pV6Z,aug-cc-pV6Z-ccECP,-ccECP,Be:aug-cc-pV6Z-ccECP,PASS,source library name retained as the label stem; declared disambiguating suffix '-ccECP' appended: aug-cc-pV6Z -> aug-cc-pV6Z-ccECP,by_element/Be/Be.aug-cc-pV6Z.cfour
Be,recipes/Be/ccECP,Be.aug-cc-pVDZ.gamess,basis,ccECP,aug-cc-pVDZ,aug-cc-pVDZ-ccECP,-ccECP,Be:aug-cc-pVDZ-ccECP,PASS,source library name retained as the label stem; declared disambiguating suffix '-ccECP' appended: aug-cc-pVDZ -> aug-cc-pVDZ-ccECP,by_element/Be/Be.aug-cc-pVDZ.cfour
Be,recipes/Be/ccECP,Be.aug-cc-pVQZ.gamess,basis,ccECP,aug-cc-pVQZ,aug-cc-pVQZ-ccECP,-ccECP,Be:aug-cc-pVQZ-ccECP,PASS,source library name retained as the label stem; declared disambiguating suffix '-ccECP' appended: aug-cc-pVQZ -> aug-cc-pVQZ-ccECP,by_element/Be/Be.aug-cc-pVQZ.cfour
Be,recipes/Be/ccECP,Be.aug-cc-pVTZ.gamess,basis,ccECP,aug-cc-pVTZ,aug-cc-pVTZ-ccECP,-ccECP,Be:aug-cc-pVTZ-ccECP,PASS,source library name retained as the label stem; declared disambiguating suffix '-ccECP' appended: aug-cc-pVTZ -> aug-cc-pVTZ-ccECP,by_element/Be/Be.aug-cc-pVTZ.cfour
Be,recipes/Be/ccECP,Be.cc-pV5Z.gamess,basis,ccECP,cc-pV5Z,cc-pV5Z-ccECP,-ccECP,Be:cc-pV5Z-ccECP,PASS,source library name retained as the label stem; declared disambiguating suffix '-ccECP' appended: cc-pV5Z -> cc-pV5Z-ccECP,by_element/Be/Be.cc-pV5Z.cfour
Be,recipes/Be/ccECP,Be.cc-pV6Z.gamess,basis,ccECP,cc-pV6Z,cc-pV6Z-ccECP,-ccECP,Be:cc-pV6Z-ccECP,PASS,source library name retained as the label stem; declared disambiguating suffix '-ccECP' appended: cc-pV6Z -> cc-pV6Z-ccECP,by_element/Be/Be.cc-pV6Z.cfour
Be,recipes/Be/ccECP,Be.cc-pVDZ.gamess,basis,ccECP,cc-pVDZ,cc-pVDZ-ccECP,-ccECP,Be:cc-pVDZ-ccECP,PASS,source library name retained as the label stem; declared disambiguating suffix '-ccECP' appended: cc-pVDZ -> cc-pVDZ-ccECP,by_element/Be/Be.cc-pVDZ.cfour
Be,recipes/Be/ccECP,Be.cc-pVQZ.gamess,basis,ccECP,cc-pVQZ,cc-pVQZ-ccECP,-ccECP,Be:cc-pVQZ-ccECP,PASS,source library name retained as the label stem; declared disambiguating suffix '-ccECP' appended: cc-pVQZ -> cc-pVQZ-ccECP,by_element/Be/Be.cc-pVQZ.cfour
Be,recipes/Be/ccECP,Be.cc-pVTZ.gamess,basis,ccECP,cc-pVTZ,cc-pVTZ-ccECP,-ccECP,Be:cc-pVTZ-ccECP,PASS,source library name retained as the label stem; declared disambiguating suffix '-ccECP' appended: cc-pVTZ -> cc-pVTZ-ccECP,by_element/Be/Be.cc-pVTZ.cfour
Bi,recipes/Bi/ccECP,Bi.aug-cc-pV5Z.gamess,basis,ccECP,aug-cc-pV5Z,aug-cc-pV5Z-ccECP,-ccECP,Bi:aug-cc-pV5Z-ccECP,PASS,source library name retained as the label stem; declared disambiguating suffix '-ccECP' appended: aug-cc-pV5Z -> aug-cc-pV5Z-ccECP,by_element/Bi/Bi.aug-cc-pV5Z.cfour
Bi,recipes/Bi/ccECP,Bi.aug-cc-pV6Z.gamess,basis,ccECP,aug-cc-pV6Z,aug-cc-pV6Z-ccECP,-ccECP,Bi:aug-cc-pV6Z-ccECP,PASS,source library name retained as the label stem; declared disambiguating suffix '-ccECP' appended: aug-cc-pV6Z -> aug-cc-pV6Z-ccECP,by_element/Bi/Bi.aug-cc-pV6Z.cfour
Bi,recipes/Bi/ccECP,Bi.aug-cc-pVDZ.gamess,basis,ccECP,aug-cc-pVDZ,aug-cc-pVDZ-ccECP,-ccECP,Bi:aug-cc-pVDZ-ccECP,PASS,source library name retained as the label stem; declared disambiguating suffix '-ccECP' appended: aug-cc-pVDZ -> aug-cc-pVDZ-ccECP,by_element/Bi/Bi.aug-cc-pVDZ.cfour
Bi,recipes/Bi/ccECP,Bi.aug-cc-pVQZ.gamess,basis,ccECP,aug-cc-pVQZ,aug-cc-pVQZ-ccECP,-ccECP,Bi:aug-cc-pVQZ-ccECP,PASS,source library name retained as the label stem; declared disambiguating suffix '-ccECP' appended: aug-cc-pVQZ -> aug-cc-pVQZ-ccECP,by_element/Bi/Bi.aug-cc-pVQZ.cfour
Bi,recipes/Bi/ccECP,Bi.aug-cc-pVTZ.gamess,basis,ccECP,aug-cc-pVTZ,aug-cc-pVTZ-ccECP,-ccECP,Bi:aug-cc-pVTZ-ccECP,PASS,source library name retained as the label stem; declared disambiguating suffix '-ccECP' appended: aug-cc-pVTZ -> aug-cc-pVTZ-ccECP,by_element/Bi/Bi.aug-cc-pVTZ.cfour
Bi,recipes/Bi/ccECP,Bi.cc-pV5Z.gamess,basis,ccECP,cc-pV5Z,cc-pV5Z-ccECP,-ccECP,Bi:cc-pV5Z-ccECP,PASS,source library name retained as the label stem; declared disambiguating suffix '-ccECP' appended: cc-pV5Z -> cc-pV5Z-ccECP,by_element/Bi/Bi.cc-pV5Z.cfour
Bi,recipes/Bi/ccECP,Bi.cc-pV6Z.gamess,basis,ccECP,cc-pV6Z,cc-pV6Z-ccECP,-ccECP,Bi:cc-pV6Z-ccECP,PASS,source library name retained as the label stem; declared disambiguating suffix '-ccECP' appended: cc-pV6Z -> cc-pV6Z-ccECP,by_element/Bi/Bi.cc-pV6Z.cfour
Bi,recipes/Bi/ccECP,Bi.cc-pVDZ.gamess,basis,ccECP,cc-pVDZ,cc-pVDZ-ccECP,-ccECP,Bi:cc-pVDZ-ccECP,PASS,source library name retained as the label stem; declared disambiguating suffix '-ccECP' appended: cc-pVDZ -> cc-pVDZ-ccECP,by_element/Bi/Bi.cc-pVDZ.cfour
Bi,recipes/Bi/ccECP,Bi.cc-pVQZ.gamess,basis,ccECP,cc-pVQZ,cc-pVQZ-ccECP,-ccECP,Bi:cc-pVQZ-ccECP,PASS,source library name retained as the label stem; declared disambiguating suffix '-ccECP' appended: cc-pVQZ -> cc-pVQZ-ccECP,by_element/Bi/Bi.cc-pVQZ.cfour
Bi,recipes/Bi/ccECP,Bi.cc-pVTZ.gamess,basis,ccECP,cc-pVTZ,cc-pVTZ-ccECP,-ccECP,Bi:cc-pVTZ-ccECP,PASS,source library name retained as the label stem; declared disambiguating suffix '-ccECP' appended: cc-pVTZ -> cc-pVTZ-ccECP,by_element/Bi/Bi.cc-pVTZ.cfour
Br,recipes/Br/ccECP,Br.aug-cc-pV5Z.gamess,basis,ccECP,aug-cc-pV5Z,aug-cc-pV5Z-ccECP,-ccECP,Br:aug-cc-pV5Z-ccECP,PASS,source library name retained as the label stem; declared disambiguating suffix '-ccECP' appended: aug-cc-pV5Z -> aug-cc-pV5Z-ccECP,by_element/Br/Br.aug-cc-pV5Z.cfour
Br,recipes/Br/ccECP,Br.aug-cc-pV6Z.gamess,basis,ccECP,aug-cc-pV6Z,aug-cc-pV6Z-ccECP,-ccECP,Br:aug-cc-pV6Z-ccECP,PASS,source library name retained as the label stem; declared disambiguating suffix '-ccECP' appended: aug-cc-pV6Z -> aug-cc-pV6Z-ccECP,by_element/Br/Br.aug-cc-pV6Z.cfour
Br,recipes/Br/ccECP,Br.aug-cc-pVDZ.gamess,basis,ccECP,aug-cc-pVDZ,aug-cc-pVDZ-ccECP,-ccECP,Br:aug-cc-pVDZ-ccECP,PASS,source library name retained as the label stem; declared disambiguating suffix '-ccECP' appended: aug-cc-pVDZ -> aug-cc-pVDZ-ccECP,by_element/Br/Br.aug-cc-pVDZ.cfour
Br,recipes/Br/ccECP,Br.aug-cc-pVQZ.gamess,basis,ccECP,aug-cc-pVQZ,aug-cc-pVQZ-ccECP,-ccECP,Br:aug-cc-pVQZ-ccECP,PASS,source library name retained as the label stem; declared disambiguating suffix '-ccECP' appended: aug-cc-pVQZ -> aug-cc-pVQZ-ccECP,by_element/Br/Br.aug-cc-pVQZ.cfour
Br,recipes/Br/ccECP,Br.aug-cc-pVTZ.gamess,basis,ccECP,aug-cc-pVTZ,aug-cc-pVTZ-ccECP,-ccECP,Br:aug-cc-pVTZ-ccECP,PASS,source library name retained as the label stem; declared disambiguating suffix '-ccECP' appended: aug-cc-pVTZ -> aug-cc-pVTZ-ccECP,by_element/Br/Br.aug-cc-pVTZ.cfour
Br,recipes/Br/ccECP,Br.cc-pV5Z.gamess,basis,ccECP,cc-pV5Z,cc-pV5Z-ccECP,-ccECP,Br:cc-pV5Z-ccECP,PASS,source library name retained as the label stem; declared disambiguating suffix '-ccECP' appended: cc-pV5Z -> cc-pV5Z-ccECP,by_element/Br/Br.cc-pV5Z.cfour
Br,recipes/Br/ccECP,Br.cc-pV6Z.gamess,basis,ccECP,cc-pV6Z,cc-pV6Z-ccECP,-ccECP,Br:cc-pV6Z-ccECP,PASS,source library name retained as the label stem; declared disambiguating suffix '-ccECP' appended: cc-pV6Z -> cc-pV6Z-ccECP,by_element/Br/Br.cc-pV6Z.cfour
Br,recipes/Br/ccECP,Br.cc-pVDZ.gamess,basis,ccECP,cc-pVDZ,cc-pVDZ-ccECP,-ccECP,Br:cc-pVDZ-ccECP,PASS,source library name retained as the label stem; declared disambiguating suffix '-ccECP' appended: cc-pVDZ -> cc-pVDZ-ccECP,by_element/Br/Br.cc-pVDZ.cfour
Br,recipes/Br/ccECP,Br.cc-pVQZ.gamess,basis,ccECP,cc-pVQZ,cc-pVQZ-ccECP,-ccECP,Br:cc-pVQZ-ccECP,PASS,source library name retained as the label stem; declared disambiguating suffix '-ccECP' appended: cc-pVQZ -> cc-pVQZ-ccECP,by_element/Br/Br.cc-pVQZ.cfour
Br,recipes/Br/ccECP,Br.cc-pVTZ.gamess,basis,ccECP,cc-pVTZ,cc-pVTZ-ccECP,-ccECP,Br:cc-pVTZ-ccECP,PASS,source library name retained as the label stem; declared disambiguating suffix '-ccECP' appended: cc-pVTZ -> cc-pVTZ-ccECP,by_element/Br/Br.cc-pVTZ.cfour
C,recipes/C/ccECP,C.aug-cc-pV5Z.gamess,basis,ccECP,aug-cc-pV5Z,aug-cc-pV5Z-ccECP,-ccECP,C:aug-cc-pV5Z-ccECP,PASS,source library name retained as the label stem; declared disambiguating suffix '-ccECP' appended: aug-cc-pV5Z -> aug-cc-pV5Z-ccECP,by_element/C/C.aug-cc-pV5Z.cfour
C,recipes/C/ccECP,C.aug-cc-pV6Z.gamess,basis,ccECP,aug-cc-pV6Z,aug-cc-pV6Z-ccECP,-ccECP,C:aug-cc-pV6Z-ccECP,PASS,source library name retained as the label stem; declared disambiguating suffix '-ccECP' appended: aug-cc-pV6Z -> aug-cc-pV6Z-ccECP,by_element/C/C.aug-cc-pV6Z.cfour
C,recipes/C/ccECP,C.aug-cc-pVDZ.gamess,basis,ccECP,aug-cc-pVDZ,aug-cc-pVDZ-ccECP,-ccECP,C:aug-cc-pVDZ-ccECP,PASS,source library name retained as the label stem; declared disambiguating suffix '-ccECP' appended: aug-cc-pVDZ -> aug-cc-pVDZ-ccECP,by_element/C/C.aug-cc-pVDZ.cfour
C,recipes/C/ccECP,C.aug-cc-pVQZ.gamess,basis,ccECP,aug-cc-pVQZ,aug-cc-pVQZ-ccECP,-ccECP,C:aug-cc-pVQZ-ccECP,PASS,source library name retained as the label stem; declared disambiguating suffix '-ccECP' appended: aug-cc-pVQZ -> aug-cc-pVQZ-ccECP,by_element/C/C.aug-cc-pVQZ.cfour
C,recipes/C/ccECP,C.aug-cc-pVTZ.gamess,basis,ccECP,aug-cc-pVTZ,aug-cc-pVTZ-ccECP,-ccECP,C:aug-cc-pVTZ-ccECP,PASS,source library name retained as the label stem; declared disambiguating suffix '-ccECP' appended: aug-cc-pVTZ -> aug-cc-pVTZ-ccECP,by_element/C/C.aug-cc-pVTZ.cfour
C,recipes/C/ccECP,C.cc-pV5Z.gamess,basis,ccECP,cc-pV5Z,cc-pV5Z-ccECP,-ccECP,C:cc-pV5Z-ccECP,PASS,source library name retained as the label stem; declared disambiguating suffix '-ccECP' appended: cc-pV5Z -> cc-pV5Z-ccECP,by_element/C/C.cc-pV5Z.cfour
C,recipes/C/ccECP,C.cc-pV6Z.gamess,basis,ccECP,cc-pV6Z,cc-pV6Z-ccECP,-ccECP,C:cc-pV6Z-ccECP,PASS,source library name retained as the label stem; declared disambiguating suffix '-ccECP' appended: cc-pV6Z -> cc-pV6Z-ccECP,by_element/C/C.cc-pV6Z.cfour
C,recipes/C/ccECP,C.cc-pVDZ.gamess,basis,ccECP,cc-pVDZ,cc-pVDZ-ccECP,-ccECP,C:cc-pVDZ-ccECP,PASS,source library name retained as the label stem; declared disambiguating suffix '-ccECP' appended: cc-pVDZ -> cc-pVDZ-ccECP,by_element/C/C.cc-pVDZ.cfour
C,recipes/C/ccECP,C.cc-pVQZ.gamess,basis,ccECP,cc-pVQZ,cc-pVQZ-ccECP,-ccECP,C:cc-pVQZ-ccECP,PASS,source library name retained as the label stem; declared disambiguating suffix '-ccECP' appended: cc-pVQZ -> cc-pVQZ-ccECP,by_element/C/C.cc-pVQZ.cfour
C,recipes/C/ccECP,C.cc-pVTZ.gamess,basis,ccECP,cc-pVTZ,cc-pVTZ-ccECP,-ccECP,C:cc-pVTZ-ccECP,PASS,source library name retained as the label stem; declared disambiguating suffix '-ccECP' appended: cc-pVTZ -> cc-pVTZ-ccECP,by_element/C/C.cc-pVTZ.cfour
Ca,recipes/Ca/ccECP,Ca.aug-cc-pCV5Z.gamess,basis,ccECP,aug-cc-pCV5Z,aug-cc-pCV5Z-ccECP,-ccECP,Ca:aug-cc-pCV5Z-ccECP,PASS,source library name retained as the label stem; declared disambiguating suffix '-ccECP' appended: aug-cc-pCV5Z -> aug-cc-pCV5Z-ccECP,by_element/Ca/Ca.aug-cc-pCV5Z.cfour
Ca,recipes/Ca/ccECP,Ca.aug-cc-pCV6Z.gamess,basis,ccECP,aug-cc-pCV6Z,aug-cc-pCV6Z-ccECP,-ccECP,Ca:aug-cc-pCV6Z-ccECP,PASS,source library name retained as the label stem; declared disambiguating suffix '-ccECP' appended: aug-cc-pCV6Z -> aug-cc-pCV6Z-ccECP,by_element/Ca/Ca.aug-cc-pCV6Z.cfour
Ca,recipes/Ca/ccECP,Ca.aug-cc-pCVDZ.gamess,basis,ccECP,aug-cc-pCVDZ,aug-cc-pCVDZ-ccECP,-ccECP,Ca:aug-cc-pCVDZ-ccECP,PASS,source library name retained as the label stem; declared disambiguating suffix '-ccECP' appended: aug-cc-pCVDZ -> aug-cc-pCVDZ-ccECP,by_element/Ca/Ca.aug-cc-pCVDZ.cfour
Ca,recipes/Ca/ccECP,Ca.aug-cc-pCVQZ.gamess,basis,ccECP,aug-cc-pCVQZ,aug-cc-pCVQZ-ccECP,-ccECP,Ca:aug-cc-pCVQZ-ccECP,PASS,source library name retained as the label stem; declared disambiguating suffix '-ccECP' appended: aug-cc-pCVQZ -> aug-cc-pCVQZ-ccECP,by_element/Ca/Ca.aug-cc-pCVQZ.cfour
Ca,recipes/Ca/ccECP,Ca.aug-cc-pCVTZ.gamess,basis,ccECP,aug-cc-pCVTZ,aug-cc-pCVTZ-ccECP,-ccECP,Ca:aug-cc-pCVTZ-ccECP,PASS,source library name retained as the label stem; declared disambiguating suffix '-ccECP' appended: aug-cc-pCVTZ -> aug-cc-pCVTZ-ccECP,by_element/Ca/Ca.aug-cc-pCVTZ.cfour
Ca,recipes/Ca/ccECP,Ca.aug-cc-pV5Z.gamess,basis,ccECP,aug-cc-pV5Z,aug-cc-pV5Z-ccECP,-ccECP,Ca:aug-cc-pV5Z-ccECP,PASS,source library name retained as the label stem; declared disambiguating suffix '-ccECP' appended: aug-cc-pV5Z -> aug-cc-pV5Z-ccECP,by_element/Ca/Ca.aug-cc-pV5Z.cfour
Ca,recipes/Ca/ccECP,Ca.aug-cc-pV6Z.gamess,basis,ccECP,aug-cc-pV6Z,aug-cc-pV6Z-ccECP,-ccECP,Ca:aug-cc-pV6Z-ccECP,PASS,source library name retained as the label stem; declared disambiguating suffix '-ccECP' appended: aug-cc-pV6Z -> aug-cc-pV6Z-ccECP,by_element/Ca/Ca.aug-cc-pV6Z.cfour
Ca,recipes/Ca/ccECP,Ca.aug-cc-pVDZ.gamess,basis,ccECP,aug-cc-pVDZ,aug-cc-pVDZ-ccECP,-ccECP,Ca:aug-cc-pVDZ-ccECP,PASS,source library name retained as the label stem; declared disambiguating suffix '-ccECP' appended: aug-cc-pVDZ -> aug-cc-pVDZ-ccECP,by_element/Ca/Ca.aug-cc-pVDZ.cfour
Ca,recipes/Ca/ccECP,Ca.aug-cc-pVQZ.gamess,basis,ccECP,aug-cc-pVQZ,aug-cc-pVQZ-ccECP,-ccECP,Ca:aug-cc-pVQZ-ccECP,PASS,source library name retained as the label stem; declared disambiguating suffix '-ccECP' appended: aug-cc-pVQZ -> aug-cc-pVQZ-ccECP,by_element/Ca/Ca.aug-cc-pVQZ.cfour
Ca,recipes/Ca/ccECP,Ca.aug-cc-pVTZ.gamess,basis,ccECP,aug-cc-pVTZ,aug-cc-pVTZ-ccECP,-ccECP,Ca:aug-cc-pVTZ-ccECP,PASS,source library name retained as the label stem; declared disambiguating suffix '-ccECP' appended: aug-cc-pVTZ -> aug-cc-pVTZ-ccECP,by_element/Ca/Ca.aug-cc-pVTZ.cfour
Ca,recipes/Ca/ccECP,Ca.cc-pCV5Z.gamess,basis,ccECP,cc-pCV5Z,cc-pCV5Z-ccECP,-ccECP,Ca:cc-pCV5Z-ccECP,PASS,source library name retained as the label stem; declared disambiguating suffix '-ccECP' appended: cc-pCV5Z -> cc-pCV5Z-ccECP,by_element/Ca/Ca.cc-pCV5Z.cfour
Ca,recipes/Ca/ccECP,Ca.cc-pCV6Z.gamess,basis,ccECP,cc-pCV6Z,cc-pCV6Z-ccECP,-ccECP,Ca:cc-pCV6Z-ccECP,PASS,source library name retained as the label stem; declared disambiguating suffix '-ccECP' appended: cc-pCV6Z -> cc-pCV6Z-ccECP,by_element/Ca/Ca.cc-pCV6Z.cfour
Ca,recipes/Ca/ccECP,Ca.cc-pCVDZ.gamess,basis,ccECP,cc-pCVDZ,cc-pCVDZ-ccECP,-ccECP,Ca:cc-pCVDZ-ccECP,PASS,source library name retained as the label stem; declared disambiguating suffix '-ccECP' appended: cc-pCVDZ -> cc-pCVDZ-ccECP,by_element/Ca/Ca.cc-pCVDZ.cfour
Ca,recipes/Ca/ccECP,Ca.cc-pCVQZ.gamess,basis,ccECP,cc-pCVQZ,cc-pCVQZ-ccECP,-ccECP,Ca:cc-pCVQZ-ccECP,PASS,source library name retained as the label stem; declared disambiguating suffix '-ccECP' appended: cc-pCVQZ -> cc-pCVQZ-ccECP,by_element/Ca/Ca.cc-pCVQZ.cfour
Ca,recipes/Ca/ccECP,Ca.cc-pCVTZ.gamess,basis,ccECP,cc-pCVTZ,cc-pCVTZ-ccECP,-ccECP,Ca:cc-pCVTZ-ccECP,PASS,source library name retained as the label stem; declared disambiguating suffix '-ccECP' appended: cc-pCVTZ -> cc-pCVTZ-ccECP,by_element/Ca/Ca.cc-pCVTZ.cfour
Ca,recipes/Ca/ccECP,Ca.cc-pV5Z.gamess,basis,ccECP,cc-pV5Z,cc-pV5Z-ccECP,-ccECP,Ca:cc-pV5Z-ccECP,PASS,source library name retained as the label stem; declared disambiguating suffix '-ccECP' appended: cc-pV5Z -> cc-pV5Z-ccECP,by_element/Ca/Ca.cc-pV5Z.cfour
Ca,recipes/Ca/ccECP,Ca.cc-pV6Z.gamess,basis,ccECP,cc-pV6Z,cc-pV6Z-ccECP,-ccECP,Ca:cc-pV6Z-ccECP,PASS,source library name retained as the label stem; declared disambiguating suffix '-ccECP' appended: cc-pV6Z -> cc-pV6Z-ccECP,by_element/Ca/Ca.cc-pV6Z.cfour
Ca,recipes/Ca/ccECP,Ca.cc-pVDZ.gamess,basis,ccECP,cc-pVDZ,cc-pVDZ-ccECP,-ccECP,Ca:cc-pVDZ-ccECP,PASS,source library name retained as the label stem; declared disambiguating suffix '-ccECP' appended: cc-pVDZ -> cc-pVDZ-ccECP,by_element/Ca/Ca.cc-pVDZ.cfour
Ca,recipes/Ca/ccECP,Ca.cc-pVQZ.gamess,basis,ccECP,cc-pVQZ,cc-pVQZ-ccECP,-ccECP,Ca:cc-pVQZ-ccECP,PASS,source library name retained as the label stem; declared disambiguating suffix '-ccECP' appended: cc-pVQZ -> cc-pVQZ-ccECP,by_element/Ca/Ca.cc-pVQZ.cfour
Ca,recipes/Ca/ccECP,Ca.cc-pVTZ.gamess,basis,ccECP,cc-pVTZ,cc-pVTZ-ccECP,-ccECP,Ca:cc-pVTZ-ccECP,PASS,source library name retained as the label stem; declared disambiguating suffix '-ccECP' appended: cc-pVTZ -> cc-pVTZ-ccECP,by_element/Ca/Ca.cc-pVTZ.cfour
Cd,recipes/Cd/ccECP,Cd.aug-cc-pCV5Z.gamess,basis,ccECP,aug-cc-pCV5Z,aug-cc-pCV5Z-ccECP,-ccECP,Cd:aug-cc-pCV5Z-ccECP,PASS,source library name retained as the label stem; declared disambiguating suffix '-ccECP' appended: aug-cc-pCV5Z -> aug-cc-pCV5Z-ccECP,by_element/Cd/Cd.aug-cc-pCV5Z.cfour
Cd,recipes/Cd/ccECP,Cd.aug-cc-pCVDZ.gamess,basis,ccECP,aug-cc-pCVDZ,aug-cc-pCVDZ-ccECP,-ccECP,Cd:aug-cc-pCVDZ-ccECP,PASS,source library name retained as the label stem; declared disambiguating suffix '-ccECP' appended: aug-cc-pCVDZ -> aug-cc-pCVDZ-ccECP,by_element/Cd/Cd.aug-cc-pCVDZ.cfour
Cd,recipes/Cd/ccECP,Cd.aug-cc-pCVQZ.gamess,basis,ccECP,aug-cc-pCVQZ,aug-cc-pCVQZ-ccECP,-ccECP,Cd:aug-cc-pCVQZ-ccECP,PASS,source library name retained as the label stem; declared disambiguating suffix '-ccECP' appended: aug-cc-pCVQZ -> aug-cc-pCVQZ-ccECP,by_element/Cd/Cd.aug-cc-pCVQZ.cfour
Cd,recipes/Cd/ccECP,Cd.aug-cc-pCVTZ.gamess,basis,ccECP,aug-cc-pCVTZ,aug-cc-pCVTZ-ccECP,-ccECP,Cd:aug-cc-pCVTZ-ccECP,PASS,source library name retained as the label stem; declared disambiguating suffix '-ccECP' appended: aug-cc-pCVTZ -> aug-cc-pCVTZ-ccECP,by_element/Cd/Cd.aug-cc-pCVTZ.cfour
Cd,recipes/Cd/ccECP,Cd.aug-cc-pV5Z.gamess,basis,ccECP,aug-cc-pV5Z,aug-cc-pV5Z-ccECP,-ccECP,Cd:aug-cc-pV5Z-ccECP,PASS,source library name retained as the label stem; declared disambiguating suffix '-ccECP' appended: aug-cc-pV5Z -> aug-cc-pV5Z-ccECP,by_element/Cd/Cd.aug-cc-pV5Z.cfour
Cd,recipes/Cd/ccECP,Cd.aug-cc-pVDZ.gamess,basis,ccECP,aug-cc-pVDZ,aug-cc-pVDZ-ccECP,-ccECP,Cd:aug-cc-pVDZ-ccECP,PASS,source library name retained as the label stem; declared disambiguating suffix '-ccECP' appended: aug-cc-pVDZ -> aug-cc-pVDZ-ccECP,by_element/Cd/Cd.aug-cc-pVDZ.cfour
Cd,recipes/Cd/ccECP,Cd.aug-cc-pVQZ.gamess,basis,ccECP,aug-cc-pVQZ,aug-cc-pVQZ-ccECP,-ccECP,Cd:aug-cc-pVQZ-ccECP,PASS,source library name retained as the label stem; declared disambiguating suffix '-ccECP' appended: aug-cc-pVQZ -> aug-cc-pVQZ-ccECP,by_element/Cd/Cd.aug-cc-pVQZ.cfour
Cd,recipes/Cd/ccECP,Cd.aug-cc-pVTZ.gamess,basis,ccECP,aug-cc-pVTZ,aug-cc-pVTZ-ccECP,-ccECP,Cd:aug-cc-pVTZ-ccECP,PASS,source library name retained as the label stem; declared disambiguating suffix '-ccECP' appended: aug-cc-pVTZ -> aug-cc-pVTZ-ccECP,by_element/Cd/Cd.aug-cc-pVTZ.cfour
Cd,recipes/Cd/ccECP,Cd.cc-pCV5Z.gamess,basis,ccECP,cc-pCV5Z,cc-pCV5Z-ccECP,-ccECP,Cd:cc-pCV5Z-ccECP,PASS,source library name retained as the label stem; declared disambiguating suffix '-ccECP' appended: cc-pCV5Z -> cc-pCV5Z-ccECP,by_element/Cd/Cd.cc-pCV5Z.cfour
Cd,recipes/Cd/ccECP,Cd.cc-pCVDZ.gamess,basis,ccECP,cc-pCVDZ,cc-pCVDZ-ccECP,-ccECP,Cd:cc-pCVDZ-ccECP,PASS,source library name retained as the label stem; declared disambiguating suffix '-ccECP' appended: cc-pCVDZ -> cc-pCVDZ-ccECP,by_element/Cd/Cd.cc-pCVDZ.cfour
Cd,recipes/Cd/ccECP,Cd.cc-pCVQZ.gamess,basis,ccECP,cc-pCVQZ,cc-pCVQZ-ccECP,-ccECP,Cd:cc-pCVQZ-ccECP,PASS,source library name retained as the label stem; declared disambiguating suffix '-ccECP' appended: cc-pCVQZ -> cc-pCVQZ-ccECP,by_element/Cd/Cd.cc-pCVQZ.cfour
Cd,recipes/Cd/ccECP,Cd.cc-pCVTZ.gamess,basis,ccECP,cc-pCVTZ,cc-pCVTZ-ccECP,-ccECP,Cd:cc-pCVTZ-ccECP,PASS,source library name retained as the label stem; declared disambiguating suffix '-ccECP' appended: cc-pCVTZ -> cc-pCVTZ-ccECP,by_element/Cd/Cd.cc-pCVTZ.cfour
Cd,recipes/Cd/ccECP,Cd.cc-pV5Z.gamess,basis,ccECP,cc-pV5Z,cc-pV5Z-ccECP,-ccECP,Cd:cc-pV5Z-ccECP,PASS,source library name retained as the label stem; declared disambiguating suffix '-ccECP' appended: cc-pV5Z -> cc-pV5Z-ccECP,by_element/Cd/Cd.cc-pV5Z.cfour
Cd,recipes/Cd/ccECP,Cd.cc-pVDZ.gamess,basis,ccECP,cc-pVDZ,cc-pVDZ-ccECP,-ccECP,Cd:cc-pVDZ-ccECP,PASS,source library name retained as the label stem; declared disambiguating suffix '-ccECP' appended: cc-pVDZ -> cc-pVDZ-ccECP,by_element/Cd/Cd.cc-pVDZ.cfour
Cd,recipes/Cd/ccECP,Cd.cc-pVQZ.gamess,basis,ccECP,cc-pVQZ,cc-pVQZ-ccECP,-ccECP,Cd:cc-pVQZ-ccECP,PASS,source library name retained as the label stem; declared disambiguating suffix '-ccECP' appended: cc-pVQZ -> cc-pVQZ-ccECP,by_element/Cd/Cd.cc-pVQZ.cfour
Cd,recipes/Cd/ccECP,Cd.cc-pVTZ.gamess,basis,ccECP,cc-pVTZ,cc-pVTZ-ccECP,-ccECP,Cd:cc-pVTZ-ccECP,PASS,source library name retained as the label stem; declared disambiguating suffix '-ccECP' appended: cc-pVTZ -> cc-pVTZ-ccECP,by_element/Cd/Cd.cc-pVTZ.cfour
Ce,recipes/Ce/ccECP,Ce.aug-cc-pCVDZ.gamess,basis,ccECP,aug-cc-pCVDZ,aug-cc-pCVDZ-ccECP,-ccECP,Ce:aug-cc-pCVDZ-ccECP,PASS,source library name retained as the label stem; declared disambiguating suffix '-ccECP' appended: aug-cc-pCVDZ -> aug-cc-pCVDZ-ccECP,by_element/Ce/Ce.aug-cc-pCVDZ.cfour
Ce,recipes/Ce/ccECP,Ce.aug-cc-pCVQZ.gamess,basis,ccECP,aug-cc-pCVQZ,aug-cc-pCVQZ-ccECP,-ccECP,Ce:aug-cc-pCVQZ-ccECP,PASS,source library name retained as the label stem; declared disambiguating suffix '-ccECP' appended: aug-cc-pCVQZ -> aug-cc-pCVQZ-ccECP,by_element/Ce/Ce.aug-cc-pCVQZ.cfour
Ce,recipes/Ce/ccECP,Ce.aug-cc-pCVTZ.gamess,basis,ccECP,aug-cc-pCVTZ,aug-cc-pCVTZ-ccECP,-ccECP,Ce:aug-cc-pCVTZ-ccECP,PASS,source library name retained as the label stem; declared disambiguating suffix '-ccECP' appended: aug-cc-pCVTZ -> aug-cc-pCVTZ-ccECP,by_element/Ce/Ce.aug-cc-pCVTZ.cfour
Ce,recipes/Ce/ccECP,Ce.aug-cc-pVDZ.gamess,basis,ccECP,aug-cc-pVDZ,aug-cc-pVDZ-ccECP,-ccECP,Ce:aug-cc-pVDZ-ccECP,PASS,source library name retained as the label stem; declared disambiguating suffix '-ccECP' appended: aug-cc-pVDZ -> aug-cc-pVDZ-ccECP,by_element/Ce/Ce.aug-cc-pVDZ.cfour
Ce,recipes/Ce/ccECP,Ce.aug-cc-pVQZ.gamess,basis,ccECP,aug-cc-pVQZ,aug-cc-pVQZ-ccECP,-ccECP,Ce:aug-cc-pVQZ-ccECP,PASS,source library name retained as the label stem; declared disambiguating suffix '-ccECP' appended: aug-cc-pVQZ -> aug-cc-pVQZ-ccECP,by_element/Ce/Ce.aug-cc-pVQZ.cfour
Ce,recipes/Ce/ccECP,Ce.aug-cc-pVTZ.gamess,basis,ccECP,aug-cc-pVTZ,aug-cc-pVTZ-ccECP,-ccECP,Ce:aug-cc-pVTZ-ccECP,PASS,source library name retained as the label stem; declared disambiguating suffix '-ccECP' appended: aug-cc-pVTZ -> aug-cc-pVTZ-ccECP,by_element/Ce/Ce.aug-cc-pVTZ.cfour
Ce,recipes/Ce/ccECP,Ce.cc-pCVDZ.gamess,basis,ccECP,cc-pCVDZ,cc-pCVDZ-ccECP,-ccECP,Ce:cc-pCVDZ-ccECP,PASS,source library name retained as the label stem; declared disambiguating suffix '-ccECP' appended: cc-pCVDZ -> cc-pCVDZ-ccECP,by_element/Ce/Ce.cc-pCVDZ.cfour
Ce,recipes/Ce/ccECP,Ce.cc-pCVQZ.gamess,basis,ccECP,cc-pCVQZ,cc-pCVQZ-ccECP,-ccECP,Ce:cc-pCVQZ-ccECP,PASS,source library name retained as the label stem; declared disambiguating suffix '-ccECP' appended: cc-pCVQZ -> cc-pCVQZ-ccECP,by_element/Ce/Ce.cc-pCVQZ.cfour
Ce,recipes/Ce/ccECP,Ce.cc-pCVTZ.gamess,basis,ccECP,cc-pCVTZ,cc-pCVTZ-ccECP,-ccECP,Ce:cc-pCVTZ-ccECP,PASS,source library name retained as the label stem; declared disambiguating suffix '-ccECP' appended: cc-pCVTZ -> cc-pCVTZ-ccECP,by_element/Ce/Ce.cc-pCVTZ.cfour
Ce,recipes/Ce/ccECP,Ce.cc-pVDZ.gamess,basis,ccECP,cc-pVDZ,cc-pVDZ-ccECP,-ccECP,Ce:cc-pVDZ-ccECP,PASS,source library name retained as the label stem; declared disambiguating suffix '-ccECP' appended: cc-pVDZ -> cc-pVDZ-ccECP,by_element/Ce/Ce.cc-pVDZ.cfour
Ce,recipes/Ce/ccECP,Ce.cc-pVQZ.gamess,basis,ccECP,cc-pVQZ,cc-pVQZ-ccECP,-ccECP,Ce:cc-pVQZ-ccECP,PASS,source library name retained as the label stem; declared disambiguating suffix '-ccECP' appended: cc-pVQZ -> cc-pVQZ-ccECP,by_element/Ce/Ce.cc-pVQZ.cfour
Ce,recipes/Ce/ccECP,Ce.cc-pVTZ.gamess,basis,ccECP,cc-pVTZ,cc-pVTZ-ccECP,-ccECP,Ce:cc-pVTZ-ccECP,PASS,source library name retained as the label stem; declared disambiguating suffix '-ccECP' appended: cc-pVTZ -> cc-pVTZ-ccECP,by_element/Ce/Ce.cc-pVTZ.cfour
Cl,recipes/Cl/ccECP,Cl.aug-cc-pV5Z.gamess,basis,ccECP,aug-cc-pV5Z,aug-cc-pV5Z-ccECP,-ccECP,Cl:aug-cc-pV5Z-ccECP,PASS,source library name retained as the label stem; declared disambiguating suffix '-ccECP' appended: aug-cc-pV5Z -> aug-cc-pV5Z-ccECP,by_element/Cl/Cl.aug-cc-pV5Z.cfour
Cl,recipes/Cl/ccECP,Cl.aug-cc-pV6Z.gamess,basis,ccECP,aug-cc-pV6Z,aug-cc-pV6Z-ccECP,-ccECP,Cl:aug-cc-pV6Z-ccECP,PASS,source library name retained as the label stem; declared disambiguating suffix '-ccECP' appended: aug-cc-pV6Z -> aug-cc-pV6Z-ccECP,by_element/Cl/Cl.aug-cc-pV6Z.cfour
Cl,recipes/Cl/ccECP,Cl.aug-cc-pVDZ.gamess,basis,ccECP,aug-cc-pVDZ,aug-cc-pVDZ-ccECP,-ccECP,Cl:aug-cc-pVDZ-ccECP,PASS,source library name retained as the label stem; declared disambiguating suffix '-ccECP' appended: aug-cc-pVDZ -> aug-cc-pVDZ-ccECP,by_element/Cl/Cl.aug-cc-pVDZ.cfour
Cl,recipes/Cl/ccECP,Cl.aug-cc-pVQZ.gamess,basis,ccECP,aug-cc-pVQZ,aug-cc-pVQZ-ccECP,-ccECP,Cl:aug-cc-pVQZ-ccECP,PASS,source library name retained as the label stem; declared disambiguating suffix '-ccECP' appended: aug-cc-pVQZ -> aug-cc-pVQZ-ccECP,by_element/Cl/Cl.aug-cc-pVQZ.cfour
Cl,recipes/Cl/ccECP,Cl.aug-cc-pVTZ.gamess,basis,ccECP,aug-cc-pVTZ,aug-cc-pVTZ-ccECP,-ccECP,Cl:aug-cc-pVTZ-ccECP,PASS,source library name retained as the label stem; declared disambiguating suffix '-ccECP' appended: aug-cc-pVTZ -> aug-cc-pVTZ-ccECP,by_element/Cl/Cl.aug-cc-pVTZ.cfour
Cl,recipes/Cl/ccECP,Cl.cc-pV5Z.gamess,basis,ccECP,cc-pV5Z,cc-pV5Z-ccECP,-ccECP,Cl:cc-pV5Z-ccECP,PASS,source library name retained as the label stem; declared disambiguating suffix '-ccECP' appended: cc-pV5Z -> cc-pV5Z-ccECP,by_element/Cl/Cl.cc-pV5Z.cfour
Cl,recipes/Cl/ccECP,Cl.cc-pV6Z.gamess,basis,ccECP,cc-pV6Z,cc-pV6Z-ccECP,-ccECP,Cl:cc-pV6Z-ccECP,PASS,source library name retained as the label stem; declared disambiguating suffix '-ccECP' appended: cc-pV6Z -> cc-pV6Z-ccECP,by_element/Cl/Cl.cc-pV6Z.cfour
Cl,recipes/Cl/ccECP,Cl.cc-pVDZ.gamess,basis,ccECP,cc-pVDZ,cc-pVDZ-ccECP,-ccECP,Cl:cc-pVDZ-ccECP,PASS,source library name retained as the label stem; declared disambiguating suffix '-ccECP' appended: cc-pVDZ -> cc-pVDZ-ccECP,by_element/Cl/Cl.cc-pVDZ.cfour
Cl,recipes/Cl/ccECP,Cl.cc-pVQZ.gamess,basis,ccECP,cc-pVQZ,cc-pVQZ-ccECP,-ccECP,Cl:cc-pVQZ-ccECP,PASS,source library name retained as the label stem; declared disambiguating suffix '-ccECP' appended: cc-pVQZ -> cc-pVQZ-ccECP,by_element/Cl/Cl.cc-pVQZ.cfour
Cl,recipes/Cl/ccECP,Cl.cc-pVTZ.gamess,basis,ccECP,cc-pVTZ,cc-pVTZ-ccECP,-ccECP,Cl:cc-pVTZ-ccECP,PASS,source library name retained as the label stem; declared disambiguating suffix '-ccECP' appended: cc-pVTZ -> cc-pVTZ-ccECP,by_element/Cl/Cl.cc-pVTZ.cfour
Co,recipes/Co/ccECP,Co.aug-cc-pCV5Z.gamess,basis,ccECP,aug-cc-pCV5Z,aug-cc-pCV5Z-ccECP,-ccECP,Co:aug-cc-pCV5Z-ccECP,PASS,source library name retained as the label stem; declared disambiguating suffix '-ccECP' appended: aug-cc-pCV5Z -> aug-cc-pCV5Z-ccECP,by_element/Co/Co.aug-cc-pCV5Z.cfour
Co,recipes/Co/ccECP,Co.aug-cc-pCVDZ.gamess,basis,ccECP,aug-cc-pCVDZ,aug-cc-pCVDZ-ccECP,-ccECP,Co:aug-cc-pCVDZ-ccECP,PASS,source library name retained as the label stem; declared disambiguating suffix '-ccECP' appended: aug-cc-pCVDZ -> aug-cc-pCVDZ-ccECP,by_element/Co/Co.aug-cc-pCVDZ.cfour
Co,recipes/Co/ccECP,Co.aug-cc-pCVQZ.gamess,basis,ccECP,aug-cc-pCVQZ,aug-cc-pCVQZ-ccECP,-ccECP,Co:aug-cc-pCVQZ-ccECP,PASS,source library name retained as the label stem; declared disambiguating suffix '-ccECP' appended: aug-cc-pCVQZ -> aug-cc-pCVQZ-ccECP,by_element/Co/Co.aug-cc-pCVQZ.cfour
Co,recipes/Co/ccECP,Co.aug-cc-pCVTZ.gamess,basis,ccECP,aug-cc-pCVTZ,aug-cc-pCVTZ-ccECP,-ccECP,Co:aug-cc-pCVTZ-ccECP,PASS,source library name retained as the label stem; declared disambiguating suffix '-ccECP' appended: aug-cc-pCVTZ -> aug-cc-pCVTZ-ccECP,by_element/Co/Co.aug-cc-pCVTZ.cfour
Co,recipes/Co/ccECP,Co.aug-cc-pV5Z.gamess,basis,ccECP,aug-cc-pV5Z,aug-cc-pV5Z-ccECP,-ccECP,Co:aug-cc-pV5Z-ccECP,PASS,source library name retained as the label stem; declared disambiguating suffix '-ccECP' appended: aug-cc-pV5Z -> aug-cc-pV5Z-ccECP,by_element/Co/Co.aug-cc-pV5Z.cfour
Co,recipes/Co/ccECP,Co.aug-cc-pVDZ.gamess,basis,ccECP,aug-cc-pVDZ,aug-cc-pVDZ-ccECP,-ccECP,Co:aug-cc-pVDZ-ccECP,PASS,source library name retained as the label stem; declared disambiguating suffix '-ccECP' appended: aug-cc-pVDZ -> aug-cc-pVDZ-ccECP,by_element/Co/Co.aug-cc-pVDZ.cfour
Co,recipes/Co/ccECP,Co.aug-cc-pVQZ.gamess,basis,ccECP,aug-cc-pVQZ,aug-cc-pVQZ-ccECP,-ccECP,Co:aug-cc-pVQZ-ccECP,PASS,source library name retained as the label stem; declared disambiguating suffix '-ccECP' appended: aug-cc-pVQZ -> aug-cc-pVQZ-ccECP,by_element/Co/Co.aug-cc-pVQZ.cfour
Co,recipes/Co/ccECP,Co.aug-cc-pVTZ.gamess,basis,ccECP,aug-cc-pVTZ,aug-cc-pVTZ-ccECP,-ccECP,Co:aug-cc-pVTZ-ccECP,PASS,source library name retained as the label stem; declared disambiguating suffix '-ccECP' appended: aug-cc-pVTZ -> aug-cc-pVTZ-ccECP,by_element/Co/Co.aug-cc-pVTZ.cfour
Co,recipes/Co/ccECP,Co.cc-pCV5Z.gamess,basis,ccECP,cc-pCV5Z,cc-pCV5Z-ccECP,-ccECP,Co:cc-pCV5Z-ccECP,PASS,source library name retained as the label stem; declared disambiguating suffix '-ccECP' appended: cc-pCV5Z -> cc-pCV5Z-ccECP,by_element/Co/Co.cc-pCV5Z.cfour
Co,recipes/Co/ccECP,Co.cc-pCVDZ.gamess,basis,ccECP,cc-pCVDZ,cc-pCVDZ-ccECP,-ccECP,Co:cc-pCVDZ-ccECP,PASS,source library name retained as the label stem; declared disambiguating suffix '-ccECP' appended: cc-pCVDZ -> cc-pCVDZ-ccECP,by_element/Co/Co.cc-pCVDZ.cfour
Co,recipes/Co/ccECP,Co.cc-pCVQZ.gamess,basis,ccECP,cc-pCVQZ,cc-pCVQZ-ccECP,-ccECP,Co:cc-pCVQZ-ccECP,PASS,source library name retained as the label stem; declared disambiguating suffix '-ccECP' appended: cc-pCVQZ -> cc-pCVQZ-ccECP,by_element/Co/Co.cc-pCVQZ.cfour
Co,recipes/Co/ccECP,Co.cc-pCVTZ.gamess,basis,ccECP,cc-pCVTZ,cc-pCVTZ-ccECP,-ccECP,Co:cc-pCVTZ-ccECP,PASS,source library name retained as the label stem; declared disambiguating suffix '-ccECP' appended: cc-pCVTZ -> cc-pCVTZ-ccECP,by_element/Co/Co.cc-pCVTZ.cfour
Co,recipes/Co/ccECP,Co.cc-pV5Z.gamess,basis,ccECP,cc-pV5Z,cc-pV5Z-ccECP,-ccECP,Co:cc-pV5Z-ccECP,PASS,source library name retained as the label stem; declared disambiguating suffix '-ccECP' appended: cc-pV5Z -> cc-pV5Z-ccECP,by_element/Co/Co.cc-pV5Z.cfour
Co,recipes/Co/ccECP,Co.cc-pVDZ.gamess,basis,ccECP,cc-pVDZ,cc-pVDZ-ccECP,-ccECP,Co:cc-pVDZ-ccECP,PASS,source library name retained as the label stem; declared disambiguating suffix '-ccECP' appended: cc-pVDZ -> cc-pVDZ-ccECP,by_element/Co/Co.cc-pVDZ.cfour
Co,recipes/Co/ccECP,Co.cc-pVQZ.gamess,basis,ccECP,cc-pVQZ,cc-pVQZ-ccECP,-ccECP,Co:cc-pVQZ-ccECP,PASS,source library name retained as the label stem; declared disambiguating suffix '-ccECP' appended: cc-pVQZ -> cc-pVQZ-ccECP,by_element/Co/Co.cc-pVQZ.cfour
Co,recipes/Co/ccECP,Co.cc-pVTZ.gamess,basis,ccECP,cc-pVTZ,cc-pVTZ-ccECP,-ccECP,Co:cc-pVTZ-ccECP,PASS,source library name retained as the label stem; declared disambiguating suffix '-ccECP' appended: cc-pVTZ -> cc-pVTZ-ccECP,by_element/Co/Co.cc-pVTZ.cfour
Cr,recipes/Cr/ccECP,Cr.aug-cc-pCV5Z.gamess,basis,ccECP,aug-cc-pCV5Z,aug-cc-pCV5Z-ccECP,-ccECP,Cr:aug-cc-pCV5Z-ccECP,PASS,source library name retained as the label stem; declared disambiguating suffix '-ccECP' appended: aug-cc-pCV5Z -> aug-cc-pCV5Z-ccECP,by_element/Cr/Cr.aug-cc-pCV5Z.cfour
Cr,recipes/Cr/ccECP,Cr.aug-cc-pCVDZ.gamess,basis,ccECP,aug-cc-pCVDZ,aug-cc-pCVDZ-ccECP,-ccECP,Cr:aug-cc-pCVDZ-ccECP,PASS,source library name retained as the label stem; declared disambiguating suffix '-ccECP' appended: aug-cc-pCVDZ -> aug-cc-pCVDZ-ccECP,by_element/Cr/Cr.aug-cc-pCVDZ.cfour
Cr,recipes/Cr/ccECP,Cr.aug-cc-pCVQZ.gamess,basis,ccECP,aug-cc-pCVQZ,aug-cc-pCVQZ-ccECP,-ccECP,Cr:aug-cc-pCVQZ-ccECP,PASS,source library name retained as the label stem; declared disambiguating suffix '-ccECP' appended: aug-cc-pCVQZ -> aug-cc-pCVQZ-ccECP,by_element/Cr/Cr.aug-cc-pCVQZ.cfour
Cr,recipes/Cr/ccECP,Cr.aug-cc-pCVTZ.gamess,basis,ccECP,aug-cc-pCVTZ,aug-cc-pCVTZ-ccECP,-ccECP,Cr:aug-cc-pCVTZ-ccECP,PASS,source library name retained as the label stem; declared disambiguating suffix '-ccECP' appended: aug-cc-pCVTZ -> aug-cc-pCVTZ-ccECP,by_element/Cr/Cr.aug-cc-pCVTZ.cfour
Cr,recipes/Cr/ccECP,Cr.aug-cc-pV5Z.gamess,basis,ccECP,aug-cc-pV5Z,aug-cc-pV5Z-ccECP,-ccECP,Cr:aug-cc-pV5Z-ccECP,PASS,source library name retained as the label stem; declared disambiguating suffix '-ccECP' appended: aug-cc-pV5Z -> aug-cc-pV5Z-ccECP,by_element/Cr/Cr.aug-cc-pV5Z.cfour
Cr,recipes/Cr/ccECP,Cr.aug-cc-pVDZ.gamess,basis,ccECP,aug-cc-pVDZ,aug-cc-pVDZ-ccECP,-ccECP,Cr:aug-cc-pVDZ-ccECP,PASS,source library name retained as the label stem; declared disambiguating suffix '-ccECP' appended: aug-cc-pVDZ -> aug-cc-pVDZ-ccECP,by_element/Cr/Cr.aug-cc-pVDZ.cfour
Cr,recipes/Cr/ccECP,Cr.aug-cc-pVQZ.gamess,basis,ccECP,aug-cc-pVQZ,aug-cc-pVQZ-ccECP,-ccECP,Cr:aug-cc-pVQZ-ccECP,PASS,source library name retained as the label stem; declared disambiguating suffix '-ccECP' appended: aug-cc-pVQZ -> aug-cc-pVQZ-ccECP,by_element/Cr/Cr.aug-cc-pVQZ.cfour
Cr,recipes/Cr/ccECP,Cr.aug-cc-pVTZ.gamess,basis,ccECP,aug-cc-pVTZ,aug-cc-pVTZ-ccECP,-ccECP,Cr:aug-cc-pVTZ-ccECP,PASS,source library name retained as the label stem; declared disambiguating suffix '-ccECP' appended: aug-cc-pVTZ -> aug-cc-pVTZ-ccECP,by_element/Cr/Cr.aug-cc-pVTZ.cfour
Cr,recipes/Cr/ccECP,Cr.cc-pCV5Z.gamess,basis,ccECP,cc-pCV5Z,cc-pCV5Z-ccECP,-ccECP,Cr:cc-pCV5Z-ccECP,PASS,source library name retained as the label stem; declared disambiguating suffix '-ccECP' appended: cc-pCV5Z -> cc-pCV5Z-ccECP,by_element/Cr/Cr.cc-pCV5Z.cfour
Cr,recipes/Cr/ccECP,Cr.cc-pCVDZ.gamess,basis,ccECP,cc-pCVDZ,cc-pCVDZ-ccECP,-ccECP,Cr:cc-pCVDZ-ccECP,PASS,source library name retained as the label stem; declared disambiguating suffix '-ccECP' appended: cc-pCVDZ -> cc-pCVDZ-ccECP,by_element/Cr/Cr.cc-pCVDZ.cfour
Cr,recipes/Cr/ccECP,Cr.cc-pCVQZ.gamess,basis,ccECP,cc-pCVQZ,cc-pCVQZ-ccECP,-ccECP,Cr:cc-pCVQZ-ccECP,PASS,source library name retained as the label stem; declared disambiguating suffix '-ccECP' appended: cc-pCVQZ -> cc-pCVQZ-ccECP,by_element/Cr/Cr.cc-pCVQZ.cfour
Cr,recipes/Cr/ccECP,Cr.cc-pCVTZ.gamess,basis,ccECP,cc-pCVTZ,cc-pCVTZ-ccECP,-ccECP,Cr:cc-pCVTZ-ccECP,PASS,source library name retained as the label stem; declared disambiguating suffix '-ccECP' appended: cc-pCVTZ -> cc-pCVTZ-ccECP,by_element/Cr/Cr.cc-pCVTZ.cfour
Cr,recipes/Cr/ccECP,Cr.cc-pV5Z.gamess,basis,ccECP,cc-pV5Z,cc-pV5Z-ccECP,-ccECP,Cr:cc-pV5Z-ccECP,PASS,source library name retained as the label stem; declared disambiguating suffix '-ccECP' appended: cc-pV5Z -> cc-pV5Z-ccECP,by_element/Cr/Cr.cc-pV5Z.cfour
Cr,recipes/Cr/ccECP,Cr.cc-pVDZ.gamess,basis,ccECP,cc-pVDZ,cc-pVDZ-ccECP,-ccECP,Cr:cc-pVDZ-ccECP,PASS,source library name retained as the label stem; declared disambiguating suffix '-ccECP' appended: cc-pVDZ -> cc-pVDZ-ccECP,by_element/Cr/Cr.cc-pVDZ.cfour
Cr,recipes/Cr/ccECP,Cr.cc-pVQZ.gamess,basis,ccECP,cc-pVQZ,cc-pVQZ-ccECP,-ccECP,Cr:cc-pVQZ-ccECP,PASS,source library name retained as the label stem; declared disambiguating suffix '-ccECP' appended: cc-pVQZ -> cc-pVQZ-ccECP,by_element/Cr/Cr.cc-pVQZ.cfour
Cr,recipes/Cr/ccECP,Cr.cc-pVTZ.gamess,basis,ccECP,cc-pVTZ,cc-pVTZ-ccECP,-ccECP,Cr:cc-pVTZ-ccECP,PASS,source library name retained as the label stem; declared disambiguating suffix '-ccECP' appended: cc-pVTZ -> cc-pVTZ-ccECP,by_element/Cr/Cr.cc-pVTZ.cfour
Cs,recipes/Cs/ccECP,Cs.aug-cc-pCV5Z.gamess,basis,ccECP,aug-cc-pCV5Z,aug-cc-pCV5Z-ccECP,-ccECP,Cs:aug-cc-pCV5Z-ccECP,PASS,source library name retained as the label stem; declared disambiguating suffix '-ccECP' appended: aug-cc-pCV5Z -> aug-cc-pCV5Z-ccECP,by_element/Cs/Cs.aug-cc-pCV5Z.cfour
Cs,recipes/Cs/ccECP,Cs.aug-cc-pCVDZ.gamess,basis,ccECP,aug-cc-pCVDZ,aug-cc-pCVDZ-ccECP,-ccECP,Cs:aug-cc-pCVDZ-ccECP,PASS,source library name retained as the label stem; declared disambiguating suffix '-ccECP' appended: aug-cc-pCVDZ -> aug-cc-pCVDZ-ccECP,by_element/Cs/Cs.aug-cc-pCVDZ.cfour
Cs,recipes/Cs/ccECP,Cs.aug-cc-pCVQZ.gamess,basis,ccECP,aug-cc-pCVQZ,aug-cc-pCVQZ-ccECP,-ccECP,Cs:aug-cc-pCVQZ-ccECP,PASS,source library name retained as the label stem; declared disambiguating suffix '-ccECP' appended: aug-cc-pCVQZ -> aug-cc-pCVQZ-ccECP,by_element/Cs/Cs.aug-cc-pCVQZ.cfour
Cs,recipes/Cs/ccECP,Cs.aug-cc-pCVTZ.gamess,basis,ccECP,aug-cc-pCVTZ,aug-cc-pCVTZ-ccECP,-ccECP,Cs:aug-cc-pCVTZ-ccECP,PASS,source library name retained as the label stem; declared disambiguating suffix '-ccECP' appended: aug-cc-pCVTZ -> aug-cc-pCVTZ-ccECP,by_element/Cs/Cs.aug-cc-pCVTZ.cfour
Cs,recipes/Cs/ccECP,Cs.aug-cc-pV5Z.gamess,basis,ccECP,aug-cc-pV5Z,aug-cc-pV5Z-ccECP,-ccECP,Cs:aug-cc-pV5Z-ccECP,PASS,source library name retained as the label stem; declared disambiguating suffix '-ccECP' appended: aug-cc-pV5Z -> aug-cc-pV5Z-ccECP,by_element/Cs/Cs.aug-cc-pV5Z.cfour
Cs,recipes/Cs/ccECP,Cs.aug-cc-pVDZ.gamess,basis,ccECP,aug-cc-pVDZ,aug-cc-pVDZ-ccECP,-ccECP,Cs:aug-cc-pVDZ-ccECP,PASS,source library name retained as the label stem; declared disambiguating suffix '-ccECP' appended: aug-cc-pVDZ -> aug-cc-pVDZ-ccECP,by_element/Cs/Cs.aug-cc-pVDZ.cfour
Cs,recipes/Cs/ccECP,Cs.aug-cc-pVQZ.gamess,basis,ccECP,aug-cc-pVQZ,aug-cc-pVQZ-ccECP,-ccECP,Cs:aug-cc-pVQZ-ccECP,PASS,source library name retained as the label stem; declared disambiguating suffix '-ccECP' appended: aug-cc-pVQZ -> aug-cc-pVQZ-ccECP,by_element/Cs/Cs.aug-cc-pVQZ.cfour
Cs,recipes/Cs/ccECP,Cs.aug-cc-pVTZ.gamess,basis,ccECP,aug-cc-pVTZ,aug-cc-pVTZ-ccECP,-ccECP,Cs:aug-cc-pVTZ-ccECP,PASS,source library name retained as the label stem; declared disambiguating suffix '-ccECP' appended: aug-cc-pVTZ -> aug-cc-pVTZ-ccECP,by_element/Cs/Cs.aug-cc-pVTZ.cfour
Cs,recipes/Cs/ccECP,Cs.cc-pCV5Z.gamess,basis,ccECP,cc-pCV5Z,cc-pCV5Z-ccECP,-ccECP,Cs:cc-pCV5Z-ccECP,PASS,source library name retained as the label stem; declared disambiguating suffix '-ccECP' appended: cc-pCV5Z -> cc-pCV5Z-ccECP,by_element/Cs/Cs.cc-pCV5Z.cfour
Cs,recipes/Cs/ccECP,Cs.cc-pCVDZ.gamess,basis,ccECP,cc-pCVDZ,cc-pCVDZ-ccECP,-ccECP,Cs:cc-pCVDZ-ccECP,PASS,source library name retained as the label stem; declared disambiguating suffix '-ccECP' appended: cc-pCVDZ -> cc-pCVDZ-ccECP,by_element/Cs/Cs.cc-pCVDZ.cfour
Cs,recipes/Cs/ccECP,Cs.cc-pCVQZ.gamess,basis,ccECP,cc-pCVQZ,cc-pCVQZ-ccECP,-ccECP,Cs:cc-pCVQZ-ccECP,PASS,source library name retained as the label stem; declared disambiguating suffix '-ccECP' appended: cc-pCVQZ -> cc-pCVQZ-ccECP,by_element/Cs/Cs.cc-pCVQZ.cfour
Cs,recipes/Cs/ccECP,Cs.cc-pCVTZ.gamess,basis,ccECP,cc-pCVTZ,cc-pCVTZ-ccECP,-ccECP,Cs:cc-pCVTZ-ccECP,PASS,source library name retained as the label stem; declared disambiguating suffix '-ccECP' appended: cc-pCVTZ -> cc-pCVTZ-ccECP,by_element/Cs/Cs.cc-pCVTZ.cfour
Cs,recipes/Cs/ccECP,Cs.cc-pV5Z.gamess,basis,ccECP,cc-pV5Z,cc-pV5Z-ccECP,-ccECP,Cs:cc-pV5Z-ccECP,PASS,source library name retained as the label stem; declared disambiguating suffix '-ccECP' appended: cc-pV5Z -> cc-pV5Z-ccECP,by_element/Cs/Cs.cc-pV5Z.cfour
Cs,recipes/Cs/ccECP,Cs.cc-pVDZ.gamess,basis,ccECP,cc-pVDZ,cc-pVDZ-ccECP,-ccECP,Cs:cc-pVDZ-ccECP,PASS,source library name retained as the label stem; declared disambiguating suffix '-ccECP' appended: cc-pVDZ -> cc-pVDZ-ccECP,by_element/Cs/Cs.cc-pVDZ.cfour
Cs,recipes/Cs/ccECP,Cs.cc-pVQZ.gamess,basis,ccECP,cc-pVQZ,cc-pVQZ-ccECP,-ccECP,Cs:cc-pVQZ-ccECP,PASS,source library name retained as the label stem; declared disambiguating suffix '-ccECP' appended: cc-pVQZ -> cc-pVQZ-ccECP,by_element/Cs/Cs.cc-pVQZ.cfour
Cs,recipes/Cs/ccECP,Cs.cc-pVTZ.gamess,basis,ccECP,cc-pVTZ,cc-pVTZ-ccECP,-ccECP,Cs:cc-pVTZ-ccECP,PASS,source library name retained as the label stem; declared disambiguating suffix '-ccECP' appended: cc-pVTZ -> cc-pVTZ-ccECP,by_element/Cs/Cs.cc-pVTZ.cfour
Cu,recipes/Cu/ccECP,Cu.aug-cc-pCV5Z.gamess,basis,ccECP,aug-cc-pCV5Z,aug-cc-pCV5Z-ccECP,-ccECP,Cu:aug-cc-pCV5Z-ccECP,PASS,source library name retained as the label stem; declared disambiguating suffix '-ccECP' appended: aug-cc-pCV5Z -> aug-cc-pCV5Z-ccECP,by_element/Cu/Cu.aug-cc-pCV5Z.cfour
Cu,recipes/Cu/ccECP,Cu.aug-cc-pCVDZ.gamess,basis,ccECP,aug-cc-pCVDZ,aug-cc-pCVDZ-ccECP,-ccECP,Cu:aug-cc-pCVDZ-ccECP,PASS,source library name retained as the label stem; declared disambiguating suffix '-ccECP' appended: aug-cc-pCVDZ -> aug-cc-pCVDZ-ccECP,by_element/Cu/Cu.aug-cc-pCVDZ.cfour
Cu,recipes/Cu/ccECP,Cu.aug-cc-pCVQZ.gamess,basis,ccECP,aug-cc-pCVQZ,aug-cc-pCVQZ-ccECP,-ccECP,Cu:aug-cc-pCVQZ-ccECP,PASS,source library name retained as the label stem; declared disambiguating suffix '-ccECP' appended: aug-cc-pCVQZ -> aug-cc-pCVQZ-ccECP,by_element/Cu/Cu.aug-cc-pCVQZ.cfour
Cu,recipes/Cu/ccECP,Cu.aug-cc-pCVTZ.gamess,basis,ccECP,aug-cc-pCVTZ,aug-cc-pCVTZ-ccECP,-ccECP,Cu:aug-cc-pCVTZ-ccECP,PASS,source library name retained as the label stem; declared disambiguating suffix '-ccECP' appended: aug-cc-pCVTZ -> aug-cc-pCVTZ-ccECP,by_element/Cu/Cu.aug-cc-pCVTZ.cfour
Cu,recipes/Cu/ccECP,Cu.aug-cc-pV5Z.gamess,basis,ccECP,aug-cc-pV5Z,aug-cc-pV5Z-ccECP,-ccECP,Cu:aug-cc-pV5Z-ccECP,PASS,source library name retained as the label stem; declared disambiguating suffix '-ccECP' appended: aug-cc-pV5Z -> aug-cc-pV5Z-ccECP,by_element/Cu/Cu.aug-cc-pV5Z.cfour
Cu,recipes/Cu/ccECP,Cu.aug-cc-pVDZ.gamess,basis,ccECP,aug-cc-pVDZ,aug-cc-pVDZ-ccECP,-ccECP,Cu:aug-cc-pVDZ-ccECP,PASS,source library name retained as the label stem; declared disambiguating suffix '-ccECP' appended: aug-cc-pVDZ -> aug-cc-pVDZ-ccECP,by_element/Cu/Cu.aug-cc-pVDZ.cfour
Cu,recipes/Cu/ccECP,Cu.aug-cc-pVQZ.gamess,basis,ccECP,aug-cc-pVQZ,aug-cc-pVQZ-ccECP,-ccECP,Cu:aug-cc-pVQZ-ccECP,PASS,source library name retained as the label stem; declared disambiguating suffix '-ccECP' appended: aug-cc-pVQZ -> aug-cc-pVQZ-ccECP,by_element/Cu/Cu.aug-cc-pVQZ.cfour
Cu,recipes/Cu/ccECP,Cu.aug-cc-pVTZ.gamess,basis,ccECP,aug-cc-pVTZ,aug-cc-pVTZ-ccECP,-ccECP,Cu:aug-cc-pVTZ-ccECP,PASS,source library name retained as the label stem; declared disambiguating suffix '-ccECP' appended: aug-cc-pVTZ -> aug-cc-pVTZ-ccECP,by_element/Cu/Cu.aug-cc-pVTZ.cfour
Cu,recipes/Cu/ccECP,Cu.cc-pCV5Z.gamess,basis,ccECP,cc-pCV5Z,cc-pCV5Z-ccECP,-ccECP,Cu:cc-pCV5Z-ccECP,PASS,source library name retained as the label stem; declared disambiguating suffix '-ccECP' appended: cc-pCV5Z -> cc-pCV5Z-ccECP,by_element/Cu/Cu.cc-pCV5Z.cfour
Cu,recipes/Cu/ccECP,Cu.cc-pCVDZ.gamess,basis,ccECP,cc-pCVDZ,cc-pCVDZ-ccECP,-ccECP,Cu:cc-pCVDZ-ccECP,PASS,source library name retained as the label stem; declared disambiguating suffix '-ccECP' appended: cc-pCVDZ -> cc-pCVDZ-ccECP,by_element/Cu/Cu.cc-pCVDZ.cfour
Cu,recipes/Cu/ccECP,Cu.cc-pCVQZ.gamess,basis,ccECP,cc-pCVQZ,cc-pCVQZ-ccECP,-ccECP,Cu:cc-pCVQZ-ccECP,PASS,source library name retained as the label stem; declared disambiguating suffix '-ccECP' appended: cc-pCVQZ -> cc-pCVQZ-ccECP,by_element/Cu/Cu.cc-pCVQZ.cfour
Cu,recipes/Cu/ccECP,Cu.cc-pCVTZ.gamess,basis,ccECP,cc-pCVTZ,cc-pCVTZ-ccECP,-ccECP,Cu:cc-pCVTZ-ccECP,PASS,source library name retained as the label stem; declared disambiguating suffix '-ccECP' appended: cc-pCVTZ -> cc-pCVTZ-ccECP,by_element/Cu/Cu.cc-pCVTZ.cfour
Cu,recipes/Cu/ccECP,Cu.cc-pV5Z.gamess,basis,ccECP,cc-pV5Z,cc-pV5Z-ccECP,-ccECP,Cu:cc-pV5Z-ccECP,PASS,source library name retained as the label stem; declared disambiguating suffix '-ccECP' appended: cc-pV5Z -> cc-pV5Z-ccECP,by_element/Cu/Cu.cc-pV5Z.cfour
Cu,recipes/Cu/ccECP,Cu.cc-pVDZ.gamess,basis,ccECP,cc-pVDZ,cc-pVDZ-ccECP,-ccECP,Cu:cc-pVDZ-ccECP,PASS,source library name retained as the label stem; declared disambiguating suffix '-ccECP' appended: cc-pVDZ -> cc-pVDZ-ccECP,by_element/Cu/Cu.cc-pVDZ.cfour
Cu,recipes/Cu/ccECP,Cu.cc-pVQZ.gamess,basis,ccECP,cc-pVQZ,cc-pVQZ-ccECP,-ccECP,Cu:cc-pVQZ-ccECP,PASS,source library name retained as the label stem; declared disambiguating suffix '-ccECP' appended: cc-pVQZ -> cc-pVQZ-ccECP,by_element/Cu/Cu.cc-pVQZ.cfour
Cu,recipes/Cu/ccECP,Cu.cc-pVTZ.gamess,basis,ccECP,cc-pVTZ,cc-pVTZ-ccECP,-ccECP,Cu:cc-pVTZ-ccECP,PASS,source library name retained as the label stem; declared disambiguating suffix '-ccECP' appended: cc-pVTZ -> cc-pVTZ-ccECP,by_element/Cu/Cu.cc-pVTZ.cfour
Eu,recipes/Eu/ccECP,Eu.aug-cc-pCVDZ.gamess,basis,ccECP,aug-cc-pCVDZ,aug-cc-pCVDZ-ccECP,-ccECP,Eu:aug-cc-pCVDZ-ccECP,PASS,source library name retained as the label stem; declared disambiguating suffix '-ccECP' appended: aug-cc-pCVDZ -> aug-cc-pCVDZ-ccECP,by_element/Eu/Eu.aug-cc-pCVDZ.cfour
Eu,recipes/Eu/ccECP,Eu.aug-cc-pCVQZ.gamess,basis,ccECP,aug-cc-pCVQZ,aug-cc-pCVQZ-ccECP,-ccECP,Eu:aug-cc-pCVQZ-ccECP,PASS,source library name retained as the label stem; declared disambiguating suffix '-ccECP' appended: aug-cc-pCVQZ -> aug-cc-pCVQZ-ccECP,by_element/Eu/Eu.aug-cc-pCVQZ.cfour
Eu,recipes/Eu/ccECP,Eu.aug-cc-pCVTZ.gamess,basis,ccECP,aug-cc-pCVTZ,aug-cc-pCVTZ-ccECP,-ccECP,Eu:aug-cc-pCVTZ-ccECP,PASS,source library name retained as the label stem; declared disambiguating suffix '-ccECP' appended: aug-cc-pCVTZ -> aug-cc-pCVTZ-ccECP,by_element/Eu/Eu.aug-cc-pCVTZ.cfour
Eu,recipes/Eu/ccECP,Eu.aug-cc-pVDZ.gamess,basis,ccECP,aug-cc-pVDZ,aug-cc-pVDZ-ccECP,-ccECP,Eu:aug-cc-pVDZ-ccECP,PASS,source library name retained as the label stem; declared disambiguating suffix '-ccECP' appended: aug-cc-pVDZ -> aug-cc-pVDZ-ccECP,by_element/Eu/Eu.aug-cc-pVDZ.cfour
Eu,recipes/Eu/ccECP,Eu.aug-cc-pVQZ.gamess,basis,ccECP,aug-cc-pVQZ,aug-cc-pVQZ-ccECP,-ccECP,Eu:aug-cc-pVQZ-ccECP,PASS,source library name retained as the label stem; declared disambiguating suffix '-ccECP' appended: aug-cc-pVQZ -> aug-cc-pVQZ-ccECP,by_element/Eu/Eu.aug-cc-pVQZ.cfour
Eu,recipes/Eu/ccECP,Eu.aug-cc-pVTZ.gamess,basis,ccECP,aug-cc-pVTZ,aug-cc-pVTZ-ccECP,-ccECP,Eu:aug-cc-pVTZ-ccECP,PASS,source library name retained as the label stem; declared disambiguating suffix '-ccECP' appended: aug-cc-pVTZ -> aug-cc-pVTZ-ccECP,by_element/Eu/Eu.aug-cc-pVTZ.cfour
Eu,recipes/Eu/ccECP,Eu.cc-pCVDZ.gamess,basis,ccECP,cc-pCVDZ,cc-pCVDZ-ccECP,-ccECP,Eu:cc-pCVDZ-ccECP,PASS,source library name retained as the label stem; declared disambiguating suffix '-ccECP' appended: cc-pCVDZ -> cc-pCVDZ-ccECP,by_element/Eu/Eu.cc-pCVDZ.cfour
Eu,recipes/Eu/ccECP,Eu.cc-pCVQZ.gamess,basis,ccECP,cc-pCVQZ,cc-pCVQZ-ccECP,-ccECP,Eu:cc-pCVQZ-ccECP,PASS,source library name retained as the label stem; declared disambiguating suffix '-ccECP' appended: cc-pCVQZ -> cc-pCVQZ-ccECP,by_element/Eu/Eu.cc-pCVQZ.cfour
Eu,recipes/Eu/ccECP,Eu.cc-pCVTZ.gamess,basis,ccECP,cc-pCVTZ,cc-pCVTZ-ccECP,-ccECP,Eu:cc-pCVTZ-ccECP,PASS,source library name retained as the label stem; declared disambiguating suffix '-ccECP' appended: cc-pCVTZ -> cc-pCVTZ-ccECP,by_element/Eu/Eu.cc-pCVTZ.cfour
Eu,recipes/Eu/ccECP,Eu.cc-pVDZ.gamess,basis,ccECP,cc-pVDZ,cc-pVDZ-ccECP,-ccECP,Eu:cc-pVDZ-ccECP,PASS,source library name retained as the label stem; declared disambiguating suffix '-ccECP' appended: cc-pVDZ -> cc-pVDZ-ccECP,by_element/Eu/Eu.cc-pVDZ.cfour
Eu,recipes/Eu/ccECP,Eu.cc-pVQZ.gamess,basis,ccECP,cc-pVQZ,cc-pVQZ-ccECP,-ccECP,Eu:cc-pVQZ-ccECP,PASS,source library name retained as the label stem; declared disambiguating suffix '-ccECP' appended: cc-pVQZ -> cc-pVQZ-ccECP,by_element/Eu/Eu.cc-pVQZ.cfour
Eu,recipes/Eu/ccECP,Eu.cc-pVTZ.gamess,basis,ccECP,cc-pVTZ,cc-pVTZ-ccECP,-ccECP,Eu:cc-pVTZ-ccECP,PASS,source library name retained as the label stem; declared disambiguating suffix '-ccECP' appended: cc-pVTZ -> cc-pVTZ-ccECP,by_element/Eu/Eu.cc-pVTZ.cfour
F,recipes/F/ccECP,F.aug-cc-pV5Z.gamess,basis,ccECP,aug-cc-pV5Z,aug-cc-pV5Z-ccECP,-ccECP,F:aug-cc-pV5Z-ccECP,PASS,source library name retained as the label stem; declared disambiguating suffix '-ccECP' appended: aug-cc-pV5Z -> aug-cc-pV5Z-ccECP,by_element/F/F.aug-cc-pV5Z.cfour
F,recipes/F/ccECP,F.aug-cc-pV6Z.gamess,basis,ccECP,aug-cc-pV6Z,aug-cc-pV6Z-ccECP,-ccECP,F:aug-cc-pV6Z-ccECP,PASS,source library name retained as the label stem; declared disambiguating suffix '-ccECP' appended: aug-cc-pV6Z -> aug-cc-pV6Z-ccECP,by_element/F/F.aug-cc-pV6Z.cfour
F,recipes/F/ccECP,F.aug-cc-pVDZ.gamess,basis,ccECP,aug-cc-pVDZ,aug-cc-pVDZ-ccECP,-ccECP,F:aug-cc-pVDZ-ccECP,PASS,source library name retained as the label stem; declared disambiguating suffix '-ccECP' appended: aug-cc-pVDZ -> aug-cc-pVDZ-ccECP,by_element/F/F.aug-cc-pVDZ.cfour
F,recipes/F/ccECP,F.aug-cc-pVQZ.gamess,basis,ccECP,aug-cc-pVQZ,aug-cc-pVQZ-ccECP,-ccECP,F:aug-cc-pVQZ-ccECP,PASS,source library name retained as the label stem; declared disambiguating suffix '-ccECP' appended: aug-cc-pVQZ -> aug-cc-pVQZ-ccECP,by_element/F/F.aug-cc-pVQZ.cfour
F,recipes/F/ccECP,F.aug-cc-pVTZ.gamess,basis,ccECP,aug-cc-pVTZ,aug-cc-pVTZ-ccECP,-ccECP,F:aug-cc-pVTZ-ccECP,PASS,source library name retained as the label stem; declared disambiguating suffix '-ccECP' appended: aug-cc-pVTZ -> aug-cc-pVTZ-ccECP,by_element/F/F.aug-cc-pVTZ.cfour
F,recipes/F/ccECP,F.cc-pV5Z.gamess,basis,ccECP,cc-pV5Z,cc-pV5Z-ccECP,-ccECP,F:cc-pV5Z-ccECP,PASS,source library name retained as the label stem; declared disambiguating suffix '-ccECP' appended: cc-pV5Z -> cc-pV5Z-ccECP,by_element/F/F.cc-pV5Z.cfour
F,recipes/F/ccECP,F.cc-pV6Z.gamess,basis,ccECP,cc-pV6Z,cc-pV6Z-ccECP,-ccECP,F:cc-pV6Z-ccECP,PASS,source library name retained as the label stem; declared disambiguating suffix '-ccECP' appended: cc-pV6Z -> cc-pV6Z-ccECP,by_element/F/F.cc-pV6Z.cfour
F,recipes/F/ccECP,F.cc-pVDZ.gamess,basis,ccECP,cc-pVDZ,cc-pVDZ-ccECP,-ccECP,F:cc-pVDZ-ccECP,PASS,source library name retained as the label stem; declared disambiguating suffix '-ccECP' appended: cc-pVDZ -> cc-pVDZ-ccECP,by_element/F/F.cc-pVDZ.cfour
F,recipes/F/ccECP,F.cc-pVQZ.gamess,basis,ccECP,cc-pVQZ,cc-pVQZ-ccECP,-ccECP,F:cc-pVQZ-ccECP,PASS,source library name retained as the label stem; declared disambiguating suffix '-ccECP' appended: cc-pVQZ -> cc-pVQZ-ccECP,by_element/F/F.cc-pVQZ.cfour
F,recipes/F/ccECP,F.cc-pVTZ.gamess,basis,ccECP,cc-pVTZ,cc-pVTZ-ccECP,-ccECP,F:cc-pVTZ-ccECP,PASS,source library name retained as the label stem; declared disambiguating suffix '-ccECP' appended: cc-pVTZ -> cc-pVTZ-ccECP,by_element/F/F.cc-pVTZ.cfour
Fe,recipes/Fe/ccECP,Fe.aug-cc-pCV5Z.gamess,basis,ccECP,aug-cc-pCV5Z,aug-cc-pCV5Z-ccECP,-ccECP,Fe:aug-cc-pCV5Z-ccECP,PASS,source library name retained as the label stem; declared disambiguating suffix '-ccECP' appended: aug-cc-pCV5Z -> aug-cc-pCV5Z-ccECP,by_element/Fe/Fe.aug-cc-pCV5Z.cfour
Fe,recipes/Fe/ccECP,Fe.aug-cc-pCVDZ.gamess,basis,ccECP,aug-cc-pCVDZ,aug-cc-pCVDZ-ccECP,-ccECP,Fe:aug-cc-pCVDZ-ccECP,PASS,source library name retained as the label stem; declared disambiguating suffix '-ccECP' appended: aug-cc-pCVDZ -> aug-cc-pCVDZ-ccECP,by_element/Fe/Fe.aug-cc-pCVDZ.cfour
Fe,recipes/Fe/ccECP,Fe.aug-cc-pCVQZ.gamess,basis,ccECP,aug-cc-pCVQZ,aug-cc-pCVQZ-ccECP,-ccECP,Fe:aug-cc-pCVQZ-ccECP,PASS,source library name retained as the label stem; declared disambiguating suffix '-ccECP' appended: aug-cc-pCVQZ -> aug-cc-pCVQZ-ccECP,by_element/Fe/Fe.aug-cc-pCVQZ.cfour
Fe,recipes/Fe/ccECP,Fe.aug-cc-pCVTZ.gamess,basis,ccECP,aug-cc-pCVTZ,aug-cc-pCVTZ-ccECP,-ccECP,Fe:aug-cc-pCVTZ-ccECP,PASS,source library name retained as the label stem; declared disambiguating suffix '-ccECP' appended: aug-cc-pCVTZ -> aug-cc-pCVTZ-ccECP,by_element/Fe/Fe.aug-cc-pCVTZ.cfour
Fe,recipes/Fe/ccECP,Fe.aug-cc-pV5Z.gamess,basis,ccECP,aug-cc-pV5Z,aug-cc-pV5Z-ccECP,-ccECP,Fe:aug-cc-pV5Z-ccECP,PASS,source library name retained as the label stem; declared disambiguating suffix '-ccECP' appended: aug-cc-pV5Z -> aug-cc-pV5Z-ccECP,by_element/Fe/Fe.aug-cc-pV5Z.cfour
Fe,recipes/Fe/ccECP,Fe.aug-cc-pVDZ.gamess,basis,ccECP,aug-cc-pVDZ,aug-cc-pVDZ-ccECP,-ccECP,Fe:aug-cc-pVDZ-ccECP,PASS,source library name retained as the label stem; declared disambiguating suffix '-ccECP' appended: aug-cc-pVDZ -> aug-cc-pVDZ-ccECP,by_element/Fe/Fe.aug-cc-pVDZ.cfour
Fe,recipes/Fe/ccECP,Fe.aug-cc-pVQZ.gamess,basis,ccECP,aug-cc-pVQZ,aug-cc-pVQZ-ccECP,-ccECP,Fe:aug-cc-pVQZ-ccECP,PASS,source library name retained as the label stem; declared disambiguating suffix '-ccECP' appended: aug-cc-pVQZ -> aug-cc-pVQZ-ccECP,by_element/Fe/Fe.aug-cc-pVQZ.cfour
Fe,recipes/Fe/ccECP,Fe.aug-cc-pVTZ.gamess,basis,ccECP,aug-cc-pVTZ,aug-cc-pVTZ-ccECP,-ccECP,Fe:aug-cc-pVTZ-ccECP,PASS,source library name retained as the label stem; declared disambiguating suffix '-ccECP' appended: aug-cc-pVTZ -> aug-cc-pVTZ-ccECP,by_element/Fe/Fe.aug-cc-pVTZ.cfour
Fe,recipes/Fe/ccECP,Fe.cc-pCV5Z.gamess,basis,ccECP,cc-pCV5Z,cc-pCV5Z-ccECP,-ccECP,Fe:cc-pCV5Z-ccECP,PASS,source library name retained as the label stem; declared disambiguating suffix '-ccECP' appended: cc-pCV5Z -> cc-pCV5Z-ccECP,by_element/Fe/Fe.cc-pCV5Z.cfour
Fe,recipes/Fe/ccECP,Fe.cc-pCVDZ.gamess,basis,ccECP,cc-pCVDZ,cc-pCVDZ-ccECP,-ccECP,Fe:cc-pCVDZ-ccECP,PASS,source library name retained as the label stem; declared disambiguating suffix '-ccECP' appended: cc-pCVDZ -> cc-pCVDZ-ccECP,by_element/Fe/Fe.cc-pCVDZ.cfour
Fe,recipes/Fe/ccECP,Fe.cc-pCVQZ.gamess,basis,ccECP,cc-pCVQZ,cc-pCVQZ-ccECP,-ccECP,Fe:cc-pCVQZ-ccECP,PASS,source library name retained as the label stem; declared disambiguating suffix '-ccECP' appended: cc-pCVQZ -> cc-pCVQZ-ccECP,by_element/Fe/Fe.cc-pCVQZ.cfour
Fe,recipes/Fe/ccECP,Fe.cc-pCVTZ.gamess,basis,ccECP,cc-pCVTZ,cc-pCVTZ-ccECP,-ccECP,Fe:cc-pCVTZ-ccECP,PASS,source library name retained as the label stem; declared disambiguating suffix '-ccECP' appended: cc-pCVTZ -> cc-pCVTZ-ccECP,by_element/Fe/Fe.cc-pCVTZ.cfour
Fe,recipes/Fe/ccECP,Fe.cc-pV5Z.gamess,basis,ccECP,cc-pV5Z,cc-pV5Z-ccECP,-ccECP,Fe:cc-pV5Z-ccECP,PASS,source library name retained as the label stem; declared disambiguating suffix '-ccECP' appended: cc-pV5Z -> cc-pV5Z-ccECP,by_element/Fe/Fe.cc-pV5Z.cfour
Fe,recipes/Fe/ccECP,Fe.cc-pVDZ.gamess,basis,ccECP,cc-pVDZ,cc-pVDZ-ccECP,-ccECP,Fe:cc-pVDZ-ccECP,PASS,source library name retained as the label stem; declared disambiguating suffix '-ccECP' appended: cc-pVDZ -> cc-pVDZ-ccECP,by_element/Fe/Fe.cc-pVDZ.cfour
Fe,recipes/Fe/ccECP,Fe.cc-pVQZ.gamess,basis,ccECP,cc-pVQZ,cc-pVQZ-ccECP,-ccECP,Fe:cc-pVQZ-ccECP,PASS,source library name retained as the label stem; declared disambiguating suffix '-ccECP' appended: cc-pVQZ -> cc-pVQZ-ccECP,by_element/Fe/Fe.cc-pVQZ.cfour
Fe,recipes/Fe/ccECP,Fe.cc-pVTZ.gamess,basis,ccECP,cc-pVTZ,cc-pVTZ-ccECP,-ccECP,Fe:cc-pVTZ-ccECP,PASS,source library name retained as the label stem; declared disambiguating suffix '-ccECP' appended: cc-pVTZ -> cc-pVTZ-ccECP,by_element/Fe/Fe.cc-pVTZ.cfour
Ga,recipes/Ga/ccECP,Ga.aug-cc-pV5Z.gamess,basis,ccECP,aug-cc-pV5Z,aug-cc-pV5Z-ccECP,-ccECP,Ga:aug-cc-pV5Z-ccECP,PASS,source library name retained as the label stem; declared disambiguating suffix '-ccECP' appended: aug-cc-pV5Z -> aug-cc-pV5Z-ccECP,by_element/Ga/Ga.aug-cc-pV5Z.cfour
Ga,recipes/Ga/ccECP,Ga.aug-cc-pV6Z.gamess,basis,ccECP,aug-cc-pV6Z,aug-cc-pV6Z-ccECP,-ccECP,Ga:aug-cc-pV6Z-ccECP,PASS,source library name retained as the label stem; declared disambiguating suffix '-ccECP' appended: aug-cc-pV6Z -> aug-cc-pV6Z-ccECP,by_element/Ga/Ga.aug-cc-pV6Z.cfour
Ga,recipes/Ga/ccECP,Ga.aug-cc-pVDZ.gamess,basis,ccECP,aug-cc-pVDZ,aug-cc-pVDZ-ccECP,-ccECP,Ga:aug-cc-pVDZ-ccECP,PASS,source library name retained as the label stem; declared disambiguating suffix '-ccECP' appended: aug-cc-pVDZ -> aug-cc-pVDZ-ccECP,by_element/Ga/Ga.aug-cc-pVDZ.cfour
Ga,recipes/Ga/ccECP,Ga.aug-cc-pVQZ.gamess,basis,ccECP,aug-cc-pVQZ,aug-cc-pVQZ-ccECP,-ccECP,Ga:aug-cc-pVQZ-ccECP,PASS,source library name retained as the label stem; declared disambiguating suffix '-ccECP' appended: aug-cc-pVQZ -> aug-cc-pVQZ-ccECP,by_element/Ga/Ga.aug-cc-pVQZ.cfour
Ga,recipes/Ga/ccECP,Ga.aug-cc-pVTZ.gamess,basis,ccECP,aug-cc-pVTZ,aug-cc-pVTZ-ccECP,-ccECP,Ga:aug-cc-pVTZ-ccECP,PASS,source library name retained as the label stem; declared disambiguating suffix '-ccECP' appended: aug-cc-pVTZ -> aug-cc-pVTZ-ccECP,by_element/Ga/Ga.aug-cc-pVTZ.cfour
Ga,recipes/Ga/ccECP,Ga.cc-pV5Z.gamess,basis,ccECP,cc-pV5Z,cc-pV5Z-ccECP,-ccECP,Ga:cc-pV5Z-ccECP,PASS,source library name retained as the label stem; declared disambiguating suffix '-ccECP' appended: cc-pV5Z -> cc-pV5Z-ccECP,by_element/Ga/Ga.cc-pV5Z.cfour
Ga,recipes/Ga/ccECP,Ga.cc-pV6Z.gamess,basis,ccECP,cc-pV6Z,cc-pV6Z-ccECP,-ccECP,Ga:cc-pV6Z-ccECP,PASS,source library name retained as the label stem; declared disambiguating suffix '-ccECP' appended: cc-pV6Z -> cc-pV6Z-ccECP,by_element/Ga/Ga.cc-pV6Z.cfour
Ga,recipes/Ga/ccECP,Ga.cc-pVDZ.gamess,basis,ccECP,cc-pVDZ,cc-pVDZ-ccECP,-ccECP,Ga:cc-pVDZ-ccECP,PASS,source library name retained as the label stem; declared disambiguating suffix '-ccECP' appended: cc-pVDZ -> cc-pVDZ-ccECP,by_element/Ga/Ga.cc-pVDZ.cfour
Ga,recipes/Ga/ccECP,Ga.cc-pVQZ.gamess,basis,ccECP,cc-pVQZ,cc-pVQZ-ccECP,-ccECP,Ga:cc-pVQZ-ccECP,PASS,source library name retained as the label stem; declared disambiguating suffix '-ccECP' appended: cc-pVQZ -> cc-pVQZ-ccECP,by_element/Ga/Ga.cc-pVQZ.cfour
Ga,recipes/Ga/ccECP,Ga.cc-pVTZ.gamess,basis,ccECP,cc-pVTZ,cc-pVTZ-ccECP,-ccECP,Ga:cc-pVTZ-ccECP,PASS,source library name retained as the label stem; declared disambiguating suffix '-ccECP' appended: cc-pVTZ -> cc-pVTZ-ccECP,by_element/Ga/Ga.cc-pVTZ.cfour
Gd,recipes/Gd/ccECP,Gd.aug-cc-pCVDZ.gamess,basis,ccECP,aug-cc-pCVDZ,aug-cc-pCVDZ-ccECP,-ccECP,Gd:aug-cc-pCVDZ-ccECP,PASS,source library name retained as the label stem; declared disambiguating suffix '-ccECP' appended: aug-cc-pCVDZ -> aug-cc-pCVDZ-ccECP,by_element/Gd/Gd.aug-cc-pCVDZ.cfour
Gd,recipes/Gd/ccECP,Gd.aug-cc-pCVQZ.gamess,basis,ccECP,aug-cc-pCVQZ,aug-cc-pCVQZ-ccECP,-ccECP,Gd:aug-cc-pCVQZ-ccECP,PASS,source library name retained as the label stem; declared disambiguating suffix '-ccECP' appended: aug-cc-pCVQZ -> aug-cc-pCVQZ-ccECP,by_element/Gd/Gd.aug-cc-pCVQZ.cfour
Gd,recipes/Gd/ccECP,Gd.aug-cc-pCVTZ.gamess,basis,ccECP,aug-cc-pCVTZ,aug-cc-pCVTZ-ccECP,-ccECP,Gd:aug-cc-pCVTZ-ccECP,PASS,source library name retained as the label stem; declared disambiguating suffix '-ccECP' appended: aug-cc-pCVTZ -> aug-cc-pCVTZ-ccECP,by_element/Gd/Gd.aug-cc-pCVTZ.cfour
Gd,recipes/Gd/ccECP,Gd.aug-cc-pVDZ.gamess,basis,ccECP,aug-cc-pVDZ,aug-cc-pVDZ-ccECP,-ccECP,Gd:aug-cc-pVDZ-ccECP,PASS,source library name retained as the label stem; declared disambiguating suffix '-ccECP' appended: aug-cc-pVDZ -> aug-cc-pVDZ-ccECP,by_element/Gd/Gd.aug-cc-pVDZ.cfour
Gd,recipes/Gd/ccECP,Gd.aug-cc-pVQZ.gamess,basis,ccECP,aug-cc-pVQZ,aug-cc-pVQZ-ccECP,-ccECP,Gd:aug-cc-pVQZ-ccECP,PASS,source library name retained as the label stem; declared disambiguating suffix '-ccECP' appended: aug-cc-pVQZ -> aug-cc-pVQZ-ccECP,by_element/Gd/Gd.aug-cc-pVQZ.cfour
Gd,recipes/Gd/ccECP,Gd.aug-cc-pVTZ.gamess,basis,ccECP,aug-cc-pVTZ,aug-cc-pVTZ-ccECP,-ccECP,Gd:aug-cc-pVTZ-ccECP,PASS,source library name retained as the label stem; declared disambiguating suffix '-ccECP' appended: aug-cc-pVTZ -> aug-cc-pVTZ-ccECP,by_element/Gd/Gd.aug-cc-pVTZ.cfour
Gd,recipes/Gd/ccECP,Gd.cc-pCVDZ.gamess,basis,ccECP,cc-pCVDZ,cc-pCVDZ-ccECP,-ccECP,Gd:cc-pCVDZ-ccECP,PASS,source library name retained as the label stem; declared disambiguating suffix '-ccECP' appended: cc-pCVDZ -> cc-pCVDZ-ccECP,by_element/Gd/Gd.cc-pCVDZ.cfour
Gd,recipes/Gd/ccECP,Gd.cc-pCVQZ.gamess,basis,ccECP,cc-pCVQZ,cc-pCVQZ-ccECP,-ccECP,Gd:cc-pCVQZ-ccECP,PASS,source library name retained as the label stem; declared disambiguating suffix '-ccECP' appended: cc-pCVQZ -> cc-pCVQZ-ccECP,by_element/Gd/Gd.cc-pCVQZ.cfour
Gd,recipes/Gd/ccECP,Gd.cc-pCVTZ.gamess,basis,ccECP,cc-pCVTZ,cc-pCVTZ-ccECP,-ccECP,Gd:cc-pCVTZ-ccECP,PASS,source library name retained as the label stem; declared disambiguating suffix '-ccECP' appended: cc-pCVTZ -> cc-pCVTZ-ccECP,by_element/Gd/Gd.cc-pCVTZ.cfour
Gd,recipes/Gd/ccECP,Gd.cc-pVDZ.gamess,basis,ccECP,cc-pVDZ,cc-pVDZ-ccECP,-ccECP,Gd:cc-pVDZ-ccECP,PASS,source library name retained as the label stem; declared disambiguating suffix '-ccECP' appended: cc-pVDZ -> cc-pVDZ-ccECP,by_element/Gd/Gd.cc-pVDZ.cfour
Gd,recipes/Gd/ccECP,Gd.cc-pVQZ.gamess,basis,ccECP,cc-pVQZ,cc-pVQZ-ccECP,-ccECP,Gd:cc-pVQZ-ccECP,PASS,source library name retained as the label stem; declared disambiguating suffix '-ccECP' appended: cc-pVQZ -> cc-pVQZ-ccECP,by_element/Gd/Gd.cc-pVQZ.cfour
Gd,recipes/Gd/ccECP,Gd.cc-pVTZ.gamess,basis,ccECP,cc-pVTZ,cc-pVTZ-ccECP,-ccECP,Gd:cc-pVTZ-ccECP,PASS,source library name retained as the label stem; declared disambiguating suffix '-ccECP' appended: cc-pVTZ -> cc-pVTZ-ccECP,by_element/Gd/Gd.cc-pVTZ.cfour
Ge,recipes/Ge/ccECP,Ge.aug-cc-pV5Z.gamess,basis,ccECP,aug-cc-pV5Z,aug-cc-pV5Z-ccECP,-ccECP,Ge:aug-cc-pV5Z-ccECP,PASS,source library name retained as the label stem; declared disambiguating suffix '-ccECP' appended: aug-cc-pV5Z -> aug-cc-pV5Z-ccECP,by_element/Ge/Ge.aug-cc-pV5Z.cfour
Ge,recipes/Ge/ccECP,Ge.aug-cc-pV6Z.gamess,basis,ccECP,aug-cc-pV6Z,aug-cc-pV6Z-ccECP,-ccECP,Ge:aug-cc-pV6Z-ccECP,PASS,source library name retained as the label stem; declared disambiguating suffix '-ccECP' appended: aug-cc-pV6Z -> aug-cc-pV6Z-ccECP,by_element/Ge/Ge.aug-cc-pV6Z.cfour
Ge,recipes/Ge/ccECP,Ge.aug-cc-pVDZ.gamess,basis,ccECP,aug-cc-pVDZ,aug-cc-pVDZ-ccECP,-ccECP,Ge:aug-cc-pVDZ-ccECP,PASS,source library name retained as the label stem; declared disambiguating suffix '-ccECP' appended: aug-cc-pVDZ -> aug-cc-pVDZ-ccECP,by_element/Ge/Ge.aug-cc-pVDZ.cfour
Ge,recipes/Ge/ccECP,Ge.aug-cc-pVQZ.gamess,basis,ccECP,aug-cc-pVQZ,aug-cc-pVQZ-ccECP,-ccECP,Ge:aug-cc-pVQZ-ccECP,PASS,source library name retained as the label stem; declared disambiguating suffix '-ccECP' appended: aug-cc-pVQZ -> aug-cc-pVQZ-ccECP,by_element/Ge/Ge.aug-cc-pVQZ.cfour
Ge,recipes/Ge/ccECP,Ge.aug-cc-pVTZ.gamess,basis,ccECP,aug-cc-pVTZ,aug-cc-pVTZ-ccECP,-ccECP,Ge:aug-cc-pVTZ-ccECP,PASS,source library name retained as the label stem; declared disambiguating suffix '-ccECP' appended: aug-cc-pVTZ -> aug-cc-pVTZ-ccECP,by_element/Ge/Ge.aug-cc-pVTZ.cfour
Ge,recipes/Ge/ccECP,Ge.cc-pV5Z.gamess,basis,ccECP,cc-pV5Z,cc-pV5Z-ccECP,-ccECP,Ge:cc-pV5Z-ccECP,PASS,source library name retained as the label stem; declared disambiguating suffix '-ccECP' appended: cc-pV5Z -> cc-pV5Z-ccECP,by_element/Ge/Ge.cc-pV5Z.cfour
Ge,recipes/Ge/ccECP,Ge.cc-pV6Z.gamess,basis,ccECP,cc-pV6Z,cc-pV6Z-ccECP,-ccECP,Ge:cc-pV6Z-ccECP,PASS,source library name retained as the label stem; declared disambiguating suffix '-ccECP' appended: cc-pV6Z -> cc-pV6Z-ccECP,by_element/Ge/Ge.cc-pV6Z.cfour
Ge,recipes/Ge/ccECP,Ge.cc-pVDZ.gamess,basis,ccECP,cc-pVDZ,cc-pVDZ-ccECP,-ccECP,Ge:cc-pVDZ-ccECP,PASS,source library name retained as the label stem; declared disambiguating suffix '-ccECP' appended: cc-pVDZ -> cc-pVDZ-ccECP,by_element/Ge/Ge.cc-pVDZ.cfour
Ge,recipes/Ge/ccECP,Ge.cc-pVQZ.gamess,basis,ccECP,cc-pVQZ,cc-pVQZ-ccECP,-ccECP,Ge:cc-pVQZ-ccECP,PASS,source library name retained as the label stem; declared disambiguating suffix '-ccECP' appended: cc-pVQZ -> cc-pVQZ-ccECP,by_element/Ge/Ge.cc-pVQZ.cfour
Ge,recipes/Ge/ccECP,Ge.cc-pVTZ.gamess,basis,ccECP,cc-pVTZ,cc-pVTZ-ccECP,-ccECP,Ge:cc-pVTZ-ccECP,PASS,source library name retained as the label stem; declared disambiguating suffix '-ccECP' appended: cc-pVTZ -> cc-pVTZ-ccECP,by_element/Ge/Ge.cc-pVTZ.cfour
H,recipes/H/ccECP,H.aug-cc-pV5Z.gamess,basis,ccECP,aug-cc-pV5Z,aug-cc-pV5Z-ccECP,-ccECP,H:aug-cc-pV5Z-ccECP,PASS,source library name retained as the label stem; declared disambiguating suffix '-ccECP' appended: aug-cc-pV5Z -> aug-cc-pV5Z-ccECP,by_element/H/H.aug-cc-pV5Z.cfour
H,recipes/H/ccECP,H.aug-cc-pV6Z.gamess,basis,ccECP,aug-cc-pV6Z,aug-cc-pV6Z-ccECP,-ccECP,H:aug-cc-pV6Z-ccECP,PASS,source library name retained as the label stem; declared disambiguating suffix '-ccECP' appended: aug-cc-pV6Z -> aug-cc-pV6Z-ccECP,by_element/H/H.aug-cc-pV6Z.cfour
H,recipes/H/ccECP,H.aug-cc-pVDZ.gamess,basis,ccECP,aug-cc-pVDZ,aug-cc-pVDZ-ccECP,-ccECP,H:aug-cc-pVDZ-ccECP,PASS,source library name retained as the label stem; declared disambiguating suffix '-ccECP' appended: aug-cc-pVDZ -> aug-cc-pVDZ-ccECP,by_element/H/H.aug-cc-pVDZ.cfour
H,recipes/H/ccECP,H.aug-cc-pVQZ.gamess,basis,ccECP,aug-cc-pVQZ,aug-cc-pVQZ-ccECP,-ccECP,H:aug-cc-pVQZ-ccECP,PASS,source library name retained as the label stem; declared disambiguating suffix '-ccECP' appended: aug-cc-pVQZ -> aug-cc-pVQZ-ccECP,by_element/H/H.aug-cc-pVQZ.cfour
H,recipes/H/ccECP,H.aug-cc-pVTZ.gamess,basis,ccECP,aug-cc-pVTZ,aug-cc-pVTZ-ccECP,-ccECP,H:aug-cc-pVTZ-ccECP,PASS,source library name retained as the label stem; declared disambiguating suffix '-ccECP' appended: aug-cc-pVTZ -> aug-cc-pVTZ-ccECP,by_element/H/H.aug-cc-pVTZ.cfour
H,recipes/H/ccECP,H.cc-pV5Z.gamess,basis,ccECP,cc-pV5Z,cc-pV5Z-ccECP,-ccECP,H:cc-pV5Z-ccECP,PASS,source library name retained as the label stem; declared disambiguating suffix '-ccECP' appended: cc-pV5Z -> cc-pV5Z-ccECP,by_element/H/H.cc-pV5Z.cfour
H,recipes/H/ccECP,H.cc-pV6Z.gamess,basis,ccECP,cc-pV6Z,cc-pV6Z-ccECP,-ccECP,H:cc-pV6Z-ccECP,PASS,source library name retained as the label stem; declared disambiguating suffix '-ccECP' appended: cc-pV6Z -> cc-pV6Z-ccECP,by_element/H/H.cc-pV6Z.cfour
H,recipes/H/ccECP,H.cc-pVDZ.gamess,basis,ccECP,cc-pVDZ,cc-pVDZ-ccECP,-ccECP,H:cc-pVDZ-ccECP,PASS,source library name retained as the label stem; declared disambiguating suffix '-ccECP' appended: cc-pVDZ -> cc-pVDZ-ccECP,by_element/H/H.cc-pVDZ.cfour
H,recipes/H/ccECP,H.cc-pVQZ.gamess,basis,ccECP,cc-pVQZ,cc-pVQZ-ccECP,-ccECP,H:cc-pVQZ-ccECP,PASS,source library name retained as the label stem; declared disambiguating suffix '-ccECP' appended: cc-pVQZ -> cc-pVQZ-ccECP,by_element/H/H.cc-pVQZ.cfour
H,recipes/H/ccECP,H.cc-pVTZ.gamess,basis,ccECP,cc-pVTZ,cc-pVTZ-ccECP,-ccECP,H:cc-pVTZ-ccECP,PASS,source library name retained as the label stem; declared disambiguating suffix '-ccECP' appended: cc-pVTZ -> cc-pVTZ-ccECP,by_element/H/H.cc-pVTZ.cfour
He,recipes/He/ccECP,He.aug-cc-pV5Z.gamess,basis,ccECP,aug-cc-pV5Z,aug-cc-pV5Z-ccECP,-ccECP,He:aug-cc-pV5Z-ccECP,PASS,source library name retained as the label stem; declared disambiguating suffix '-ccECP' appended: aug-cc-pV5Z -> aug-cc-pV5Z-ccECP,by_element/He/He.aug-cc-pV5Z.cfour
He,recipes/He/ccECP,He.aug-cc-pV6Z.gamess,basis,ccECP,aug-cc-pV6Z,aug-cc-pV6Z-ccECP,-ccECP,He:aug-cc-pV6Z-ccECP,PASS,source library name retained as the label stem; declared disambiguating suffix '-ccECP' appended: aug-cc-pV6Z -> aug-cc-pV6Z-ccECP,by_element/He/He.aug-cc-pV6Z.cfour
He,recipes/He/ccECP,He.aug-cc-pVDZ.gamess,basis,ccECP,aug-cc-pVDZ,aug-cc-pVDZ-ccECP,-ccECP,He:aug-cc-pVDZ-ccECP,PASS,source library name retained as the label stem; declared disambiguating suffix '-ccECP' appended: aug-cc-pVDZ -> aug-cc-pVDZ-ccECP,by_element/He/He.aug-cc-pVDZ.cfour
He,recipes/He/ccECP,He.aug-cc-pVQZ.gamess,basis,ccECP,aug-cc-pVQZ,aug-cc-pVQZ-ccECP,-ccECP,He:aug-cc-pVQZ-ccECP,PASS,source library name retained as the label stem; declared disambiguating suffix '-ccECP' appended: aug-cc-pVQZ -> aug-cc-pVQZ-ccECP,by_element/He/He.aug-cc-pVQZ.cfour
He,recipes/He/ccECP,He.aug-cc-pVTZ.gamess,basis,ccECP,aug-cc-pVTZ,aug-cc-pVTZ-ccECP,-ccECP,He:aug-cc-pVTZ-ccECP,PASS,source library name retained as the label stem; declared disambiguating suffix '-ccECP' appended: aug-cc-pVTZ -> aug-cc-pVTZ-ccECP,by_element/He/He.aug-cc-pVTZ.cfour
He,recipes/He/ccECP,He.cc-pV5Z.gamess,basis,ccECP,cc-pV5Z,cc-pV5Z-ccECP,-ccECP,He:cc-pV5Z-ccECP,PASS,source library name retained as the label stem; declared disambiguating suffix '-ccECP' appended: cc-pV5Z -> cc-pV5Z-ccECP,by_element/He/He.cc-pV5Z.cfour
He,recipes/He/ccECP,He.cc-pV6Z.gamess,basis,ccECP,cc-pV6Z,cc-pV6Z-ccECP,-ccECP,He:cc-pV6Z-ccECP,PASS,source library name retained as the label stem; declared disambiguating suffix '-ccECP' appended: cc-pV6Z -> cc-pV6Z-ccECP,by_element/He/He.cc-pV6Z.cfour
He,recipes/He/ccECP,He.cc-pVDZ.gamess,basis,ccECP,cc-pVDZ,cc-pVDZ-ccECP,-ccECP,He:cc-pVDZ-ccECP,PASS,source library name retained as the label stem; declared disambiguating suffix '-ccECP' appended: cc-pVDZ -> cc-pVDZ-ccECP,by_element/He/He.cc-pVDZ.cfour
He,recipes/He/ccECP,He.cc-pVQZ.gamess,basis,ccECP,cc-pVQZ,cc-pVQZ-ccECP,-ccECP,He:cc-pVQZ-ccECP,PASS,source library name retained as the label stem; declared disambiguating suffix '-ccECP' appended: cc-pVQZ -> cc-pVQZ-ccECP,by_element/He/He.cc-pVQZ.cfour
He,recipes/He/ccECP,He.cc-pVTZ.gamess,basis,ccECP,cc-pVTZ,cc-pVTZ-ccECP,-ccECP,He:cc-pVTZ-ccECP,PASS,source library name retained as the label stem; declared disambiguating suffix '-ccECP' appended: cc-pVTZ -> cc-pVTZ-ccECP,by_element/He/He.cc-pVTZ.cfour
I,recipes/I/ccECP,I.aug-cc-pV5Z.gamess,basis,ccECP,aug-cc-pV5Z,aug-cc-pV5Z-ccECP,-ccECP,I:aug-cc-pV5Z-ccECP,PASS,source library name retained as the label stem; declared disambiguating suffix '-ccECP' appended: aug-cc-pV5Z -> aug-cc-pV5Z-ccECP,by_element/I/I.aug-cc-pV5Z.cfour
I,recipes/I/ccECP,I.aug-cc-pV6Z.gamess,basis,ccECP,aug-cc-pV6Z,aug-cc-pV6Z-ccECP,-ccECP,I:aug-cc-pV6Z-ccECP,PASS,source library name retained as the label stem; declared disambiguating suffix '-ccECP' appended: aug-cc-pV6Z -> aug-cc-pV6Z-ccECP,by_element/I/I.aug-cc-pV6Z.cfour
I,recipes/I/ccECP,I.aug-cc-pVDZ.gamess,basis,ccECP,aug-cc-pVDZ,aug-cc-pVDZ-ccECP,-ccECP,I:aug-cc-pVDZ-ccECP,PASS,source library name retained as the label stem; declared disambiguating suffix '-ccECP' appended: aug-cc-pVDZ -> aug-cc-pVDZ-ccECP,by_element/I/I.aug-cc-pVDZ.cfour
I,recipes/I/ccECP,I.aug-cc-pVQZ.gamess,basis,ccECP,aug-cc-pVQZ,aug-cc-pVQZ-ccECP,-ccECP,I:aug-cc-pVQZ-ccECP,PASS,source library name retained as the label stem; declared disambiguating suffix '-ccECP' appended: aug-cc-pVQZ -> aug-cc-pVQZ-ccECP,by_element/I/I.aug-cc-pVQZ.cfour
I,recipes/I/ccECP,I.aug-cc-pVTZ.gamess,basis,ccECP,aug-cc-pVTZ,aug-cc-pVTZ-ccECP,-ccECP,I:aug-cc-pVTZ-ccECP,PASS,source library name retained as the label stem; declared disambiguating suffix '-ccECP' appended: aug-cc-pVTZ -> aug-cc-pVTZ-ccECP,by_element/I/I.aug-cc-pVTZ.cfour
I,recipes/I/ccECP,I.cc-pV5Z.gamess,basis,ccECP,cc-pV5Z,cc-pV5Z-ccECP,-ccECP,I:cc-pV5Z-ccECP,PASS,source library name retained as the label stem; declared disambiguating suffix '-ccECP' appended: cc-pV5Z -> cc-pV5Z-ccECP,by_element/I/I.cc-pV5Z.cfour
I,recipes/I/ccECP,I.cc-pV6Z.gamess,basis,ccECP,cc-pV6Z,cc-pV6Z-ccECP,-ccECP,I:cc-pV6Z-ccECP,PASS,source library name retained as the label stem; declared disambiguating suffix '-ccECP' appended: cc-pV6Z -> cc-pV6Z-ccECP,by_element/I/I.cc-pV6Z.cfour
I,recipes/I/ccECP,I.cc-pVDZ.gamess,basis,ccECP,cc-pVDZ,cc-pVDZ-ccECP,-ccECP,I:cc-pVDZ-ccECP,PASS,source library name retained as the label stem; declared disambiguating suffix '-ccECP' appended: cc-pVDZ -> cc-pVDZ-ccECP,by_element/I/I.cc-pVDZ.cfour
I,recipes/I/ccECP,I.cc-pVQZ.gamess,basis,ccECP,cc-pVQZ,cc-pVQZ-ccECP,-ccECP,I:cc-pVQZ-ccECP,PASS,source library name retained as the label stem; declared disambiguating suffix '-ccECP' appended: cc-pVQZ -> cc-pVQZ-ccECP,by_element/I/I.cc-pVQZ.cfour
I,recipes/I/ccECP,I.cc-pVTZ.gamess,basis,ccECP,cc-pVTZ,cc-pVTZ-ccECP,-ccECP,I:cc-pVTZ-ccECP,PASS,source library name retained as the label stem; declared disambiguating suffix '-ccECP' appended: cc-pVTZ -> cc-pVTZ-ccECP,by_element/I/I.cc-pVTZ.cfour
Ir,recipes/Ir/ccECP,Ir.aug-cc-pCV5Z.gamess,basis,ccECP,aug-cc-pCV5Z,aug-cc-pCV5Z-ccECP,-ccECP,Ir:aug-cc-pCV5Z-ccECP,PASS,source library name retained as the label stem; declared disambiguating suffix '-ccECP' appended: aug-cc-pCV5Z -> aug-cc-pCV5Z-ccECP,by_element/Ir/Ir.aug-cc-pCV5Z.cfour
Ir,recipes/Ir/ccECP,Ir.aug-cc-pCVDZ.gamess,basis,ccECP,aug-cc-pCVDZ,aug-cc-pCVDZ-ccECP,-ccECP,Ir:aug-cc-pCVDZ-ccECP,PASS,source library name retained as the label stem; declared disambiguating suffix '-ccECP' appended: aug-cc-pCVDZ -> aug-cc-pCVDZ-ccECP,by_element/Ir/Ir.aug-cc-pCVDZ.cfour
Ir,recipes/Ir/ccECP,Ir.aug-cc-pCVQZ.gamess,basis,ccECP,aug-cc-pCVQZ,aug-cc-pCVQZ-ccECP,-ccECP,Ir:aug-cc-pCVQZ-ccECP,PASS,source library name retained as the label stem; declared disambiguating suffix '-ccECP' appended: aug-cc-pCVQZ -> aug-cc-pCVQZ-ccECP,by_element/Ir/Ir.aug-cc-pCVQZ.cfour
Ir,recipes/Ir/ccECP,Ir.aug-cc-pCVTZ.gamess,basis,ccECP,aug-cc-pCVTZ,aug-cc-pCVTZ-ccECP,-ccECP,Ir:aug-cc-pCVTZ-ccECP,PASS,source library name retained as the label stem; declared disambiguating suffix '-ccECP' appended: aug-cc-pCVTZ -> aug-cc-pCVTZ-ccECP,by_element/Ir/Ir.aug-cc-pCVTZ.cfour
Ir,recipes/Ir/ccECP,Ir.aug-cc-pV5Z.gamess,basis,ccECP,aug-cc-pV5Z,aug-cc-pV5Z-ccECP,-ccECP,Ir:aug-cc-pV5Z-ccECP,PASS,source library name retained as the label stem; declared disambiguating suffix '-ccECP' appended: aug-cc-pV5Z -> aug-cc-pV5Z-ccECP,by_element/Ir/Ir.aug-cc-pV5Z.cfour
Ir,recipes/Ir/ccECP,Ir.aug-cc-pVDZ.gamess,basis,ccECP,aug-cc-pVDZ,aug-cc-pVDZ-ccECP,-ccECP,Ir:aug-cc-pVDZ-ccECP,PASS,source library name retained as the label stem; declared disambiguating suffix '-ccECP' appended: aug-cc-pVDZ -> aug-cc-pVDZ-ccECP,by_element/Ir/Ir.aug-cc-pVDZ.cfour
Ir,recipes/Ir/ccECP,Ir.aug-cc-pVQZ.gamess,basis,ccECP,aug-cc-pVQZ,aug-cc-pVQZ-ccECP,-ccECP,Ir:aug-cc-pVQZ-ccECP,PASS,source library name retained as the label stem; declared disambiguating suffix '-ccECP' appended: aug-cc-pVQZ -> aug-cc-pVQZ-ccECP,by_element/Ir/Ir.aug-cc-pVQZ.cfour
Ir,recipes/Ir/ccECP,Ir.aug-cc-pVTZ.gamess,basis,ccECP,aug-cc-pVTZ,aug-cc-pVTZ-ccECP,-ccECP,Ir:aug-cc-pVTZ-ccECP,PASS,source library name retained as the label stem; declared disambiguating suffix '-ccECP' appended: aug-cc-pVTZ -> aug-cc-pVTZ-ccECP,by_element/Ir/Ir.aug-cc-pVTZ.cfour
Ir,recipes/Ir/ccECP,Ir.cc-pCV5Z.gamess,basis,ccECP,cc-pCV5Z,cc-pCV5Z-ccECP,-ccECP,Ir:cc-pCV5Z-ccECP,PASS,source library name retained as the label stem; declared disambiguating suffix '-ccECP' appended: cc-pCV5Z -> cc-pCV5Z-ccECP,by_element/Ir/Ir.cc-pCV5Z.cfour
Ir,recipes/Ir/ccECP,Ir.cc-pCVDZ.gamess,basis,ccECP,cc-pCVDZ,cc-pCVDZ-ccECP,-ccECP,Ir:cc-pCVDZ-ccECP,PASS,source library name retained as the label stem; declared disambiguating suffix '-ccECP' appended: cc-pCVDZ -> cc-pCVDZ-ccECP,by_element/Ir/Ir.cc-pCVDZ.cfour
Ir,recipes/Ir/ccECP,Ir.cc-pCVQZ.gamess,basis,ccECP,cc-pCVQZ,cc-pCVQZ-ccECP,-ccECP,Ir:cc-pCVQZ-ccECP,PASS,source library name retained as the label stem; declared disambiguating suffix '-ccECP' appended: cc-pCVQZ -> cc-pCVQZ-ccECP,by_element/Ir/Ir.cc-pCVQZ.cfour
Ir,recipes/Ir/ccECP,Ir.cc-pCVTZ.gamess,basis,ccECP,cc-pCVTZ,cc-pCVTZ-ccECP,-ccECP,Ir:cc-pCVTZ-ccECP,PASS,source library name retained as the label stem; declared disambiguating suffix '-ccECP' appended: cc-pCVTZ -> cc-pCVTZ-ccECP,by_element/Ir/Ir.cc-pCVTZ.cfour
Ir,recipes/Ir/ccECP,Ir.cc-pV5Z.gamess,basis,ccECP,cc-pV5Z,cc-pV5Z-ccECP,-ccECP,Ir:cc-pV5Z-ccECP,PASS,source library name retained as the label stem; declared disambiguating suffix '-ccECP' appended: cc-pV5Z -> cc-pV5Z-ccECP,by_element/Ir/Ir.cc-pV5Z.cfour
Ir,recipes/Ir/ccECP,Ir.cc-pVDZ.gamess,basis,ccECP,cc-pVDZ,cc-pVDZ-ccECP,-ccECP,Ir:cc-pVDZ-ccECP,PASS,source library name retained as the label stem; declared disambiguating suffix '-ccECP' appended: cc-pVDZ -> cc-pVDZ-ccECP,by_element/Ir/Ir.cc-pVDZ.cfour
Ir,recipes/Ir/ccECP,Ir.cc-pVQZ.gamess,basis,ccECP,cc-pVQZ,cc-pVQZ-ccECP,-ccECP,Ir:cc-pVQZ-ccECP,PASS,source library name retained as the label stem; declared disambiguating suffix '-ccECP' appended: cc-pVQZ -> cc-pVQZ-ccECP,by_element/Ir/Ir.cc-pVQZ.cfour
Ir,recipes/Ir/ccECP,Ir.cc-pVTZ.gamess,basis,ccECP,cc-pVTZ,cc-pVTZ-ccECP,-ccECP,Ir:cc-pVTZ-ccECP,PASS,source library name retained as the label stem; declared disambiguating suffix '-ccECP' appended: cc-pVTZ -> cc-pVTZ-ccECP,by_element/Ir/Ir.cc-pVTZ.cfour
K,recipes/K/ccECP,K.aug-cc-pCV5Z.gamess,basis,ccECP,aug-cc-pCV5Z,aug-cc-pCV5Z-ccECP,-ccECP,K:aug-cc-pCV5Z-ccECP,PASS,source library name retained as the label stem; declared disambiguating suffix '-ccECP' appended: aug-cc-pCV5Z -> aug-cc-pCV5Z-ccECP,by_element/K/K.aug-cc-pCV5Z.cfour
K,recipes/K/ccECP,K.aug-cc-pCV6Z.gamess,basis,ccECP,aug-cc-pCV6Z,aug-cc-pCV6Z-ccECP,-ccECP,K:aug-cc-pCV6Z-ccECP,PASS,source library name retained as the label stem; declared disambiguating suffix '-ccECP' appended: aug-cc-pCV6Z -> aug-cc-pCV6Z-ccECP,by_element/K/K.aug-cc-pCV6Z.cfour
K,recipes/K/ccECP,K.aug-cc-pCVDZ.gamess,basis,ccECP,aug-cc-pCVDZ,aug-cc-pCVDZ-ccECP,-ccECP,K:aug-cc-pCVDZ-ccECP,PASS,source library name retained as the label stem; declared disambiguating suffix '-ccECP' appended: aug-cc-pCVDZ -> aug-cc-pCVDZ-ccECP,by_element/K/K.aug-cc-pCVDZ.cfour
K,recipes/K/ccECP,K.aug-cc-pCVQZ.gamess,basis,ccECP,aug-cc-pCVQZ,aug-cc-pCVQZ-ccECP,-ccECP,K:aug-cc-pCVQZ-ccECP,PASS,source library name retained as the label stem; declared disambiguating suffix '-ccECP' appended: aug-cc-pCVQZ -> aug-cc-pCVQZ-ccECP,by_element/K/K.aug-cc-pCVQZ.cfour
K,recipes/K/ccECP,K.aug-cc-pCVTZ.gamess,basis,ccECP,aug-cc-pCVTZ,aug-cc-pCVTZ-ccECP,-ccECP,K:aug-cc-pCVTZ-ccECP,PASS,source library name retained as the label stem; declared disambiguating suffix '-ccECP' appended: aug-cc-pCVTZ -> aug-cc-pCVTZ-ccECP,by_element/K/K.aug-cc-pCVTZ.cfour
K,recipes/K/ccECP,K.aug-cc-pV5Z.gamess,basis,ccECP,aug-cc-pV5Z,aug-cc-pV5Z-ccECP,-ccECP,K:aug-cc-pV5Z-ccECP,PASS,source library name retained as the label stem; declared disambiguating suffix '-ccECP' appended: aug-cc-pV5Z -> aug-cc-pV5Z-ccECP,by_element/K/K.aug-cc-pV5Z.cfour
K,recipes/K/ccECP,K.aug-cc-pV6Z.gamess,basis,ccECP,aug-cc-pV6Z,aug-cc-pV6Z-ccECP,-ccECP,K:aug-cc-pV6Z-ccECP,PASS,source library name retained as the label stem; declared disambiguating suffix '-ccECP' appended: aug-cc-pV6Z -> aug-cc-pV6Z-ccECP,by_element/K/K.aug-cc-pV6Z.cfour
K,recipes/K/ccECP,K.aug-cc-pVDZ.gamess,basis,ccECP,aug-cc-pVDZ,aug-cc-pVDZ-ccECP,-ccECP,K:aug-cc-pVDZ-ccECP,PASS,source library name retained as the label stem; declared disambiguating suffix '-ccECP' appended: aug-cc-pVDZ -> aug-cc-pVDZ-ccECP,by_element/K/K.aug-cc-pVDZ.cfour
K,recipes/K/ccECP,K.aug-cc-pVQZ.gamess,basis,ccECP,aug-cc-pVQZ,aug-cc-pVQZ-ccECP,-ccECP,K:aug-cc-pVQZ-ccECP,PASS,source library name retained as the label stem; declared disambiguating suffix '-ccECP' appended: aug-cc-pVQZ -> aug-cc-pVQZ-ccECP,by_element/K/K.aug-cc-pVQZ.cfour
K,recipes/K/ccECP,K.aug-cc-pVTZ.gamess,basis,ccECP,aug-cc-pVTZ,aug-cc-pVTZ-ccECP,-ccECP,K:aug-cc-pVTZ-ccECP,PASS,source library name retained as the label stem; declared disambiguating suffix '-ccECP' appended: aug-cc-pVTZ -> aug-cc-pVTZ-ccECP,by_element/K/K.aug-cc-pVTZ.cfour
K,recipes/K/ccECP,K.cc-pCV5Z.gamess,basis,ccECP,cc-pCV5Z,cc-pCV5Z-ccECP,-ccECP,K:cc-pCV5Z-ccECP,PASS,source library name retained as the label stem; declared disambiguating suffix '-ccECP' appended: cc-pCV5Z -> cc-pCV5Z-ccECP,by_element/K/K.cc-pCV5Z.cfour
K,recipes/K/ccECP,K.cc-pCV6Z.gamess,basis,ccECP,cc-pCV6Z,cc-pCV6Z-ccECP,-ccECP,K:cc-pCV6Z-ccECP,PASS,source library name retained as the label stem; declared disambiguating suffix '-ccECP' appended: cc-pCV6Z -> cc-pCV6Z-ccECP,by_element/K/K.cc-pCV6Z.cfour
K,recipes/K/ccECP,K.cc-pCVDZ.gamess,basis,ccECP,cc-pCVDZ,cc-pCVDZ-ccECP,-ccECP,K:cc-pCVDZ-ccECP,PASS,source library name retained as the label stem; declared disambiguating suffix '-ccECP' appended: cc-pCVDZ -> cc-pCVDZ-ccECP,by_element/K/K.cc-pCVDZ.cfour
K,recipes/K/ccECP,K.cc-pCVQZ.gamess,basis,ccECP,cc-pCVQZ,cc-pCVQZ-ccECP,-ccECP,K:cc-pCVQZ-ccECP,PASS,source library name retained as the label stem; declared disambiguating suffix '-ccECP' appended: cc-pCVQZ -> cc-pCVQZ-ccECP,by_element/K/K.cc-pCVQZ.cfour
K,recipes/K/ccECP,K.cc-pCVTZ.gamess,basis,ccECP,cc-pCVTZ,cc-pCVTZ-ccECP,-ccECP,K:cc-pCVTZ-ccECP,PASS,source library name retained as the label stem; declared disambiguating suffix '-ccECP' appended: cc-pCVTZ -> cc-pCVTZ-ccECP,by_element/K/K.cc-pCVTZ.cfour
K,recipes/K/ccECP,K.cc-pV5Z.gamess,basis,ccECP,cc-pV5Z,cc-pV5Z-ccECP,-ccECP,K:cc-pV5Z-ccECP,PASS,source library name retained as the label stem; declared disambiguating suffix '-ccECP' appended: cc-pV5Z -> cc-pV5Z-ccECP,by_element/K/K.cc-pV5Z.cfour
K,recipes/K/ccECP,K.cc-pV6Z.gamess,basis,ccECP,cc-pV6Z,cc-pV6Z-ccECP,-ccECP,K:cc-pV6Z-ccECP,PASS,source library name retained as the label stem; declared disambiguating suffix '-ccECP' appended: cc-pV6Z -> cc-pV6Z-ccECP,by_element/K/K.cc-pV6Z.cfour
K,recipes/K/ccECP,K.cc-pVDZ.gamess,basis,ccECP,cc-pVDZ,cc-pVDZ-ccECP,-ccECP,K:cc-pVDZ-ccECP,PASS,source library name retained as the label stem; declared disambiguating suffix '-ccECP' appended: cc-pVDZ -> cc-pVDZ-ccECP,by_element/K/K.cc-pVDZ.cfour
K,recipes/K/ccECP,K.cc-pVQZ.gamess,basis,ccECP,cc-pVQZ,cc-pVQZ-ccECP,-ccECP,K:cc-pVQZ-ccECP,PASS,source library name retained as the label stem; declared disambiguating suffix '-ccECP' appended: cc-pVQZ -> cc-pVQZ-ccECP,by_element/K/K.cc-pVQZ.cfour
K,recipes/K/ccECP,K.cc-pVTZ.gamess,basis,ccECP,cc-pVTZ,cc-pVTZ-ccECP,-ccECP,K:cc-pVTZ-ccECP,PASS,source library name retained as the label stem; declared disambiguating suffix '-ccECP' appended: cc-pVTZ -> cc-pVTZ-ccECP,by_element/K/K.cc-pVTZ.cfour
Kr,recipes/Kr/ccECP,Kr.aug-cc-pV5Z.gamess,basis,ccECP,aug-cc-pV5Z,aug-cc-pV5Z-ccECP,-ccECP,Kr:aug-cc-pV5Z-ccECP,PASS,source library name retained as the label stem; declared disambiguating suffix '-ccECP' appended: aug-cc-pV5Z -> aug-cc-pV5Z-ccECP,by_element/Kr/Kr.aug-cc-pV5Z.cfour
Kr,recipes/Kr/ccECP,Kr.aug-cc-pV6Z.gamess,basis,ccECP,aug-cc-pV6Z,aug-cc-pV6Z-ccECP,-ccECP,Kr:aug-cc-pV6Z-ccECP,PASS,source library name retained as the label stem; declared disambiguating suffix '-ccECP' appended: aug-cc-pV6Z -> aug-cc-pV6Z-ccECP,by_element/Kr/Kr.aug-cc-pV6Z.cfour
Kr,recipes/Kr/ccECP,Kr.aug-cc-pVDZ.gamess,basis,ccECP,aug-cc-pVDZ,aug-cc-pVDZ-ccECP,-ccECP,Kr:aug-cc-pVDZ-ccECP,PASS,source library name retained as the label stem; declared disambiguating suffix '-ccECP' appended: aug-cc-pVDZ -> aug-cc-pVDZ-ccECP,by_element/Kr/Kr.aug-cc-pVDZ.cfour
Kr,recipes/Kr/ccECP,Kr.aug-cc-pVQZ.gamess,basis,ccECP,aug-cc-pVQZ,aug-cc-pVQZ-ccECP,-ccECP,Kr:aug-cc-pVQZ-ccECP,PASS,source library name retained as the label stem; declared disambiguating suffix '-ccECP' appended: aug-cc-pVQZ -> aug-cc-pVQZ-ccECP,by_element/Kr/Kr.aug-cc-pVQZ.cfour
Kr,recipes/Kr/ccECP,Kr.aug-cc-pVTZ.gamess,basis,ccECP,aug-cc-pVTZ,aug-cc-pVTZ-ccECP,-ccECP,Kr:aug-cc-pVTZ-ccECP,PASS,source library name retained as the label stem; declared disambiguating suffix '-ccECP' appended: aug-cc-pVTZ -> aug-cc-pVTZ-ccECP,by_element/Kr/Kr.aug-cc-pVTZ.cfour
Kr,recipes/Kr/ccECP,Kr.cc-pV5Z.gamess,basis,ccECP,cc-pV5Z,cc-pV5Z-ccECP,-ccECP,Kr:cc-pV5Z-ccECP,PASS,source library name retained as the label stem; declared disambiguating suffix '-ccECP' appended: cc-pV5Z -> cc-pV5Z-ccECP,by_element/Kr/Kr.cc-pV5Z.cfour
Kr,recipes/Kr/ccECP,Kr.cc-pV6Z.gamess,basis,ccECP,cc-pV6Z,cc-pV6Z-ccECP,-ccECP,Kr:cc-pV6Z-ccECP,PASS,source library name retained as the label stem; declared disambiguating suffix '-ccECP' appended: cc-pV6Z -> cc-pV6Z-ccECP,by_element/Kr/Kr.cc-pV6Z.cfour
Kr,recipes/Kr/ccECP,Kr.cc-pVDZ.gamess,basis,ccECP,cc-pVDZ,cc-pVDZ-ccECP,-ccECP,Kr:cc-pVDZ-ccECP,PASS,source library name retained as the label stem; declared disambiguating suffix '-ccECP' appended: cc-pVDZ -> cc-pVDZ-ccECP,by_element/Kr/Kr.cc-pVDZ.cfour
Kr,recipes/Kr/ccECP,Kr.cc-pVQZ.gamess,basis,ccECP,cc-pVQZ,cc-pVQZ-ccECP,-ccECP,Kr:cc-pVQZ-ccECP,PASS,source library name retained as the label stem; declared disambiguating suffix '-ccECP' appended: cc-pVQZ -> cc-pVQZ-ccECP,by_element/Kr/Kr.cc-pVQZ.cfour
Kr,recipes/Kr/ccECP,Kr.cc-pVTZ.gamess,basis,ccECP,cc-pVTZ,cc-pVTZ-ccECP,-ccECP,Kr:cc-pVTZ-ccECP,PASS,source library name retained as the label stem; declared disambiguating suffix '-ccECP' appended: cc-pVTZ -> cc-pVTZ-ccECP,by_element/Kr/Kr.cc-pVTZ.cfour
La,recipes/La/ccECP,La.aug-cc-pCVDZ.gamess,basis,ccECP,aug-cc-pCVDZ,aug-cc-pCVDZ-ccECP,-ccECP,La:aug-cc-pCVDZ-ccECP,PASS,source library name retained as the label stem; declared disambiguating suffix '-ccECP' appended: aug-cc-pCVDZ -> aug-cc-pCVDZ-ccECP,by_element/La/La.aug-cc-pCVDZ.cfour
La,recipes/La/ccECP,La.aug-cc-pCVQZ.gamess,basis,ccECP,aug-cc-pCVQZ,aug-cc-pCVQZ-ccECP,-ccECP,La:aug-cc-pCVQZ-ccECP,PASS,source library name retained as the label stem; declared disambiguating suffix '-ccECP' appended: aug-cc-pCVQZ -> aug-cc-pCVQZ-ccECP,by_element/La/La.aug-cc-pCVQZ.cfour
La,recipes/La/ccECP,La.aug-cc-pCVTZ.gamess,basis,ccECP,aug-cc-pCVTZ,aug-cc-pCVTZ-ccECP,-ccECP,La:aug-cc-pCVTZ-ccECP,PASS,source library name retained as the label stem; declared disambiguating suffix '-ccECP' appended: aug-cc-pCVTZ -> aug-cc-pCVTZ-ccECP,by_element/La/La.aug-cc-pCVTZ.cfour
La,recipes/La/ccECP,La.aug-cc-pVDZ.gamess,basis,ccECP,aug-cc-pVDZ,aug-cc-pVDZ-ccECP,-ccECP,La:aug-cc-pVDZ-ccECP,PASS,source library name retained as the label stem; declared disambiguating suffix '-ccECP' appended: aug-cc-pVDZ -> aug-cc-pVDZ-ccECP,by_element/La/La.aug-cc-pVDZ.cfour
La,recipes/La/ccECP,La.aug-cc-pVQZ.gamess,basis,ccECP,aug-cc-pVQZ,aug-cc-pVQZ-ccECP,-ccECP,La:aug-cc-pVQZ-ccECP,PASS,source library name retained as the label stem; declared disambiguating suffix '-ccECP' appended: aug-cc-pVQZ -> aug-cc-pVQZ-ccECP,by_element/La/La.aug-cc-pVQZ.cfour
La,recipes/La/ccECP,La.aug-cc-pVTZ.gamess,basis,ccECP,aug-cc-pVTZ,aug-cc-pVTZ-ccECP,-ccECP,La:aug-cc-pVTZ-ccECP,PASS,source library name retained as the label stem; declared disambiguating suffix '-ccECP' appended: aug-cc-pVTZ -> aug-cc-pVTZ-ccECP,by_element/La/La.aug-cc-pVTZ.cfour
La,recipes/La/ccECP,La.cc-pCVDZ.gamess,basis,ccECP,cc-pCVDZ,cc-pCVDZ-ccECP,-ccECP,La:cc-pCVDZ-ccECP,PASS,source library name retained as the label stem; declared disambiguating suffix '-ccECP' appended: cc-pCVDZ -> cc-pCVDZ-ccECP,by_element/La/La.cc-pCVDZ.cfour
La,recipes/La/ccECP,La.cc-pCVQZ.gamess,basis,ccECP,cc-pCVQZ,cc-pCVQZ-ccECP,-ccECP,La:cc-pCVQZ-ccECP,PASS,source library name retained as the label stem; declared disambiguating suffix '-ccECP' appended: cc-pCVQZ -> cc-pCVQZ-ccECP,by_element/La/La.cc-pCVQZ.cfour
La,recipes/La/ccECP,La.cc-pCVTZ.gamess,basis,ccECP,cc-pCVTZ,cc-pCVTZ-ccECP,-ccECP,La:cc-pCVTZ-ccECP,PASS,source library name retained as the label stem; declared disambiguating suffix '-ccECP' appended: cc-pCVTZ -> cc-pCVTZ-ccECP,by_element/La/La.cc-pCVTZ.cfour
La,recipes/La/ccECP,La.cc-pVDZ.gamess,basis,ccECP,cc-pVDZ,cc-pVDZ-ccECP,-ccECP,La:cc-pVDZ-ccECP,PASS,source library name retained as the label stem; declared disambiguating suffix '-ccECP' appended: cc-pVDZ -> cc-pVDZ-ccECP,by_element/La/La.cc-pVDZ.cfour
La,recipes/La/ccECP,La.cc-pVQZ.gamess,basis,ccECP,cc-pVQZ,cc-pVQZ-ccECP,-ccECP,La:cc-pVQZ-ccECP,PASS,source library name retained as the label stem; declared disambiguating suffix '-ccECP' appended: cc-pVQZ -> cc-pVQZ-ccECP,by_element/La/La.cc-pVQZ.cfour
La,recipes/La/ccECP,La.cc-pVTZ.gamess,basis,ccECP,cc-pVTZ,cc-pVTZ-ccECP,-ccECP,La:cc-pVTZ-ccECP,PASS,source library name retained as the label stem; declared disambiguating suffix '-ccECP' appended: cc-pVTZ -> cc-pVTZ-ccECP,by_element/La/La.cc-pVTZ.cfour
Li,recipes/Li/ccECP,Li.aug-cc-pV5Z.gamess,basis,ccECP,aug-cc-pV5Z,aug-cc-pV5Z-ccECP,-ccECP,Li:aug-cc-pV5Z-ccECP,PASS,source library name retained as the label stem; declared disambiguating suffix '-ccECP' appended: aug-cc-pV5Z -> aug-cc-pV5Z-ccECP,by_element/Li/Li.aug-cc-pV5Z.cfour
Li,recipes/Li/ccECP,Li.aug-cc-pVDZ.gamess,basis,ccECP,aug-cc-pVDZ,aug-cc-pVDZ-ccECP,-ccECP,Li:aug-cc-pVDZ-ccECP,PASS,source library name retained as the label stem; declared disambiguating suffix '-ccECP' appended: aug-cc-pVDZ -> aug-cc-pVDZ-ccECP,by_element/Li/Li.aug-cc-pVDZ.cfour
Li,recipes/Li/ccECP,Li.aug-cc-pVQZ.gamess,basis,ccECP,aug-cc-pVQZ,aug-cc-pVQZ-ccECP,-ccECP,Li:aug-cc-pVQZ-ccECP,PASS,source library name retained as the label stem; declared disambiguating suffix '-ccECP' appended: aug-cc-pVQZ -> aug-cc-pVQZ-ccECP,by_element/Li/Li.aug-cc-pVQZ.cfour
Li,recipes/Li/ccECP,Li.aug-cc-pVTZ.gamess,basis,ccECP,aug-cc-pVTZ,aug-cc-pVTZ-ccECP,-ccECP,Li:aug-cc-pVTZ-ccECP,PASS,source library name retained as the label stem; declared disambiguating suffix '-ccECP' appended: aug-cc-pVTZ -> aug-cc-pVTZ-ccECP,by_element/Li/Li.aug-cc-pVTZ.cfour
Li,recipes/Li/ccECP,Li.cc-pV5Z.gamess,basis,ccECP,cc-pV5Z,cc-pV5Z-ccECP,-ccECP,Li:cc-pV5Z-ccECP,PASS,source library name retained as the label stem; declared disambiguating suffix '-ccECP' appended: cc-pV5Z -> cc-pV5Z-ccECP,by_element/Li/Li.cc-pV5Z.cfour
Li,recipes/Li/ccECP,Li.cc-pVDZ.gamess,basis,ccECP,cc-pVDZ,cc-pVDZ-ccECP,-ccECP,Li:cc-pVDZ-ccECP,PASS,source library name retained as the label stem; declared disambiguating suffix '-ccECP' appended: cc-pVDZ -> cc-pVDZ-ccECP,by_element/Li/Li.cc-pVDZ.cfour
Li,recipes/Li/ccECP,Li.cc-pVQZ.gamess,basis,ccECP,cc-pVQZ,cc-pVQZ-ccECP,-ccECP,Li:cc-pVQZ-ccECP,PASS,source library name retained as the label stem; declared disambiguating suffix '-ccECP' appended: cc-pVQZ -> cc-pVQZ-ccECP,by_element/Li/Li.cc-pVQZ.cfour
Li,recipes/Li/ccECP,Li.cc-pVTZ.gamess,basis,ccECP,cc-pVTZ,cc-pVTZ-ccECP,-ccECP,Li:cc-pVTZ-ccECP,PASS,source library name retained as the label stem; declared disambiguating suffix '-ccECP' appended: cc-pVTZ -> cc-pVTZ-ccECP,by_element/Li/Li.cc-pVTZ.cfour
Mg,recipes/Mg/ccECP,Mg.aug-cc-pV5Z.gamess,basis,ccECP,aug-cc-pV5Z,aug-cc-pV5Z-ccECP,-ccECP,Mg:aug-cc-pV5Z-ccECP,PASS,source library name retained as the label stem; declared disambiguating suffix '-ccECP' appended: aug-cc-pV5Z -> aug-cc-pV5Z-ccECP,by_element/Mg/Mg.aug-cc-pV5Z.cfour
Mg,recipes/Mg/ccECP,Mg.aug-cc-pV6Z.gamess,basis,ccECP,aug-cc-pV6Z,aug-cc-pV6Z-ccECP,-ccECP,Mg:aug-cc-pV6Z-ccECP,PASS,source library name retained as the label stem; declared disambiguating suffix '-ccECP' appended: aug-cc-pV6Z -> aug-cc-pV6Z-ccECP,by_element/Mg/Mg.aug-cc-pV6Z.cfour
Mg,recipes/Mg/ccECP,Mg.aug-cc-pVDZ.gamess,basis,ccECP,aug-cc-pVDZ,aug-cc-pVDZ-ccECP,-ccECP,Mg:aug-cc-pVDZ-ccECP,PASS,source library name retained as the label stem; declared disambiguating suffix '-ccECP' appended: aug-cc-pVDZ -> aug-cc-pVDZ-ccECP,by_element/Mg/Mg.aug-cc-pVDZ.cfour
Mg,recipes/Mg/ccECP,Mg.aug-cc-pVQZ.gamess,basis,ccECP,aug-cc-pVQZ,aug-cc-pVQZ-ccECP,-ccECP,Mg:aug-cc-pVQZ-ccECP,PASS,source library name retained as the label stem; declared disambiguating suffix '-ccECP' appended: aug-cc-pVQZ -> aug-cc-pVQZ-ccECP,by_element/Mg/Mg.aug-cc-pVQZ.cfour
Mg,recipes/Mg/ccECP,Mg.aug-cc-pVTZ.gamess,basis,ccECP,aug-cc-pVTZ,aug-cc-pVTZ-ccECP,-ccECP,Mg:aug-cc-pVTZ-ccECP,PASS,source library name retained as the label stem; declared disambiguating suffix '-ccECP' appended: aug-cc-pVTZ -> aug-cc-pVTZ-ccECP,by_element/Mg/Mg.aug-cc-pVTZ.cfour
Mg,recipes/Mg/ccECP,Mg.cc-pV5Z.gamess,basis,ccECP,cc-pV5Z,cc-pV5Z-ccECP,-ccECP,Mg:cc-pV5Z-ccECP,PASS,source library name retained as the label stem; declared disambiguating suffix '-ccECP' appended: cc-pV5Z -> cc-pV5Z-ccECP,by_element/Mg/Mg.cc-pV5Z.cfour
Mg,recipes/Mg/ccECP,Mg.cc-pV6Z.gamess,basis,ccECP,cc-pV6Z,cc-pV6Z-ccECP,-ccECP,Mg:cc-pV6Z-ccECP,PASS,source library name retained as the label stem; declared disambiguating suffix '-ccECP' appended: cc-pV6Z -> cc-pV6Z-ccECP,by_element/Mg/Mg.cc-pV6Z.cfour
Mg,recipes/Mg/ccECP,Mg.cc-pVDZ.gamess,basis,ccECP,cc-pVDZ,cc-pVDZ-ccECP,-ccECP,Mg:cc-pVDZ-ccECP,PASS,source library name retained as the label stem; declared disambiguating suffix '-ccECP' appended: cc-pVDZ -> cc-pVDZ-ccECP,by_element/Mg/Mg.cc-pVDZ.cfour
Mg,recipes/Mg/ccECP,Mg.cc-pVQZ.gamess,basis,ccECP,cc-pVQZ,cc-pVQZ-ccECP,-ccECP,Mg:cc-pVQZ-ccECP,PASS,source library name retained as the label stem; declared disambiguating suffix '-ccECP' appended: cc-pVQZ -> cc-pVQZ-ccECP,by_element/Mg/Mg.cc-pVQZ.cfour
Mg,recipes/Mg/ccECP,Mg.cc-pVTZ.gamess,basis,ccECP,cc-pVTZ,cc-pVTZ-ccECP,-ccECP,Mg:cc-pVTZ-ccECP,PASS,source library name retained as the label stem; declared disambiguating suffix '-ccECP' appended: cc-pVTZ -> cc-pVTZ-ccECP,by_element/Mg/Mg.cc-pVTZ.cfour
Mn,recipes/Mn/ccECP,Mn.aug-cc-pCV5Z.gamess,basis,ccECP,aug-cc-pCV5Z,aug-cc-pCV5Z-ccECP,-ccECP,Mn:aug-cc-pCV5Z-ccECP,PASS,source library name retained as the label stem; declared disambiguating suffix '-ccECP' appended: aug-cc-pCV5Z -> aug-cc-pCV5Z-ccECP,by_element/Mn/Mn.aug-cc-pCV5Z.cfour
Mn,recipes/Mn/ccECP,Mn.aug-cc-pCVDZ.gamess,basis,ccECP,aug-cc-pCVDZ,aug-cc-pCVDZ-ccECP,-ccECP,Mn:aug-cc-pCVDZ-ccECP,PASS,source library name retained as the label stem; declared disambiguating suffix '-ccECP' appended: aug-cc-pCVDZ -> aug-cc-pCVDZ-ccECP,by_element/Mn/Mn.aug-cc-pCVDZ.cfour
Mn,recipes/Mn/ccECP,Mn.aug-cc-pCVQZ.gamess,basis,ccECP,aug-cc-pCVQZ,aug-cc-pCVQZ-ccECP,-ccECP,Mn:aug-cc-pCVQZ-ccECP,PASS,source library name retained as the label stem; declared disambiguating suffix '-ccECP' appended: aug-cc-pCVQZ -> aug-cc-pCVQZ-ccECP,by_element/Mn/Mn.aug-cc-pCVQZ.cfour
Mn,recipes/Mn/ccECP,Mn.aug-cc-pCVTZ.gamess,basis,ccECP,aug-cc-pCVTZ,aug-cc-pCVTZ-ccECP,-ccECP,Mn:aug-cc-pCVTZ-ccECP,PASS,source library name retained as the label stem; declared disambiguating suffix '-ccECP' appended: aug-cc-pCVTZ -> aug-cc-pCVTZ-ccECP,by_element/Mn/Mn.aug-cc-pCVTZ.cfour
Mn,recipes/Mn/ccECP,Mn.aug-cc-pV5Z.gamess,basis,ccECP,aug-cc-pV5Z,aug-cc-pV5Z-ccECP,-ccECP,Mn:aug-cc-pV5Z-ccECP,PASS,source library name retained as the label stem; declared disambiguating suffix '-ccECP' appended: aug-cc-pV5Z -> aug-cc-pV5Z-ccECP,by_element/Mn/Mn.aug-cc-pV5Z.cfour
Mn,recipes/Mn/ccECP,Mn.aug-cc-pVDZ.gamess,basis,ccECP,aug-cc-pVDZ,aug-cc-pVDZ-ccECP,-ccECP,Mn:aug-cc-pVDZ-ccECP,PASS,source library name retained as the label stem; declared disambiguating suffix '-ccECP' appended: aug-cc-pVDZ -> aug-cc-pVDZ-ccECP,by_element/Mn/Mn.aug-cc-pVDZ.cfour
Mn,recipes/Mn/ccECP,Mn.aug-cc-pVQZ.gamess,basis,ccECP,aug-cc-pVQZ,aug-cc-pVQZ-ccECP,-ccECP,Mn:aug-cc-pVQZ-ccECP,PASS,source library name retained as the label stem; declared disambiguating suffix '-ccECP' appended: aug-cc-pVQZ -> aug-cc-pVQZ-ccECP,by_element/Mn/Mn.aug-cc-pVQZ.cfour
Mn,recipes/Mn/ccECP,Mn.aug-cc-pVTZ.gamess,basis,ccECP,aug-cc-pVTZ,aug-cc-pVTZ-ccECP,-ccECP,Mn:aug-cc-pVTZ-ccECP,PASS,source library name retained as the label stem; declared disambiguating suffix '-ccECP' appended: aug-cc-pVTZ -> aug-cc-pVTZ-ccECP,by_element/Mn/Mn.aug-cc-pVTZ.cfour
Mn,recipes/Mn/ccECP,Mn.cc-pCV5Z.gamess,basis,ccECP,cc-pCV5Z,cc-pCV5Z-ccECP,-ccECP,Mn:cc-pCV5Z-ccECP,PASS,source library name retained as the label stem; declared disambiguating suffix '-ccECP' appended: cc-pCV5Z -> cc-pCV5Z-ccECP,by_element/Mn/Mn.cc-pCV5Z.cfour
Mn,recipes/Mn/ccECP,Mn.cc-pCVDZ.gamess,basis,ccECP,cc-pCVDZ,cc-pCVDZ-ccECP,-ccECP,Mn:cc-pCVDZ-ccECP,PASS,source library name retained as the label stem; declared disambiguating suffix '-ccECP' appended: cc-pCVDZ -> cc-pCVDZ-ccECP,by_element/Mn/Mn.cc-pCVDZ.cfour
Mn,recipes/Mn/ccECP,Mn.cc-pCVQZ.gamess,basis,ccECP,cc-pCVQZ,cc-pCVQZ-ccECP,-ccECP,Mn:cc-pCVQZ-ccECP,PASS,source library name retained as the label stem; declared disambiguating suffix '-ccECP' appended: cc-pCVQZ -> cc-pCVQZ-ccECP,by_element/Mn/Mn.cc-pCVQZ.cfour
Mn,recipes/Mn/ccECP,Mn.cc-pCVTZ.gamess,basis,ccECP,cc-pCVTZ,cc-pCVTZ-ccECP,-ccECP,Mn:cc-pCVTZ-ccECP,PASS,source library name retained as the label stem; declared disambiguating suffix '-ccECP' appended: cc-pCVTZ -> cc-pCVTZ-ccECP,by_element/Mn/Mn.cc-pCVTZ.cfour
Mn,recipes/Mn/ccECP,Mn.cc-pV5Z.gamess,basis,ccECP,cc-pV5Z,cc-pV5Z-ccECP,-ccECP,Mn:cc-pV5Z-ccECP,PASS,source library name retained as the label stem; declared disambiguating suffix '-ccECP' appended: cc-pV5Z -> cc-pV5Z-ccECP,by_element/Mn/Mn.cc-pV5Z.cfour
Mn,recipes/Mn/ccECP,Mn.cc-pVDZ.gamess,basis,ccECP,cc-pVDZ,cc-pVDZ-ccECP,-ccECP,Mn:cc-pVDZ-ccECP,PASS,source library name retained as the label stem; declared disambiguating suffix '-ccECP' appended: cc-pVDZ -> cc-pVDZ-ccECP,by_element/Mn/Mn.cc-pVDZ.cfour
Mn,recipes/Mn/ccECP,Mn.cc-pVQZ.gamess,basis,ccECP,cc-pVQZ,cc-pVQZ-ccECP,-ccECP,Mn:cc-pVQZ-ccECP,PASS,source library name retained as the label stem; declared disambiguating suffix '-ccECP' appended: cc-pVQZ -> cc-pVQZ-ccECP,by_element/Mn/Mn.cc-pVQZ.cfour
Mn,recipes/Mn/ccECP,Mn.cc-pVTZ.gamess,basis,ccECP,cc-pVTZ,cc-pVTZ-ccECP,-ccECP,Mn:cc-pVTZ-ccECP,PASS,source library name retained as the label stem; declared disambiguating suffix '-ccECP' appended: cc-pVTZ -> cc-pVTZ-ccECP,by_element/Mn/Mn.cc-pVTZ.cfour
Mo,recipes/Mo/ccECP,Mo.aug-cc-pCV5Z.gamess,basis,ccECP,aug-cc-pCV5Z,aug-cc-pCV5Z-ccECP,-ccECP,Mo:aug-cc-pCV5Z-ccECP,PASS,source library name retained as the label stem; declared disambiguating suffix '-ccECP' appended: aug-cc-pCV5Z -> aug-cc-pCV5Z-ccECP,by_element/Mo/Mo.aug-cc-pCV5Z.cfour
Mo,recipes/Mo/ccECP,Mo.aug-cc-pCVDZ.gamess,basis,ccECP,aug-cc-pCVDZ,aug-cc-pCVDZ-ccECP,-ccECP,Mo:aug-cc-pCVDZ-ccECP,PASS,source library name retained as the label stem; declared disambiguating suffix '-ccECP' appended: aug-cc-pCVDZ -> aug-cc-pCVDZ-ccECP,by_element/Mo/Mo.aug-cc-pCVDZ.cfour
Mo,recipes/Mo/ccECP,Mo.aug-cc-pCVQZ.gamess,basis,ccECP,aug-cc-pCVQZ,aug-cc-pCVQZ-ccECP,-ccECP,Mo:aug-cc-pCVQZ-ccECP,PASS,source library name retained as the label stem; declared disambiguating suffix '-ccECP' appended: aug-cc-pCVQZ -> aug-cc-pCVQZ-ccECP,by_element/Mo/Mo.aug-cc-pCVQZ.cfour
Mo,recipes/Mo/ccECP,Mo.aug-cc-pCVTZ.gamess,basis,ccECP,aug-cc-pCVTZ,aug-cc-pCVTZ-ccECP,-ccECP,Mo:aug-cc-pCVTZ-ccECP,PASS,source library name retained as the label stem; declared disambiguating suffix '-ccECP' appended: aug-cc-pCVTZ -> aug-cc-pCVTZ-ccECP,by_element/Mo/Mo.aug-cc-pCVTZ.cfour
Mo,recipes/Mo/ccECP,Mo.aug-cc-pV5Z.gamess,basis,ccECP,aug-cc-pV5Z,aug-cc-pV5Z-ccECP,-ccECP,Mo:aug-cc-pV5Z-ccECP,PASS,source library name retained as the label stem; declared disambiguating suffix '-ccECP' appended: aug-cc-pV5Z -> aug-cc-pV5Z-ccECP,by_element/Mo/Mo.aug-cc-pV5Z.cfour
Mo,recipes/Mo/ccECP,Mo.aug-cc-pVDZ.gamess,basis,ccECP,aug-cc-pVDZ,aug-cc-pVDZ-ccECP,-ccECP,Mo:aug-cc-pVDZ-ccECP,PASS,source library name retained as the label stem; declared disambiguating suffix '-ccECP' appended: aug-cc-pVDZ -> aug-cc-pVDZ-ccECP,by_element/Mo/Mo.aug-cc-pVDZ.cfour
Mo,recipes/Mo/ccECP,Mo.aug-cc-pVQZ.gamess,basis,ccECP,aug-cc-pVQZ,aug-cc-pVQZ-ccECP,-ccECP,Mo:aug-cc-pVQZ-ccECP,PASS,source library name retained as the label stem; declared disambiguating suffix '-ccECP' appended: aug-cc-pVQZ -> aug-cc-pVQZ-ccECP,by_element/Mo/Mo.aug-cc-pVQZ.cfour
Mo,recipes/Mo/ccECP,Mo.aug-cc-pVTZ.gamess,basis,ccECP,aug-cc-pVTZ,aug-cc-pVTZ-ccECP,-ccECP,Mo:aug-cc-pVTZ-ccECP,PASS,source library name retained as the label stem; declared disambiguating suffix '-ccECP' appended: aug-cc-pVTZ -> aug-cc-pVTZ-ccECP,by_element/Mo/Mo.aug-cc-pVTZ.cfour
Mo,recipes/Mo/ccECP,Mo.cc-pCV5Z.gamess,basis,ccECP,cc-pCV5Z,cc-pCV5Z-ccECP,-ccECP,Mo:cc-pCV5Z-ccECP,PASS,source library name retained as the label stem; declared disambiguating suffix '-ccECP' appended: cc-pCV5Z -> cc-pCV5Z-ccECP,by_element/Mo/Mo.cc-pCV5Z.cfour
Mo,recipes/Mo/ccECP,Mo.cc-pCVDZ.gamess,basis,ccECP,cc-pCVDZ,cc-pCVDZ-ccECP,-ccECP,Mo:cc-pCVDZ-ccECP,PASS,source library name retained as the label stem; declared disambiguating suffix '-ccECP' appended: cc-pCVDZ -> cc-pCVDZ-ccECP,by_element/Mo/Mo.cc-pCVDZ.cfour
Mo,recipes/Mo/ccECP,Mo.cc-pCVQZ.gamess,basis,ccECP,cc-pCVQZ,cc-pCVQZ-ccECP,-ccECP,Mo:cc-pCVQZ-ccECP,PASS,source library name retained as the label stem; declared disambiguating suffix '-ccECP' appended: cc-pCVQZ -> cc-pCVQZ-ccECP,by_element/Mo/Mo.cc-pCVQZ.cfour
Mo,recipes/Mo/ccECP,Mo.cc-pCVTZ.gamess,basis,ccECP,cc-pCVTZ,cc-pCVTZ-ccECP,-ccECP,Mo:cc-pCVTZ-ccECP,PASS,source library name retained as the label stem; declared disambiguating suffix '-ccECP' appended: cc-pCVTZ -> cc-pCVTZ-ccECP,by_element/Mo/Mo.cc-pCVTZ.cfour
Mo,recipes/Mo/ccECP,Mo.cc-pV5Z.gamess,basis,ccECP,cc-pV5Z,cc-pV5Z-ccECP,-ccECP,Mo:cc-pV5Z-ccECP,PASS,source library name retained as the label stem; declared disambiguating suffix '-ccECP' appended: cc-pV5Z -> cc-pV5Z-ccECP,by_element/Mo/Mo.cc-pV5Z.cfour
Mo,recipes/Mo/ccECP,Mo.cc-pVDZ.gamess,basis,ccECP,cc-pVDZ,cc-pVDZ-ccECP,-ccECP,Mo:cc-pVDZ-ccECP,PASS,source library name retained as the label stem; declared disambiguating suffix '-ccECP' appended: cc-pVDZ -> cc-pVDZ-ccECP,by_element/Mo/Mo.cc-pVDZ.cfour
Mo,recipes/Mo/ccECP,Mo.cc-pVQZ.gamess,basis,ccECP,cc-pVQZ,cc-pVQZ-ccECP,-ccECP,Mo:cc-pVQZ-ccECP,PASS,source library name retained as the label stem; declared disambiguating suffix '-ccECP' appended: cc-pVQZ -> cc-pVQZ-ccECP,by_element/Mo/Mo.cc-pVQZ.cfour
Mo,recipes/Mo/ccECP,Mo.cc-pVTZ.gamess,basis,ccECP,cc-pVTZ,cc-pVTZ-ccECP,-ccECP,Mo:cc-pVTZ-ccECP,PASS,source library name retained as the label stem; declared disambiguating suffix '-ccECP' appended: cc-pVTZ -> cc-pVTZ-ccECP,by_element/Mo/Mo.cc-pVTZ.cfour
N,recipes/N/ccECP,N.aug-cc-pV5Z.gamess,basis,ccECP,aug-cc-pV5Z,aug-cc-pV5Z-ccECP,-ccECP,N:aug-cc-pV5Z-ccECP,PASS,source library name retained as the label stem; declared disambiguating suffix '-ccECP' appended: aug-cc-pV5Z -> aug-cc-pV5Z-ccECP,by_element/N/N.aug-cc-pV5Z.cfour
N,recipes/N/ccECP,N.aug-cc-pV6Z.gamess,basis,ccECP,aug-cc-pV6Z,aug-cc-pV6Z-ccECP,-ccECP,N:aug-cc-pV6Z-ccECP,PASS,source library name retained as the label stem; declared disambiguating suffix '-ccECP' appended: aug-cc-pV6Z -> aug-cc-pV6Z-ccECP,by_element/N/N.aug-cc-pV6Z.cfour
N,recipes/N/ccECP,N.aug-cc-pVDZ.gamess,basis,ccECP,aug-cc-pVDZ,aug-cc-pVDZ-ccECP,-ccECP,N:aug-cc-pVDZ-ccECP,PASS,source library name retained as the label stem; declared disambiguating suffix '-ccECP' appended: aug-cc-pVDZ -> aug-cc-pVDZ-ccECP,by_element/N/N.aug-cc-pVDZ.cfour
N,recipes/N/ccECP,N.aug-cc-pVQZ.gamess,basis,ccECP,aug-cc-pVQZ,aug-cc-pVQZ-ccECP,-ccECP,N:aug-cc-pVQZ-ccECP,PASS,source library name retained as the label stem; declared disambiguating suffix '-ccECP' appended: aug-cc-pVQZ -> aug-cc-pVQZ-ccECP,by_element/N/N.aug-cc-pVQZ.cfour
N,recipes/N/ccECP,N.aug-cc-pVTZ.gamess,basis,ccECP,aug-cc-pVTZ,aug-cc-pVTZ-ccECP,-ccECP,N:aug-cc-pVTZ-ccECP,PASS,source library name retained as the label stem; declared disambiguating suffix '-ccECP' appended: aug-cc-pVTZ -> aug-cc-pVTZ-ccECP,by_element/N/N.aug-cc-pVTZ.cfour
N,recipes/N/ccECP,N.cc-pV5Z.gamess,basis,ccECP,cc-pV5Z,cc-pV5Z-ccECP,-ccECP,N:cc-pV5Z-ccECP,PASS,source library name retained as the label stem; declared disambiguating suffix '-ccECP' appended: cc-pV5Z -> cc-pV5Z-ccECP,by_element/N/N.cc-pV5Z.cfour
N,recipes/N/ccECP,N.cc-pV6Z.gamess,basis,ccECP,cc-pV6Z,cc-pV6Z-ccECP,-ccECP,N:cc-pV6Z-ccECP,PASS,source library name retained as the label stem; declared disambiguating suffix '-ccECP' appended: cc-pV6Z -> cc-pV6Z-ccECP,by_element/N/N.cc-pV6Z.cfour
N,recipes/N/ccECP,N.cc-pVDZ.gamess,basis,ccECP,cc-pVDZ,cc-pVDZ-ccECP,-ccECP,N:cc-pVDZ-ccECP,PASS,source library name retained as the label stem; declared disambiguating suffix '-ccECP' appended: cc-pVDZ -> cc-pVDZ-ccECP,by_element/N/N.cc-pVDZ.cfour
N,recipes/N/ccECP,N.cc-pVQZ.gamess,basis,ccECP,cc-pVQZ,cc-pVQZ-ccECP,-ccECP,N:cc-pVQZ-ccECP,PASS,source library name retained as the label stem; declared disambiguating suffix '-ccECP' appended: cc-pVQZ -> cc-pVQZ-ccECP,by_element/N/N.cc-pVQZ.cfour
N,recipes/N/ccECP,N.cc-pVTZ.gamess,basis,ccECP,cc-pVTZ,cc-pVTZ-ccECP,-ccECP,N:cc-pVTZ-ccECP,PASS,source library name retained as the label stem; declared disambiguating suffix '-ccECP' appended: cc-pVTZ -> cc-pVTZ-ccECP,by_element/N/N.cc-pVTZ.cfour
Na,recipes/Na/ccECP,Na.aug-cc-pV5Z.gamess,basis,ccECP,aug-cc-pV5Z,aug-cc-pV5Z-ccECP,-ccECP,Na:aug-cc-pV5Z-ccECP,PASS,source library name retained as the label stem; declared disambiguating suffix '-ccECP' appended: aug-cc-pV5Z -> aug-cc-pV5Z-ccECP,by_element/Na/Na.aug-cc-pV5Z.cfour
Na,recipes/Na/ccECP,Na.aug-cc-pVDZ.gamess,basis,ccECP,aug-cc-pVDZ,aug-cc-pVDZ-ccECP,-ccECP,Na:aug-cc-pVDZ-ccECP,PASS,source library name retained as the label stem; declared disambiguating suffix '-ccECP' appended: aug-cc-pVDZ -> aug-cc-pVDZ-ccECP,by_element/Na/Na.aug-cc-pVDZ.cfour
Na,recipes/Na/ccECP,Na.aug-cc-pVQZ.gamess,basis,ccECP,aug-cc-pVQZ,aug-cc-pVQZ-ccECP,-ccECP,Na:aug-cc-pVQZ-ccECP,PASS,source library name retained as the label stem; declared disambiguating suffix '-ccECP' appended: aug-cc-pVQZ -> aug-cc-pVQZ-ccECP,by_element/Na/Na.aug-cc-pVQZ.cfour
Na,recipes/Na/ccECP,Na.aug-cc-pVTZ.gamess,basis,ccECP,aug-cc-pVTZ,aug-cc-pVTZ-ccECP,-ccECP,Na:aug-cc-pVTZ-ccECP,PASS,source library name retained as the label stem; declared disambiguating suffix '-ccECP' appended: aug-cc-pVTZ -> aug-cc-pVTZ-ccECP,by_element/Na/Na.aug-cc-pVTZ.cfour
Na,recipes/Na/ccECP,Na.cc-pV5Z.gamess,basis,ccECP,cc-pV5Z,cc-pV5Z-ccECP,-ccECP,Na:cc-pV5Z-ccECP,PASS,source library name retained as the label stem; declared disambiguating suffix '-ccECP' appended: cc-pV5Z -> cc-pV5Z-ccECP,by_element/Na/Na.cc-pV5Z.cfour
Na,recipes/Na/ccECP,Na.cc-pVDZ.gamess,basis,ccECP,cc-pVDZ,cc-pVDZ-ccECP,-ccECP,Na:cc-pVDZ-ccECP,PASS,source library name retained as the label stem; declared disambiguating suffix '-ccECP' appended: cc-pVDZ -> cc-pVDZ-ccECP,by_element/Na/Na.cc-pVDZ.cfour
Na,recipes/Na/ccECP,Na.cc-pVQZ.gamess,basis,ccECP,cc-pVQZ,cc-pVQZ-ccECP,-ccECP,Na:cc-pVQZ-ccECP,PASS,source library name retained as the label stem; declared disambiguating suffix '-ccECP' appended: cc-pVQZ -> cc-pVQZ-ccECP,by_element/Na/Na.cc-pVQZ.cfour
Na,recipes/Na/ccECP,Na.cc-pVTZ.gamess,basis,ccECP,cc-pVTZ,cc-pVTZ-ccECP,-ccECP,Na:cc-pVTZ-ccECP,PASS,source library name retained as the label stem; declared disambiguating suffix '-ccECP' appended: cc-pVTZ -> cc-pVTZ-ccECP,by_element/Na/Na.cc-pVTZ.cfour
Nb,recipes/Nb/ccECP,Nb.aug-cc-pCV5Z.gamess,basis,ccECP,aug-cc-pCV5Z,aug-cc-pCV5Z-ccECP,-ccECP,Nb:aug-cc-pCV5Z-ccECP,PASS,source library name retained as the label stem; declared disambiguating suffix '-ccECP' appended: aug-cc-pCV5Z -> aug-cc-pCV5Z-ccECP,by_element/Nb/Nb.aug-cc-pCV5Z.cfour
Nb,recipes/Nb/ccECP,Nb.aug-cc-pCVDZ.gamess,basis,ccECP,aug-cc-pCVDZ,aug-cc-pCVDZ-ccECP,-ccECP,Nb:aug-cc-pCVDZ-ccECP,PASS,source library name retained as the label stem; declared disambiguating suffix '-ccECP' appended: aug-cc-pCVDZ -> aug-cc-pCVDZ-ccECP,by_element/Nb/Nb.aug-cc-pCVDZ.cfour
Nb,recipes/Nb/ccECP,Nb.aug-cc-pCVQZ.gamess,basis,ccECP,aug-cc-pCVQZ,aug-cc-pCVQZ-ccECP,-ccECP,Nb:aug-cc-pCVQZ-ccECP,PASS,source library name retained as the label stem; declared disambiguating suffix '-ccECP' appended: aug-cc-pCVQZ -> aug-cc-pCVQZ-ccECP,by_element/Nb/Nb.aug-cc-pCVQZ.cfour
Nb,recipes/Nb/ccECP,Nb.aug-cc-pCVTZ.gamess,basis,ccECP,aug-cc-pCVTZ,aug-cc-pCVTZ-ccECP,-ccECP,Nb:aug-cc-pCVTZ-ccECP,PASS,source library name retained as the label stem; declared disambiguating suffix '-ccECP' appended: aug-cc-pCVTZ -> aug-cc-pCVTZ-ccECP,by_element/Nb/Nb.aug-cc-pCVTZ.cfour
Nb,recipes/Nb/ccECP,Nb.aug-cc-pV5Z.gamess,basis,ccECP,aug-cc-pV5Z,aug-cc-pV5Z-ccECP,-ccECP,Nb:aug-cc-pV5Z-ccECP,PASS,source library name retained as the label stem; declared disambiguating suffix '-ccECP' appended: aug-cc-pV5Z -> aug-cc-pV5Z-ccECP,by_element/Nb/Nb.aug-cc-pV5Z.cfour
Nb,recipes/Nb/ccECP,Nb.aug-cc-pVDZ.gamess,basis,ccECP,aug-cc-pVDZ,aug-cc-pVDZ-ccECP,-ccECP,Nb:aug-cc-pVDZ-ccECP,PASS,source library name retained as the label stem; declared disambiguating suffix '-ccECP' appended: aug-cc-pVDZ -> aug-cc-pVDZ-ccECP,by_element/Nb/Nb.aug-cc-pVDZ.cfour
Nb,recipes/Nb/ccECP,Nb.aug-cc-pVQZ.gamess,basis,ccECP,aug-cc-pVQZ,aug-cc-pVQZ-ccECP,-ccECP,Nb:aug-cc-pVQZ-ccECP,PASS,source library name retained as the label stem; declared disambiguating suffix '-ccECP' appended: aug-cc-pVQZ -> aug-cc-pVQZ-ccECP,by_element/Nb/Nb.aug-cc-pVQZ.cfour
Nb,recipes/Nb/ccECP,Nb.aug-cc-pVTZ.gamess,basis,ccECP,aug-cc-pVTZ,aug-cc-pVTZ-ccECP,-ccECP,Nb:aug-cc-pVTZ-ccECP,PASS,source library name retained as the label stem; declared disambiguating suffix '-ccECP' appended: aug-cc-pVTZ -> aug-cc-pVTZ-ccECP,by_element/Nb/Nb.aug-cc-pVTZ.cfour
Nb,recipes/Nb/ccECP,Nb.cc-pCV5Z.gamess,basis,ccECP,cc-pCV5Z,cc-pCV5Z-ccECP,-ccECP,Nb:cc-pCV5Z-ccECP,PASS,source library name retained as the label stem; declared disambiguating suffix '-ccECP' appended: cc-pCV5Z -> cc-pCV5Z-ccECP,by_element/Nb/Nb.cc-pCV5Z.cfour
Nb,recipes/Nb/ccECP,Nb.cc-pCVDZ.gamess,basis,ccECP,cc-pCVDZ,cc-pCVDZ-ccECP,-ccECP,Nb:cc-pCVDZ-ccECP,PASS,source library name retained as the label stem; declared disambiguating suffix '-ccECP' appended: cc-pCVDZ -> cc-pCVDZ-ccECP,by_element/Nb/Nb.cc-pCVDZ.cfour
Nb,recipes/Nb/ccECP,Nb.cc-pCVQZ.gamess,basis,ccECP,cc-pCVQZ,cc-pCVQZ-ccECP,-ccECP,Nb:cc-pCVQZ-ccECP,PASS,source library name retained as the label stem; declared disambiguating suffix '-ccECP' appended: cc-pCVQZ -> cc-pCVQZ-ccECP,by_element/Nb/Nb.cc-pCVQZ.cfour
Nb,recipes/Nb/ccECP,Nb.cc-pCVTZ.gamess,basis,ccECP,cc-pCVTZ,cc-pCVTZ-ccECP,-ccECP,Nb:cc-pCVTZ-ccECP,PASS,source library name retained as the label stem; declared disambiguating suffix '-ccECP' appended: cc-pCVTZ -> cc-pCVTZ-ccECP,by_element/Nb/Nb.cc-pCVTZ.cfour
Nb,recipes/Nb/ccECP,Nb.cc-pV5Z.gamess,basis,ccECP,cc-pV5Z,cc-pV5Z-ccECP,-ccECP,Nb:cc-pV5Z-ccECP,PASS,source library name retained as the label stem; declared disambiguating suffix '-ccECP' appended: cc-pV5Z -> cc-pV5Z-ccECP,by_element/Nb/Nb.cc-pV5Z.cfour
Nb,recipes/Nb/ccECP,Nb.cc-pVDZ.gamess,basis,ccECP,cc-pVDZ,cc-pVDZ-ccECP,-ccECP,Nb:cc-pVDZ-ccECP,PASS,source library name retained as the label stem; declared disambiguating suffix '-ccECP' appended: cc-pVDZ -> cc-pVDZ-ccECP,by_element/Nb/Nb.cc-pVDZ.cfour
Nb,recipes/Nb/ccECP,Nb.cc-pVQZ.gamess,basis,ccECP,cc-pVQZ,cc-pVQZ-ccECP,-ccECP,Nb:cc-pVQZ-ccECP,PASS,source library name retained as the label stem; declared disambiguating suffix '-ccECP' appended: cc-pVQZ -> cc-pVQZ-ccECP,by_element/Nb/Nb.cc-pVQZ.cfour
Nb,recipes/Nb/ccECP,Nb.cc-pVTZ.gamess,basis,ccECP,cc-pVTZ,cc-pVTZ-ccECP,-ccECP,Nb:cc-pVTZ-ccECP,PASS,source library name retained as the label stem; declared disambiguating suffix '-ccECP' appended: cc-pVTZ -> cc-pVTZ-ccECP,by_element/Nb/Nb.cc-pVTZ.cfour
Ne,recipes/Ne/ccECP,Ne.cc-pV5Z.gamess,basis,ccECP,cc-pV5Z,cc-pV5Z-ccECP,-ccECP,Ne:cc-pV5Z-ccECP,PASS,source library name retained as the label stem; declared disambiguating suffix '-ccECP' appended: cc-pV5Z -> cc-pV5Z-ccECP,by_element/Ne/Ne.cc-pV5Z.cfour
Ne,recipes/Ne/ccECP,Ne.cc-pV6Z.gamess,basis,ccECP,cc-pV6Z,cc-pV6Z-ccECP,-ccECP,Ne:cc-pV6Z-ccECP,PASS,source library name retained as the label stem; declared disambiguating suffix '-ccECP' appended: cc-pV6Z -> cc-pV6Z-ccECP,by_element/Ne/Ne.cc-pV6Z.cfour
Ne,recipes/Ne/ccECP,Ne.cc-pVDZ.gamess,basis,ccECP,cc-pVDZ,cc-pVDZ-ccECP,-ccECP,Ne:cc-pVDZ-ccECP,PASS,source library name retained as the label stem; declared disambiguating suffix '-ccECP' appended: cc-pVDZ -> cc-pVDZ-ccECP,by_element/Ne/Ne.cc-pVDZ.cfour
Ne,recipes/Ne/ccECP,Ne.cc-pVQZ.gamess,basis,ccECP,cc-pVQZ,cc-pVQZ-ccECP,-ccECP,Ne:cc-pVQZ-ccECP,PASS,source library name retained as the label stem; declared disambiguating suffix '-ccECP' appended: cc-pVQZ -> cc-pVQZ-ccECP,by_element/Ne/Ne.cc-pVQZ.cfour
Ne,recipes/Ne/ccECP,Ne.cc-pVTZ.gamess,basis,ccECP,cc-pVTZ,cc-pVTZ-ccECP,-ccECP,Ne:cc-pVTZ-ccECP,PASS,source library name retained as the label stem; declared disambiguating suffix '-ccECP' appended: cc-pVTZ -> cc-pVTZ-ccECP,by_element/Ne/Ne.cc-pVTZ.cfour
Ni,recipes/Ni/ccECP,Ni.aug-cc-pCV5Z.gamess,basis,ccECP,aug-cc-pCV5Z,aug-cc-pCV5Z-ccECP,-ccECP,Ni:aug-cc-pCV5Z-ccECP,PASS,source library name retained as the label stem; declared disambiguating suffix '-ccECP' appended: aug-cc-pCV5Z -> aug-cc-pCV5Z-ccECP,by_element/Ni/Ni.aug-cc-pCV5Z.cfour
Ni,recipes/Ni/ccECP,Ni.aug-cc-pCVDZ.gamess,basis,ccECP,aug-cc-pCVDZ,aug-cc-pCVDZ-ccECP,-ccECP,Ni:aug-cc-pCVDZ-ccECP,PASS,source library name retained as the label stem; declared disambiguating suffix '-ccECP' appended: aug-cc-pCVDZ -> aug-cc-pCVDZ-ccECP,by_element/Ni/Ni.aug-cc-pCVDZ.cfour
Ni,recipes/Ni/ccECP,Ni.aug-cc-pCVQZ.gamess,basis,ccECP,aug-cc-pCVQZ,aug-cc-pCVQZ-ccECP,-ccECP,Ni:aug-cc-pCVQZ-ccECP,PASS,source library name retained as the label stem; declared disambiguating suffix '-ccECP' appended: aug-cc-pCVQZ -> aug-cc-pCVQZ-ccECP,by_element/Ni/Ni.aug-cc-pCVQZ.cfour
Ni,recipes/Ni/ccECP,Ni.aug-cc-pCVTZ.gamess,basis,ccECP,aug-cc-pCVTZ,aug-cc-pCVTZ-ccECP,-ccECP,Ni:aug-cc-pCVTZ-ccECP,PASS,source library name retained as the label stem; declared disambiguating suffix '-ccECP' appended: aug-cc-pCVTZ -> aug-cc-pCVTZ-ccECP,by_element/Ni/Ni.aug-cc-pCVTZ.cfour
Ni,recipes/Ni/ccECP,Ni.aug-cc-pV5Z.gamess,basis,ccECP,aug-cc-pV5Z,aug-cc-pV5Z-ccECP,-ccECP,Ni:aug-cc-pV5Z-ccECP,PASS,source library name retained as the label stem; declared disambiguating suffix '-ccECP' appended: aug-cc-pV5Z -> aug-cc-pV5Z-ccECP,by_element/Ni/Ni.aug-cc-pV5Z.cfour
Ni,recipes/Ni/ccECP,Ni.aug-cc-pVDZ.gamess,basis,ccECP,aug-cc-pVDZ,aug-cc-pVDZ-ccECP,-ccECP,Ni:aug-cc-pVDZ-ccECP,PASS,source library name retained as the label stem; declared disambiguating suffix '-ccECP' appended: aug-cc-pVDZ -> aug-cc-pVDZ-ccECP,by_element/Ni/Ni.aug-cc-pVDZ.cfour
Ni,recipes/Ni/ccECP,Ni.aug-cc-pVQZ.gamess,basis,ccECP,aug-cc-pVQZ,aug-cc-pVQZ-ccECP,-ccECP,Ni:aug-cc-pVQZ-ccECP,PASS,source library name retained as the label stem; declared disambiguating suffix '-ccECP' appended: aug-cc-pVQZ -> aug-cc-pVQZ-ccECP,by_element/Ni/Ni.aug-cc-pVQZ.cfour
Ni,recipes/Ni/ccECP,Ni.aug-cc-pVTZ.gamess,basis,ccECP,aug-cc-pVTZ,aug-cc-pVTZ-ccECP,-ccECP,Ni:aug-cc-pVTZ-ccECP,PASS,source library name retained as the label stem; declared disambiguating suffix '-ccECP' appended: aug-cc-pVTZ -> aug-cc-pVTZ-ccECP,by_element/Ni/Ni.aug-cc-pVTZ.cfour
Ni,recipes/Ni/ccECP,Ni.cc-pCV5Z.gamess,basis,ccECP,cc-pCV5Z,cc-pCV5Z-ccECP,-ccECP,Ni:cc-pCV5Z-ccECP,PASS,source library name retained as the label stem; declared disambiguating suffix '-ccECP' appended: cc-pCV5Z -> cc-pCV5Z-ccECP,by_element/Ni/Ni.cc-pCV5Z.cfour
Ni,recipes/Ni/ccECP,Ni.cc-pCVDZ.gamess,basis,ccECP,cc-pCVDZ,cc-pCVDZ-ccECP,-ccECP,Ni:cc-pCVDZ-ccECP,PASS,source library name retained as the label stem; declared disambiguating suffix '-ccECP' appended: cc-pCVDZ -> cc-pCVDZ-ccECP,by_element/Ni/Ni.cc-pCVDZ.cfour
Ni,recipes/Ni/ccECP,Ni.cc-pCVQZ.gamess,basis,ccECP,cc-pCVQZ,cc-pCVQZ-ccECP,-ccECP,Ni:cc-pCVQZ-ccECP,PASS,source library name retained as the label stem; declared disambiguating suffix '-ccECP' appended: cc-pCVQZ -> cc-pCVQZ-ccECP,by_element/Ni/Ni.cc-pCVQZ.cfour
Ni,recipes/Ni/ccECP,Ni.cc-pCVTZ.gamess,basis,ccECP,cc-pCVTZ,cc-pCVTZ-ccECP,-ccECP,Ni:cc-pCVTZ-ccECP,PASS,source library name retained as the label stem; declared disambiguating suffix '-ccECP' appended: cc-pCVTZ -> cc-pCVTZ-ccECP,by_element/Ni/Ni.cc-pCVTZ.cfour
Ni,recipes/Ni/ccECP,Ni.cc-pV5Z.gamess,basis,ccECP,cc-pV5Z,cc-pV5Z-ccECP,-ccECP,Ni:cc-pV5Z-ccECP,PASS,source library name retained as the label stem; declared disambiguating suffix '-ccECP' appended: cc-pV5Z -> cc-pV5Z-ccECP,by_element/Ni/Ni.cc-pV5Z.cfour
Ni,recipes/Ni/ccECP,Ni.cc-pVDZ.gamess,basis,ccECP,cc-pVDZ,cc-pVDZ-ccECP,-ccECP,Ni:cc-pVDZ-ccECP,PASS,source library name retained as the label stem; declared disambiguating suffix '-ccECP' appended: cc-pVDZ -> cc-pVDZ-ccECP,by_element/Ni/Ni.cc-pVDZ.cfour
Ni,recipes/Ni/ccECP,Ni.cc-pVQZ.gamess,basis,ccECP,cc-pVQZ,cc-pVQZ-ccECP,-ccECP,Ni:cc-pVQZ-ccECP,PASS,source library name retained as the label stem; declared disambiguating suffix '-ccECP' appended: cc-pVQZ -> cc-pVQZ-ccECP,by_element/Ni/Ni.cc-pVQZ.cfour
Ni,recipes/Ni/ccECP,Ni.cc-pVTZ.gamess,basis,ccECP,cc-pVTZ,cc-pVTZ-ccECP,-ccECP,Ni:cc-pVTZ-ccECP,PASS,source library name retained as the label stem; declared disambiguating suffix '-ccECP' appended: cc-pVTZ -> cc-pVTZ-ccECP,by_element/Ni/Ni.cc-pVTZ.cfour
O,recipes/O/ccECP,O.aug-cc-pV5Z.gamess,basis,ccECP,aug-cc-pV5Z,aug-cc-pV5Z-ccECP,-ccECP,O:aug-cc-pV5Z-ccECP,PASS,source library name retained as the label stem; declared disambiguating suffix '-ccECP' appended: aug-cc-pV5Z -> aug-cc-pV5Z-ccECP,by_element/O/O.aug-cc-pV5Z.cfour
O,recipes/O/ccECP,O.aug-cc-pV6Z.gamess,basis,ccECP,aug-cc-pV6Z,aug-cc-pV6Z-ccECP,-ccECP,O:aug-cc-pV6Z-ccECP,PASS,source library name retained as the label stem; declared disambiguating suffix '-ccECP' appended: aug-cc-pV6Z -> aug-cc-pV6Z-ccECP,by_element/O/O.aug-cc-pV6Z.cfour
O,recipes/O/ccECP,O.aug-cc-pVDZ.gamess,basis,ccECP,aug-cc-pVDZ,aug-cc-pVDZ-ccECP,-ccECP,O:aug-cc-pVDZ-ccECP,PASS,source library name retained as the label stem; declared disambiguating suffix '-ccECP' appended: aug-cc-pVDZ -> aug-cc-pVDZ-ccECP,by_element/O/O.aug-cc-pVDZ.cfour
O,recipes/O/ccECP,O.aug-cc-pVQZ.gamess,basis,ccECP,aug-cc-pVQZ,aug-cc-pVQZ-ccECP,-ccECP,O:aug-cc-pVQZ-ccECP,PASS,source library name retained as the label stem; declared disambiguating suffix '-ccECP' appended: aug-cc-pVQZ -> aug-cc-pVQZ-ccECP,by_element/O/O.aug-cc-pVQZ.cfour
O,recipes/O/ccECP,O.aug-cc-pVTZ.gamess,basis,ccECP,aug-cc-pVTZ,aug-cc-pVTZ-ccECP,-ccECP,O:aug-cc-pVTZ-ccECP,PASS,source library name retained as the label stem; declared disambiguating suffix '-ccECP' appended: aug-cc-pVTZ -> aug-cc-pVTZ-ccECP,by_element/O/O.aug-cc-pVTZ.cfour
O,recipes/O/ccECP,O.cc-pV5Z.gamess,basis,ccECP,cc-pV5Z,cc-pV5Z-ccECP,-ccECP,O:cc-pV5Z-ccECP,PASS,source library name retained as the label stem; declared disambiguating suffix '-ccECP' appended: cc-pV5Z -> cc-pV5Z-ccECP,by_element/O/O.cc-pV5Z.cfour
O,recipes/O/ccECP,O.cc-pV6Z.gamess,basis,ccECP,cc-pV6Z,cc-pV6Z-ccECP,-ccECP,O:cc-pV6Z-ccECP,PASS,source library name retained as the label stem; declared disambiguating suffix '-ccECP' appended: cc-pV6Z -> cc-pV6Z-ccECP,by_element/O/O.cc-pV6Z.cfour
O,recipes/O/ccECP,O.cc-pVDZ.gamess,basis,ccECP,cc-pVDZ,cc-pVDZ-ccECP,-ccECP,O:cc-pVDZ-ccECP,PASS,source library name retained as the label stem; declared disambiguating suffix '-ccECP' appended: cc-pVDZ -> cc-pVDZ-ccECP,by_element/O/O.cc-pVDZ.cfour
O,recipes/O/ccECP,O.cc-pVQZ.gamess,basis,ccECP,cc-pVQZ,cc-pVQZ-ccECP,-ccECP,O:cc-pVQZ-ccECP,PASS,source library name retained as the label stem; declared disambiguating suffix '-ccECP' appended: cc-pVQZ -> cc-pVQZ-ccECP,by_element/O/O.cc-pVQZ.cfour
O,recipes/O/ccECP,O.cc-pVTZ.gamess,basis,ccECP,cc-pVTZ,cc-pVTZ-ccECP,-ccECP,O:cc-pVTZ-ccECP,PASS,source library name retained as the label stem; declared disambiguating suffix '-ccECP' appended: cc-pVTZ -> cc-pVTZ-ccECP,by_element/O/O.cc-pVTZ.cfour
P,recipes/P/ccECP,P.aug-cc-pV5Z.gamess,basis,ccECP,aug-cc-pV5Z,aug-cc-pV5Z-ccECP,-ccECP,P:aug-cc-pV5Z-ccECP,PASS,source library name retained as the label stem; declared disambiguating suffix '-ccECP' appended: aug-cc-pV5Z -> aug-cc-pV5Z-ccECP,by_element/P/P.aug-cc-pV5Z.cfour
P,recipes/P/ccECP,P.aug-cc-pV6Z.gamess,basis,ccECP,aug-cc-pV6Z,aug-cc-pV6Z-ccECP,-ccECP,P:aug-cc-pV6Z-ccECP,PASS,source library name retained as the label stem; declared disambiguating suffix '-ccECP' appended: aug-cc-pV6Z -> aug-cc-pV6Z-ccECP,by_element/P/P.aug-cc-pV6Z.cfour
P,recipes/P/ccECP,P.aug-cc-pVDZ.gamess,basis,ccECP,aug-cc-pVDZ,aug-cc-pVDZ-ccECP,-ccECP,P:aug-cc-pVDZ-ccECP,PASS,source library name retained as the label stem; declared disambiguating suffix '-ccECP' appended: aug-cc-pVDZ -> aug-cc-pVDZ-ccECP,by_element/P/P.aug-cc-pVDZ.cfour
P,recipes/P/ccECP,P.aug-cc-pVQZ.gamess,basis,ccECP,aug-cc-pVQZ,aug-cc-pVQZ-ccECP,-ccECP,P:aug-cc-pVQZ-ccECP,PASS,source library name retained as the label stem; declared disambiguating suffix '-ccECP' appended: aug-cc-pVQZ -> aug-cc-pVQZ-ccECP,by_element/P/P.aug-cc-pVQZ.cfour
P,recipes/P/ccECP,P.aug-cc-pVTZ.gamess,basis,ccECP,aug-cc-pVTZ,aug-cc-pVTZ-ccECP,-ccECP,P:aug-cc-pVTZ-ccECP,PASS,source library name retained as the label stem; declared disambiguating suffix '-ccECP' appended: aug-cc-pVTZ -> aug-cc-pVTZ-ccECP,by_element/P/P.aug-cc-pVTZ.cfour
P,recipes/P/ccECP,P.cc-pV5Z.gamess,basis,ccECP,cc-pV5Z,cc-pV5Z-ccECP,-ccECP,P:cc-pV5Z-ccECP,PASS,source library name retained as the label stem; declared disambiguating suffix '-ccECP' appended: cc-pV5Z -> cc-pV5Z-ccECP,by_element/P/P.cc-pV5Z.cfour
P,recipes/P/ccECP,P.cc-pV6Z.gamess,basis,ccECP,cc-pV6Z,cc-pV6Z-ccECP,-ccECP,P:cc-pV6Z-ccECP,PASS,source library name retained as the label stem; declared disambiguating suffix '-ccECP' appended: cc-pV6Z -> cc-pV6Z-ccECP,by_element/P/P.cc-pV6Z.cfour
P,recipes/P/ccECP,P.cc-pVDZ.gamess,basis,ccECP,cc-pVDZ,cc-pVDZ-ccECP,-ccECP,P:cc-pVDZ-ccECP,PASS,source library name retained as the label stem; declared disambiguating suffix '-ccECP' appended: cc-pVDZ -> cc-pVDZ-ccECP,by_element/P/P.cc-pVDZ.cfour
P,recipes/P/ccECP,P.cc-pVQZ.gamess,basis,ccECP,cc-pVQZ,cc-pVQZ-ccECP,-ccECP,P:cc-pVQZ-ccECP,PASS,source library name retained as the label stem; declared disambiguating suffix '-ccECP' appended: cc-pVQZ -> cc-pVQZ-ccECP,by_element/P/P.cc-pVQZ.cfour
P,recipes/P/ccECP,P.cc-pVTZ.gamess,basis,ccECP,cc-pVTZ,cc-pVTZ-ccECP,-ccECP,P:cc-pVTZ-ccECP,PASS,source library name retained as the label stem; declared disambiguating suffix '-ccECP' appended: cc-pVTZ -> cc-pVTZ-ccECP,by_element/P/P.cc-pVTZ.cfour
Pb,recipes/Pb/ccECP,Pb.aug-cc-pV5Z.gamess,basis,ccECP,aug-cc-pV5Z,aug-cc-pV5Z-ccECP,-ccECP,Pb:aug-cc-pV5Z-ccECP,PASS,source library name retained as the label stem; declared disambiguating suffix '-ccECP' appended: aug-cc-pV5Z -> aug-cc-pV5Z-ccECP,by_element/Pb/Pb.aug-cc-pV5Z.cfour
Pb,recipes/Pb/ccECP,Pb.aug-cc-pVDZ.gamess,basis,ccECP,aug-cc-pVDZ,aug-cc-pVDZ-ccECP,-ccECP,Pb:aug-cc-pVDZ-ccECP,PASS,source library name retained as the label stem; declared disambiguating suffix '-ccECP' appended: aug-cc-pVDZ -> aug-cc-pVDZ-ccECP,by_element/Pb/Pb.aug-cc-pVDZ.cfour
Pb,recipes/Pb/ccECP,Pb.aug-cc-pVQZ.gamess,basis,ccECP,aug-cc-pVQZ,aug-cc-pVQZ-ccECP,-ccECP,Pb:aug-cc-pVQZ-ccECP,PASS,source library name retained as the label stem; declared disambiguating suffix '-ccECP' appended: aug-cc-pVQZ -> aug-cc-pVQZ-ccECP,by_element/Pb/Pb.aug-cc-pVQZ.cfour
Pb,recipes/Pb/ccECP,Pb.aug-cc-pVTZ.gamess,basis,ccECP,aug-cc-pVTZ,aug-cc-pVTZ-ccECP,-ccECP,Pb:aug-cc-pVTZ-ccECP,PASS,source library name retained as the label stem; declared disambiguating suffix '-ccECP' appended: aug-cc-pVTZ -> aug-cc-pVTZ-ccECP,by_element/Pb/Pb.aug-cc-pVTZ.cfour
Pb,recipes/Pb/ccECP,Pb.cc-pV5Z.gamess,basis,ccECP,cc-pV5Z,cc-pV5Z-ccECP,-ccECP,Pb:cc-pV5Z-ccECP,PASS,source library name retained as the label stem; declared disambiguating suffix '-ccECP' appended: cc-pV5Z -> cc-pV5Z-ccECP,by_element/Pb/Pb.cc-pV5Z.cfour
Pb,recipes/Pb/ccECP,Pb.cc-pVDZ.gamess,basis,ccECP,cc-pVDZ,cc-pVDZ-ccECP,-ccECP,Pb:cc-pVDZ-ccECP,PASS,source library name retained as the label stem; declared disambiguating suffix '-ccECP' appended: cc-pVDZ -> cc-pVDZ-ccECP,by_element/Pb/Pb.cc-pVDZ.cfour
Pb,recipes/Pb/ccECP,Pb.cc-pVQZ.gamess,basis,ccECP,cc-pVQZ,cc-pVQZ-ccECP,-ccECP,Pb:cc-pVQZ-ccECP,PASS,source library name retained as the label stem; declared disambiguating suffix '-ccECP' appended: cc-pVQZ -> cc-pVQZ-ccECP,by_element/Pb/Pb.cc-pVQZ.cfour
Pb,recipes/Pb/ccECP,Pb.cc-pVTZ.gamess,basis,ccECP,cc-pVTZ,cc-pVTZ-ccECP,-ccECP,Pb:cc-pVTZ-ccECP,PASS,source library name retained as the label stem; declared disambiguating suffix '-ccECP' appended: cc-pVTZ -> cc-pVTZ-ccECP,by_element/Pb/Pb.cc-pVTZ.cfour
Pd,recipes/Pd/ccECP,Pd.aug-cc-pCV5Z.gamess,basis,ccECP,aug-cc-pCV5Z,aug-cc-pCV5Z-ccECP,-ccECP,Pd:aug-cc-pCV5Z-ccECP,PASS,source library name retained as the label stem; declared disambiguating suffix '-ccECP' appended: aug-cc-pCV5Z -> aug-cc-pCV5Z-ccECP,by_element/Pd/Pd.aug-cc-pCV5Z.cfour
Pd,recipes/Pd/ccECP,Pd.aug-cc-pCVDZ.gamess,basis,ccECP,aug-cc-pCVDZ,aug-cc-pCVDZ-ccECP,-ccECP,Pd:aug-cc-pCVDZ-ccECP,PASS,source library name retained as the label stem; declared disambiguating suffix '-ccECP' appended: aug-cc-pCVDZ -> aug-cc-pCVDZ-ccECP,by_element/Pd/Pd.aug-cc-pCVDZ.cfour
Pd,recipes/Pd/ccECP,Pd.aug-cc-pCVQZ.gamess,basis,ccECP,aug-cc-pCVQZ,aug-cc-pCVQZ-ccECP,-ccECP,Pd:aug-cc-pCVQZ-ccECP,PASS,source library name retained as the label stem; declared disambiguating suffix '-ccECP' appended: aug-cc-pCVQZ -> aug-cc-pCVQZ-ccECP,by_element/Pd/Pd.aug-cc-pCVQZ.cfour
Pd,recipes/Pd/ccECP,Pd.aug-cc-pCVTZ.gamess,basis,ccECP,aug-cc-pCVTZ,aug-cc-pCVTZ-ccECP,-ccECP,Pd:aug-cc-pCVTZ-ccECP,PASS,source library name retained as the label stem; declared disambiguating suffix '-ccECP' appended: aug-cc-pCVTZ -> aug-cc-pCVTZ-ccECP,by_element/Pd/Pd.aug-cc-pCVTZ.cfour
Pd,recipes/Pd/ccECP,Pd.aug-cc-pV5Z.gamess,basis,ccECP,aug-cc-pV5Z,aug-cc-pV5Z-ccECP,-ccECP,Pd:aug-cc-pV5Z-ccECP,PASS,source library name retained as the label stem; declared disambiguating suffix '-ccECP' appended: aug-cc-pV5Z -> aug-cc-pV5Z-ccECP,by_element/Pd/Pd.aug-cc-pV5Z.cfour
Pd,recipes/Pd/ccECP,Pd.aug-cc-pVDZ.gamess,basis,ccECP,aug-cc-pVDZ,aug-cc-pVDZ-ccECP,-ccECP,Pd:aug-cc-pVDZ-ccECP,PASS,source library name retained as the label stem; declared disambiguating suffix '-ccECP' appended: aug-cc-pVDZ -> aug-cc-pVDZ-ccECP,by_element/Pd/Pd.aug-cc-pVDZ.cfour
Pd,recipes/Pd/ccECP,Pd.aug-cc-pVQZ.gamess,basis,ccECP,aug-cc-pVQZ,aug-cc-pVQZ-ccECP,-ccECP,Pd:aug-cc-pVQZ-ccECP,PASS,source library name retained as the label stem; declared disambiguating suffix '-ccECP' appended: aug-cc-pVQZ -> aug-cc-pVQZ-ccECP,by_element/Pd/Pd.aug-cc-pVQZ.cfour
Pd,recipes/Pd/ccECP,Pd.aug-cc-pVTZ.gamess,basis,ccECP,aug-cc-pVTZ,aug-cc-pVTZ-ccECP,-ccECP,Pd:aug-cc-pVTZ-ccECP,PASS,source library name retained as the label stem; declared disambiguating suffix '-ccECP' appended: aug-cc-pVTZ -> aug-cc-pVTZ-ccECP,by_element/Pd/Pd.aug-cc-pVTZ.cfour
Pd,recipes/Pd/ccECP,Pd.cc-pCV5Z.gamess,basis,ccECP,cc-pCV5Z,cc-pCV5Z-ccECP,-ccECP,Pd:cc-pCV5Z-ccECP,PASS,source library name retained as the label stem; declared disambiguating suffix '-ccECP' appended: cc-pCV5Z -> cc-pCV5Z-ccECP,by_element/Pd/Pd.cc-pCV5Z.cfour
Pd,recipes/Pd/ccECP,Pd.cc-pCVDZ.gamess,basis,ccECP,cc-pCVDZ,cc-pCVDZ-ccECP,-ccECP,Pd:cc-pCVDZ-ccECP,PASS,source library name retained as the label stem; declared disambiguating suffix '-ccECP' appended: cc-pCVDZ -> cc-pCVDZ-ccECP,by_element/Pd/Pd.cc-pCVDZ.cfour
Pd,recipes/Pd/ccECP,Pd.cc-pCVQZ.gamess,basis,ccECP,cc-pCVQZ,cc-pCVQZ-ccECP,-ccECP,Pd:cc-pCVQZ-ccECP,PASS,source library name retained as the label stem; declared disambiguating suffix '-ccECP' appended: cc-pCVQZ -> cc-pCVQZ-ccECP,by_element/Pd/Pd.cc-pCVQZ.cfour
Pd,recipes/Pd/ccECP,Pd.cc-pCVTZ.gamess,basis,ccECP,cc-pCVTZ,cc-pCVTZ-ccECP,-ccECP,Pd:cc-pCVTZ-ccECP,PASS,source library name retained as the label stem; declared disambiguating suffix '-ccECP' appended: cc-pCVTZ -> cc-pCVTZ-ccECP,by_element/Pd/Pd.cc-pCVTZ.cfour
Pd,recipes/Pd/ccECP,Pd.cc-pV5Z.gamess,basis,ccECP,cc-pV5Z,cc-pV5Z-ccECP,-ccECP,Pd:cc-pV5Z-ccECP,PASS,source library name retained as the label stem; declared disambiguating suffix '-ccECP' appended: cc-pV5Z -> cc-pV5Z-ccECP,by_element/Pd/Pd.cc-pV5Z.cfour
Pd,recipes/Pd/ccECP,Pd.cc-pVDZ.gamess,basis,ccECP,cc-pVDZ,cc-pVDZ-ccECP,-ccECP,Pd:cc-pVDZ-ccECP,PASS,source library name retained as the label stem; declared disambiguating suffix '-ccECP' appended: cc-pVDZ -> cc-pVDZ-ccECP,by_element/Pd/Pd.cc-pVDZ.cfour
Pd,recipes/Pd/ccECP,Pd.cc-pVQZ.gamess,basis,ccECP,cc-pVQZ,cc-pVQZ-ccECP,-ccECP,Pd:cc-pVQZ-ccECP,PASS,source library name retained as the label stem; declared disambiguating suffix '-ccECP' appended: cc-pVQZ -> cc-pVQZ-ccECP,by_element/Pd/Pd.cc-pVQZ.cfour
Pd,recipes/Pd/ccECP,Pd.cc-pVTZ.gamess,basis,ccECP,cc-pVTZ,cc-pVTZ-ccECP,-ccECP,Pd:cc-pVTZ-ccECP,PASS,source library name retained as the label stem; declared disambiguating suffix '-ccECP' appended: cc-pVTZ -> cc-pVTZ-ccECP,by_element/Pd/Pd.cc-pVTZ.cfour
Pt,recipes/Pt/ccECP,Pt.aug-cc-pCV5Z.gamess,basis,ccECP,aug-cc-pCV5Z,aug-cc-pCV5Z-ccECP,-ccECP,Pt:aug-cc-pCV5Z-ccECP,PASS,source library name retained as the label stem; declared disambiguating suffix '-ccECP' appended: aug-cc-pCV5Z -> aug-cc-pCV5Z-ccECP,by_element/Pt/Pt.aug-cc-pCV5Z.cfour
Pt,recipes/Pt/ccECP,Pt.aug-cc-pCVDZ.gamess,basis,ccECP,aug-cc-pCVDZ,aug-cc-pCVDZ-ccECP,-ccECP,Pt:aug-cc-pCVDZ-ccECP,PASS,source library name retained as the label stem; declared disambiguating suffix '-ccECP' appended: aug-cc-pCVDZ -> aug-cc-pCVDZ-ccECP,by_element/Pt/Pt.aug-cc-pCVDZ.cfour
Pt,recipes/Pt/ccECP,Pt.aug-cc-pCVQZ.gamess,basis,ccECP,aug-cc-pCVQZ,aug-cc-pCVQZ-ccECP,-ccECP,Pt:aug-cc-pCVQZ-ccECP,PASS,source library name retained as the label stem; declared disambiguating suffix '-ccECP' appended: aug-cc-pCVQZ -> aug-cc-pCVQZ-ccECP,by_element/Pt/Pt.aug-cc-pCVQZ.cfour
Pt,recipes/Pt/ccECP,Pt.aug-cc-pCVTZ.gamess,basis,ccECP,aug-cc-pCVTZ,aug-cc-pCVTZ-ccECP,-ccECP,Pt:aug-cc-pCVTZ-ccECP,PASS,source library name retained as the label stem; declared disambiguating suffix '-ccECP' appended: aug-cc-pCVTZ -> aug-cc-pCVTZ-ccECP,by_element/Pt/Pt.aug-cc-pCVTZ.cfour
Pt,recipes/Pt/ccECP,Pt.aug-cc-pV5Z.gamess,basis,ccECP,aug-cc-pV5Z,aug-cc-pV5Z-ccECP,-ccECP,Pt:aug-cc-pV5Z-ccECP,PASS,source library name retained as the label stem; declared disambiguating suffix '-ccECP' appended: aug-cc-pV5Z -> aug-cc-pV5Z-ccECP,by_element/Pt/Pt.aug-cc-pV5Z.cfour
Pt,recipes/Pt/ccECP,Pt.aug-cc-pVDZ.gamess,basis,ccECP,aug-cc-pVDZ,aug-cc-pVDZ-ccECP,-ccECP,Pt:aug-cc-pVDZ-ccECP,PASS,source library name retained as the label stem; declared disambiguating suffix '-ccECP' appended: aug-cc-pVDZ -> aug-cc-pVDZ-ccECP,by_element/Pt/Pt.aug-cc-pVDZ.cfour
Pt,recipes/Pt/ccECP,Pt.aug-cc-pVQZ.gamess,basis,ccECP,aug-cc-pVQZ,aug-cc-pVQZ-ccECP,-ccECP,Pt:aug-cc-pVQZ-ccECP,PASS,source library name retained as the label stem; declared disambiguating suffix '-ccECP' appended: aug-cc-pVQZ -> aug-cc-pVQZ-ccECP,by_element/Pt/Pt.aug-cc-pVQZ.cfour
Pt,recipes/Pt/ccECP,Pt.aug-cc-pVTZ.gamess,basis,ccECP,aug-cc-pVTZ,aug-cc-pVTZ-ccECP,-ccECP,Pt:aug-cc-pVTZ-ccECP,PASS,source library name retained as the label stem; declared disambiguating suffix '-ccECP' appended: aug-cc-pVTZ -> aug-cc-pVTZ-ccECP,by_element/Pt/Pt.aug-cc-pVTZ.cfour
Pt,recipes/Pt/ccECP,Pt.cc-pCV5Z.gamess,basis,ccECP,cc-pCV5Z,cc-pCV5Z-ccECP,-ccECP,Pt:cc-pCV5Z-ccECP,PASS,source library name retained as the label stem; declared disambiguating suffix '-ccECP' appended: cc-pCV5Z -> cc-pCV5Z-ccECP,by_element/Pt/Pt.cc-pCV5Z.cfour
Pt,recipes/Pt/ccECP,Pt.cc-pCVDZ.gamess,basis,ccECP,cc-pCVDZ,cc-pCVDZ-ccECP,-ccECP,Pt:cc-pCVDZ-ccECP,PASS,source library name retained as the label stem; declared disambiguating suffix '-ccECP' appended: cc-pCVDZ -> cc-pCVDZ-ccECP,by_element/Pt/Pt.cc-pCVDZ.cfour
Pt,recipes/Pt/ccECP,Pt.cc-pCVQZ.gamess,basis,ccECP,cc-pCVQZ,cc-pCVQZ-ccECP,-ccECP,Pt:cc-pCVQZ-ccECP,PASS,source library name retained as the label stem; declared disambiguating suffix '-ccECP' appended: cc-pCVQZ -> cc-pCVQZ-ccECP,by_element/Pt/Pt.cc-pCVQZ.cfour
Pt,recipes/Pt/ccECP,Pt.cc-pCVTZ.gamess,basis,ccECP,cc-pCVTZ,cc-pCVTZ-ccECP,-ccECP,Pt:cc-pCVTZ-ccECP,PASS,source library name retained as the label stem; declared disambiguating suffix '-ccECP' appended: cc-pCVTZ -> cc-pCVTZ-ccECP,by_element/Pt/Pt.cc-pCVTZ.cfour
Pt,recipes/Pt/ccECP,Pt.cc-pV5Z.gamess,basis,ccECP,cc-pV5Z,cc-pV5Z-ccECP,-ccECP,Pt:cc-pV5Z-ccECP,PASS,source library name retained as the label stem; declared disambiguating suffix '-ccECP' appended: cc-pV5Z -> cc-pV5Z-ccECP,by_element/Pt/Pt.cc-pV5Z.cfour
Pt,recipes/Pt/ccECP,Pt.cc-pVDZ.gamess,basis,ccECP,cc-pVDZ,cc-pVDZ-ccECP,-ccECP,Pt:cc-pVDZ-ccECP,PASS,source library name retained as the label stem; declared disambiguating suffix '-ccECP' appended: cc-pVDZ -> cc-pVDZ-ccECP,by_element/Pt/Pt.cc-pVDZ.cfour
Pt,recipes/Pt/ccECP,Pt.cc-pVQZ.gamess,basis,ccECP,cc-pVQZ,cc-pVQZ-ccECP,-ccECP,Pt:cc-pVQZ-ccECP,PASS,source library name retained as the label stem; declared disambiguating suffix '-ccECP' appended: cc-pVQZ -> cc-pVQZ-ccECP,by_element/Pt/Pt.cc-pVQZ.cfour
Pt,recipes/Pt/ccECP,Pt.cc-pVTZ.gamess,basis,ccECP,cc-pVTZ,cc-pVTZ-ccECP,-ccECP,Pt:cc-pVTZ-ccECP,PASS,source library name retained as the label stem; declared disambiguating suffix '-ccECP' appended: cc-pVTZ -> cc-pVTZ-ccECP,by_element/Pt/Pt.cc-pVTZ.cfour
Rb,recipes/Rb/ccECP,Rb.aug-cc-pCV5Z.gamess,basis,ccECP,aug-cc-pCV5Z,aug-cc-pCV5Z-ccECP,-ccECP,Rb:aug-cc-pCV5Z-ccECP,PASS,source library name retained as the label stem; declared disambiguating suffix '-ccECP' appended: aug-cc-pCV5Z -> aug-cc-pCV5Z-ccECP,by_element/Rb/Rb.aug-cc-pCV5Z.cfour
Rb,recipes/Rb/ccECP,Rb.aug-cc-pCV6Z.gamess,basis,ccECP,aug-cc-pCV6Z,aug-cc-pCV6Z-ccECP,-ccECP,Rb:aug-cc-pCV6Z-ccECP,PASS,source library name retained as the label stem; declared disambiguating suffix '-ccECP' appended: aug-cc-pCV6Z -> aug-cc-pCV6Z-ccECP,by_element/Rb/Rb.aug-cc-pCV6Z.cfour
Rb,recipes/Rb/ccECP,Rb.aug-cc-pCVDZ.gamess,basis,ccECP,aug-cc-pCVDZ,aug-cc-pCVDZ-ccECP,-ccECP,Rb:aug-cc-pCVDZ-ccECP,PASS,source library name retained as the label stem; declared disambiguating suffix '-ccECP' appended: aug-cc-pCVDZ -> aug-cc-pCVDZ-ccECP,by_element/Rb/Rb.aug-cc-pCVDZ.cfour
Rb,recipes/Rb/ccECP,Rb.aug-cc-pCVQZ.gamess,basis,ccECP,aug-cc-pCVQZ,aug-cc-pCVQZ-ccECP,-ccECP,Rb:aug-cc-pCVQZ-ccECP,PASS,source library name retained as the label stem; declared disambiguating suffix '-ccECP' appended: aug-cc-pCVQZ -> aug-cc-pCVQZ-ccECP,by_element/Rb/Rb.aug-cc-pCVQZ.cfour
Rb,recipes/Rb/ccECP,Rb.aug-cc-pCVTZ.gamess,basis,ccECP,aug-cc-pCVTZ,aug-cc-pCVTZ-ccECP,-ccECP,Rb:aug-cc-pCVTZ-ccECP,PASS,source library name retained as the label stem; declared disambiguating suffix '-ccECP' appended: aug-cc-pCVTZ -> aug-cc-pCVTZ-ccECP,by_element/Rb/Rb.aug-cc-pCVTZ.cfour
Rb,recipes/Rb/ccECP,Rb.aug-cc-pV5Z.gamess,basis,ccECP,aug-cc-pV5Z,aug-cc-pV5Z-ccECP,-ccECP,Rb:aug-cc-pV5Z-ccECP,PASS,source library name retained as the label stem; declared disambiguating suffix '-ccECP' appended: aug-cc-pV5Z -> aug-cc-pV5Z-ccECP,by_element/Rb/Rb.aug-cc-pV5Z.cfour
Rb,recipes/Rb/ccECP,Rb.aug-cc-pV6Z.gamess,basis,ccECP,aug-cc-pV6Z,aug-cc-pV6Z-ccECP,-ccECP,Rb:aug-cc-pV6Z-ccECP,PASS,source library name retained as the label stem; declared disambiguating suffix '-ccECP' appended: aug-cc-pV6Z -> aug-cc-pV6Z-ccECP,by_element/Rb/Rb.aug-cc-pV6Z.cfour
Rb,recipes/Rb/ccECP,Rb.aug-cc-pVDZ.gamess,basis,ccECP,aug-cc-pVDZ,aug-cc-pVDZ-ccECP,-ccECP,Rb:aug-cc-pVDZ-ccECP,PASS,source library name retained as the label stem; declared disambiguating suffix '-ccECP' appended: aug-cc-pVDZ -> aug-cc-pVDZ-ccECP,by_element/Rb/Rb.aug-cc-pVDZ.cfour
Rb,recipes/Rb/ccECP,Rb.aug-cc-pVQZ.gamess,basis,ccECP,aug-cc-pVQZ,aug-cc-pVQZ-ccECP,-ccECP,Rb:aug-cc-pVQZ-ccECP,PASS,source library name retained as the label stem; declared disambiguating suffix '-ccECP' appended: aug-cc-pVQZ -> aug-cc-pVQZ-ccECP,by_element/Rb/Rb.aug-cc-pVQZ.cfour
Rb,recipes/Rb/ccECP,Rb.aug-cc-pVTZ.gamess,basis,ccECP,aug-cc-pVTZ,aug-cc-pVTZ-ccECP,-ccECP,Rb:aug-cc-pVTZ-ccECP,PASS,source library name retained as the label stem; declared disambiguating suffix '-ccECP' appended: aug-cc-pVTZ -> aug-cc-pVTZ-ccECP,by_element/Rb/Rb.aug-cc-pVTZ.cfour
Rb,recipes/Rb/ccECP,Rb.cc-pCV5Z.gamess,basis,ccECP,cc-pCV5Z,cc-pCV5Z-ccECP,-ccECP,Rb:cc-pCV5Z-ccECP,PASS,source library name retained as the label stem; declared disambiguating suffix '-ccECP' appended: cc-pCV5Z -> cc-pCV5Z-ccECP,by_element/Rb/Rb.cc-pCV5Z.cfour
Rb,recipes/Rb/ccECP,Rb.cc-pCV6Z.gamess,basis,ccECP,cc-pCV6Z,cc-pCV6Z-ccECP,-ccECP,Rb:cc-pCV6Z-ccECP,PASS,source library name retained as the label stem; declared disambiguating suffix '-ccECP' appended: cc-pCV6Z -> cc-pCV6Z-ccECP,by_element/Rb/Rb.cc-pCV6Z.cfour
Rb,recipes/Rb/ccECP,Rb.cc-pCVDZ.gamess,basis,ccECP,cc-pCVDZ,cc-pCVDZ-ccECP,-ccECP,Rb:cc-pCVDZ-ccECP,PASS,source library name retained as the label stem; declared disambiguating suffix '-ccECP' appended: cc-pCVDZ -> cc-pCVDZ-ccECP,by_element/Rb/Rb.cc-pCVDZ.cfour
Rb,recipes/Rb/ccECP,Rb.cc-pCVQZ.gamess,basis,ccECP,cc-pCVQZ,cc-pCVQZ-ccECP,-ccECP,Rb:cc-pCVQZ-ccECP,PASS,source library name retained as the label stem; declared disambiguating suffix '-ccECP' appended: cc-pCVQZ -> cc-pCVQZ-ccECP,by_element/Rb/Rb.cc-pCVQZ.cfour
Rb,recipes/Rb/ccECP,Rb.cc-pCVTZ.gamess,basis,ccECP,cc-pCVTZ,cc-pCVTZ-ccECP,-ccECP,Rb:cc-pCVTZ-ccECP,PASS,source library name retained as the label stem; declared disambiguating suffix '-ccECP' appended: cc-pCVTZ -> cc-pCVTZ-ccECP,by_element/Rb/Rb.cc-pCVTZ.cfour
Rb,recipes/Rb/ccECP,Rb.cc-pV5Z.gamess,basis,ccECP,cc-pV5Z,cc-pV5Z-ccECP,-ccECP,Rb:cc-pV5Z-ccECP,PASS,source library name retained as the label stem; declared disambiguating suffix '-ccECP' appended: cc-pV5Z -> cc-pV5Z-ccECP,by_element/Rb/Rb.cc-pV5Z.cfour
Rb,recipes/Rb/ccECP,Rb.cc-pV6Z.gamess,basis,ccECP,cc-pV6Z,cc-pV6Z-ccECP,-ccECP,Rb:cc-pV6Z-ccECP,PASS,source library name retained as the label stem; declared disambiguating suffix '-ccECP' appended: cc-pV6Z -> cc-pV6Z-ccECP,by_element/Rb/Rb.cc-pV6Z.cfour
Rb,recipes/Rb/ccECP,Rb.cc-pVDZ.gamess,basis,ccECP,cc-pVDZ,cc-pVDZ-ccECP,-ccECP,Rb:cc-pVDZ-ccECP,PASS,source library name retained as the label stem; declared disambiguating suffix '-ccECP' appended: cc-pVDZ -> cc-pVDZ-ccECP,by_element/Rb/Rb.cc-pVDZ.cfour
Rb,recipes/Rb/ccECP,Rb.cc-pVQZ.gamess,basis,ccECP,cc-pVQZ,cc-pVQZ-ccECP,-ccECP,Rb:cc-pVQZ-ccECP,PASS,source library name retained as the label stem; declared disambiguating suffix '-ccECP' appended: cc-pVQZ -> cc-pVQZ-ccECP,by_element/Rb/Rb.cc-pVQZ.cfour
Rb,recipes/Rb/ccECP,Rb.cc-pVTZ.gamess,basis,ccECP,cc-pVTZ,cc-pVTZ-ccECP,-ccECP,Rb:cc-pVTZ-ccECP,PASS,source library name retained as the label stem; declared disambiguating suffix '-ccECP' appended: cc-pVTZ -> cc-pVTZ-ccECP,by_element/Rb/Rb.cc-pVTZ.cfour
Re,recipes/Re/ccECP,Re.aug-cc-pCV5Z.gamess,basis,ccECP,aug-cc-pCV5Z,aug-cc-pCV5Z-ccECP,-ccECP,Re:aug-cc-pCV5Z-ccECP,PASS,source library name retained as the label stem; declared disambiguating suffix '-ccECP' appended: aug-cc-pCV5Z -> aug-cc-pCV5Z-ccECP,by_element/Re/Re.aug-cc-pCV5Z.cfour
Re,recipes/Re/ccECP,Re.aug-cc-pCVDZ.gamess,basis,ccECP,aug-cc-pCVDZ,aug-cc-pCVDZ-ccECP,-ccECP,Re:aug-cc-pCVDZ-ccECP,PASS,source library name retained as the label stem; declared disambiguating suffix '-ccECP' appended: aug-cc-pCVDZ -> aug-cc-pCVDZ-ccECP,by_element/Re/Re.aug-cc-pCVDZ.cfour
Re,recipes/Re/ccECP,Re.aug-cc-pCVQZ.gamess,basis,ccECP,aug-cc-pCVQZ,aug-cc-pCVQZ-ccECP,-ccECP,Re:aug-cc-pCVQZ-ccECP,PASS,source library name retained as the label stem; declared disambiguating suffix '-ccECP' appended: aug-cc-pCVQZ -> aug-cc-pCVQZ-ccECP,by_element/Re/Re.aug-cc-pCVQZ.cfour
Re,recipes/Re/ccECP,Re.aug-cc-pCVTZ.gamess,basis,ccECP,aug-cc-pCVTZ,aug-cc-pCVTZ-ccECP,-ccECP,Re:aug-cc-pCVTZ-ccECP,PASS,source library name retained as the label stem; declared disambiguating suffix '-ccECP' appended: aug-cc-pCVTZ -> aug-cc-pCVTZ-ccECP,by_element/Re/Re.aug-cc-pCVTZ.cfour
Re,recipes/Re/ccECP,Re.aug-cc-pV5Z.gamess,basis,ccECP,aug-cc-pV5Z,aug-cc-pV5Z-ccECP,-ccECP,Re:aug-cc-pV5Z-ccECP,PASS,source library name retained as the label stem; declared disambiguating suffix '-ccECP' appended: aug-cc-pV5Z -> aug-cc-pV5Z-ccECP,by_element/Re/Re.aug-cc-pV5Z.cfour
Re,recipes/Re/ccECP,Re.aug-cc-pVDZ.gamess,basis,ccECP,aug-cc-pVDZ,aug-cc-pVDZ-ccECP,-ccECP,Re:aug-cc-pVDZ-ccECP,PASS,source library name retained as the label stem; declared disambiguating suffix '-ccECP' appended: aug-cc-pVDZ -> aug-cc-pVDZ-ccECP,by_element/Re/Re.aug-cc-pVDZ.cfour
Re,recipes/Re/ccECP,Re.aug-cc-pVQZ.gamess,basis,ccECP,aug-cc-pVQZ,aug-cc-pVQZ-ccECP,-ccECP,Re:aug-cc-pVQZ-ccECP,PASS,source library name retained as the label stem; declared disambiguating suffix '-ccECP' appended: aug-cc-pVQZ -> aug-cc-pVQZ-ccECP,by_element/Re/Re.aug-cc-pVQZ.cfour
Re,recipes/Re/ccECP,Re.aug-cc-pVTZ.gamess,basis,ccECP,aug-cc-pVTZ,aug-cc-pVTZ-ccECP,-ccECP,Re:aug-cc-pVTZ-ccECP,PASS,source library name retained as the label stem; declared disambiguating suffix '-ccECP' appended: aug-cc-pVTZ -> aug-cc-pVTZ-ccECP,by_element/Re/Re.aug-cc-pVTZ.cfour
Re,recipes/Re/ccECP,Re.cc-pCV5Z.gamess,basis,ccECP,cc-pCV5Z,cc-pCV5Z-ccECP,-ccECP,Re:cc-pCV5Z-ccECP,PASS,source library name retained as the label stem; declared disambiguating suffix '-ccECP' appended: cc-pCV5Z -> cc-pCV5Z-ccECP,by_element/Re/Re.cc-pCV5Z.cfour
Re,recipes/Re/ccECP,Re.cc-pCVDZ.gamess,basis,ccECP,cc-pCVDZ,cc-pCVDZ-ccECP,-ccECP,Re:cc-pCVDZ-ccECP,PASS,source library name retained as the label stem; declared disambiguating suffix '-ccECP' appended: cc-pCVDZ -> cc-pCVDZ-ccECP,by_element/Re/Re.cc-pCVDZ.cfour
Re,recipes/Re/ccECP,Re.cc-pCVQZ.gamess,basis,ccECP,cc-pCVQZ,cc-pCVQZ-ccECP,-ccECP,Re:cc-pCVQZ-ccECP,PASS,source library name retained as the label stem; declared disambiguating suffix '-ccECP' appended: cc-pCVQZ -> cc-pCVQZ-ccECP,by_element/Re/Re.cc-pCVQZ.cfour
Re,recipes/Re/ccECP,Re.cc-pCVTZ.gamess,basis,ccECP,cc-pCVTZ,cc-pCVTZ-ccECP,-ccECP,Re:cc-pCVTZ-ccECP,PASS,source library name retained as the label stem; declared disambiguating suffix '-ccECP' appended: cc-pCVTZ -> cc-pCVTZ-ccECP,by_element/Re/Re.cc-pCVTZ.cfour
Re,recipes/Re/ccECP,Re.cc-pV5Z.gamess,basis,ccECP,cc-pV5Z,cc-pV5Z-ccECP,-ccECP,Re:cc-pV5Z-ccECP,PASS,source library name retained as the label stem; declared disambiguating suffix '-ccECP' appended: cc-pV5Z -> cc-pV5Z-ccECP,by_element/Re/Re.cc-pV5Z.cfour
Re,recipes/Re/ccECP,Re.cc-pVDZ.gamess,basis,ccECP,cc-pVDZ,cc-pVDZ-ccECP,-ccECP,Re:cc-pVDZ-ccECP,PASS,source library name retained as the label stem; declared disambiguating suffix '-ccECP' appended: cc-pVDZ -> cc-pVDZ-ccECP,by_element/Re/Re.cc-pVDZ.cfour
Re,recipes/Re/ccECP,Re.cc-pVQZ.gamess,basis,ccECP,cc-pVQZ,cc-pVQZ-ccECP,-ccECP,Re:cc-pVQZ-ccECP,PASS,source library name retained as the label stem; declared disambiguating suffix '-ccECP' appended: cc-pVQZ -> cc-pVQZ-ccECP,by_element/Re/Re.cc-pVQZ.cfour
Re,recipes/Re/ccECP,Re.cc-pVTZ.gamess,basis,ccECP,cc-pVTZ,cc-pVTZ-ccECP,-ccECP,Re:cc-pVTZ-ccECP,PASS,source library name retained as the label stem; declared disambiguating suffix '-ccECP' appended: cc-pVTZ -> cc-pVTZ-ccECP,by_element/Re/Re.cc-pVTZ.cfour
Rh,recipes/Rh/ccECP,Rh.aug-cc-pCV5Z.gamess,basis,ccECP,aug-cc-pCV5Z,aug-cc-pCV5Z-ccECP,-ccECP,Rh:aug-cc-pCV5Z-ccECP,PASS,source library name retained as the label stem; declared disambiguating suffix '-ccECP' appended: aug-cc-pCV5Z -> aug-cc-pCV5Z-ccECP,by_element/Rh/Rh.aug-cc-pCV5Z.cfour
Rh,recipes/Rh/ccECP,Rh.aug-cc-pCVDZ.gamess,basis,ccECP,aug-cc-pCVDZ,aug-cc-pCVDZ-ccECP,-ccECP,Rh:aug-cc-pCVDZ-ccECP,PASS,source library name retained as the label stem; declared disambiguating suffix '-ccECP' appended: aug-cc-pCVDZ -> aug-cc-pCVDZ-ccECP,by_element/Rh/Rh.aug-cc-pCVDZ.cfour
Rh,recipes/Rh/ccECP,Rh.aug-cc-pCVQZ.gamess,basis,ccECP,aug-cc-pCVQZ,aug-cc-pCVQZ-ccECP,-ccECP,Rh:aug-cc-pCVQZ-ccECP,PASS,source library name retained as the label stem; declared disambiguating suffix '-ccECP' appended: aug-cc-pCVQZ -> aug-cc-pCVQZ-ccECP,by_element/Rh/Rh.aug-cc-pCVQZ.cfour
Rh,recipes/Rh/ccECP,Rh.aug-cc-pCVTZ.gamess,basis,ccECP,aug-cc-pCVTZ,aug-cc-pCVTZ-ccECP,-ccECP,Rh:aug-cc-pCVTZ-ccECP,PASS,source library name retained as the label stem; declared disambiguating suffix '-ccECP' appended: aug-cc-pCVTZ -> aug-cc-pCVTZ-ccECP,by_element/Rh/Rh.aug-cc-pCVTZ.cfour
Rh,recipes/Rh/ccECP,Rh.aug-cc-pV5Z.gamess,basis,ccECP,aug-cc-pV5Z,aug-cc-pV5Z-ccECP,-ccECP,Rh:aug-cc-pV5Z-ccECP,PASS,source library name retained as the label stem; declared disambiguating suffix '-ccECP' appended: aug-cc-pV5Z -> aug-cc-pV5Z-ccECP,by_element/Rh/Rh.aug-cc-pV5Z.cfour
Rh,recipes/Rh/ccECP,Rh.aug-cc-pVDZ.gamess,basis,ccECP,aug-cc-pVDZ,aug-cc-pVDZ-ccECP,-ccECP,Rh:aug-cc-pVDZ-ccECP,PASS,source library name retained as the label stem; declared disambiguating suffix '-ccECP' appended: aug-cc-pVDZ -> aug-cc-pVDZ-ccECP,by_element/Rh/Rh.aug-cc-pVDZ.cfour
Rh,recipes/Rh/ccECP,Rh.aug-cc-pVQZ.gamess,basis,ccECP,aug-cc-pVQZ,aug-cc-pVQZ-ccECP,-ccECP,Rh:aug-cc-pVQZ-ccECP,PASS,source library name retained as the label stem; declared disambiguating suffix '-ccECP' appended: aug-cc-pVQZ -> aug-cc-pVQZ-ccECP,by_element/Rh/Rh.aug-cc-pVQZ.cfour
Rh,recipes/Rh/ccECP,Rh.aug-cc-pVTZ.gamess,basis,ccECP,aug-cc-pVTZ,aug-cc-pVTZ-ccECP,-ccECP,Rh:aug-cc-pVTZ-ccECP,PASS,source library name retained as the label stem; declared disambiguating suffix '-ccECP' appended: aug-cc-pVTZ -> aug-cc-pVTZ-ccECP,by_element/Rh/Rh.aug-cc-pVTZ.cfour
Rh,recipes/Rh/ccECP,Rh.cc-pCV5Z.gamess,basis,ccECP,cc-pCV5Z,cc-pCV5Z-ccECP,-ccECP,Rh:cc-pCV5Z-ccECP,PASS,source library name retained as the label stem; declared disambiguating suffix '-ccECP' appended: cc-pCV5Z -> cc-pCV5Z-ccECP,by_element/Rh/Rh.cc-pCV5Z.cfour
Rh,recipes/Rh/ccECP,Rh.cc-pCVDZ.gamess,basis,ccECP,cc-pCVDZ,cc-pCVDZ-ccECP,-ccECP,Rh:cc-pCVDZ-ccECP,PASS,source library name retained as the label stem; declared disambiguating suffix '-ccECP' appended: cc-pCVDZ -> cc-pCVDZ-ccECP,by_element/Rh/Rh.cc-pCVDZ.cfour
Rh,recipes/Rh/ccECP,Rh.cc-pCVQZ.gamess,basis,ccECP,cc-pCVQZ,cc-pCVQZ-ccECP,-ccECP,Rh:cc-pCVQZ-ccECP,PASS,source library name retained as the label stem; declared disambiguating suffix '-ccECP' appended: cc-pCVQZ -> cc-pCVQZ-ccECP,by_element/Rh/Rh.cc-pCVQZ.cfour
Rh,recipes/Rh/ccECP,Rh.cc-pCVTZ.gamess,basis,ccECP,cc-pCVTZ,cc-pCVTZ-ccECP,-ccECP,Rh:cc-pCVTZ-ccECP,PASS,source library name retained as the label stem; declared disambiguating suffix '-ccECP' appended: cc-pCVTZ -> cc-pCVTZ-ccECP,by_element/Rh/Rh.cc-pCVTZ.cfour
Rh,recipes/Rh/ccECP,Rh.cc-pV5Z.gamess,basis,ccECP,cc-pV5Z,cc-pV5Z-ccECP,-ccECP,Rh:cc-pV5Z-ccECP,PASS,source library name retained as the label stem; declared disambiguating suffix '-ccECP' appended: cc-pV5Z -> cc-pV5Z-ccECP,by_element/Rh/Rh.cc-pV5Z.cfour
Rh,recipes/Rh/ccECP,Rh.cc-pVDZ.gamess,basis,ccECP,cc-pVDZ,cc-pVDZ-ccECP,-ccECP,Rh:cc-pVDZ-ccECP,PASS,source library name retained as the label stem; declared disambiguating suffix '-ccECP' appended: cc-pVDZ -> cc-pVDZ-ccECP,by_element/Rh/Rh.cc-pVDZ.cfour
Rh,recipes/Rh/ccECP,Rh.cc-pVQZ.gamess,basis,ccECP,cc-pVQZ,cc-pVQZ-ccECP,-ccECP,Rh:cc-pVQZ-ccECP,PASS,source library name retained as the label stem; declared disambiguating suffix '-ccECP' appended: cc-pVQZ -> cc-pVQZ-ccECP,by_element/Rh/Rh.cc-pVQZ.cfour
Rh,recipes/Rh/ccECP,Rh.cc-pVTZ.gamess,basis,ccECP,cc-pVTZ,cc-pVTZ-ccECP,-ccECP,Rh:cc-pVTZ-ccECP,PASS,source library name retained as the label stem; declared disambiguating suffix '-ccECP' appended: cc-pVTZ -> cc-pVTZ-ccECP,by_element/Rh/Rh.cc-pVTZ.cfour
Ru,recipes/Ru/ccECP,Ru.aug-cc-pCV5Z.gamess,basis,ccECP,aug-cc-pCV5Z,aug-cc-pCV5Z-ccECP,-ccECP,Ru:aug-cc-pCV5Z-ccECP,PASS,source library name retained as the label stem; declared disambiguating suffix '-ccECP' appended: aug-cc-pCV5Z -> aug-cc-pCV5Z-ccECP,by_element/Ru/Ru.aug-cc-pCV5Z.cfour
Ru,recipes/Ru/ccECP,Ru.aug-cc-pCVDZ.gamess,basis,ccECP,aug-cc-pCVDZ,aug-cc-pCVDZ-ccECP,-ccECP,Ru:aug-cc-pCVDZ-ccECP,PASS,source library name retained as the label stem; declared disambiguating suffix '-ccECP' appended: aug-cc-pCVDZ -> aug-cc-pCVDZ-ccECP,by_element/Ru/Ru.aug-cc-pCVDZ.cfour
Ru,recipes/Ru/ccECP,Ru.aug-cc-pCVQZ.gamess,basis,ccECP,aug-cc-pCVQZ,aug-cc-pCVQZ-ccECP,-ccECP,Ru:aug-cc-pCVQZ-ccECP,PASS,source library name retained as the label stem; declared disambiguating suffix '-ccECP' appended: aug-cc-pCVQZ -> aug-cc-pCVQZ-ccECP,by_element/Ru/Ru.aug-cc-pCVQZ.cfour
Ru,recipes/Ru/ccECP,Ru.aug-cc-pCVTZ.gamess,basis,ccECP,aug-cc-pCVTZ,aug-cc-pCVTZ-ccECP,-ccECP,Ru:aug-cc-pCVTZ-ccECP,PASS,source library name retained as the label stem; declared disambiguating suffix '-ccECP' appended: aug-cc-pCVTZ -> aug-cc-pCVTZ-ccECP,by_element/Ru/Ru.aug-cc-pCVTZ.cfour
Ru,recipes/Ru/ccECP,Ru.aug-cc-pV5Z.gamess,basis,ccECP,aug-cc-pV5Z,aug-cc-pV5Z-ccECP,-ccECP,Ru:aug-cc-pV5Z-ccECP,PASS,source library name retained as the label stem; declared disambiguating suffix '-ccECP' appended: aug-cc-pV5Z -> aug-cc-pV5Z-ccECP,by_element/Ru/Ru.aug-cc-pV5Z.cfour
Ru,recipes/Ru/ccECP,Ru.aug-cc-pVDZ.gamess,basis,ccECP,aug-cc-pVDZ,aug-cc-pVDZ-ccECP,-ccECP,Ru:aug-cc-pVDZ-ccECP,PASS,source library name retained as the label stem; declared disambiguating suffix '-ccECP' appended: aug-cc-pVDZ -> aug-cc-pVDZ-ccECP,by_element/Ru/Ru.aug-cc-pVDZ.cfour
Ru,recipes/Ru/ccECP,Ru.aug-cc-pVQZ.gamess,basis,ccECP,aug-cc-pVQZ,aug-cc-pVQZ-ccECP,-ccECP,Ru:aug-cc-pVQZ-ccECP,PASS,source library name retained as the label stem; declared disambiguating suffix '-ccECP' appended: aug-cc-pVQZ -> aug-cc-pVQZ-ccECP,by_element/Ru/Ru.aug-cc-pVQZ.cfour
Ru,recipes/Ru/ccECP,Ru.aug-cc-pVTZ.gamess,basis,ccECP,aug-cc-pVTZ,aug-cc-pVTZ-ccECP,-ccECP,Ru:aug-cc-pVTZ-ccECP,PASS,source library name retained as the label stem; declared disambiguating suffix '-ccECP' appended: aug-cc-pVTZ -> aug-cc-pVTZ-ccECP,by_element/Ru/Ru.aug-cc-pVTZ.cfour
Ru,recipes/Ru/ccECP,Ru.cc-pCV5Z.gamess,basis,ccECP,cc-pCV5Z,cc-pCV5Z-ccECP,-ccECP,Ru:cc-pCV5Z-ccECP,PASS,source library name retained as the label stem; declared disambiguating suffix '-ccECP' appended: cc-pCV5Z -> cc-pCV5Z-ccECP,by_element/Ru/Ru.cc-pCV5Z.cfour
Ru,recipes/Ru/ccECP,Ru.cc-pCVDZ.gamess,basis,ccECP,cc-pCVDZ,cc-pCVDZ-ccECP,-ccECP,Ru:cc-pCVDZ-ccECP,PASS,source library name retained as the label stem; declared disambiguating suffix '-ccECP' appended: cc-pCVDZ -> cc-pCVDZ-ccECP,by_element/Ru/Ru.cc-pCVDZ.cfour
Ru,recipes/Ru/ccECP,Ru.cc-pCVQZ.gamess,basis,ccECP,cc-pCVQZ,cc-pCVQZ-ccECP,-ccECP,Ru:cc-pCVQZ-ccECP,PASS,source library name retained as the label stem; declared disambiguating suffix '-ccECP' appended: cc-pCVQZ -> cc-pCVQZ-ccECP,by_element/Ru/Ru.cc-pCVQZ.cfour
Ru,recipes/Ru/ccECP,Ru.cc-pCVTZ.gamess,basis,ccECP,cc-pCVTZ,cc-pCVTZ-ccECP,-ccECP,Ru:cc-pCVTZ-ccECP,PASS,source library name retained as the label stem; declared disambiguating suffix '-ccECP' appended: cc-pCVTZ -> cc-pCVTZ-ccECP,by_element/Ru/Ru.cc-pCVTZ.cfour
Ru,recipes/Ru/ccECP,Ru.cc-pV5Z.gamess,basis,ccECP,cc-pV5Z,cc-pV5Z-ccECP,-ccECP,Ru:cc-pV5Z-ccECP,PASS,source library name retained as the label stem; declared disambiguating suffix '-ccECP' appended: cc-pV5Z -> cc-pV5Z-ccECP,by_element/Ru/Ru.cc-pV5Z.cfour
Ru,recipes/Ru/ccECP,Ru.cc-pVDZ.gamess,basis,ccECP,cc-pVDZ,cc-pVDZ-ccECP,-ccECP,Ru:cc-pVDZ-ccECP,PASS,source library name retained as the label stem; declared disambiguating suffix '-ccECP' appended: cc-pVDZ -> cc-pVDZ-ccECP,by_element/Ru/Ru.cc-pVDZ.cfour
Ru,recipes/Ru/ccECP,Ru.cc-pVQZ.gamess,basis,ccECP,cc-pVQZ,cc-pVQZ-ccECP,-ccECP,Ru:cc-pVQZ-ccECP,PASS,source library name retained as the label stem; declared disambiguating suffix '-ccECP' appended: cc-pVQZ -> cc-pVQZ-ccECP,by_element/Ru/Ru.cc-pVQZ.cfour
Ru,recipes/Ru/ccECP,Ru.cc-pVTZ.gamess,basis,ccECP,cc-pVTZ,cc-pVTZ-ccECP,-ccECP,Ru:cc-pVTZ-ccECP,PASS,source library name retained as the label stem; declared disambiguating suffix '-ccECP' appended: cc-pVTZ -> cc-pVTZ-ccECP,by_element/Ru/Ru.cc-pVTZ.cfour
S,recipes/S/ccECP,S.aug-cc-pV5Z.gamess,basis,ccECP,aug-cc-pV5Z,aug-cc-pV5Z-ccECP,-ccECP,S:aug-cc-pV5Z-ccECP,PASS,source library name retained as the label stem; declared disambiguating suffix '-ccECP' appended: aug-cc-pV5Z -> aug-cc-pV5Z-ccECP,by_element/S/S.aug-cc-pV5Z.cfour
S,recipes/S/ccECP,S.aug-cc-pV6Z.gamess,basis,ccECP,aug-cc-pV6Z,aug-cc-pV6Z-ccECP,-ccECP,S:aug-cc-pV6Z-ccECP,PASS,source library name retained as the label stem; declared disambiguating suffix '-ccECP' appended: aug-cc-pV6Z -> aug-cc-pV6Z-ccECP,by_element/S/S.aug-cc-pV6Z.cfour
S,recipes/S/ccECP,S.aug-cc-pVDZ.gamess,basis,ccECP,aug-cc-pVDZ,aug-cc-pVDZ-ccECP,-ccECP,S:aug-cc-pVDZ-ccECP,PASS,source library name retained as the label stem; declared disambiguating suffix '-ccECP' appended: aug-cc-pVDZ -> aug-cc-pVDZ-ccECP,by_element/S/S.aug-cc-pVDZ.cfour
S,recipes/S/ccECP,S.aug-cc-pVQZ.gamess,basis,ccECP,aug-cc-pVQZ,aug-cc-pVQZ-ccECP,-ccECP,S:aug-cc-pVQZ-ccECP,PASS,source library name retained as the label stem; declared disambiguating suffix '-ccECP' appended: aug-cc-pVQZ -> aug-cc-pVQZ-ccECP,by_element/S/S.aug-cc-pVQZ.cfour
S,recipes/S/ccECP,S.aug-cc-pVTZ.gamess,basis,ccECP,aug-cc-pVTZ,aug-cc-pVTZ-ccECP,-ccECP,S:aug-cc-pVTZ-ccECP,PASS,source library name retained as the label stem; declared disambiguating suffix '-ccECP' appended: aug-cc-pVTZ -> aug-cc-pVTZ-ccECP,by_element/S/S.aug-cc-pVTZ.cfour
S,recipes/S/ccECP,S.cc-pV5Z.gamess,basis,ccECP,cc-pV5Z,cc-pV5Z-ccECP,-ccECP,S:cc-pV5Z-ccECP,PASS,source library name retained as the label stem; declared disambiguating suffix '-ccECP' appended: cc-pV5Z -> cc-pV5Z-ccECP,by_element/S/S.cc-pV5Z.cfour
S,recipes/S/ccECP,S.cc-pV6Z.gamess,basis,ccECP,cc-pV6Z,cc-pV6Z-ccECP,-ccECP,S:cc-pV6Z-ccECP,PASS,source library name retained as the label stem; declared disambiguating suffix '-ccECP' appended: cc-pV6Z -> cc-pV6Z-ccECP,by_element/S/S.cc-pV6Z.cfour
S,recipes/S/ccECP,S.cc-pVDZ.gamess,basis,ccECP,cc-pVDZ,cc-pVDZ-ccECP,-ccECP,S:cc-pVDZ-ccECP,PASS,source library name retained as the label stem; declared disambiguating suffix '-ccECP' appended: cc-pVDZ -> cc-pVDZ-ccECP,by_element/S/S.cc-pVDZ.cfour
S,recipes/S/ccECP,S.cc-pVQZ.gamess,basis,ccECP,cc-pVQZ,cc-pVQZ-ccECP,-ccECP,S:cc-pVQZ-ccECP,PASS,source library name retained as the label stem; declared disambiguating suffix '-ccECP' appended: cc-pVQZ -> cc-pVQZ-ccECP,by_element/S/S.cc-pVQZ.cfour
S,recipes/S/ccECP,S.cc-pVTZ.gamess,basis,ccECP,cc-pVTZ,cc-pVTZ-ccECP,-ccECP,S:cc-pVTZ-ccECP,PASS,source library name retained as the label stem; declared disambiguating suffix '-ccECP' appended: cc-pVTZ -> cc-pVTZ-ccECP,by_element/S/S.cc-pVTZ.cfour
Sb,recipes/Sb/ccECP,Sb.aug-cc-pV5Z.gamess,basis,ccECP,aug-cc-pV5Z,aug-cc-pV5Z-ccECP,-ccECP,Sb:aug-cc-pV5Z-ccECP,PASS,source library name retained as the label stem; declared disambiguating suffix '-ccECP' appended: aug-cc-pV5Z -> aug-cc-pV5Z-ccECP,by_element/Sb/Sb.aug-cc-pV5Z.cfour
Sb,recipes/Sb/ccECP,Sb.aug-cc-pV6Z.gamess,basis,ccECP,aug-cc-pV6Z,aug-cc-pV6Z-ccECP,-ccECP,Sb:aug-cc-pV6Z-ccECP,PASS,source library name retained as the label stem; declared disambiguating suffix '-ccECP' appended: aug-cc-pV6Z -> aug-cc-pV6Z-ccECP,by_element/Sb/Sb.aug-cc-pV6Z.cfour
Sb,recipes/Sb/ccECP,Sb.aug-cc-pVDZ.gamess,basis,ccECP,aug-cc-pVDZ,aug-cc-pVDZ-ccECP,-ccECP,Sb:aug-cc-pVDZ-ccECP,PASS,source library name retained as the label stem; declared disambiguating suffix '-ccECP' appended: aug-cc-pVDZ -> aug-cc-pVDZ-ccECP,by_element/Sb/Sb.aug-cc-pVDZ.cfour
Sb,recipes/Sb/ccECP,Sb.aug-cc-pVQZ.gamess,basis,ccECP,aug-cc-pVQZ,aug-cc-pVQZ-ccECP,-ccECP,Sb:aug-cc-pVQZ-ccECP,PASS,source library name retained as the label stem; declared disambiguating suffix '-ccECP' appended: aug-cc-pVQZ -> aug-cc-pVQZ-ccECP,by_element/Sb/Sb.aug-cc-pVQZ.cfour
Sb,recipes/Sb/ccECP,Sb.aug-cc-pVTZ.gamess,basis,ccECP,aug-cc-pVTZ,aug-cc-pVTZ-ccECP,-ccECP,Sb:aug-cc-pVTZ-ccECP,PASS,source library name retained as the label stem; declared disambiguating suffix '-ccECP' appended: aug-cc-pVTZ -> aug-cc-pVTZ-ccECP,by_element/Sb/Sb.aug-cc-pVTZ.cfour
Sb,recipes/Sb/ccECP,Sb.cc-pV5Z.gamess,basis,ccECP,cc-pV5Z,cc-pV5Z-ccECP,-ccECP,Sb:cc-pV5Z-ccECP,PASS,source library name retained as the label stem; declared disambiguating suffix '-ccECP' appended: cc-pV5Z -> cc-pV5Z-ccECP,by_element/Sb/Sb.cc-pV5Z.cfour
Sb,recipes/Sb/ccECP,Sb.cc-pV6Z.gamess,basis,ccECP,cc-pV6Z,cc-pV6Z-ccECP,-ccECP,Sb:cc-pV6Z-ccECP,PASS,source library name retained as the label stem; declared disambiguating suffix '-ccECP' appended: cc-pV6Z -> cc-pV6Z-ccECP,by_element/Sb/Sb.cc-pV6Z.cfour
Sb,recipes/Sb/ccECP,Sb.cc-pVDZ.gamess,basis,ccECP,cc-pVDZ,cc-pVDZ-ccECP,-ccECP,Sb:cc-pVDZ-ccECP,PASS,source library name retained as the label stem; declared disambiguating suffix '-ccECP' appended: cc-pVDZ -> cc-pVDZ-ccECP,by_element/Sb/Sb.cc-pVDZ.cfour
Sb,recipes/Sb/ccECP,Sb.cc-pVQZ.gamess,basis,ccECP,cc-pVQZ,cc-pVQZ-ccECP,-ccECP,Sb:cc-pVQZ-ccECP,PASS,source library name retained as the label stem; declared disambiguating suffix '-ccECP' appended: cc-pVQZ -> cc-pVQZ-ccECP,by_element/Sb/Sb.cc-pVQZ.cfour
Sb,recipes/Sb/ccECP,Sb.cc-pVTZ.gamess,basis,ccECP,cc-pVTZ,cc-pVTZ-ccECP,-ccECP,Sb:cc-pVTZ-ccECP,PASS,source library name retained as the label stem; declared disambiguating suffix '-ccECP' appended: cc-pVTZ -> cc-pVTZ-ccECP,by_element/Sb/Sb.cc-pVTZ.cfour
Sc,recipes/Sc/ccECP,Sc.aug-cc-pCV5Z.gamess,basis,ccECP,aug-cc-pCV5Z,aug-cc-pCV5Z-ccECP,-ccECP,Sc:aug-cc-pCV5Z-ccECP,PASS,source library name retained as the label stem; declared disambiguating suffix '-ccECP' appended: aug-cc-pCV5Z -> aug-cc-pCV5Z-ccECP,by_element/Sc/Sc.aug-cc-pCV5Z.cfour
Sc,recipes/Sc/ccECP,Sc.aug-cc-pCVDZ.gamess,basis,ccECP,aug-cc-pCVDZ,aug-cc-pCVDZ-ccECP,-ccECP,Sc:aug-cc-pCVDZ-ccECP,PASS,source library name retained as the label stem; declared disambiguating suffix '-ccECP' appended: aug-cc-pCVDZ -> aug-cc-pCVDZ-ccECP,by_element/Sc/Sc.aug-cc-pCVDZ.cfour
Sc,recipes/Sc/ccECP,Sc.aug-cc-pCVQZ.gamess,basis,ccECP,aug-cc-pCVQZ,aug-cc-pCVQZ-ccECP,-ccECP,Sc:aug-cc-pCVQZ-ccECP,PASS,source library name retained as the label stem; declared disambiguating suffix '-ccECP' appended: aug-cc-pCVQZ -> aug-cc-pCVQZ-ccECP,by_element/Sc/Sc.aug-cc-pCVQZ.cfour
Sc,recipes/Sc/ccECP,Sc.aug-cc-pCVTZ.gamess,basis,ccECP,aug-cc-pCVTZ,aug-cc-pCVTZ-ccECP,-ccECP,Sc:aug-cc-pCVTZ-ccECP,PASS,source library name retained as the label stem; declared disambiguating suffix '-ccECP' appended: aug-cc-pCVTZ -> aug-cc-pCVTZ-ccECP,by_element/Sc/Sc.aug-cc-pCVTZ.cfour
Sc,recipes/Sc/ccECP,Sc.aug-cc-pV5Z.gamess,basis,ccECP,aug-cc-pV5Z,aug-cc-pV5Z-ccECP,-ccECP,Sc:aug-cc-pV5Z-ccECP,PASS,source library name retained as the label stem; declared disambiguating suffix '-ccECP' appended: aug-cc-pV5Z -> aug-cc-pV5Z-ccECP,by_element/Sc/Sc.aug-cc-pV5Z.cfour
Sc,recipes/Sc/ccECP,Sc.aug-cc-pVDZ.gamess,basis,ccECP,aug-cc-pVDZ,aug-cc-pVDZ-ccECP,-ccECP,Sc:aug-cc-pVDZ-ccECP,PASS,source library name retained as the label stem; declared disambiguating suffix '-ccECP' appended: aug-cc-pVDZ -> aug-cc-pVDZ-ccECP,by_element/Sc/Sc.aug-cc-pVDZ.cfour
Sc,recipes/Sc/ccECP,Sc.aug-cc-pVQZ.gamess,basis,ccECP,aug-cc-pVQZ,aug-cc-pVQZ-ccECP,-ccECP,Sc:aug-cc-pVQZ-ccECP,PASS,source library name retained as the label stem; declared disambiguating suffix '-ccECP' appended: aug-cc-pVQZ -> aug-cc-pVQZ-ccECP,by_element/Sc/Sc.aug-cc-pVQZ.cfour
Sc,recipes/Sc/ccECP,Sc.aug-cc-pVTZ.gamess,basis,ccECP,aug-cc-pVTZ,aug-cc-pVTZ-ccECP,-ccECP,Sc:aug-cc-pVTZ-ccECP,PASS,source library name retained as the label stem; declared disambiguating suffix '-ccECP' appended: aug-cc-pVTZ -> aug-cc-pVTZ-ccECP,by_element/Sc/Sc.aug-cc-pVTZ.cfour
Sc,recipes/Sc/ccECP,Sc.cc-pCV5Z.gamess,basis,ccECP,cc-pCV5Z,cc-pCV5Z-ccECP,-ccECP,Sc:cc-pCV5Z-ccECP,PASS,source library name retained as the label stem; declared disambiguating suffix '-ccECP' appended: cc-pCV5Z -> cc-pCV5Z-ccECP,by_element/Sc/Sc.cc-pCV5Z.cfour
Sc,recipes/Sc/ccECP,Sc.cc-pCVDZ.gamess,basis,ccECP,cc-pCVDZ,cc-pCVDZ-ccECP,-ccECP,Sc:cc-pCVDZ-ccECP,PASS,source library name retained as the label stem; declared disambiguating suffix '-ccECP' appended: cc-pCVDZ -> cc-pCVDZ-ccECP,by_element/Sc/Sc.cc-pCVDZ.cfour
Sc,recipes/Sc/ccECP,Sc.cc-pCVQZ.gamess,basis,ccECP,cc-pCVQZ,cc-pCVQZ-ccECP,-ccECP,Sc:cc-pCVQZ-ccECP,PASS,source library name retained as the label stem; declared disambiguating suffix '-ccECP' appended: cc-pCVQZ -> cc-pCVQZ-ccECP,by_element/Sc/Sc.cc-pCVQZ.cfour
Sc,recipes/Sc/ccECP,Sc.cc-pCVTZ.gamess,basis,ccECP,cc-pCVTZ,cc-pCVTZ-ccECP,-ccECP,Sc:cc-pCVTZ-ccECP,PASS,source library name retained as the label stem; declared disambiguating suffix '-ccECP' appended: cc-pCVTZ -> cc-pCVTZ-ccECP,by_element/Sc/Sc.cc-pCVTZ.cfour
Sc,recipes/Sc/ccECP,Sc.cc-pV5Z.gamess,basis,ccECP,cc-pV5Z,cc-pV5Z-ccECP,-ccECP,Sc:cc-pV5Z-ccECP,PASS,source library name retained as the label stem; declared disambiguating suffix '-ccECP' appended: cc-pV5Z -> cc-pV5Z-ccECP,by_element/Sc/Sc.cc-pV5Z.cfour
Sc,recipes/Sc/ccECP,Sc.cc-pVDZ.gamess,basis,ccECP,cc-pVDZ,cc-pVDZ-ccECP,-ccECP,Sc:cc-pVDZ-ccECP,PASS,source library name retained as the label stem; declared disambiguating suffix '-ccECP' appended: cc-pVDZ -> cc-pVDZ-ccECP,by_element/Sc/Sc.cc-pVDZ.cfour
Sc,recipes/Sc/ccECP,Sc.cc-pVQZ.gamess,basis,ccECP,cc-pVQZ,cc-pVQZ-ccECP,-ccECP,Sc:cc-pVQZ-ccECP,PASS,source library name retained as the label stem; declared disambiguating suffix '-ccECP' appended: cc-pVQZ -> cc-pVQZ-ccECP,by_element/Sc/Sc.cc-pVQZ.cfour
Sc,recipes/Sc/ccECP,Sc.cc-pVTZ.gamess,basis,ccECP,cc-pVTZ,cc-pVTZ-ccECP,-ccECP,Sc:cc-pVTZ-ccECP,PASS,source library name retained as the label stem; declared disambiguating suffix '-ccECP' appended: cc-pVTZ -> cc-pVTZ-ccECP,by_element/Sc/Sc.cc-pVTZ.cfour
Se,recipes/Se/ccECP,Se.aug-cc-pV5Z.gamess,basis,ccECP,aug-cc-pV5Z,aug-cc-pV5Z-ccECP,-ccECP,Se:aug-cc-pV5Z-ccECP,PASS,source library name retained as the label stem; declared disambiguating suffix '-ccECP' appended: aug-cc-pV5Z -> aug-cc-pV5Z-ccECP,by_element/Se/Se.aug-cc-pV5Z.cfour
Se,recipes/Se/ccECP,Se.aug-cc-pV6Z.gamess,basis,ccECP,aug-cc-pV6Z,aug-cc-pV6Z-ccECP,-ccECP,Se:aug-cc-pV6Z-ccECP,PASS,source library name retained as the label stem; declared disambiguating suffix '-ccECP' appended: aug-cc-pV6Z -> aug-cc-pV6Z-ccECP,by_element/Se/Se.aug-cc-pV6Z.cfour
Se,recipes/Se/ccECP,Se.aug-cc-pVDZ.gamess,basis,ccECP,aug-cc-pVDZ,aug-cc-pVDZ-ccECP,-ccECP,Se:aug-cc-pVDZ-ccECP,PASS,source library name retained as the label stem; declared disambiguating suffix '-ccECP' appended: aug-cc-pVDZ -> aug-cc-pVDZ-ccECP,by_element/Se/Se.aug-cc-pVDZ.cfour
Se,recipes/Se/ccECP,Se.aug-cc-pVQZ.gamess,basis,ccECP,aug-cc-pVQZ,aug-cc-pVQZ-ccECP,-ccECP,Se:aug-cc-pVQZ-ccECP,PASS,source library name retained as the label stem; declared disambiguating suffix '-ccECP' appended: aug-cc-pVQZ -> aug-cc-pVQZ-ccECP,by_element/Se/Se.aug-cc-pVQZ.cfour
Se,recipes/Se/ccECP,Se.aug-cc-pVTZ.gamess,basis,ccECP,aug-cc-pVTZ,aug-cc-pVTZ-ccECP,-ccECP,Se:aug-cc-pVTZ-ccECP,PASS,source library name retained as the label stem; declared disambiguating suffix '-ccECP' appended: aug-cc-pVTZ -> aug-cc-pVTZ-ccECP,by_element/Se/Se.aug-cc-pVTZ.cfour
Se,recipes/Se/ccECP,Se.cc-pV5Z.gamess,basis,ccECP,cc-pV5Z,cc-pV5Z-ccECP,-ccECP,Se:cc-pV5Z-ccECP,PASS,source library name retained as the label stem; declared disambiguating suffix '-ccECP' appended: cc-pV5Z -> cc-pV5Z-ccECP,by_element/Se/Se.cc-pV5Z.cfour
Se,recipes/Se/ccECP,Se.cc-pV6Z.gamess,basis,ccECP,cc-pV6Z,cc-pV6Z-ccECP,-ccECP,Se:cc-pV6Z-ccECP,PASS,source library name retained as the label stem; declared disambiguating suffix '-ccECP' appended: cc-pV6Z -> cc-pV6Z-ccECP,by_element/Se/Se.cc-pV6Z.cfour
Se,recipes/Se/ccECP,Se.cc-pVDZ.gamess,basis,ccECP,cc-pVDZ,cc-pVDZ-ccECP,-ccECP,Se:cc-pVDZ-ccECP,PASS,source library name retained as the label stem; declared disambiguating suffix '-ccECP' appended: cc-pVDZ -> cc-pVDZ-ccECP,by_element/Se/Se.cc-pVDZ.cfour
Se,recipes/Se/ccECP,Se.cc-pVQZ.gamess,basis,ccECP,cc-pVQZ,cc-pVQZ-ccECP,-ccECP,Se:cc-pVQZ-ccECP,PASS,source library name retained as the label stem; declared disambiguating suffix '-ccECP' appended: cc-pVQZ -> cc-pVQZ-ccECP,by_element/Se/Se.cc-pVQZ.cfour
Se,recipes/Se/ccECP,Se.cc-pVTZ.gamess,basis,ccECP,cc-pVTZ,cc-pVTZ-ccECP,-ccECP,Se:cc-pVTZ-ccECP,PASS,source library name retained as the label stem; declared disambiguating suffix '-ccECP' appended: cc-pVTZ -> cc-pVTZ-ccECP,by_element/Se/Se.cc-pVTZ.cfour
Si,recipes/Si/ccECP,Si.aug-cc-pV5Z.gamess,basis,ccECP,aug-cc-pV5Z,aug-cc-pV5Z-ccECP,-ccECP,Si:aug-cc-pV5Z-ccECP,PASS,source library name retained as the label stem; declared disambiguating suffix '-ccECP' appended: aug-cc-pV5Z -> aug-cc-pV5Z-ccECP,by_element/Si/Si.aug-cc-pV5Z.cfour
Si,recipes/Si/ccECP,Si.aug-cc-pV6Z.gamess,basis,ccECP,aug-cc-pV6Z,aug-cc-pV6Z-ccECP,-ccECP,Si:aug-cc-pV6Z-ccECP,PASS,source library name retained as the label stem; declared disambiguating suffix '-ccECP' appended: aug-cc-pV6Z -> aug-cc-pV6Z-ccECP,by_element/Si/Si.aug-cc-pV6Z.cfour
Si,recipes/Si/ccECP,Si.aug-cc-pVDZ.gamess,basis,ccECP,aug-cc-pVDZ,aug-cc-pVDZ-ccECP,-ccECP,Si:aug-cc-pVDZ-ccECP,PASS,source library name retained as the label stem; declared disambiguating suffix '-ccECP' appended: aug-cc-pVDZ -> aug-cc-pVDZ-ccECP,by_element/Si/Si.aug-cc-pVDZ.cfour
Si,recipes/Si/ccECP,Si.aug-cc-pVQZ.gamess,basis,ccECP,aug-cc-pVQZ,aug-cc-pVQZ-ccECP,-ccECP,Si:aug-cc-pVQZ-ccECP,PASS,source library name retained as the label stem; declared disambiguating suffix '-ccECP' appended: aug-cc-pVQZ -> aug-cc-pVQZ-ccECP,by_element/Si/Si.aug-cc-pVQZ.cfour
Si,recipes/Si/ccECP,Si.aug-cc-pVTZ.gamess,basis,ccECP,aug-cc-pVTZ,aug-cc-pVTZ-ccECP,-ccECP,Si:aug-cc-pVTZ-ccECP,PASS,source library name retained as the label stem; declared disambiguating suffix '-ccECP' appended: aug-cc-pVTZ -> aug-cc-pVTZ-ccECP,by_element/Si/Si.aug-cc-pVTZ.cfour
Si,recipes/Si/ccECP,Si.cc-pV5Z.gamess,basis,ccECP,cc-pV5Z,cc-pV5Z-ccECP,-ccECP,Si:cc-pV5Z-ccECP,PASS,source library name retained as the label stem; declared disambiguating suffix '-ccECP' appended: cc-pV5Z -> cc-pV5Z-ccECP,by_element/Si/Si.cc-pV5Z.cfour
Si,recipes/Si/ccECP,Si.cc-pV6Z.gamess,basis,ccECP,cc-pV6Z,cc-pV6Z-ccECP,-ccECP,Si:cc-pV6Z-ccECP,PASS,source library name retained as the label stem; declared disambiguating suffix '-ccECP' appended: cc-pV6Z -> cc-pV6Z-ccECP,by_element/Si/Si.cc-pV6Z.cfour
Si,recipes/Si/ccECP,Si.cc-pVDZ.gamess,basis,ccECP,cc-pVDZ,cc-pVDZ-ccECP,-ccECP,Si:cc-pVDZ-ccECP,PASS,source library name retained as the label stem; declared disambiguating suffix '-ccECP' appended: cc-pVDZ -> cc-pVDZ-ccECP,by_element/Si/Si.cc-pVDZ.cfour
Si,recipes/Si/ccECP,Si.cc-pVQZ.gamess,basis,ccECP,cc-pVQZ,cc-pVQZ-ccECP,-ccECP,Si:cc-pVQZ-ccECP,PASS,source library name retained as the label stem; declared disambiguating suffix '-ccECP' appended: cc-pVQZ -> cc-pVQZ-ccECP,by_element/Si/Si.cc-pVQZ.cfour
Si,recipes/Si/ccECP,Si.cc-pVTZ.gamess,basis,ccECP,cc-pVTZ,cc-pVTZ-ccECP,-ccECP,Si:cc-pVTZ-ccECP,PASS,source library name retained as the label stem; declared disambiguating suffix '-ccECP' appended: cc-pVTZ -> cc-pVTZ-ccECP,by_element/Si/Si.cc-pVTZ.cfour
Sn,recipes/Sn/ccECP,Sn.aug-cc-pV5Z.gamess,basis,ccECP,aug-cc-pV5Z,aug-cc-pV5Z-ccECP,-ccECP,Sn:aug-cc-pV5Z-ccECP,PASS,source library name retained as the label stem; declared disambiguating suffix '-ccECP' appended: aug-cc-pV5Z -> aug-cc-pV5Z-ccECP,by_element/Sn/Sn.aug-cc-pV5Z.cfour
Sn,recipes/Sn/ccECP,Sn.aug-cc-pV6Z.gamess,basis,ccECP,aug-cc-pV6Z,aug-cc-pV6Z-ccECP,-ccECP,Sn:aug-cc-pV6Z-ccECP,PASS,source library name retained as the label stem; declared disambiguating suffix '-ccECP' appended: aug-cc-pV6Z -> aug-cc-pV6Z-ccECP,by_element/Sn/Sn.aug-cc-pV6Z.cfour
Sn,recipes/Sn/ccECP,Sn.aug-cc-pVDZ.gamess,basis,ccECP,aug-cc-pVDZ,aug-cc-pVDZ-ccECP,-ccECP,Sn:aug-cc-pVDZ-ccECP,PASS,source library name retained as the label stem; declared disambiguating suffix '-ccECP' appended: aug-cc-pVDZ -> aug-cc-pVDZ-ccECP,by_element/Sn/Sn.aug-cc-pVDZ.cfour
Sn,recipes/Sn/ccECP,Sn.aug-cc-pVQZ.gamess,basis,ccECP,aug-cc-pVQZ,aug-cc-pVQZ-ccECP,-ccECP,Sn:aug-cc-pVQZ-ccECP,PASS,source library name retained as the label stem; declared disambiguating suffix '-ccECP' appended: aug-cc-pVQZ -> aug-cc-pVQZ-ccECP,by_element/Sn/Sn.aug-cc-pVQZ.cfour
Sn,recipes/Sn/ccECP,Sn.aug-cc-pVTZ.gamess,basis,ccECP,aug-cc-pVTZ,aug-cc-pVTZ-ccECP,-ccECP,Sn:aug-cc-pVTZ-ccECP,PASS,source library name retained as the label stem; declared disambiguating suffix '-ccECP' appended: aug-cc-pVTZ -> aug-cc-pVTZ-ccECP,by_element/Sn/Sn.aug-cc-pVTZ.cfour
Sn,recipes/Sn/ccECP,Sn.cc-pV5Z.gamess,basis,ccECP,cc-pV5Z,cc-pV5Z-ccECP,-ccECP,Sn:cc-pV5Z-ccECP,PASS,source library name retained as the label stem; declared disambiguating suffix '-ccECP' appended: cc-pV5Z -> cc-pV5Z-ccECP,by_element/Sn/Sn.cc-pV5Z.cfour
Sn,recipes/Sn/ccECP,Sn.cc-pV6Z.gamess,basis,ccECP,cc-pV6Z,cc-pV6Z-ccECP,-ccECP,Sn:cc-pV6Z-ccECP,PASS,source library name retained as the label stem; declared disambiguating suffix '-ccECP' appended: cc-pV6Z -> cc-pV6Z-ccECP,by_element/Sn/Sn.cc-pV6Z.cfour
Sn,recipes/Sn/ccECP,Sn.cc-pVDZ.gamess,basis,ccECP,cc-pVDZ,cc-pVDZ-ccECP,-ccECP,Sn:cc-pVDZ-ccECP,PASS,source library name retained as the label stem; declared disambiguating suffix '-ccECP' appended: cc-pVDZ -> cc-pVDZ-ccECP,by_element/Sn/Sn.cc-pVDZ.cfour
Sn,recipes/Sn/ccECP,Sn.cc-pVQZ.gamess,basis,ccECP,cc-pVQZ,cc-pVQZ-ccECP,-ccECP,Sn:cc-pVQZ-ccECP,PASS,source library name retained as the label stem; declared disambiguating suffix '-ccECP' appended: cc-pVQZ -> cc-pVQZ-ccECP,by_element/Sn/Sn.cc-pVQZ.cfour
Sn,recipes/Sn/ccECP,Sn.cc-pVTZ.gamess,basis,ccECP,cc-pVTZ,cc-pVTZ-ccECP,-ccECP,Sn:cc-pVTZ-ccECP,PASS,source library name retained as the label stem; declared disambiguating suffix '-ccECP' appended: cc-pVTZ -> cc-pVTZ-ccECP,by_element/Sn/Sn.cc-pVTZ.cfour
Ta,recipes/Ta/ccECP,Ta.aug-cc-pCV5Z.gamess,basis,ccECP,aug-cc-pCV5Z,aug-cc-pCV5Z-ccECP,-ccECP,Ta:aug-cc-pCV5Z-ccECP,PASS,source library name retained as the label stem; declared disambiguating suffix '-ccECP' appended: aug-cc-pCV5Z -> aug-cc-pCV5Z-ccECP,by_element/Ta/Ta.aug-cc-pCV5Z.cfour
Ta,recipes/Ta/ccECP,Ta.aug-cc-pCVDZ.gamess,basis,ccECP,aug-cc-pCVDZ,aug-cc-pCVDZ-ccECP,-ccECP,Ta:aug-cc-pCVDZ-ccECP,PASS,source library name retained as the label stem; declared disambiguating suffix '-ccECP' appended: aug-cc-pCVDZ -> aug-cc-pCVDZ-ccECP,by_element/Ta/Ta.aug-cc-pCVDZ.cfour
Ta,recipes/Ta/ccECP,Ta.aug-cc-pCVQZ.gamess,basis,ccECP,aug-cc-pCVQZ,aug-cc-pCVQZ-ccECP,-ccECP,Ta:aug-cc-pCVQZ-ccECP,PASS,source library name retained as the label stem; declared disambiguating suffix '-ccECP' appended: aug-cc-pCVQZ -> aug-cc-pCVQZ-ccECP,by_element/Ta/Ta.aug-cc-pCVQZ.cfour
Ta,recipes/Ta/ccECP,Ta.aug-cc-pCVTZ.gamess,basis,ccECP,aug-cc-pCVTZ,aug-cc-pCVTZ-ccECP,-ccECP,Ta:aug-cc-pCVTZ-ccECP,PASS,source library name retained as the label stem; declared disambiguating suffix '-ccECP' appended: aug-cc-pCVTZ -> aug-cc-pCVTZ-ccECP,by_element/Ta/Ta.aug-cc-pCVTZ.cfour
Ta,recipes/Ta/ccECP,Ta.aug-cc-pV5Z.gamess,basis,ccECP,aug-cc-pV5Z,aug-cc-pV5Z-ccECP,-ccECP,Ta:aug-cc-pV5Z-ccECP,PASS,source library name retained as the label stem; declared disambiguating suffix '-ccECP' appended: aug-cc-pV5Z -> aug-cc-pV5Z-ccECP,by_element/Ta/Ta.aug-cc-pV5Z.cfour
Ta,recipes/Ta/ccECP,Ta.aug-cc-pVDZ.gamess,basis,ccECP,aug-cc-pVDZ,aug-cc-pVDZ-ccECP,-ccECP,Ta:aug-cc-pVDZ-ccECP,PASS,source library name retained as the label stem; declared disambiguating suffix '-ccECP' appended: aug-cc-pVDZ -> aug-cc-pVDZ-ccECP,by_element/Ta/Ta.aug-cc-pVDZ.cfour
Ta,recipes/Ta/ccECP,Ta.aug-cc-pVQZ.gamess,basis,ccECP,aug-cc-pVQZ,aug-cc-pVQZ-ccECP,-ccECP,Ta:aug-cc-pVQZ-ccECP,PASS,source library name retained as the label stem; declared disambiguating suffix '-ccECP' appended: aug-cc-pVQZ -> aug-cc-pVQZ-ccECP,by_element/Ta/Ta.aug-cc-pVQZ.cfour
Ta,recipes/Ta/ccECP,Ta.aug-cc-pVTZ.gamess,basis,ccECP,aug-cc-pVTZ,aug-cc-pVTZ-ccECP,-ccECP,Ta:aug-cc-pVTZ-ccECP,PASS,source library name retained as the label stem; declared disambiguating suffix '-ccECP' appended: aug-cc-pVTZ -> aug-cc-pVTZ-ccECP,by_element/Ta/Ta.aug-cc-pVTZ.cfour
Ta,recipes/Ta/ccECP,Ta.cc-pCV5Z.gamess,basis,ccECP,cc-pCV5Z,cc-pCV5Z-ccECP,-ccECP,Ta:cc-pCV5Z-ccECP,PASS,source library name retained as the label stem; declared disambiguating suffix '-ccECP' appended: cc-pCV5Z -> cc-pCV5Z-ccECP,by_element/Ta/Ta.cc-pCV5Z.cfour
Ta,recipes/Ta/ccECP,Ta.cc-pCVDZ.gamess,basis,ccECP,cc-pCVDZ,cc-pCVDZ-ccECP,-ccECP,Ta:cc-pCVDZ-ccECP,PASS,source library name retained as the label stem; declared disambiguating suffix '-ccECP' appended: cc-pCVDZ -> cc-pCVDZ-ccECP,by_element/Ta/Ta.cc-pCVDZ.cfour
Ta,recipes/Ta/ccECP,Ta.cc-pCVQZ.gamess,basis,ccECP,cc-pCVQZ,cc-pCVQZ-ccECP,-ccECP,Ta:cc-pCVQZ-ccECP,PASS,source library name retained as the label stem; declared disambiguating suffix '-ccECP' appended: cc-pCVQZ -> cc-pCVQZ-ccECP,by_element/Ta/Ta.cc-pCVQZ.cfour
Ta,recipes/Ta/ccECP,Ta.cc-pCVTZ.gamess,basis,ccECP,cc-pCVTZ,cc-pCVTZ-ccECP,-ccECP,Ta:cc-pCVTZ-ccECP,PASS,source library name retained as the label stem; declared disambiguating suffix '-ccECP' appended: cc-pCVTZ -> cc-pCVTZ-ccECP,by_element/Ta/Ta.cc-pCVTZ.cfour
Ta,recipes/Ta/ccECP,Ta.cc-pV5Z.gamess,basis,ccECP,cc-pV5Z,cc-pV5Z-ccECP,-ccECP,Ta:cc-pV5Z-ccECP,PASS,source library name retained as the label stem; declared disambiguating suffix '-ccECP' appended: cc-pV5Z -> cc-pV5Z-ccECP,by_element/Ta/Ta.cc-pV5Z.cfour
Ta,recipes/Ta/ccECP,Ta.cc-pVDZ.gamess,basis,ccECP,cc-pVDZ,cc-pVDZ-ccECP,-ccECP,Ta:cc-pVDZ-ccECP,PASS,source library name retained as the label stem; declared disambiguating suffix '-ccECP' appended: cc-pVDZ -> cc-pVDZ-ccECP,by_element/Ta/Ta.cc-pVDZ.cfour
Ta,recipes/Ta/ccECP,Ta.cc-pVQZ.gamess,basis,ccECP,cc-pVQZ,cc-pVQZ-ccECP,-ccECP,Ta:cc-pVQZ-ccECP,PASS,source library name retained as the label stem; declared disambiguating suffix '-ccECP' appended: cc-pVQZ -> cc-pVQZ-ccECP,by_element/Ta/Ta.cc-pVQZ.cfour
Ta,recipes/Ta/ccECP,Ta.cc-pVTZ.gamess,basis,ccECP,cc-pVTZ,cc-pVTZ-ccECP,-ccECP,Ta:cc-pVTZ-ccECP,PASS,source library name retained as the label stem; declared disambiguating suffix '-ccECP' appended: cc-pVTZ -> cc-pVTZ-ccECP,by_element/Ta/Ta.cc-pVTZ.cfour
Tb,recipes/Tb/ccECP,Tb.aug-cc-pCVDZ.gamess,basis,ccECP,aug-cc-pCVDZ,aug-cc-pCVDZ-ccECP,-ccECP,Tb:aug-cc-pCVDZ-ccECP,PASS,source library name retained as the label stem; declared disambiguating suffix '-ccECP' appended: aug-cc-pCVDZ -> aug-cc-pCVDZ-ccECP,by_element/Tb/Tb.aug-cc-pCVDZ.cfour
Tb,recipes/Tb/ccECP,Tb.aug-cc-pCVQZ.gamess,basis,ccECP,aug-cc-pCVQZ,aug-cc-pCVQZ-ccECP,-ccECP,Tb:aug-cc-pCVQZ-ccECP,PASS,source library name retained as the label stem; declared disambiguating suffix '-ccECP' appended: aug-cc-pCVQZ -> aug-cc-pCVQZ-ccECP,by_element/Tb/Tb.aug-cc-pCVQZ.cfour
Tb,recipes/Tb/ccECP,Tb.aug-cc-pCVTZ.gamess,basis,ccECP,aug-cc-pCVTZ,aug-cc-pCVTZ-ccECP,-ccECP,Tb:aug-cc-pCVTZ-ccECP,PASS,source library name retained as the label stem; declared disambiguating suffix '-ccECP' appended: aug-cc-pCVTZ -> aug-cc-pCVTZ-ccECP,by_element/Tb/Tb.aug-cc-pCVTZ.cfour
Tb,recipes/Tb/ccECP,Tb.aug-cc-pVDZ.gamess,basis,ccECP,aug-cc-pVDZ,aug-cc-pVDZ-ccECP,-ccECP,Tb:aug-cc-pVDZ-ccECP,PASS,source library name retained as the label stem; declared disambiguating suffix '-ccECP' appended: aug-cc-pVDZ -> aug-cc-pVDZ-ccECP,by_element/Tb/Tb.aug-cc-pVDZ.cfour
Tb,recipes/Tb/ccECP,Tb.aug-cc-pVQZ.gamess,basis,ccECP,aug-cc-pVQZ,aug-cc-pVQZ-ccECP,-ccECP,Tb:aug-cc-pVQZ-ccECP,PASS,source library name retained as the label stem; declared disambiguating suffix '-ccECP' appended: aug-cc-pVQZ -> aug-cc-pVQZ-ccECP,by_element/Tb/Tb.aug-cc-pVQZ.cfour
Tb,recipes/Tb/ccECP,Tb.aug-cc-pVTZ.gamess,basis,ccECP,aug-cc-pVTZ,aug-cc-pVTZ-ccECP,-ccECP,Tb:aug-cc-pVTZ-ccECP,PASS,source library name retained as the label stem; declared disambiguating suffix '-ccECP' appended: aug-cc-pVTZ -> aug-cc-pVTZ-ccECP,by_element/Tb/Tb.aug-cc-pVTZ.cfour
Tb,recipes/Tb/ccECP,Tb.cc-pCVDZ.gamess,basis,ccECP,cc-pCVDZ,cc-pCVDZ-ccECP,-ccECP,Tb:cc-pCVDZ-ccECP,PASS,source library name retained as the label stem; declared disambiguating suffix '-ccECP' appended: cc-pCVDZ -> cc-pCVDZ-ccECP,by_element/Tb/Tb.cc-pCVDZ.cfour
Tb,recipes/Tb/ccECP,Tb.cc-pCVQZ.gamess,basis,ccECP,cc-pCVQZ,cc-pCVQZ-ccECP,-ccECP,Tb:cc-pCVQZ-ccECP,PASS,source library name retained as the label stem; declared disambiguating suffix '-ccECP' appended: cc-pCVQZ -> cc-pCVQZ-ccECP,by_element/Tb/Tb.cc-pCVQZ.cfour
Tb,recipes/Tb/ccECP,Tb.cc-pCVTZ.gamess,basis,ccECP,cc-pCVTZ,cc-pCVTZ-ccECP,-ccECP,Tb:cc-pCVTZ-ccECP,PASS,source library name retained as the label stem; declared disambiguating suffix '-ccECP' appended: cc-pCVTZ -> cc-pCVTZ-ccECP,by_element/Tb/Tb.cc-pCVTZ.cfour
Tb,recipes/Tb/ccECP,Tb.cc-pVDZ.gamess,basis,ccECP,cc-pVDZ,cc-pVDZ-ccECP,-ccECP,Tb:cc-pVDZ-ccECP,PASS,source library name retained as the label stem; declared disambiguating suffix '-ccECP' appended: cc-pVDZ -> cc-pVDZ-ccECP,by_element/Tb/Tb.cc-pVDZ.cfour
Tb,recipes/Tb/ccECP,Tb.cc-pVQZ.gamess,basis,ccECP,cc-pVQZ,cc-pVQZ-ccECP,-ccECP,Tb:cc-pVQZ-ccECP,PASS,source library name retained as the label stem; declared disambiguating suffix '-ccECP' appended: cc-pVQZ -> cc-pVQZ-ccECP,by_element/Tb/Tb.cc-pVQZ.cfour
Tb,recipes/Tb/ccECP,Tb.cc-pVTZ.gamess,basis,ccECP,cc-pVTZ,cc-pVTZ-ccECP,-ccECP,Tb:cc-pVTZ-ccECP,PASS,source library name retained as the label stem; declared disambiguating suffix '-ccECP' appended: cc-pVTZ -> cc-pVTZ-ccECP,by_element/Tb/Tb.cc-pVTZ.cfour
Te,recipes/Te/ccECP,Te.aug-cc-pV5Z.gamess,basis,ccECP,aug-cc-pV5Z,aug-cc-pV5Z-ccECP,-ccECP,Te:aug-cc-pV5Z-ccECP,PASS,source library name retained as the label stem; declared disambiguating suffix '-ccECP' appended: aug-cc-pV5Z -> aug-cc-pV5Z-ccECP,by_element/Te/Te.aug-cc-pV5Z.cfour
Te,recipes/Te/ccECP,Te.aug-cc-pV6Z.gamess,basis,ccECP,aug-cc-pV6Z,aug-cc-pV6Z-ccECP,-ccECP,Te:aug-cc-pV6Z-ccECP,PASS,source library name retained as the label stem; declared disambiguating suffix '-ccECP' appended: aug-cc-pV6Z -> aug-cc-pV6Z-ccECP,by_element/Te/Te.aug-cc-pV6Z.cfour
Te,recipes/Te/ccECP,Te.aug-cc-pVDZ.gamess,basis,ccECP,aug-cc-pVDZ,aug-cc-pVDZ-ccECP,-ccECP,Te:aug-cc-pVDZ-ccECP,PASS,source library name retained as the label stem; declared disambiguating suffix '-ccECP' appended: aug-cc-pVDZ -> aug-cc-pVDZ-ccECP,by_element/Te/Te.aug-cc-pVDZ.cfour
Te,recipes/Te/ccECP,Te.aug-cc-pVQZ.gamess,basis,ccECP,aug-cc-pVQZ,aug-cc-pVQZ-ccECP,-ccECP,Te:aug-cc-pVQZ-ccECP,PASS,source library name retained as the label stem; declared disambiguating suffix '-ccECP' appended: aug-cc-pVQZ -> aug-cc-pVQZ-ccECP,by_element/Te/Te.aug-cc-pVQZ.cfour
Te,recipes/Te/ccECP,Te.aug-cc-pVTZ.gamess,basis,ccECP,aug-cc-pVTZ,aug-cc-pVTZ-ccECP,-ccECP,Te:aug-cc-pVTZ-ccECP,PASS,source library name retained as the label stem; declared disambiguating suffix '-ccECP' appended: aug-cc-pVTZ -> aug-cc-pVTZ-ccECP,by_element/Te/Te.aug-cc-pVTZ.cfour
Te,recipes/Te/ccECP,Te.cc-pV5Z.gamess,basis,ccECP,cc-pV5Z,cc-pV5Z-ccECP,-ccECP,Te:cc-pV5Z-ccECP,PASS,source library name retained as the label stem; declared disambiguating suffix '-ccECP' appended: cc-pV5Z -> cc-pV5Z-ccECP,by_element/Te/Te.cc-pV5Z.cfour
Te,recipes/Te/ccECP,Te.cc-pV6Z.gamess,basis,ccECP,cc-pV6Z,cc-pV6Z-ccECP,-ccECP,Te:cc-pV6Z-ccECP,PASS,source library name retained as the label stem; declared disambiguating suffix '-ccECP' appended: cc-pV6Z -> cc-pV6Z-ccECP,by_element/Te/Te.cc-pV6Z.cfour
Te,recipes/Te/ccECP,Te.cc-pVDZ.gamess,basis,ccECP,cc-pVDZ,cc-pVDZ-ccECP,-ccECP,Te:cc-pVDZ-ccECP,PASS,source library name retained as the label stem; declared disambiguating suffix '-ccECP' appended: cc-pVDZ -> cc-pVDZ-ccECP,by_element/Te/Te.cc-pVDZ.cfour
Te,recipes/Te/ccECP,Te.cc-pVQZ.gamess,basis,ccECP,cc-pVQZ,cc-pVQZ-ccECP,-ccECP,Te:cc-pVQZ-ccECP,PASS,source library name retained as the label stem; declared disambiguating suffix '-ccECP' appended: cc-pVQZ -> cc-pVQZ-ccECP,by_element/Te/Te.cc-pVQZ.cfour
Te,recipes/Te/ccECP,Te.cc-pVTZ.gamess,basis,ccECP,cc-pVTZ,cc-pVTZ-ccECP,-ccECP,Te:cc-pVTZ-ccECP,PASS,source library name retained as the label stem; declared disambiguating suffix '-ccECP' appended: cc-pVTZ -> cc-pVTZ-ccECP,by_element/Te/Te.cc-pVTZ.cfour
Ti,recipes/Ti/ccECP,Ti.aug-cc-pCV5Z.gamess,basis,ccECP,aug-cc-pCV5Z,aug-cc-pCV5Z-ccECP,-ccECP,Ti:aug-cc-pCV5Z-ccECP,PASS,source library name retained as the label stem; declared disambiguating suffix '-ccECP' appended: aug-cc-pCV5Z -> aug-cc-pCV5Z-ccECP,by_element/Ti/Ti.aug-cc-pCV5Z.cfour
Ti,recipes/Ti/ccECP,Ti.aug-cc-pCVDZ.gamess,basis,ccECP,aug-cc-pCVDZ,aug-cc-pCVDZ-ccECP,-ccECP,Ti:aug-cc-pCVDZ-ccECP,PASS,source library name retained as the label stem; declared disambiguating suffix '-ccECP' appended: aug-cc-pCVDZ -> aug-cc-pCVDZ-ccECP,by_element/Ti/Ti.aug-cc-pCVDZ.cfour
Ti,recipes/Ti/ccECP,Ti.aug-cc-pCVQZ.gamess,basis,ccECP,aug-cc-pCVQZ,aug-cc-pCVQZ-ccECP,-ccECP,Ti:aug-cc-pCVQZ-ccECP,PASS,source library name retained as the label stem; declared disambiguating suffix '-ccECP' appended: aug-cc-pCVQZ -> aug-cc-pCVQZ-ccECP,by_element/Ti/Ti.aug-cc-pCVQZ.cfour
Ti,recipes/Ti/ccECP,Ti.aug-cc-pCVTZ.gamess,basis,ccECP,aug-cc-pCVTZ,aug-cc-pCVTZ-ccECP,-ccECP,Ti:aug-cc-pCVTZ-ccECP,PASS,source library name retained as the label stem; declared disambiguating suffix '-ccECP' appended: aug-cc-pCVTZ -> aug-cc-pCVTZ-ccECP,by_element/Ti/Ti.aug-cc-pCVTZ.cfour
Ti,recipes/Ti/ccECP,Ti.aug-cc-pV5Z.gamess,basis,ccECP,aug-cc-pV5Z,aug-cc-pV5Z-ccECP,-ccECP,Ti:aug-cc-pV5Z-ccECP,PASS,source library name retained as the label stem; declared disambiguating suffix '-ccECP' appended: aug-cc-pV5Z -> aug-cc-pV5Z-ccECP,by_element/Ti/Ti.aug-cc-pV5Z.cfour
Ti,recipes/Ti/ccECP,Ti.aug-cc-pVDZ.gamess,basis,ccECP,aug-cc-pVDZ,aug-cc-pVDZ-ccECP,-ccECP,Ti:aug-cc-pVDZ-ccECP,PASS,source library name retained as the label stem; declared disambiguating suffix '-ccECP' appended: aug-cc-pVDZ -> aug-cc-pVDZ-ccECP,by_element/Ti/Ti.aug-cc-pVDZ.cfour
Ti,recipes/Ti/ccECP,Ti.aug-cc-pVQZ.gamess,basis,ccECP,aug-cc-pVQZ,aug-cc-pVQZ-ccECP,-ccECP,Ti:aug-cc-pVQZ-ccECP,PASS,source library name retained as the label stem; declared disambiguating suffix '-ccECP' appended: aug-cc-pVQZ -> aug-cc-pVQZ-ccECP,by_element/Ti/Ti.aug-cc-pVQZ.cfour
Ti,recipes/Ti/ccECP,Ti.aug-cc-pVTZ.gamess,basis,ccECP,aug-cc-pVTZ,aug-cc-pVTZ-ccECP,-ccECP,Ti:aug-cc-pVTZ-ccECP,PASS,source library name retained as the label stem; declared disambiguating suffix '-ccECP' appended: aug-cc-pVTZ -> aug-cc-pVTZ-ccECP,by_element/Ti/Ti.aug-cc-pVTZ.cfour
Ti,recipes/Ti/ccECP,Ti.cc-pCV5Z.gamess,basis,ccECP,cc-pCV5Z,cc-pCV5Z-ccECP,-ccECP,Ti:cc-pCV5Z-ccECP,PASS,source library name retained as the label stem; declared disambiguating suffix '-ccECP' appended: cc-pCV5Z -> cc-pCV5Z-ccECP,by_element/Ti/Ti.cc-pCV5Z.cfour
Ti,recipes/Ti/ccECP,Ti.cc-pCVDZ.gamess,basis,ccECP,cc-pCVDZ,cc-pCVDZ-ccECP,-ccECP,Ti:cc-pCVDZ-ccECP,PASS,source library name retained as the label stem; declared disambiguating suffix '-ccECP' appended: cc-pCVDZ -> cc-pCVDZ-ccECP,by_element/Ti/Ti.cc-pCVDZ.cfour
Ti,recipes/Ti/ccECP,Ti.cc-pCVQZ.gamess,basis,ccECP,cc-pCVQZ,cc-pCVQZ-ccECP,-ccECP,Ti:cc-pCVQZ-ccECP,PASS,source library name retained as the label stem; declared disambiguating suffix '-ccECP' appended: cc-pCVQZ -> cc-pCVQZ-ccECP,by_element/Ti/Ti.cc-pCVQZ.cfour
Ti,recipes/Ti/ccECP,Ti.cc-pCVTZ.gamess,basis,ccECP,cc-pCVTZ,cc-pCVTZ-ccECP,-ccECP,Ti:cc-pCVTZ-ccECP,PASS,source library name retained as the label stem; declared disambiguating suffix '-ccECP' appended: cc-pCVTZ -> cc-pCVTZ-ccECP,by_element/Ti/Ti.cc-pCVTZ.cfour
Ti,recipes/Ti/ccECP,Ti.cc-pV5Z.gamess,basis,ccECP,cc-pV5Z,cc-pV5Z-ccECP,-ccECP,Ti:cc-pV5Z-ccECP,PASS,source library name retained as the label stem; declared disambiguating suffix '-ccECP' appended: cc-pV5Z -> cc-pV5Z-ccECP,by_element/Ti/Ti.cc-pV5Z.cfour
Ti,recipes/Ti/ccECP,Ti.cc-pVDZ.gamess,basis,ccECP,cc-pVDZ,cc-pVDZ-ccECP,-ccECP,Ti:cc-pVDZ-ccECP,PASS,source library name retained as the label stem; declared disambiguating suffix '-ccECP' appended: cc-pVDZ -> cc-pVDZ-ccECP,by_element/Ti/Ti.cc-pVDZ.cfour
Ti,recipes/Ti/ccECP,Ti.cc-pVQZ.gamess,basis,ccECP,cc-pVQZ,cc-pVQZ-ccECP,-ccECP,Ti:cc-pVQZ-ccECP,PASS,source library name retained as the label stem; declared disambiguating suffix '-ccECP' appended: cc-pVQZ -> cc-pVQZ-ccECP,by_element/Ti/Ti.cc-pVQZ.cfour
Ti,recipes/Ti/ccECP,Ti.cc-pVTZ.gamess,basis,ccECP,cc-pVTZ,cc-pVTZ-ccECP,-ccECP,Ti:cc-pVTZ-ccECP,PASS,source library name retained as the label stem; declared disambiguating suffix '-ccECP' appended: cc-pVTZ -> cc-pVTZ-ccECP,by_element/Ti/Ti.cc-pVTZ.cfour
V,recipes/V/ccECP,V.aug-cc-pCV5Z.gamess,basis,ccECP,aug-cc-pCV5Z,aug-cc-pCV5Z-ccECP,-ccECP,V:aug-cc-pCV5Z-ccECP,PASS,source library name retained as the label stem; declared disambiguating suffix '-ccECP' appended: aug-cc-pCV5Z -> aug-cc-pCV5Z-ccECP,by_element/V/V.aug-cc-pCV5Z.cfour
V,recipes/V/ccECP,V.aug-cc-pCVDZ.gamess,basis,ccECP,aug-cc-pCVDZ,aug-cc-pCVDZ-ccECP,-ccECP,V:aug-cc-pCVDZ-ccECP,PASS,source library name retained as the label stem; declared disambiguating suffix '-ccECP' appended: aug-cc-pCVDZ -> aug-cc-pCVDZ-ccECP,by_element/V/V.aug-cc-pCVDZ.cfour
V,recipes/V/ccECP,V.aug-cc-pCVQZ.gamess,basis,ccECP,aug-cc-pCVQZ,aug-cc-pCVQZ-ccECP,-ccECP,V:aug-cc-pCVQZ-ccECP,PASS,source library name retained as the label stem; declared disambiguating suffix '-ccECP' appended: aug-cc-pCVQZ -> aug-cc-pCVQZ-ccECP,by_element/V/V.aug-cc-pCVQZ.cfour
V,recipes/V/ccECP,V.aug-cc-pCVTZ.gamess,basis,ccECP,aug-cc-pCVTZ,aug-cc-pCVTZ-ccECP,-ccECP,V:aug-cc-pCVTZ-ccECP,PASS,source library name retained as the label stem; declared disambiguating suffix '-ccECP' appended: aug-cc-pCVTZ -> aug-cc-pCVTZ-ccECP,by_element/V/V.aug-cc-pCVTZ.cfour
V,recipes/V/ccECP,V.aug-cc-pV5Z.gamess,basis,ccECP,aug-cc-pV5Z,aug-cc-pV5Z-ccECP,-ccECP,V:aug-cc-pV5Z-ccECP,PASS,source library name retained as the label stem; declared disambiguating suffix '-ccECP' appended: aug-cc-pV5Z -> aug-cc-pV5Z-ccECP,by_element/V/V.aug-cc-pV5Z.cfour
V,recipes/V/ccECP,V.aug-cc-pVDZ.gamess,basis,ccECP,aug-cc-pVDZ,aug-cc-pVDZ-ccECP,-ccECP,V:aug-cc-pVDZ-ccECP,PASS,source library name retained as the label stem; declared disambiguating suffix '-ccECP' appended: aug-cc-pVDZ -> aug-cc-pVDZ-ccECP,by_element/V/V.aug-cc-pVDZ.cfour
V,recipes/V/ccECP,V.aug-cc-pVQZ.gamess,basis,ccECP,aug-cc-pVQZ,aug-cc-pVQZ-ccECP,-ccECP,V:aug-cc-pVQZ-ccECP,PASS,source library name retained as the label stem; declared disambiguating suffix '-ccECP' appended: aug-cc-pVQZ -> aug-cc-pVQZ-ccECP,by_element/V/V.aug-cc-pVQZ.cfour
V,recipes/V/ccECP,V.aug-cc-pVTZ.gamess,basis,ccECP,aug-cc-pVTZ,aug-cc-pVTZ-ccECP,-ccECP,V:aug-cc-pVTZ-ccECP,PASS,source library name retained as the label stem; declared disambiguating suffix '-ccECP' appended: aug-cc-pVTZ -> aug-cc-pVTZ-ccECP,by_element/V/V.aug-cc-pVTZ.cfour
V,recipes/V/ccECP,V.cc-pCV5Z.gamess,basis,ccECP,cc-pCV5Z,cc-pCV5Z-ccECP,-ccECP,V:cc-pCV5Z-ccECP,PASS,source library name retained as the label stem; declared disambiguating suffix '-ccECP' appended: cc-pCV5Z -> cc-pCV5Z-ccECP,by_element/V/V.cc-pCV5Z.cfour
V,recipes/V/ccECP,V.cc-pCVDZ.gamess,basis,ccECP,cc-pCVDZ,cc-pCVDZ-ccECP,-ccECP,V:cc-pCVDZ-ccECP,PASS,source library name retained as the label stem; declared disambiguating suffix '-ccECP' appended: cc-pCVDZ -> cc-pCVDZ-ccECP,by_element/V/V.cc-pCVDZ.cfour
V,recipes/V/ccECP,V.cc-pCVQZ.gamess,basis,ccECP,cc-pCVQZ,cc-pCVQZ-ccECP,-ccECP,V:cc-pCVQZ-ccECP,PASS,source library name retained as the label stem; declared disambiguating suffix '-ccECP' appended: cc-pCVQZ -> cc-pCVQZ-ccECP,by_element/V/V.cc-pCVQZ.cfour
V,recipes/V/ccECP,V.cc-pCVTZ.gamess,basis,ccECP,cc-pCVTZ,cc-pCVTZ-ccECP,-ccECP,V:cc-pCVTZ-ccECP,PASS,source library name retained as the label stem; declared disambiguating suffix '-ccECP' appended: cc-pCVTZ -> cc-pCVTZ-ccECP,by_element/V/V.cc-pCVTZ.cfour
V,recipes/V/ccECP,V.cc-pV5Z.gamess,basis,ccECP,cc-pV5Z,cc-pV5Z-ccECP,-ccECP,V:cc-pV5Z-ccECP,PASS,source library name retained as the label stem; declared disambiguating suffix '-ccECP' appended: cc-pV5Z -> cc-pV5Z-ccECP,by_element/V/V.cc-pV5Z.cfour
V,recipes/V/ccECP,V.cc-pVDZ.gamess,basis,ccECP,cc-pVDZ,cc-pVDZ-ccECP,-ccECP,V:cc-pVDZ-ccECP,PASS,source library name retained as the label stem; declared disambiguating suffix '-ccECP' appended: cc-pVDZ -> cc-pVDZ-ccECP,by_element/V/V.cc-pVDZ.cfour
V,recipes/V/ccECP,V.cc-pVQZ.gamess,basis,ccECP,cc-pVQZ,cc-pVQZ-ccECP,-ccECP,V:cc-pVQZ-ccECP,PASS,source library name retained as the label stem; declared disambiguating suffix '-ccECP' appended: cc-pVQZ -> cc-pVQZ-ccECP,by_element/V/V.cc-pVQZ.cfour
V,recipes/V/ccECP,V.cc-pVTZ.gamess,basis,ccECP,cc-pVTZ,cc-pVTZ-ccECP,-ccECP,V:cc-pVTZ-ccECP,PASS,source library name retained as the label stem; declared disambiguating suffix '-ccECP' appended: cc-pVTZ -> cc-pVTZ-ccECP,by_element/V/V.cc-pVTZ.cfour
W,recipes/W/ccECP,W.aug-cc-pCV5Z.gamess,basis,ccECP,aug-cc-pCV5Z,aug-cc-pCV5Z-ccECP,-ccECP,W:aug-cc-pCV5Z-ccECP,PASS,source library name retained as the label stem; declared disambiguating suffix '-ccECP' appended: aug-cc-pCV5Z -> aug-cc-pCV5Z-ccECP,by_element/W/W.aug-cc-pCV5Z.cfour
W,recipes/W/ccECP,W.aug-cc-pCVDZ.gamess,basis,ccECP,aug-cc-pCVDZ,aug-cc-pCVDZ-ccECP,-ccECP,W:aug-cc-pCVDZ-ccECP,PASS,source library name retained as the label stem; declared disambiguating suffix '-ccECP' appended: aug-cc-pCVDZ -> aug-cc-pCVDZ-ccECP,by_element/W/W.aug-cc-pCVDZ.cfour
W,recipes/W/ccECP,W.aug-cc-pCVQZ.gamess,basis,ccECP,aug-cc-pCVQZ,aug-cc-pCVQZ-ccECP,-ccECP,W:aug-cc-pCVQZ-ccECP,PASS,source library name retained as the label stem; declared disambiguating suffix '-ccECP' appended: aug-cc-pCVQZ -> aug-cc-pCVQZ-ccECP,by_element/W/W.aug-cc-pCVQZ.cfour
W,recipes/W/ccECP,W.aug-cc-pCVTZ.gamess,basis,ccECP,aug-cc-pCVTZ,aug-cc-pCVTZ-ccECP,-ccECP,W:aug-cc-pCVTZ-ccECP,PASS,source library name retained as the label stem; declared disambiguating suffix '-ccECP' appended: aug-cc-pCVTZ -> aug-cc-pCVTZ-ccECP,by_element/W/W.aug-cc-pCVTZ.cfour
W,recipes/W/ccECP,W.aug-cc-pV5Z.gamess,basis,ccECP,aug-cc-pV5Z,aug-cc-pV5Z-ccECP,-ccECP,W:aug-cc-pV5Z-ccECP,PASS,source library name retained as the label stem; declared disambiguating suffix '-ccECP' appended: aug-cc-pV5Z -> aug-cc-pV5Z-ccECP,by_element/W/W.aug-cc-pV5Z.cfour
W,recipes/W/ccECP,W.aug-cc-pVDZ.gamess,basis,ccECP,aug-cc-pVDZ,aug-cc-pVDZ-ccECP,-ccECP,W:aug-cc-pVDZ-ccECP,PASS,source library name retained as the label stem; declared disambiguating suffix '-ccECP' appended: aug-cc-pVDZ -> aug-cc-pVDZ-ccECP,by_element/W/W.aug-cc-pVDZ.cfour
W,recipes/W/ccECP,W.aug-cc-pVQZ.gamess,basis,ccECP,aug-cc-pVQZ,aug-cc-pVQZ-ccECP,-ccECP,W:aug-cc-pVQZ-ccECP,PASS,source library name retained as the label stem; declared disambiguating suffix '-ccECP' appended: aug-cc-pVQZ -> aug-cc-pVQZ-ccECP,by_element/W/W.aug-cc-pVQZ.cfour
W,recipes/W/ccECP,W.aug-cc-pVTZ.gamess,basis,ccECP,aug-cc-pVTZ,aug-cc-pVTZ-ccECP,-ccECP,W:aug-cc-pVTZ-ccECP,PASS,source library name retained as the label stem; declared disambiguating suffix '-ccECP' appended: aug-cc-pVTZ -> aug-cc-pVTZ-ccECP,by_element/W/W.aug-cc-pVTZ.cfour
W,recipes/W/ccECP,W.cc-pCV5Z.gamess,basis,ccECP,cc-pCV5Z,cc-pCV5Z-ccECP,-ccECP,W:cc-pCV5Z-ccECP,PASS,source library name retained as the label stem; declared disambiguating suffix '-ccECP' appended: cc-pCV5Z -> cc-pCV5Z-ccECP,by_element/W/W.cc-pCV5Z.cfour
W,recipes/W/ccECP,W.cc-pCVDZ.gamess,basis,ccECP,cc-pCVDZ,cc-pCVDZ-ccECP,-ccECP,W:cc-pCVDZ-ccECP,PASS,source library name retained as the label stem; declared disambiguating suffix '-ccECP' appended: cc-pCVDZ -> cc-pCVDZ-ccECP,by_element/W/W.cc-pCVDZ.cfour
W,recipes/W/ccECP,W.cc-pCVQZ.gamess,basis,ccECP,cc-pCVQZ,cc-pCVQZ-ccECP,-ccECP,W:cc-pCVQZ-ccECP,PASS,source library name retained as the label stem; declared disambiguating suffix '-ccECP' appended: cc-pCVQZ -> cc-pCVQZ-ccECP,by_element/W/W.cc-pCVQZ.cfour
W,recipes/W/ccECP,W.cc-pCVTZ.gamess,basis,ccECP,cc-pCVTZ,cc-pCVTZ-ccECP,-ccECP,W:cc-pCVTZ-ccECP,PASS,source library name retained as the label stem; declared disambiguating suffix '-ccECP' appended: cc-pCVTZ -> cc-pCVTZ-ccECP,by_element/W/W.cc-pCVTZ.cfour
W,recipes/W/ccECP,W.cc-pV5Z.gamess,basis,ccECP,cc-pV5Z,cc-pV5Z-ccECP,-ccECP,W:cc-pV5Z-ccECP,PASS,source library name retained as the label stem; declared disambiguating suffix '-ccECP' appended: cc-pV5Z -> cc-pV5Z-ccECP,by_element/W/W.cc-pV5Z.cfour
W,recipes/W/ccECP,W.cc-pVDZ.gamess,basis,ccECP,cc-pVDZ,cc-pVDZ-ccECP,-ccECP,W:cc-pVDZ-ccECP,PASS,source library name retained as the label stem; declared disambiguating suffix '-ccECP' appended: cc-pVDZ -> cc-pVDZ-ccECP,by_element/W/W.cc-pVDZ.cfour
W,recipes/W/ccECP,W.cc-pVQZ.gamess,basis,ccECP,cc-pVQZ,cc-pVQZ-ccECP,-ccECP,W:cc-pVQZ-ccECP,PASS,source library name retained as the label stem; declared disambiguating suffix '-ccECP' appended: cc-pVQZ -> cc-pVQZ-ccECP,by_element/W/W.cc-pVQZ.cfour
W,recipes/W/ccECP,W.cc-pVTZ.gamess,basis,ccECP,cc-pVTZ,cc-pVTZ-ccECP,-ccECP,W:cc-pVTZ-ccECP,PASS,source library name retained as the label stem; declared disambiguating suffix '-ccECP' appended: cc-pVTZ -> cc-pVTZ-ccECP,by_element/W/W.cc-pVTZ.cfour
Y,recipes/Y/ccECP,Y.aug-cc-pCV5Z.gamess,basis,ccECP,aug-cc-pCV5Z,aug-cc-pCV5Z-ccECP,-ccECP,Y:aug-cc-pCV5Z-ccECP,PASS,source library name retained as the label stem; declared disambiguating suffix '-ccECP' appended: aug-cc-pCV5Z -> aug-cc-pCV5Z-ccECP,by_element/Y/Y.aug-cc-pCV5Z.cfour
Y,recipes/Y/ccECP,Y.aug-cc-pCVDZ.gamess,basis,ccECP,aug-cc-pCVDZ,aug-cc-pCVDZ-ccECP,-ccECP,Y:aug-cc-pCVDZ-ccECP,PASS,source library name retained as the label stem; declared disambiguating suffix '-ccECP' appended: aug-cc-pCVDZ -> aug-cc-pCVDZ-ccECP,by_element/Y/Y.aug-cc-pCVDZ.cfour
Y,recipes/Y/ccECP,Y.aug-cc-pCVQZ.gamess,basis,ccECP,aug-cc-pCVQZ,aug-cc-pCVQZ-ccECP,-ccECP,Y:aug-cc-pCVQZ-ccECP,PASS,source library name retained as the label stem; declared disambiguating suffix '-ccECP' appended: aug-cc-pCVQZ -> aug-cc-pCVQZ-ccECP,by_element/Y/Y.aug-cc-pCVQZ.cfour
Y,recipes/Y/ccECP,Y.aug-cc-pCVTZ.gamess,basis,ccECP,aug-cc-pCVTZ,aug-cc-pCVTZ-ccECP,-ccECP,Y:aug-cc-pCVTZ-ccECP,PASS,source library name retained as the label stem; declared disambiguating suffix '-ccECP' appended: aug-cc-pCVTZ -> aug-cc-pCVTZ-ccECP,by_element/Y/Y.aug-cc-pCVTZ.cfour
Y,recipes/Y/ccECP,Y.aug-cc-pV5Z.gamess,basis,ccECP,aug-cc-pV5Z,aug-cc-pV5Z-ccECP,-ccECP,Y:aug-cc-pV5Z-ccECP,PASS,source library name retained as the label stem; declared disambiguating suffix '-ccECP' appended: aug-cc-pV5Z -> aug-cc-pV5Z-ccECP,by_element/Y/Y.aug-cc-pV5Z.cfour
Y,recipes/Y/ccECP,Y.aug-cc-pVDZ.gamess,basis,ccECP,aug-cc-pVDZ,aug-cc-pVDZ-ccECP,-ccECP,Y:aug-cc-pVDZ-ccECP,PASS,source library name retained as the label stem; declared disambiguating suffix '-ccECP' appended: aug-cc-pVDZ -> aug-cc-pVDZ-ccECP,by_element/Y/Y.aug-cc-pVDZ.cfour
Y,recipes/Y/ccECP,Y.aug-cc-pVQZ.gamess,basis,ccECP,aug-cc-pVQZ,aug-cc-pVQZ-ccECP,-ccECP,Y:aug-cc-pVQZ-ccECP,PASS,source library name retained as the label stem; declared disambiguating suffix '-ccECP' appended: aug-cc-pVQZ -> aug-cc-pVQZ-ccECP,by_element/Y/Y.aug-cc-pVQZ.cfour
Y,recipes/Y/ccECP,Y.aug-cc-pVTZ.gamess,basis,ccECP,aug-cc-pVTZ,aug-cc-pVTZ-ccECP,-ccECP,Y:aug-cc-pVTZ-ccECP,PASS,source library name retained as the label stem; declared disambiguating suffix '-ccECP' appended: aug-cc-pVTZ -> aug-cc-pVTZ-ccECP,by_element/Y/Y.aug-cc-pVTZ.cfour
Y,recipes/Y/ccECP,Y.cc-pCV5Z.gamess,basis,ccECP,cc-pCV5Z,cc-pCV5Z-ccECP,-ccECP,Y:cc-pCV5Z-ccECP,PASS,source library name retained as the label stem; declared disambiguating suffix '-ccECP' appended: cc-pCV5Z -> cc-pCV5Z-ccECP,by_element/Y/Y.cc-pCV5Z.cfour
Y,recipes/Y/ccECP,Y.cc-pCVDZ.gamess,basis,ccECP,cc-pCVDZ,cc-pCVDZ-ccECP,-ccECP,Y:cc-pCVDZ-ccECP,PASS,source library name retained as the label stem; declared disambiguating suffix '-ccECP' appended: cc-pCVDZ -> cc-pCVDZ-ccECP,by_element/Y/Y.cc-pCVDZ.cfour
Y,recipes/Y/ccECP,Y.cc-pCVQZ.gamess,basis,ccECP,cc-pCVQZ,cc-pCVQZ-ccECP,-ccECP,Y:cc-pCVQZ-ccECP,PASS,source library name retained as the label stem; declared disambiguating suffix '-ccECP' appended: cc-pCVQZ -> cc-pCVQZ-ccECP,by_element/Y/Y.cc-pCVQZ.cfour
Y,recipes/Y/ccECP,Y.cc-pCVTZ.gamess,basis,ccECP,cc-pCVTZ,cc-pCVTZ-ccECP,-ccECP,Y:cc-pCVTZ-ccECP,PASS,source library name retained as the label stem; declared disambiguating suffix '-ccECP' appended: cc-pCVTZ -> cc-pCVTZ-ccECP,by_element/Y/Y.cc-pCVTZ.cfour
Y,recipes/Y/ccECP,Y.cc-pV5Z.gamess,basis,ccECP,cc-pV5Z,cc-pV5Z-ccECP,-ccECP,Y:cc-pV5Z-ccECP,PASS,source library name retained as the label stem; declared disambiguating suffix '-ccECP' appended: cc-pV5Z -> cc-pV5Z-ccECP,by_element/Y/Y.cc-pV5Z.cfour
Y,recipes/Y/ccECP,Y.cc-pVDZ.gamess,basis,ccECP,cc-pVDZ,cc-pVDZ-ccECP,-ccECP,Y:cc-pVDZ-ccECP,PASS,source library name retained as the label stem; declared disambiguating suffix '-ccECP' appended: cc-pVDZ -> cc-pVDZ-ccECP,by_element/Y/Y.cc-pVDZ.cfour
Y,recipes/Y/ccECP,Y.cc-pVQZ.gamess,basis,ccECP,cc-pVQZ,cc-pVQZ-ccECP,-ccECP,Y:cc-pVQZ-ccECP,PASS,source library name retained as the label stem; declared disambiguating suffix '-ccECP' appended: cc-pVQZ -> cc-pVQZ-ccECP,by_element/Y/Y.cc-pVQZ.cfour
Y,recipes/Y/ccECP,Y.cc-pVTZ.gamess,basis,ccECP,cc-pVTZ,cc-pVTZ-ccECP,-ccECP,Y:cc-pVTZ-ccECP,PASS,source library name retained as the label stem; declared disambiguating suffix '-ccECP' appended: cc-pVTZ -> cc-pVTZ-ccECP,by_element/Y/Y.cc-pVTZ.cfour
Zn,recipes/Zn/ccECP,Zn.aug-cc-pCV5Z.gamess,basis,ccECP,aug-cc-pCV5Z,aug-cc-pCV5Z-ccECP,-ccECP,Zn:aug-cc-pCV5Z-ccECP,PASS,source library name retained as the label stem; declared disambiguating suffix '-ccECP' appended: aug-cc-pCV5Z -> aug-cc-pCV5Z-ccECP,by_element/Zn/Zn.aug-cc-pCV5Z.cfour
Zn,recipes/Zn/ccECP,Zn.aug-cc-pCVDZ.gamess,basis,ccECP,aug-cc-pCVDZ,aug-cc-pCVDZ-ccECP,-ccECP,Zn:aug-cc-pCVDZ-ccECP,PASS,source library name retained as the label stem; declared disambiguating suffix '-ccECP' appended: aug-cc-pCVDZ -> aug-cc-pCVDZ-ccECP,by_element/Zn/Zn.aug-cc-pCVDZ.cfour
Zn,recipes/Zn/ccECP,Zn.aug-cc-pCVQZ.gamess,basis,ccECP,aug-cc-pCVQZ,aug-cc-pCVQZ-ccECP,-ccECP,Zn:aug-cc-pCVQZ-ccECP,PASS,source library name retained as the label stem; declared disambiguating suffix '-ccECP' appended: aug-cc-pCVQZ -> aug-cc-pCVQZ-ccECP,by_element/Zn/Zn.aug-cc-pCVQZ.cfour
Zn,recipes/Zn/ccECP,Zn.aug-cc-pCVTZ.gamess,basis,ccECP,aug-cc-pCVTZ,aug-cc-pCVTZ-ccECP,-ccECP,Zn:aug-cc-pCVTZ-ccECP,PASS,source library name retained as the label stem; declared disambiguating suffix '-ccECP' appended: aug-cc-pCVTZ -> aug-cc-pCVTZ-ccECP,by_element/Zn/Zn.aug-cc-pCVTZ.cfour
Zn,recipes/Zn/ccECP,Zn.aug-cc-pV5Z.gamess,basis,ccECP,aug-cc-pV5Z,aug-cc-pV5Z-ccECP,-ccECP,Zn:aug-cc-pV5Z-ccECP,PASS,source library name retained as the label stem; declared disambiguating suffix '-ccECP' appended: aug-cc-pV5Z -> aug-cc-pV5Z-ccECP,by_element/Zn/Zn.aug-cc-pV5Z.cfour
Zn,recipes/Zn/ccECP,Zn.aug-cc-pVDZ.gamess,basis,ccECP,aug-cc-pVDZ,aug-cc-pVDZ-ccECP,-ccECP,Zn:aug-cc-pVDZ-ccECP,PASS,source library name retained as the label stem; declared disambiguating suffix '-ccECP' appended: aug-cc-pVDZ -> aug-cc-pVDZ-ccECP,by_element/Zn/Zn.aug-cc-pVDZ.cfour
Zn,recipes/Zn/ccECP,Zn.aug-cc-pVQZ.gamess,basis,ccECP,aug-cc-pVQZ,aug-cc-pVQZ-ccECP,-ccECP,Zn:aug-cc-pVQZ-ccECP,PASS,source library name retained as the label stem; declared disambiguating suffix '-ccECP' appended: aug-cc-pVQZ -> aug-cc-pVQZ-ccECP,by_element/Zn/Zn.aug-cc-pVQZ.cfour
Zn,recipes/Zn/ccECP,Zn.aug-cc-pVTZ.gamess,basis,ccECP,aug-cc-pVTZ,aug-cc-pVTZ-ccECP,-ccECP,Zn:aug-cc-pVTZ-ccECP,PASS,source library name retained as the label stem; declared disambiguating suffix '-ccECP' appended: aug-cc-pVTZ -> aug-cc-pVTZ-ccECP,by_element/Zn/Zn.aug-cc-pVTZ.cfour
Zn,recipes/Zn/ccECP,Zn.cc-pCV5Z.gamess,basis,ccECP,cc-pCV5Z,cc-pCV5Z-ccECP,-ccECP,Zn:cc-pCV5Z-ccECP,PASS,source library name retained as the label stem; declared disambiguating suffix '-ccECP' appended: cc-pCV5Z -> cc-pCV5Z-ccECP,by_element/Zn/Zn.cc-pCV5Z.cfour
Zn,recipes/Zn/ccECP,Zn.cc-pCVDZ.gamess,basis,ccECP,cc-pCVDZ,cc-pCVDZ-ccECP,-ccECP,Zn:cc-pCVDZ-ccECP,PASS,source library name retained as the label stem; declared disambiguating suffix '-ccECP' appended: cc-pCVDZ -> cc-pCVDZ-ccECP,by_element/Zn/Zn.cc-pCVDZ.cfour
Zn,recipes/Zn/ccECP,Zn.cc-pCVQZ.gamess,basis,ccECP,cc-pCVQZ,cc-pCVQZ-ccECP,-ccECP,Zn:cc-pCVQZ-ccECP,PASS,source library name retained as the label stem; declared disambiguating suffix '-ccECP' appended: cc-pCVQZ -> cc-pCVQZ-ccECP,by_element/Zn/Zn.cc-pCVQZ.cfour
Zn,recipes/Zn/ccECP,Zn.cc-pCVTZ.gamess,basis,ccECP,cc-pCVTZ,cc-pCVTZ-ccECP,-ccECP,Zn:cc-pCVTZ-ccECP,PASS,source library name retained as the label stem; declared disambiguating suffix '-ccECP' appended: cc-pCVTZ -> cc-pCVTZ-ccECP,by_element/Zn/Zn.cc-pCVTZ.cfour
Zn,recipes/Zn/ccECP,Zn.cc-pV5Z.gamess,basis,ccECP,cc-pV5Z,cc-pV5Z-ccECP,-ccECP,Zn:cc-pV5Z-ccECP,PASS,source library name retained as the label stem; declared disambiguating suffix '-ccECP' appended: cc-pV5Z -> cc-pV5Z-ccECP,by_element/Zn/Zn.cc-pV5Z.cfour
Zn,recipes/Zn/ccECP,Zn.cc-pVDZ.gamess,basis,ccECP,cc-pVDZ,cc-pVDZ-ccECP,-ccECP,Zn:cc-pVDZ-ccECP,PASS,source library name retained as the label stem; declared disambiguating suffix '-ccECP' appended: cc-pVDZ -> cc-pVDZ-ccECP,by_element/Zn/Zn.cc-pVDZ.cfour
Zn,recipes/Zn/ccECP,Zn.cc-pVQZ.gamess,basis,ccECP,cc-pVQZ,cc-pVQZ-ccECP,-ccECP,Zn:cc-pVQZ-ccECP,PASS,source library name retained as the label stem; declared disambiguating suffix '-ccECP' appended: cc-pVQZ -> cc-pVQZ-ccECP,by_element/Zn/Zn.cc-pVQZ.cfour
Zn,recipes/Zn/ccECP,Zn.cc-pVTZ.gamess,basis,ccECP,cc-pVTZ,cc-pVTZ-ccECP,-ccECP,Zn:cc-pVTZ-ccECP,PASS,source library name retained as the label stem; declared disambiguating suffix '-ccECP' appended: cc-pVTZ -> cc-pVTZ-ccECP,by_element/Zn/Zn.cc-pVTZ.cfour
Zr,recipes/Zr/ccECP,Zr.aug-cc-pCV5Z.gamess,basis,ccECP,aug-cc-pCV5Z,aug-cc-pCV5Z-ccECP,-ccECP,Zr:aug-cc-pCV5Z-ccECP,PASS,source library name retained as the label stem; declared disambiguating suffix '-ccECP' appended: aug-cc-pCV5Z -> aug-cc-pCV5Z-ccECP,by_element/Zr/Zr.aug-cc-pCV5Z.cfour
Zr,recipes/Zr/ccECP,Zr.aug-cc-pCVDZ.gamess,basis,ccECP,aug-cc-pCVDZ,aug-cc-pCVDZ-ccECP,-ccECP,Zr:aug-cc-pCVDZ-ccECP,PASS,source library name retained as the label stem; declared disambiguating suffix '-ccECP' appended: aug-cc-pCVDZ -> aug-cc-pCVDZ-ccECP,by_element/Zr/Zr.aug-cc-pCVDZ.cfour
Zr,recipes/Zr/ccECP,Zr.aug-cc-pCVQZ.gamess,basis,ccECP,aug-cc-pCVQZ,aug-cc-pCVQZ-ccECP,-ccECP,Zr:aug-cc-pCVQZ-ccECP,PASS,source library name retained as the label stem; declared disambiguating suffix '-ccECP' appended: aug-cc-pCVQZ -> aug-cc-pCVQZ-ccECP,by_element/Zr/Zr.aug-cc-pCVQZ.cfour
Zr,recipes/Zr/ccECP,Zr.aug-cc-pCVTZ.gamess,basis,ccECP,aug-cc-pCVTZ,aug-cc-pCVTZ-ccECP,-ccECP,Zr:aug-cc-pCVTZ-ccECP,PASS,source library name retained as the label stem; declared disambiguating suffix '-ccECP' appended: aug-cc-pCVTZ -> aug-cc-pCVTZ-ccECP,by_element/Zr/Zr.aug-cc-pCVTZ.cfour
Zr,recipes/Zr/ccECP,Zr.aug-cc-pV5Z.gamess,basis,ccECP,aug-cc-pV5Z,aug-cc-pV5Z-ccECP,-ccECP,Zr:aug-cc-pV5Z-ccECP,PASS,source library name retained as the label stem; declared disambiguating suffix '-ccECP' appended: aug-cc-pV5Z -> aug-cc-pV5Z-ccECP,by_element/Zr/Zr.aug-cc-pV5Z.cfour
Zr,recipes/Zr/ccECP,Zr.aug-cc-pVDZ.gamess,basis,ccECP,aug-cc-pVDZ,aug-cc-pVDZ-ccECP,-ccECP,Zr:aug-cc-pVDZ-ccECP,PASS,source library name retained as the label stem; declared disambiguating suffix '-ccECP' appended: aug-cc-pVDZ -> aug-cc-pVDZ-ccECP,by_element/Zr/Zr.aug-cc-pVDZ.cfour
Zr,recipes/Zr/ccECP,Zr.aug-cc-pVQZ.gamess,basis,ccECP,aug-cc-pVQZ,aug-cc-pVQZ-ccECP,-ccECP,Zr:aug-cc-pVQZ-ccECP,PASS,source library name retained as the label stem; declared disambiguating suffix '-ccECP' appended: aug-cc-pVQZ -> aug-cc-pVQZ-ccECP,by_element/Zr/Zr.aug-cc-pVQZ.cfour
Zr,recipes/Zr/ccECP,Zr.aug-cc-pVTZ.gamess,basis,ccECP,aug-cc-pVTZ,aug-cc-pVTZ-ccECP,-ccECP,Zr:aug-cc-pVTZ-ccECP,PASS,source library name retained as the label stem; declared disambiguating suffix '-ccECP' appended: aug-cc-pVTZ -> aug-cc-pVTZ-ccECP,by_element/Zr/Zr.aug-cc-pVTZ.cfour
Zr,recipes/Zr/ccECP,Zr.cc-pCV5Z.gamess,basis,ccECP,cc-pCV5Z,cc-pCV5Z-ccECP,-ccECP,Zr:cc-pCV5Z-ccECP,PASS,source library name retained as the label stem; declared disambiguating suffix '-ccECP' appended: cc-pCV5Z -> cc-pCV5Z-ccECP,by_element/Zr/Zr.cc-pCV5Z.cfour
Zr,recipes/Zr/ccECP,Zr.cc-pCVDZ.gamess,basis,ccECP,cc-pCVDZ,cc-pCVDZ-ccECP,-ccECP,Zr:cc-pCVDZ-ccECP,PASS,source library name retained as the label stem; declared disambiguating suffix '-ccECP' appended: cc-pCVDZ -> cc-pCVDZ-ccECP,by_element/Zr/Zr.cc-pCVDZ.cfour
Zr,recipes/Zr/ccECP,Zr.cc-pCVQZ.gamess,basis,ccECP,cc-pCVQZ,cc-pCVQZ-ccECP,-ccECP,Zr:cc-pCVQZ-ccECP,PASS,source library name retained as the label stem; declared disambiguating suffix '-ccECP' appended: cc-pCVQZ -> cc-pCVQZ-ccECP,by_element/Zr/Zr.cc-pCVQZ.cfour
Zr,recipes/Zr/ccECP,Zr.cc-pCVTZ.gamess,basis,ccECP,cc-pCVTZ,cc-pCVTZ-ccECP,-ccECP,Zr:cc-pCVTZ-ccECP,PASS,source library name retained as the label stem; declared disambiguating suffix '-ccECP' appended: cc-pCVTZ -> cc-pCVTZ-ccECP,by_element/Zr/Zr.cc-pCVTZ.cfour
Zr,recipes/Zr/ccECP,Zr.cc-pV5Z.gamess,basis,ccECP,cc-pV5Z,cc-pV5Z-ccECP,-ccECP,Zr:cc-pV5Z-ccECP,PASS,source library name retained as the label stem; declared disambiguating suffix '-ccECP' appended: cc-pV5Z -> cc-pV5Z-ccECP,by_element/Zr/Zr.cc-pV5Z.cfour
Zr,recipes/Zr/ccECP,Zr.cc-pVDZ.gamess,basis,ccECP,cc-pVDZ,cc-pVDZ-ccECP,-ccECP,Zr:cc-pVDZ-ccECP,PASS,source library name retained as the label stem; declared disambiguating suffix '-ccECP' appended: cc-pVDZ -> cc-pVDZ-ccECP,by_element/Zr/Zr.cc-pVDZ.cfour
Zr,recipes/Zr/ccECP,Zr.cc-pVQZ.gamess,basis,ccECP,cc-pVQZ,cc-pVQZ-ccECP,-ccECP,Zr:cc-pVQZ-ccECP,PASS,source library name retained as the label stem; declared disambiguating suffix '-ccECP' appended: cc-pVQZ -> cc-pVQZ-ccECP,by_element/Zr/Zr.cc-pVQZ.cfour
Zr,recipes/Zr/ccECP,Zr.cc-pVTZ.gamess,basis,ccECP,cc-pVTZ,cc-pVTZ-ccECP,-ccECP,Zr:cc-pVTZ-ccECP,PASS,source library name retained as the label stem; declared disambiguating suffix '-ccECP' appended: cc-pVTZ -> cc-pVTZ-ccECP,by_element/Zr/Zr.cc-pVTZ.cfour
Ag,recipes/Ag/ccECP,Ag.aug-cc-pCV5Z.AutoAuxC.orca,ri_basis,ccECP,aug-cc-pCV5Z,aug-cc-pCV5Z-RI-ccECP,-ccECP,Ag:aug-cc-pCV5Z-RI-ccECP,PASS,,
Ag,recipes/Ag/ccECP,Ag.aug-cc-pCVDZ.AutoAuxC.orca,ri_basis,ccECP,aug-cc-pCVDZ,aug-cc-pCVDZ-RI-ccECP,-ccECP,Ag:aug-cc-pCVDZ-RI-ccECP,PASS,,
Ag,recipes/Ag/ccECP,Ag.aug-cc-pCVQZ.AutoAuxC.orca,ri_basis,ccECP,aug-cc-pCVQZ,aug-cc-pCVQZ-RI-ccECP,-ccECP,Ag:aug-cc-pCVQZ-RI-ccECP,PASS,,
Ag,recipes/Ag/ccECP,Ag.aug-cc-pCVTZ.AutoAuxC.orca,ri_basis,ccECP,aug-cc-pCVTZ,aug-cc-pCVTZ-RI-ccECP,-ccECP,Ag:aug-cc-pCVTZ-RI-ccECP,PASS,,
Ag,recipes/Ag/ccECP,Ag.aug-cc-pV5Z.AutoAuxC.orca,ri_basis,ccECP,aug-cc-pV5Z,aug-cc-pV5Z-RI-ccECP,-ccECP,Ag:aug-cc-pV5Z-RI-ccECP,PASS,,
Ag,recipes/Ag/ccECP,Ag.aug-cc-pVDZ.AutoAuxC.orca,ri_basis,ccECP,aug-cc-pVDZ,aug-cc-pVDZ-RI-ccECP,-ccECP,Ag:aug-cc-pVDZ-RI-ccECP,PASS,,
Ag,recipes/Ag/ccECP,Ag.aug-cc-pVQZ.AutoAuxC.orca,ri_basis,ccECP,aug-cc-pVQZ,aug-cc-pVQZ-RI-ccECP,-ccECP,Ag:aug-cc-pVQZ-RI-ccECP,PASS,,
Ag,recipes/Ag/ccECP,Ag.aug-cc-pVTZ.AutoAuxC.orca,ri_basis,ccECP,aug-cc-pVTZ,aug-cc-pVTZ-RI-ccECP,-ccECP,Ag:aug-cc-pVTZ-RI-ccECP,PASS,,
Ag,recipes/Ag/ccECP,Ag.cc-pCV5Z.AutoAuxC.orca,ri_basis,ccECP,cc-pCV5Z,cc-pCV5Z-RI-ccECP,-ccECP,Ag:cc-pCV5Z-RI-ccECP,PASS,,
Ag,recipes/Ag/ccECP,Ag.cc-pCVDZ.AutoAuxC.orca,ri_basis,ccECP,cc-pCVDZ,cc-pCVDZ-RI-ccECP,-ccECP,Ag:cc-pCVDZ-RI-ccECP,PASS,,
Ag,recipes/Ag/ccECP,Ag.cc-pCVQZ.AutoAuxC.orca,ri_basis,ccECP,cc-pCVQZ,cc-pCVQZ-RI-ccECP,-ccECP,Ag:cc-pCVQZ-RI-ccECP,PASS,,
Ag,recipes/Ag/ccECP,Ag.cc-pCVTZ.AutoAuxC.orca,ri_basis,ccECP,cc-pCVTZ,cc-pCVTZ-RI-ccECP,-ccECP,Ag:cc-pCVTZ-RI-ccECP,PASS,,
Ag,recipes/Ag/ccECP,Ag.cc-pV5Z.AutoAuxC.orca,ri_basis,ccECP,cc-pV5Z,cc-pV5Z-RI-ccECP,-ccECP,Ag:cc-pV5Z-RI-ccECP,PASS,,
Ag,recipes/Ag/ccECP,Ag.cc-pVDZ.AutoAuxC.orca,ri_basis,ccECP,cc-pVDZ,cc-pVDZ-RI-ccECP,-ccECP,Ag:cc-pVDZ-RI-ccECP,PASS,,
Ag,recipes/Ag/ccECP,Ag.cc-pVQZ.AutoAuxC.orca,ri_basis,ccECP,cc-pVQZ,cc-pVQZ-RI-ccECP,-ccECP,Ag:cc-pVQZ-RI-ccECP,PASS,,
Ag,recipes/Ag/ccECP,Ag.cc-pVTZ.AutoAuxC.orca,ri_basis,ccECP,cc-pVTZ,cc-pVTZ-RI-ccECP,-ccECP,Ag:cc-pVTZ-RI-ccECP,PASS,,
Al,recipes/Al/ccECP,Al.aug-cc-pV5Z.AutoAuxC.orca,ri_basis,ccECP,aug-cc-pV5Z,aug-cc-pV5Z-RI-ccECP,-ccECP,Al:aug-cc-pV5Z-RI-ccECP,PASS,,
Al,recipes/Al/ccECP,Al.aug-cc-pV6Z.AutoAuxC.orca,ri_basis,ccECP,aug-cc-pV6Z,aug-cc-pV6Z-RI-ccECP,-ccECP,Al:aug-cc-pV6Z-RI-ccECP,PASS,,
Al,recipes/Al/ccECP,Al.aug-cc-pVDZ.AutoAuxC.orca,ri_basis,ccECP,aug-cc-pVDZ,aug-cc-pVDZ-RI-ccECP,-ccECP,Al:aug-cc-pVDZ-RI-ccECP,PASS,,
Al,recipes/Al/ccECP,Al.aug-cc-pVQZ.AutoAuxC.orca,ri_basis,ccECP,aug-cc-pVQZ,aug-cc-pVQZ-RI-ccECP,-ccECP,Al:aug-cc-pVQZ-RI-ccECP,PASS,,
Al,recipes/Al/ccECP,Al.aug-cc-pVTZ.AutoAuxC.orca,ri_basis,ccECP,aug-cc-pVTZ,aug-cc-pVTZ-RI-ccECP,-ccECP,Al:aug-cc-pVTZ-RI-ccECP,PASS,,
Al,recipes/Al/ccECP,Al.cc-pV5Z.AutoAuxC.orca,ri_basis,ccECP,cc-pV5Z,cc-pV5Z-RI-ccECP,-ccECP,Al:cc-pV5Z-RI-ccECP,PASS,,
Al,recipes/Al/ccECP,Al.cc-pV6Z.AutoAuxC.orca,ri_basis,ccECP,cc-pV6Z,cc-pV6Z-RI-ccECP,-ccECP,Al:cc-pV6Z-RI-ccECP,PASS,,
Al,recipes/Al/ccECP,Al.cc-pVDZ.AutoAuxC.orca,ri_basis,ccECP,cc-pVDZ,cc-pVDZ-RI-ccECP,-ccECP,Al:cc-pVDZ-RI-ccECP,PASS,,
Al,recipes/Al/ccECP,Al.cc-pVQZ.AutoAuxC.orca,ri_basis,ccECP,cc-pVQZ,cc-pVQZ-RI-ccECP,-ccECP,Al:cc-pVQZ-RI-ccECP,PASS,,
Al,recipes/Al/ccECP,Al.cc-pVTZ.AutoAuxC.orca,ri_basis,ccECP,cc-pVTZ,cc-pVTZ-RI-ccECP,-ccECP,Al:cc-pVTZ-RI-ccECP,PASS,,
Ar,recipes/Ar/ccECP,Ar.aug-cc-pV5Z.AutoAuxC.orca,ri_basis,ccECP,aug-cc-pV5Z,aug-cc-pV5Z-RI-ccECP,-ccECP,Ar:aug-cc-pV5Z-RI-ccECP,PASS,,
Ar,recipes/Ar/ccECP,Ar.aug-cc-pV6Z.AutoAuxC.orca,ri_basis,ccECP,aug-cc-pV6Z,aug-cc-pV6Z-RI-ccECP,-ccECP,Ar:aug-cc-pV6Z-RI-ccECP,PASS,,
Ar,recipes/Ar/ccECP,Ar.aug-cc-pVDZ.AutoAuxC.orca,ri_basis,ccECP,aug-cc-pVDZ,aug-cc-pVDZ-RI-ccECP,-ccECP,Ar:aug-cc-pVDZ-RI-ccECP,PASS,,
Ar,recipes/Ar/ccECP,Ar.aug-cc-pVQZ.AutoAuxC.orca,ri_basis,ccECP,aug-cc-pVQZ,aug-cc-pVQZ-RI-ccECP,-ccECP,Ar:aug-cc-pVQZ-RI-ccECP,PASS,,
Ar,recipes/Ar/ccECP,Ar.aug-cc-pVTZ.AutoAuxC.orca,ri_basis,ccECP,aug-cc-pVTZ,aug-cc-pVTZ-RI-ccECP,-ccECP,Ar:aug-cc-pVTZ-RI-ccECP,PASS,,
Ar,recipes/Ar/ccECP,Ar.cc-pV5Z.AutoAuxC.orca,ri_basis,ccECP,cc-pV5Z,cc-pV5Z-RI-ccECP,-ccECP,Ar:cc-pV5Z-RI-ccECP,PASS,,
Ar,recipes/Ar/ccECP,Ar.cc-pV6Z.AutoAuxC.orca,ri_basis,ccECP,cc-pV6Z,cc-pV6Z-RI-ccECP,-ccECP,Ar:cc-pV6Z-RI-ccECP,PASS,,
Ar,recipes/Ar/ccECP,Ar.cc-pVDZ.AutoAuxC.orca,ri_basis,ccECP,cc-pVDZ,cc-pVDZ-RI-ccECP,-ccECP,Ar:cc-pVDZ-RI-ccECP,PASS,,
Ar,recipes/Ar/ccECP,Ar.cc-pVQZ.AutoAuxC.orca,ri_basis,ccECP,cc-pVQZ,cc-pVQZ-RI-ccECP,-ccECP,Ar:cc-pVQZ-RI-ccECP,PASS,,
Ar,recipes/Ar/ccECP,Ar.cc-pVTZ.AutoAuxC.orca,ri_basis,ccECP,cc-pVTZ,cc-pVTZ-RI-ccECP,-ccECP,Ar:cc-pVTZ-RI-ccECP,PASS,,
As,recipes/As/ccECP,As.aug-cc-pV5Z.AutoAuxC.orca,ri_basis,ccECP,aug-cc-pV5Z,aug-cc-pV5Z-RI-ccECP,-ccECP,As:aug-cc-pV5Z-RI-ccECP,PASS,,
As,recipes/As/ccECP,As.aug-cc-pV6Z.AutoAuxC.orca,ri_basis,ccECP,aug-cc-pV6Z,aug-cc-pV6Z-RI-ccECP,-ccECP,As:aug-cc-pV6Z-RI-ccECP,PASS,,
As,recipes/As/ccECP,As.aug-cc-pVDZ.AutoAuxC.orca,ri_basis,ccECP,aug-cc-pVDZ,aug-cc-pVDZ-RI-ccECP,-ccECP,As:aug-cc-pVDZ-RI-ccECP,PASS,,
As,recipes/As/ccECP,As.aug-cc-pVQZ.AutoAuxC.orca,ri_basis,ccECP,aug-cc-pVQZ,aug-cc-pVQZ-RI-ccECP,-ccECP,As:aug-cc-pVQZ-RI-ccECP,PASS,,
As,recipes/As/ccECP,As.aug-cc-pVTZ.AutoAuxC.orca,ri_basis,ccECP,aug-cc-pVTZ,aug-cc-pVTZ-RI-ccECP,-ccECP,As:aug-cc-pVTZ-RI-ccECP,PASS,,
As,recipes/As/ccECP,As.cc-pV5Z.AutoAuxC.orca,ri_basis,ccECP,cc-pV5Z,cc-pV5Z-RI-ccECP,-ccECP,As:cc-pV5Z-RI-ccECP,PASS,,
As,recipes/As/ccECP,As.cc-pV6Z.AutoAuxC.orca,ri_basis,ccECP,cc-pV6Z,cc-pV6Z-RI-ccECP,-ccECP,As:cc-pV6Z-RI-ccECP,PASS,,
As,recipes/As/ccECP,As.cc-pVDZ.AutoAuxC.orca,ri_basis,ccECP,cc-pVDZ,cc-pVDZ-RI-ccECP,-ccECP,As:cc-pVDZ-RI-ccECP,PASS,,
As,recipes/As/ccECP,As.cc-pVQZ.AutoAuxC.orca,ri_basis,ccECP,cc-pVQZ,cc-pVQZ-RI-ccECP,-ccECP,As:cc-pVQZ-RI-ccECP,PASS,,
As,recipes/As/ccECP,As.cc-pVTZ.AutoAuxC.orca,ri_basis,ccECP,cc-pVTZ,cc-pVTZ-RI-ccECP,-ccECP,As:cc-pVTZ-RI-ccECP,PASS,,
Au,recipes/Au/ccECP,Au.aug-cc-pCV5Z.AutoAuxC.orca,ri_basis,ccECP,aug-cc-pCV5Z,aug-cc-pCV5Z-RI-ccECP,-ccECP,Au:aug-cc-pCV5Z-RI-ccECP,PASS,,
Au,recipes/Au/ccECP,Au.aug-cc-pCVDZ.AutoAuxC.orca,ri_basis,ccECP,aug-cc-pCVDZ,aug-cc-pCVDZ-RI-ccECP,-ccECP,Au:aug-cc-pCVDZ-RI-ccECP,PASS,,
Au,recipes/Au/ccECP,Au.aug-cc-pCVQZ.AutoAuxC.orca,ri_basis,ccECP,aug-cc-pCVQZ,aug-cc-pCVQZ-RI-ccECP,-ccECP,Au:aug-cc-pCVQZ-RI-ccECP,PASS,,
Au,recipes/Au/ccECP,Au.aug-cc-pCVTZ.AutoAuxC.orca,ri_basis,ccECP,aug-cc-pCVTZ,aug-cc-pCVTZ-RI-ccECP,-ccECP,Au:aug-cc-pCVTZ-RI-ccECP,PASS,,
Au,recipes/Au/ccECP,Au.aug-cc-pV5Z.AutoAuxC.orca,ri_basis,ccECP,aug-cc-pV5Z,aug-cc-pV5Z-RI-ccECP,-ccECP,Au:aug-cc-pV5Z-RI-ccECP,PASS,,
Au,recipes/Au/ccECP,Au.aug-cc-pVDZ.AutoAuxC.orca,ri_basis,ccECP,aug-cc-pVDZ,aug-cc-pVDZ-RI-ccECP,-ccECP,Au:aug-cc-pVDZ-RI-ccECP,PASS,,
Au,recipes/Au/ccECP,Au.aug-cc-pVQZ.AutoAuxC.orca,ri_basis,ccECP,aug-cc-pVQZ,aug-cc-pVQZ-RI-ccECP,-ccECP,Au:aug-cc-pVQZ-RI-ccECP,PASS,,
Au,recipes/Au/ccECP,Au.aug-cc-pVTZ.AutoAuxC.orca,ri_basis,ccECP,aug-cc-pVTZ,aug-cc-pVTZ-RI-ccECP,-ccECP,Au:aug-cc-pVTZ-RI-ccECP,PASS,,
Au,recipes/Au/ccECP,Au.cc-pCV5Z.AutoAuxC.orca,ri_basis,ccECP,cc-pCV5Z,cc-pCV5Z-RI-ccECP,-ccECP,Au:cc-pCV5Z-RI-ccECP,PASS,,
Au,recipes/Au/ccECP,Au.cc-pCVDZ.AutoAuxC.orca,ri_basis,ccECP,cc-pCVDZ,cc-pCVDZ-RI-ccECP,-ccECP,Au:cc-pCVDZ-RI-ccECP,PASS,,
Au,recipes/Au/ccECP,Au.cc-pCVQZ.AutoAuxC.orca,ri_basis,ccECP,cc-pCVQZ,cc-pCVQZ-RI-ccECP,-ccECP,Au:cc-pCVQZ-RI-ccECP,PASS,,
Au,recipes/Au/ccECP,Au.cc-pCVTZ.AutoAuxC.orca,ri_basis,ccECP,cc-pCVTZ,cc-pCVTZ-RI-ccECP,-ccECP,Au:cc-pCVTZ-RI-ccECP,PASS,,
Au,recipes/Au/ccECP,Au.cc-pV5Z.AutoAuxC.orca,ri_basis,ccECP,cc-pV5Z,cc-pV5Z-RI-ccECP,-ccECP,Au:cc-pV5Z-RI-ccECP,PASS,,
Au,recipes/Au/ccECP,Au.cc-pVDZ.AutoAuxC.orca,ri_basis,ccECP,cc-pVDZ,cc-pVDZ-RI-ccECP,-ccECP,Au:cc-pVDZ-RI-ccECP,PASS,,
Au,recipes/Au/ccECP,Au.cc-pVQZ.AutoAuxC.orca,ri_basis,ccECP,cc-pVQZ,cc-pVQZ-RI-ccECP,-ccECP,Au:cc-pVQZ-RI-ccECP,PASS,,
Au,recipes/Au/ccECP,Au.cc-pVTZ.AutoAuxC.orca,ri_basis,ccECP,cc-pVTZ,cc-pVTZ-RI-ccECP,-ccECP,Au:cc-pVTZ-RI-ccECP,PASS,,
B,recipes/B/ccECP,B.aug-cc-pV5Z.AutoAuxC.orca,ri_basis,ccECP,aug-cc-pV5Z,aug-cc-pV5Z-RI-ccECP,-ccECP,B:aug-cc-pV5Z-RI-ccECP,PASS,,
B,recipes/B/ccECP,B.aug-cc-pV6Z.AutoAuxC.orca,ri_basis,ccECP,aug-cc-pV6Z,aug-cc-pV6Z-RI-ccECP,-ccECP,B:aug-cc-pV6Z-RI-ccECP,PASS,,
B,recipes/B/ccECP,B.aug-cc-pVDZ.AutoAuxC.orca,ri_basis,ccECP,aug-cc-pVDZ,aug-cc-pVDZ-RI-ccECP,-ccECP,B:aug-cc-pVDZ-RI-ccECP,PASS,,
B,recipes/B/ccECP,B.aug-cc-pVQZ.AutoAuxC.orca,ri_basis,ccECP,aug-cc-pVQZ,aug-cc-pVQZ-RI-ccECP,-ccECP,B:aug-cc-pVQZ-RI-ccECP,PASS,,
B,recipes/B/ccECP,B.aug-cc-pVTZ.AutoAuxC.orca,ri_basis,ccECP,aug-cc-pVTZ,aug-cc-pVTZ-RI-ccECP,-ccECP,B:aug-cc-pVTZ-RI-ccECP,PASS,,
B,recipes/B/ccECP,B.cc-pV5Z.AutoAuxC.orca,ri_basis,ccECP,cc-pV5Z,cc-pV5Z-RI-ccECP,-ccECP,B:cc-pV5Z-RI-ccECP,PASS,,
B,recipes/B/ccECP,B.cc-pV6Z.AutoAuxC.orca,ri_basis,ccECP,cc-pV6Z,cc-pV6Z-RI-ccECP,-ccECP,B:cc-pV6Z-RI-ccECP,PASS,,
B,recipes/B/ccECP,B.cc-pVDZ.AutoAuxC.orca,ri_basis,ccECP,cc-pVDZ,cc-pVDZ-RI-ccECP,-ccECP,B:cc-pVDZ-RI-ccECP,PASS,,
B,recipes/B/ccECP,B.cc-pVQZ.AutoAuxC.orca,ri_basis,ccECP,cc-pVQZ,cc-pVQZ-RI-ccECP,-ccECP,B:cc-pVQZ-RI-ccECP,PASS,,
B,recipes/B/ccECP,B.cc-pVTZ.AutoAuxC.orca,ri_basis,ccECP,cc-pVTZ,cc-pVTZ-RI-ccECP,-ccECP,B:cc-pVTZ-RI-ccECP,PASS,,
Ba,recipes/Ba/ccECP,Ba.aug-cc-pCV5Z.AutoAuxC.orca,ri_basis,ccECP,aug-cc-pCV5Z,aug-cc-pCV5Z-RI-ccECP,-ccECP,Ba:aug-cc-pCV5Z-RI-ccECP,PASS,,
Ba,recipes/Ba/ccECP,Ba.aug-cc-pCVDZ.AutoAuxC.orca,ri_basis,ccECP,aug-cc-pCVDZ,aug-cc-pCVDZ-RI-ccECP,-ccECP,Ba:aug-cc-pCVDZ-RI-ccECP,PASS,,
Ba,recipes/Ba/ccECP,Ba.aug-cc-pCVQZ.AutoAuxC.orca,ri_basis,ccECP,aug-cc-pCVQZ,aug-cc-pCVQZ-RI-ccECP,-ccECP,Ba:aug-cc-pCVQZ-RI-ccECP,PASS,,
Ba,recipes/Ba/ccECP,Ba.aug-cc-pCVTZ.AutoAuxC.orca,ri_basis,ccECP,aug-cc-pCVTZ,aug-cc-pCVTZ-RI-ccECP,-ccECP,Ba:aug-cc-pCVTZ-RI-ccECP,PASS,,
Ba,recipes/Ba/ccECP,Ba.aug-cc-pV5Z.AutoAuxC.orca,ri_basis,ccECP,aug-cc-pV5Z,aug-cc-pV5Z-RI-ccECP,-ccECP,Ba:aug-cc-pV5Z-RI-ccECP,PASS,,
Ba,recipes/Ba/ccECP,Ba.aug-cc-pVDZ.AutoAuxC.orca,ri_basis,ccECP,aug-cc-pVDZ,aug-cc-pVDZ-RI-ccECP,-ccECP,Ba:aug-cc-pVDZ-RI-ccECP,PASS,,
Ba,recipes/Ba/ccECP,Ba.aug-cc-pVQZ.AutoAuxC.orca,ri_basis,ccECP,aug-cc-pVQZ,aug-cc-pVQZ-RI-ccECP,-ccECP,Ba:aug-cc-pVQZ-RI-ccECP,PASS,,
Ba,recipes/Ba/ccECP,Ba.aug-cc-pVTZ.AutoAuxC.orca,ri_basis,ccECP,aug-cc-pVTZ,aug-cc-pVTZ-RI-ccECP,-ccECP,Ba:aug-cc-pVTZ-RI-ccECP,PASS,,
Ba,recipes/Ba/ccECP,Ba.cc-pCV5Z.AutoAuxC.orca,ri_basis,ccECP,cc-pCV5Z,cc-pCV5Z-RI-ccECP,-ccECP,Ba:cc-pCV5Z-RI-ccECP,PASS,,
Ba,recipes/Ba/ccECP,Ba.cc-pCVDZ.AutoAuxC.orca,ri_basis,ccECP,cc-pCVDZ,cc-pCVDZ-RI-ccECP,-ccECP,Ba:cc-pCVDZ-RI-ccECP,PASS,,
Ba,recipes/Ba/ccECP,Ba.cc-pCVQZ.AutoAuxC.orca,ri_basis,ccECP,cc-pCVQZ,cc-pCVQZ-RI-ccECP,-ccECP,Ba:cc-pCVQZ-RI-ccECP,PASS,,
Ba,recipes/Ba/ccECP,Ba.cc-pCVTZ.AutoAuxC.orca,ri_basis,ccECP,cc-pCVTZ,cc-pCVTZ-RI-ccECP,-ccECP,Ba:cc-pCVTZ-RI-ccECP,PASS,,
Ba,recipes/Ba/ccECP,Ba.cc-pV5Z.AutoAuxC.orca,ri_basis,ccECP,cc-pV5Z,cc-pV5Z-RI-ccECP,-ccECP,Ba:cc-pV5Z-RI-ccECP,PASS,,
Ba,recipes/Ba/ccECP,Ba.cc-pVDZ.AutoAuxC.orca,ri_basis,ccECP,cc-pVDZ,cc-pVDZ-RI-ccECP,-ccECP,Ba:cc-pVDZ-RI-ccECP,PASS,,
Ba,recipes/Ba/ccECP,Ba.cc-pVQZ.AutoAuxC.orca,ri_basis,ccECP,cc-pVQZ,cc-pVQZ-RI-ccECP,-ccECP,Ba:cc-pVQZ-RI-ccECP,PASS,,
Ba,recipes/Ba/ccECP,Ba.cc-pVTZ.AutoAuxC.orca,ri_basis,ccECP,cc-pVTZ,cc-pVTZ-RI-ccECP,-ccECP,Ba:cc-pVTZ-RI-ccECP,PASS,,
Be,recipes/Be/ccECP,Be.aug-cc-pV5Z.AutoAuxC.orca,ri_basis,ccECP,aug-cc-pV5Z,aug-cc-pV5Z-RI-ccECP,-ccECP,Be:aug-cc-pV5Z-RI-ccECP,PASS,,
Be,recipes/Be/ccECP,Be.aug-cc-pV6Z.AutoAuxC.orca,ri_basis,ccECP,aug-cc-pV6Z,aug-cc-pV6Z-RI-ccECP,-ccECP,Be:aug-cc-pV6Z-RI-ccECP,PASS,,
Be,recipes/Be/ccECP,Be.aug-cc-pVDZ.AutoAuxC.orca,ri_basis,ccECP,aug-cc-pVDZ,aug-cc-pVDZ-RI-ccECP,-ccECP,Be:aug-cc-pVDZ-RI-ccECP,PASS,,
Be,recipes/Be/ccECP,Be.aug-cc-pVQZ.AutoAuxC.orca,ri_basis,ccECP,aug-cc-pVQZ,aug-cc-pVQZ-RI-ccECP,-ccECP,Be:aug-cc-pVQZ-RI-ccECP,PASS,,
Be,recipes/Be/ccECP,Be.aug-cc-pVTZ.AutoAuxC.orca,ri_basis,ccECP,aug-cc-pVTZ,aug-cc-pVTZ-RI-ccECP,-ccECP,Be:aug-cc-pVTZ-RI-ccECP,PASS,,
Be,recipes/Be/ccECP,Be.cc-pV5Z.AutoAuxC.orca,ri_basis,ccECP,cc-pV5Z,cc-pV5Z-RI-ccECP,-ccECP,Be:cc-pV5Z-RI-ccECP,PASS,,
Be,recipes/Be/ccECP,Be.cc-pV6Z.AutoAuxC.orca,ri_basis,ccECP,cc-pV6Z,cc-pV6Z-RI-ccECP,-ccECP,Be:cc-pV6Z-RI-ccECP,PASS,,
Be,recipes/Be/ccECP,Be.cc-pVDZ.AutoAuxC.orca,ri_basis,ccECP,cc-pVDZ,cc-pVDZ-RI-ccECP,-ccECP,Be:cc-pVDZ-RI-ccECP,PASS,,
Be,recipes/Be/ccECP,Be.cc-pVQZ.AutoAuxC.orca,ri_basis,ccECP,cc-pVQZ,cc-pVQZ-RI-ccECP,-ccECP,Be:cc-pVQZ-RI-ccECP,PASS,,
Be,recipes/Be/ccECP,Be.cc-pVTZ.AutoAuxC.orca,ri_basis,ccECP,cc-pVTZ,cc-pVTZ-RI-ccECP,-ccECP,Be:cc-pVTZ-RI-ccECP,PASS,,
Bi,recipes/Bi/ccECP,Bi.aug-cc-pV5Z.AutoAuxC.orca,ri_basis,ccECP,aug-cc-pV5Z,aug-cc-pV5Z-RI-ccECP,-ccECP,Bi:aug-cc-pV5Z-RI-ccECP,PASS,,
Bi,recipes/Bi/ccECP,Bi.aug-cc-pV6Z.AutoAuxC.orca,ri_basis,ccECP,aug-cc-pV6Z,aug-cc-pV6Z-RI-ccECP,-ccECP,Bi:aug-cc-pV6Z-RI-ccECP,PASS,,
Bi,recipes/Bi/ccECP,Bi.aug-cc-pVDZ.AutoAuxC.orca,ri_basis,ccECP,aug-cc-pVDZ,aug-cc-pVDZ-RI-ccECP,-ccECP,Bi:aug-cc-pVDZ-RI-ccECP,PASS,,
Bi,recipes/Bi/ccECP,Bi.aug-cc-pVQZ.AutoAuxC.orca,ri_basis,ccECP,aug-cc-pVQZ,aug-cc-pVQZ-RI-ccECP,-ccECP,Bi:aug-cc-pVQZ-RI-ccECP,PASS,,
Bi,recipes/Bi/ccECP,Bi.aug-cc-pVTZ.AutoAuxC.orca,ri_basis,ccECP,aug-cc-pVTZ,aug-cc-pVTZ-RI-ccECP,-ccECP,Bi:aug-cc-pVTZ-RI-ccECP,PASS,,
Bi,recipes/Bi/ccECP,Bi.cc-pV5Z.AutoAuxC.orca,ri_basis,ccECP,cc-pV5Z,cc-pV5Z-RI-ccECP,-ccECP,Bi:cc-pV5Z-RI-ccECP,PASS,,
Bi,recipes/Bi/ccECP,Bi.cc-pV6Z.AutoAuxC.orca,ri_basis,ccECP,cc-pV6Z,cc-pV6Z-RI-ccECP,-ccECP,Bi:cc-pV6Z-RI-ccECP,PASS,,
Bi,recipes/Bi/ccECP,Bi.cc-pVDZ.AutoAuxC.orca,ri_basis,ccECP,cc-pVDZ,cc-pVDZ-RI-ccECP,-ccECP,Bi:cc-pVDZ-RI-ccECP,PASS,,
Bi,recipes/Bi/ccECP,Bi.cc-pVQZ.AutoAuxC.orca,ri_basis,ccECP,cc-pVQZ,cc-pVQZ-RI-ccECP,-ccECP,Bi:cc-pVQZ-RI-ccECP,PASS,,
Bi,recipes/Bi/ccECP,Bi.cc-pVTZ.AutoAuxC.orca,ri_basis,ccECP,cc-pVTZ,cc-pVTZ-RI-ccECP,-ccECP,Bi:cc-pVTZ-RI-ccECP,PASS,,
Br,recipes/Br/ccECP,Br.aug-cc-pV5Z.AutoAuxC.orca,ri_basis,ccECP,aug-cc-pV5Z,aug-cc-pV5Z-RI-ccECP,-ccECP,Br:aug-cc-pV5Z-RI-ccECP,PASS,,
Br,recipes/Br/ccECP,Br.aug-cc-pV6Z.AutoAuxC.orca,ri_basis,ccECP,aug-cc-pV6Z,aug-cc-pV6Z-RI-ccECP,-ccECP,Br:aug-cc-pV6Z-RI-ccECP,PASS,,
Br,recipes/Br/ccECP,Br.aug-cc-pVDZ.AutoAuxC.orca,ri_basis,ccECP,aug-cc-pVDZ,aug-cc-pVDZ-RI-ccECP,-ccECP,Br:aug-cc-pVDZ-RI-ccECP,PASS,,
Br,recipes/Br/ccECP,Br.aug-cc-pVQZ.AutoAuxC.orca,ri_basis,ccECP,aug-cc-pVQZ,aug-cc-pVQZ-RI-ccECP,-ccECP,Br:aug-cc-pVQZ-RI-ccECP,PASS,,
Br,recipes/Br/ccECP,Br.aug-cc-pVTZ.AutoAuxC.orca,ri_basis,ccECP,aug-cc-pVTZ,aug-cc-pVTZ-RI-ccECP,-ccECP,Br:aug-cc-pVTZ-RI-ccECP,PASS,,
Br,recipes/Br/ccECP,Br.cc-pV5Z.AutoAuxC.orca,ri_basis,ccECP,cc-pV5Z,cc-pV5Z-RI-ccECP,-ccECP,Br:cc-pV5Z-RI-ccECP,PASS,,
Br,recipes/Br/ccECP,Br.cc-pV6Z.AutoAuxC.orca,ri_basis,ccECP,cc-pV6Z,cc-pV6Z-RI-ccECP,-ccECP,Br:cc-pV6Z-RI-ccECP,PASS,,
Br,recipes/Br/ccECP,Br.cc-pVDZ.AutoAuxC.orca,ri_basis,ccECP,cc-pVDZ,cc-pVDZ-RI-ccECP,-ccECP,Br:cc-pVDZ-RI-ccECP,PASS,,
Br,recipes/Br/ccECP,Br.cc-pVQZ.AutoAuxC.orca,ri_basis,ccECP,cc-pVQZ,cc-pVQZ-RI-ccECP,-ccECP,Br:cc-pVQZ-RI-ccECP,PASS,,
Br,recipes/Br/ccECP,Br.cc-pVTZ.AutoAuxC.orca,ri_basis,ccECP,cc-pVTZ,cc-pVTZ-RI-ccECP,-ccECP,Br:cc-pVTZ-RI-ccECP,PASS,,
C,recipes/C/ccECP,C.aug-cc-pV5Z.AutoAuxC.orca,ri_basis,ccECP,aug-cc-pV5Z,aug-cc-pV5Z-RI-ccECP,-ccECP,C:aug-cc-pV5Z-RI-ccECP,PASS,,
C,recipes/C/ccECP,C.aug-cc-pV6Z.AutoAuxC.orca,ri_basis,ccECP,aug-cc-pV6Z,aug-cc-pV6Z-RI-ccECP,-ccECP,C:aug-cc-pV6Z-RI-ccECP,PASS,,
C,recipes/C/ccECP,C.aug-cc-pVDZ.AutoAuxC.orca,ri_basis,ccECP,aug-cc-pVDZ,aug-cc-pVDZ-RI-ccECP,-ccECP,C:aug-cc-pVDZ-RI-ccECP,PASS,,
C,recipes/C/ccECP,C.aug-cc-pVQZ.AutoAuxC.orca,ri_basis,ccECP,aug-cc-pVQZ,aug-cc-pVQZ-RI-ccECP,-ccECP,C:aug-cc-pVQZ-RI-ccECP,PASS,,
C,recipes/C/ccECP,C.aug-cc-pVTZ.AutoAuxC.orca,ri_basis,ccECP,aug-cc-pVTZ,aug-cc-pVTZ-RI-ccECP,-ccECP,C:aug-cc-pVTZ-RI-ccECP,PASS,,
C,recipes/C/ccECP,C.cc-pV5Z.AutoAuxC.orca,ri_basis,ccECP,cc-pV5Z,cc-pV5Z-RI-ccECP,-ccECP,C:cc-pV5Z-RI-ccECP,PASS,,
C,recipes/C/ccECP,C.cc-pV6Z.AutoAuxC.orca,ri_basis,ccECP,cc-pV6Z,cc-pV6Z-RI-ccECP,-ccECP,C:cc-pV6Z-RI-ccECP,PASS,,
C,recipes/C/ccECP,C.cc-pVDZ.AutoAuxC.orca,ri_basis,ccECP,cc-pVDZ,cc-pVDZ-RI-ccECP,-ccECP,C:cc-pVDZ-RI-ccECP,PASS,,
C,recipes/C/ccECP,C.cc-pVQZ.AutoAuxC.orca,ri_basis,ccECP,cc-pVQZ,cc-pVQZ-RI-ccECP,-ccECP,C:cc-pVQZ-RI-ccECP,PASS,,
C,recipes/C/ccECP,C.cc-pVTZ.AutoAuxC.orca,ri_basis,ccECP,cc-pVTZ,cc-pVTZ-RI-ccECP,-ccECP,C:cc-pVTZ-RI-ccECP,PASS,,
Ca,recipes/Ca/ccECP,Ca.aug-cc-pCV5Z.AutoAuxC.orca,ri_basis,ccECP,aug-cc-pCV5Z,aug-cc-pCV5Z-RI-ccECP,-ccECP,Ca:aug-cc-pCV5Z-RI-ccECP,PASS,,
Ca,recipes/Ca/ccECP,Ca.aug-cc-pCV6Z.AutoAuxC.orca,ri_basis,ccECP,aug-cc-pCV6Z,aug-cc-pCV6Z-RI-ccECP,-ccECP,Ca:aug-cc-pCV6Z-RI-ccECP,PASS,,
Ca,recipes/Ca/ccECP,Ca.aug-cc-pCVDZ.AutoAuxC.orca,ri_basis,ccECP,aug-cc-pCVDZ,aug-cc-pCVDZ-RI-ccECP,-ccECP,Ca:aug-cc-pCVDZ-RI-ccECP,PASS,,
Ca,recipes/Ca/ccECP,Ca.aug-cc-pCVQZ.AutoAuxC.orca,ri_basis,ccECP,aug-cc-pCVQZ,aug-cc-pCVQZ-RI-ccECP,-ccECP,Ca:aug-cc-pCVQZ-RI-ccECP,PASS,,
Ca,recipes/Ca/ccECP,Ca.aug-cc-pCVTZ.AutoAuxC.orca,ri_basis,ccECP,aug-cc-pCVTZ,aug-cc-pCVTZ-RI-ccECP,-ccECP,Ca:aug-cc-pCVTZ-RI-ccECP,PASS,,
Ca,recipes/Ca/ccECP,Ca.aug-cc-pV5Z.AutoAuxC.orca,ri_basis,ccECP,aug-cc-pV5Z,aug-cc-pV5Z-RI-ccECP,-ccECP,Ca:aug-cc-pV5Z-RI-ccECP,PASS,,
Ca,recipes/Ca/ccECP,Ca.aug-cc-pV6Z.AutoAuxC.orca,ri_basis,ccECP,aug-cc-pV6Z,aug-cc-pV6Z-RI-ccECP,-ccECP,Ca:aug-cc-pV6Z-RI-ccECP,PASS,,
Ca,recipes/Ca/ccECP,Ca.aug-cc-pVDZ.AutoAuxC.orca,ri_basis,ccECP,aug-cc-pVDZ,aug-cc-pVDZ-RI-ccECP,-ccECP,Ca:aug-cc-pVDZ-RI-ccECP,PASS,,
Ca,recipes/Ca/ccECP,Ca.aug-cc-pVQZ.AutoAuxC.orca,ri_basis,ccECP,aug-cc-pVQZ,aug-cc-pVQZ-RI-ccECP,-ccECP,Ca:aug-cc-pVQZ-RI-ccECP,PASS,,
Ca,recipes/Ca/ccECP,Ca.aug-cc-pVTZ.AutoAuxC.orca,ri_basis,ccECP,aug-cc-pVTZ,aug-cc-pVTZ-RI-ccECP,-ccECP,Ca:aug-cc-pVTZ-RI-ccECP,PASS,,
Ca,recipes/Ca/ccECP,Ca.cc-pCV5Z.AutoAuxC.orca,ri_basis,ccECP,cc-pCV5Z,cc-pCV5Z-RI-ccECP,-ccECP,Ca:cc-pCV5Z-RI-ccECP,PASS,,
Ca,recipes/Ca/ccECP,Ca.cc-pCV6Z.AutoAuxC.orca,ri_basis,ccECP,cc-pCV6Z,cc-pCV6Z-RI-ccECP,-ccECP,Ca:cc-pCV6Z-RI-ccECP,PASS,,
Ca,recipes/Ca/ccECP,Ca.cc-pCVDZ.AutoAuxC.orca,ri_basis,ccECP,cc-pCVDZ,cc-pCVDZ-RI-ccECP,-ccECP,Ca:cc-pCVDZ-RI-ccECP,PASS,,
Ca,recipes/Ca/ccECP,Ca.cc-pCVQZ.AutoAuxC.orca,ri_basis,ccECP,cc-pCVQZ,cc-pCVQZ-RI-ccECP,-ccECP,Ca:cc-pCVQZ-RI-ccECP,PASS,,
Ca,recipes/Ca/ccECP,Ca.cc-pCVTZ.AutoAuxC.orca,ri_basis,ccECP,cc-pCVTZ,cc-pCVTZ-RI-ccECP,-ccECP,Ca:cc-pCVTZ-RI-ccECP,PASS,,
Ca,recipes/Ca/ccECP,Ca.cc-pV5Z.AutoAuxC.orca,ri_basis,ccECP,cc-pV5Z,cc-pV5Z-RI-ccECP,-ccECP,Ca:cc-pV5Z-RI-ccECP,PASS,,
Ca,recipes/Ca/ccECP,Ca.cc-pV6Z.AutoAuxC.orca,ri_basis,ccECP,cc-pV6Z,cc-pV6Z-RI-ccECP,-ccECP,Ca:cc-pV6Z-RI-ccECP,PASS,,
Ca,recipes/Ca/ccECP,Ca.cc-pVDZ.AutoAuxC.orca,ri_basis,ccECP,cc-pVDZ,cc-pVDZ-RI-ccECP,-ccECP,Ca:cc-pVDZ-RI-ccECP,PASS,,
Ca,recipes/Ca/ccECP,Ca.cc-pVQZ.AutoAuxC.orca,ri_basis,ccECP,cc-pVQZ,cc-pVQZ-RI-ccECP,-ccECP,Ca:cc-pVQZ-RI-ccECP,PASS,,
Ca,recipes/Ca/ccECP,Ca.cc-pVTZ.AutoAuxC.orca,ri_basis,ccECP,cc-pVTZ,cc-pVTZ-RI-ccECP,-ccECP,Ca:cc-pVTZ-RI-ccECP,PASS,,
Cd,recipes/Cd/ccECP,Cd.aug-cc-pCV5Z.AutoAuxC.orca,ri_basis,ccECP,aug-cc-pCV5Z,aug-cc-pCV5Z-RI-ccECP,-ccECP,Cd:aug-cc-pCV5Z-RI-ccECP,PASS,,
Cd,recipes/Cd/ccECP,Cd.aug-cc-pCVDZ.AutoAuxC.orca,ri_basis,ccECP,aug-cc-pCVDZ,aug-cc-pCVDZ-RI-ccECP,-ccECP,Cd:aug-cc-pCVDZ-RI-ccECP,PASS,,
Cd,recipes/Cd/ccECP,Cd.aug-cc-pCVQZ.AutoAuxC.orca,ri_basis,ccECP,aug-cc-pCVQZ,aug-cc-pCVQZ-RI-ccECP,-ccECP,Cd:aug-cc-pCVQZ-RI-ccECP,PASS,,
Cd,recipes/Cd/ccECP,Cd.aug-cc-pCVTZ.AutoAuxC.orca,ri_basis,ccECP,aug-cc-pCVTZ,aug-cc-pCVTZ-RI-ccECP,-ccECP,Cd:aug-cc-pCVTZ-RI-ccECP,PASS,,
Cd,recipes/Cd/ccECP,Cd.aug-cc-pV5Z.AutoAuxC.orca,ri_basis,ccECP,aug-cc-pV5Z,aug-cc-pV5Z-RI-ccECP,-ccECP,Cd:aug-cc-pV5Z-RI-ccECP,PASS,,
Cd,recipes/Cd/ccECP,Cd.aug-cc-pVDZ.AutoAuxC.orca,ri_basis,ccECP,aug-cc-pVDZ,aug-cc-pVDZ-RI-ccECP,-ccECP,Cd:aug-cc-pVDZ-RI-ccECP,PASS,,
Cd,recipes/Cd/ccECP,Cd.aug-cc-pVQZ.AutoAuxC.orca,ri_basis,ccECP,aug-cc-pVQZ,aug-cc-pVQZ-RI-ccECP,-ccECP,Cd:aug-cc-pVQZ-RI-ccECP,PASS,,
Cd,recipes/Cd/ccECP,Cd.aug-cc-pVTZ.AutoAuxC.orca,ri_basis,ccECP,aug-cc-pVTZ,aug-cc-pVTZ-RI-ccECP,-ccECP,Cd:aug-cc-pVTZ-RI-ccECP,PASS,,
Cd,recipes/Cd/ccECP,Cd.cc-pCV5Z.AutoAuxC.orca,ri_basis,ccECP,cc-pCV5Z,cc-pCV5Z-RI-ccECP,-ccECP,Cd:cc-pCV5Z-RI-ccECP,PASS,,
Cd,recipes/Cd/ccECP,Cd.cc-pCVDZ.AutoAuxC.orca,ri_basis,ccECP,cc-pCVDZ,cc-pCVDZ-RI-ccECP,-ccECP,Cd:cc-pCVDZ-RI-ccECP,PASS,,
Cd,recipes/Cd/ccECP,Cd.cc-pCVQZ.AutoAuxC.orca,ri_basis,ccECP,cc-pCVQZ,cc-pCVQZ-RI-ccECP,-ccECP,Cd:cc-pCVQZ-RI-ccECP,PASS,,
Cd,recipes/Cd/ccECP,Cd.cc-pCVTZ.AutoAuxC.orca,ri_basis,ccECP,cc-pCVTZ,cc-pCVTZ-RI-ccECP,-ccECP,Cd:cc-pCVTZ-RI-ccECP,PASS,,
Cd,recipes/Cd/ccECP,Cd.cc-pV5Z.AutoAuxC.orca,ri_basis,ccECP,cc-pV5Z,cc-pV5Z-RI-ccECP,-ccECP,Cd:cc-pV5Z-RI-ccECP,PASS,,
Cd,recipes/Cd/ccECP,Cd.cc-pVDZ.AutoAuxC.orca,ri_basis,ccECP,cc-pVDZ,cc-pVDZ-RI-ccECP,-ccECP,Cd:cc-pVDZ-RI-ccECP,PASS,,
Cd,recipes/Cd/ccECP,Cd.cc-pVQZ.AutoAuxC.orca,ri_basis,ccECP,cc-pVQZ,cc-pVQZ-RI-ccECP,-ccECP,Cd:cc-pVQZ-RI-ccECP,PASS,,
Cd,recipes/Cd/ccECP,Cd.cc-pVTZ.AutoAuxC.orca,ri_basis,ccECP,cc-pVTZ,cc-pVTZ-RI-ccECP,-ccECP,Cd:cc-pVTZ-RI-ccECP,PASS,,
Ce,recipes/Ce/ccECP,Ce.aug-cc-pCVDZ.AutoAuxC.orca,ri_basis,ccECP,aug-cc-pCVDZ,aug-cc-pCVDZ-RI-ccECP,-ccECP,Ce:aug-cc-pCVDZ-RI-ccECP,PASS,,
Ce,recipes/Ce/ccECP,Ce.aug-cc-pCVQZ.AutoAuxC.orca,ri_basis,ccECP,aug-cc-pCVQZ,aug-cc-pCVQZ-RI-ccECP,-ccECP,Ce:aug-cc-pCVQZ-RI-ccECP,PASS,,
Ce,recipes/Ce/ccECP,Ce.aug-cc-pCVTZ.AutoAuxC.orca,ri_basis,ccECP,aug-cc-pCVTZ,aug-cc-pCVTZ-RI-ccECP,-ccECP,Ce:aug-cc-pCVTZ-RI-ccECP,PASS,,
Ce,recipes/Ce/ccECP,Ce.aug-cc-pVDZ.AutoAuxC.orca,ri_basis,ccECP,aug-cc-pVDZ,aug-cc-pVDZ-RI-ccECP,-ccECP,Ce:aug-cc-pVDZ-RI-ccECP,PASS,,
Ce,recipes/Ce/ccECP,Ce.aug-cc-pVQZ.AutoAuxC.orca,ri_basis,ccECP,aug-cc-pVQZ,aug-cc-pVQZ-RI-ccECP,-ccECP,Ce:aug-cc-pVQZ-RI-ccECP,PASS,,
Ce,recipes/Ce/ccECP,Ce.aug-cc-pVTZ.AutoAuxC.orca,ri_basis,ccECP,aug-cc-pVTZ,aug-cc-pVTZ-RI-ccECP,-ccECP,Ce:aug-cc-pVTZ-RI-ccECP,PASS,,
Ce,recipes/Ce/ccECP,Ce.cc-pCVDZ.AutoAuxC.orca,ri_basis,ccECP,cc-pCVDZ,cc-pCVDZ-RI-ccECP,-ccECP,Ce:cc-pCVDZ-RI-ccECP,PASS,,
Ce,recipes/Ce/ccECP,Ce.cc-pCVQZ.AutoAuxC.orca,ri_basis,ccECP,cc-pCVQZ,cc-pCVQZ-RI-ccECP,-ccECP,Ce:cc-pCVQZ-RI-ccECP,PASS,,
Ce,recipes/Ce/ccECP,Ce.cc-pCVTZ.AutoAuxC.orca,ri_basis,ccECP,cc-pCVTZ,cc-pCVTZ-RI-ccECP,-ccECP,Ce:cc-pCVTZ-RI-ccECP,PASS,,
Ce,recipes/Ce/ccECP,Ce.cc-pVDZ.AutoAuxC.orca,ri_basis,ccECP,cc-pVDZ,cc-pVDZ-RI-ccECP,-ccECP,Ce:cc-pVDZ-RI-ccECP,PASS,,
Ce,recipes/Ce/ccECP,Ce.cc-pVQZ.AutoAuxC.orca,ri_basis,ccECP,cc-pVQZ,cc-pVQZ-RI-ccECP,-ccECP,Ce:cc-pVQZ-RI-ccECP,PASS,,
Ce,recipes/Ce/ccECP,Ce.cc-pVTZ.AutoAuxC.orca,ri_basis,ccECP,cc-pVTZ,cc-pVTZ-RI-ccECP,-ccECP,Ce:cc-pVTZ-RI-ccECP,PASS,,
Cl,recipes/Cl/ccECP,Cl.aug-cc-pV5Z.AutoAuxC.orca,ri_basis,ccECP,aug-cc-pV5Z,aug-cc-pV5Z-RI-ccECP,-ccECP,Cl:aug-cc-pV5Z-RI-ccECP,PASS,,
Cl,recipes/Cl/ccECP,Cl.aug-cc-pV6Z.AutoAuxC.orca,ri_basis,ccECP,aug-cc-pV6Z,aug-cc-pV6Z-RI-ccECP,-ccECP,Cl:aug-cc-pV6Z-RI-ccECP,PASS,,
Cl,recipes/Cl/ccECP,Cl.aug-cc-pVDZ.AutoAuxC.orca,ri_basis,ccECP,aug-cc-pVDZ,aug-cc-pVDZ-RI-ccECP,-ccECP,Cl:aug-cc-pVDZ-RI-ccECP,PASS,,
Cl,recipes/Cl/ccECP,Cl.aug-cc-pVQZ.AutoAuxC.orca,ri_basis,ccECP,aug-cc-pVQZ,aug-cc-pVQZ-RI-ccECP,-ccECP,Cl:aug-cc-pVQZ-RI-ccECP,PASS,,
Cl,recipes/Cl/ccECP,Cl.aug-cc-pVTZ.AutoAuxC.orca,ri_basis,ccECP,aug-cc-pVTZ,aug-cc-pVTZ-RI-ccECP,-ccECP,Cl:aug-cc-pVTZ-RI-ccECP,PASS,,
Cl,recipes/Cl/ccECP,Cl.cc-pV5Z.AutoAuxC.orca,ri_basis,ccECP,cc-pV5Z,cc-pV5Z-RI-ccECP,-ccECP,Cl:cc-pV5Z-RI-ccECP,PASS,,
Cl,recipes/Cl/ccECP,Cl.cc-pV6Z.AutoAuxC.orca,ri_basis,ccECP,cc-pV6Z,cc-pV6Z-RI-ccECP,-ccECP,Cl:cc-pV6Z-RI-ccECP,PASS,,
Cl,recipes/Cl/ccECP,Cl.cc-pVDZ.AutoAuxC.orca,ri_basis,ccECP,cc-pVDZ,cc-pVDZ-RI-ccECP,-ccECP,Cl:cc-pVDZ-RI-ccECP,PASS,,
Cl,recipes/Cl/ccECP,Cl.cc-pVQZ.AutoAuxC.orca,ri_basis,ccECP,cc-pVQZ,cc-pVQZ-RI-ccECP,-ccECP,Cl:cc-pVQZ-RI-ccECP,PASS,,
Cl,recipes/Cl/ccECP,Cl.cc-pVTZ.AutoAuxC.orca,ri_basis,ccECP,cc-pVTZ,cc-pVTZ-RI-ccECP,-ccECP,Cl:cc-pVTZ-RI-ccECP,PASS,,
Co,recipes/Co/ccECP,Co.aug-cc-pCV5Z.AutoAuxC.orca,ri_basis,ccECP,aug-cc-pCV5Z,aug-cc-pCV5Z-RI-ccECP,-ccECP,Co:aug-cc-pCV5Z-RI-ccECP,PASS,,
Co,recipes/Co/ccECP,Co.aug-cc-pCVDZ.AutoAuxC.orca,ri_basis,ccECP,aug-cc-pCVDZ,aug-cc-pCVDZ-RI-ccECP,-ccECP,Co:aug-cc-pCVDZ-RI-ccECP,PASS,,
Co,recipes/Co/ccECP,Co.aug-cc-pCVQZ.AutoAuxC.orca,ri_basis,ccECP,aug-cc-pCVQZ,aug-cc-pCVQZ-RI-ccECP,-ccECP,Co:aug-cc-pCVQZ-RI-ccECP,PASS,,
Co,recipes/Co/ccECP,Co.aug-cc-pCVTZ.AutoAuxC.orca,ri_basis,ccECP,aug-cc-pCVTZ,aug-cc-pCVTZ-RI-ccECP,-ccECP,Co:aug-cc-pCVTZ-RI-ccECP,PASS,,
Co,recipes/Co/ccECP,Co.aug-cc-pV5Z.AutoAuxC.orca,ri_basis,ccECP,aug-cc-pV5Z,aug-cc-pV5Z-RI-ccECP,-ccECP,Co:aug-cc-pV5Z-RI-ccECP,PASS,,
Co,recipes/Co/ccECP,Co.aug-cc-pVDZ.AutoAuxC.orca,ri_basis,ccECP,aug-cc-pVDZ,aug-cc-pVDZ-RI-ccECP,-ccECP,Co:aug-cc-pVDZ-RI-ccECP,PASS,,
Co,recipes/Co/ccECP,Co.aug-cc-pVQZ.AutoAuxC.orca,ri_basis,ccECP,aug-cc-pVQZ,aug-cc-pVQZ-RI-ccECP,-ccECP,Co:aug-cc-pVQZ-RI-ccECP,PASS,,
Co,recipes/Co/ccECP,Co.aug-cc-pVTZ.AutoAuxC.orca,ri_basis,ccECP,aug-cc-pVTZ,aug-cc-pVTZ-RI-ccECP,-ccECP,Co:aug-cc-pVTZ-RI-ccECP,PASS,,
Co,recipes/Co/ccECP,Co.cc-pCV5Z.AutoAuxC.orca,ri_basis,ccECP,cc-pCV5Z,cc-pCV5Z-RI-ccECP,-ccECP,Co:cc-pCV5Z-RI-ccECP,PASS,,
Co,recipes/Co/ccECP,Co.cc-pCVDZ.AutoAuxC.orca,ri_basis,ccECP,cc-pCVDZ,cc-pCVDZ-RI-ccECP,-ccECP,Co:cc-pCVDZ-RI-ccECP,PASS,,
Co,recipes/Co/ccECP,Co.cc-pCVQZ.AutoAuxC.orca,ri_basis,ccECP,cc-pCVQZ,cc-pCVQZ-RI-ccECP,-ccECP,Co:cc-pCVQZ-RI-ccECP,PASS,,
Co,recipes/Co/ccECP,Co.cc-pCVTZ.AutoAuxC.orca,ri_basis,ccECP,cc-pCVTZ,cc-pCVTZ-RI-ccECP,-ccECP,Co:cc-pCVTZ-RI-ccECP,PASS,,
Co,recipes/Co/ccECP,Co.cc-pV5Z.AutoAuxC.orca,ri_basis,ccECP,cc-pV5Z,cc-pV5Z-RI-ccECP,-ccECP,Co:cc-pV5Z-RI-ccECP,PASS,,
Co,recipes/Co/ccECP,Co.cc-pVDZ.AutoAuxC.orca,ri_basis,ccECP,cc-pVDZ,cc-pVDZ-RI-ccECP,-ccECP,Co:cc-pVDZ-RI-ccECP,PASS,,
Co,recipes/Co/ccECP,Co.cc-pVQZ.AutoAuxC.orca,ri_basis,ccECP,cc-pVQZ,cc-pVQZ-RI-ccECP,-ccECP,Co:cc-pVQZ-RI-ccECP,PASS,,
Co,recipes/Co/ccECP,Co.cc-pVTZ.AutoAuxC.orca,ri_basis,ccECP,cc-pVTZ,cc-pVTZ-RI-ccECP,-ccECP,Co:cc-pVTZ-RI-ccECP,PASS,,
Cr,recipes/Cr/ccECP,Cr.aug-cc-pCV5Z.AutoAuxC.orca,ri_basis,ccECP,aug-cc-pCV5Z,aug-cc-pCV5Z-RI-ccECP,-ccECP,Cr:aug-cc-pCV5Z-RI-ccECP,PASS,,
Cr,recipes/Cr/ccECP,Cr.aug-cc-pCVDZ.AutoAuxC.orca,ri_basis,ccECP,aug-cc-pCVDZ,aug-cc-pCVDZ-RI-ccECP,-ccECP,Cr:aug-cc-pCVDZ-RI-ccECP,PASS,,
Cr,recipes/Cr/ccECP,Cr.aug-cc-pCVQZ.AutoAuxC.orca,ri_basis,ccECP,aug-cc-pCVQZ,aug-cc-pCVQZ-RI-ccECP,-ccECP,Cr:aug-cc-pCVQZ-RI-ccECP,PASS,,
Cr,recipes/Cr/ccECP,Cr.aug-cc-pCVTZ.AutoAuxC.orca,ri_basis,ccECP,aug-cc-pCVTZ,aug-cc-pCVTZ-RI-ccECP,-ccECP,Cr:aug-cc-pCVTZ-RI-ccECP,PASS,,
Cr,recipes/Cr/ccECP,Cr.aug-cc-pV5Z.AutoAuxC.orca,ri_basis,ccECP,aug-cc-pV5Z,aug-cc-pV5Z-RI-ccECP,-ccECP,Cr:aug-cc-pV5Z-RI-ccECP,PASS,,
Cr,recipes/Cr/ccECP,Cr.aug-cc-pVDZ.AutoAuxC.orca,ri_basis,ccECP,aug-cc-pVDZ,aug-cc-pVDZ-RI-ccECP,-ccECP,Cr:aug-cc-pVDZ-RI-ccECP,PASS,,
Cr,recipes/Cr/ccECP,Cr.aug-cc-pVQZ.AutoAuxC.orca,ri_basis,ccECP,aug-cc-pVQZ,aug-cc-pVQZ-RI-ccECP,-ccECP,Cr:aug-cc-pVQZ-RI-ccECP,PASS,,
Cr,recipes/Cr/ccECP,Cr.aug-cc-pVTZ.AutoAuxC.orca,ri_basis,ccECP,aug-cc-pVTZ,aug-cc-pVTZ-RI-ccECP,-ccECP,Cr:aug-cc-pVTZ-RI-ccECP,PASS,,
Cr,recipes/Cr/ccECP,Cr.cc-pCV5Z.AutoAuxC.orca,ri_basis,ccECP,cc-pCV5Z,cc-pCV5Z-RI-ccECP,-ccECP,Cr:cc-pCV5Z-RI-ccECP,PASS,,
Cr,recipes/Cr/ccECP,Cr.cc-pCVDZ.AutoAuxC.orca,ri_basis,ccECP,cc-pCVDZ,cc-pCVDZ-RI-ccECP,-ccECP,Cr:cc-pCVDZ-RI-ccECP,PASS,,
Cr,recipes/Cr/ccECP,Cr.cc-pCVQZ.AutoAuxC.orca,ri_basis,ccECP,cc-pCVQZ,cc-pCVQZ-RI-ccECP,-ccECP,Cr:cc-pCVQZ-RI-ccECP,PASS,,
Cr,recipes/Cr/ccECP,Cr.cc-pCVTZ.AutoAuxC.orca,ri_basis,ccECP,cc-pCVTZ,cc-pCVTZ-RI-ccECP,-ccECP,Cr:cc-pCVTZ-RI-ccECP,PASS,,
Cr,recipes/Cr/ccECP,Cr.cc-pV5Z.AutoAuxC.orca,ri_basis,ccECP,cc-pV5Z,cc-pV5Z-RI-ccECP,-ccECP,Cr:cc-pV5Z-RI-ccECP,PASS,,
Cr,recipes/Cr/ccECP,Cr.cc-pVDZ.AutoAuxC.orca,ri_basis,ccECP,cc-pVDZ,cc-pVDZ-RI-ccECP,-ccECP,Cr:cc-pVDZ-RI-ccECP,PASS,,
Cr,recipes/Cr/ccECP,Cr.cc-pVQZ.AutoAuxC.orca,ri_basis,ccECP,cc-pVQZ,cc-pVQZ-RI-ccECP,-ccECP,Cr:cc-pVQZ-RI-ccECP,PASS,,
Cr,recipes/Cr/ccECP,Cr.cc-pVTZ.AutoAuxC.orca,ri_basis,ccECP,cc-pVTZ,cc-pVTZ-RI-ccECP,-ccECP,Cr:cc-pVTZ-RI-ccECP,PASS,,
Cs,recipes/Cs/ccECP,Cs.aug-cc-pCV5Z.AutoAuxC.orca,ri_basis,ccECP,aug-cc-pCV5Z,aug-cc-pCV5Z-RI-ccECP,-ccECP,Cs:aug-cc-pCV5Z-RI-ccECP,PASS,,
Cs,recipes/Cs/ccECP,Cs.aug-cc-pCVDZ.AutoAuxC.orca,ri_basis,ccECP,aug-cc-pCVDZ,aug-cc-pCVDZ-RI-ccECP,-ccECP,Cs:aug-cc-pCVDZ-RI-ccECP,PASS,,
Cs,recipes/Cs/ccECP,Cs.aug-cc-pCVQZ.AutoAuxC.orca,ri_basis,ccECP,aug-cc-pCVQZ,aug-cc-pCVQZ-RI-ccECP,-ccECP,Cs:aug-cc-pCVQZ-RI-ccECP,PASS,,
Cs,recipes/Cs/ccECP,Cs.aug-cc-pCVTZ.AutoAuxC.orca,ri_basis,ccECP,aug-cc-pCVTZ,aug-cc-pCVTZ-RI-ccECP,-ccECP,Cs:aug-cc-pCVTZ-RI-ccECP,PASS,,
Cs,recipes/Cs/ccECP,Cs.aug-cc-pV5Z.AutoAuxC.orca,ri_basis,ccECP,aug-cc-pV5Z,aug-cc-pV5Z-RI-ccECP,-ccECP,Cs:aug-cc-pV5Z-RI-ccECP,PASS,,
Cs,recipes/Cs/ccECP,Cs.aug-cc-pVDZ.AutoAuxC.orca,ri_basis,ccECP,aug-cc-pVDZ,aug-cc-pVDZ-RI-ccECP,-ccECP,Cs:aug-cc-pVDZ-RI-ccECP,PASS,,
Cs,recipes/Cs/ccECP,Cs.aug-cc-pVQZ.AutoAuxC.orca,ri_basis,ccECP,aug-cc-pVQZ,aug-cc-pVQZ-RI-ccECP,-ccECP,Cs:aug-cc-pVQZ-RI-ccECP,PASS,,
Cs,recipes/Cs/ccECP,Cs.aug-cc-pVTZ.AutoAuxC.orca,ri_basis,ccECP,aug-cc-pVTZ,aug-cc-pVTZ-RI-ccECP,-ccECP,Cs:aug-cc-pVTZ-RI-ccECP,PASS,,
Cs,recipes/Cs/ccECP,Cs.cc-pCV5Z.AutoAuxC.orca,ri_basis,ccECP,cc-pCV5Z,cc-pCV5Z-RI-ccECP,-ccECP,Cs:cc-pCV5Z-RI-ccECP,PASS,,
Cs,recipes/Cs/ccECP,Cs.cc-pCVDZ.AutoAuxC.orca,ri_basis,ccECP,cc-pCVDZ,cc-pCVDZ-RI-ccECP,-ccECP,Cs:cc-pCVDZ-RI-ccECP,PASS,,
Cs,recipes/Cs/ccECP,Cs.cc-pCVQZ.AutoAuxC.orca,ri_basis,ccECP,cc-pCVQZ,cc-pCVQZ-RI-ccECP,-ccECP,Cs:cc-pCVQZ-RI-ccECP,PASS,,
Cs,recipes/Cs/ccECP,Cs.cc-pCVTZ.AutoAuxC.orca,ri_basis,ccECP,cc-pCVTZ,cc-pCVTZ-RI-ccECP,-ccECP,Cs:cc-pCVTZ-RI-ccECP,PASS,,
Cs,recipes/Cs/ccECP,Cs.cc-pV5Z.AutoAuxC.orca,ri_basis,ccECP,cc-pV5Z,cc-pV5Z-RI-ccECP,-ccECP,Cs:cc-pV5Z-RI-ccECP,PASS,,
Cs,recipes/Cs/ccECP,Cs.cc-pVDZ.AutoAuxC.orca,ri_basis,ccECP,cc-pVDZ,cc-pVDZ-RI-ccECP,-ccECP,Cs:cc-pVDZ-RI-ccECP,PASS,,
Cs,recipes/Cs/ccECP,Cs.cc-pVQZ.AutoAuxC.orca,ri_basis,ccECP,cc-pVQZ,cc-pVQZ-RI-ccECP,-ccECP,Cs:cc-pVQZ-RI-ccECP,PASS,,
Cs,recipes/Cs/ccECP,Cs.cc-pVTZ.AutoAuxC.orca,ri_basis,ccECP,cc-pVTZ,cc-pVTZ-RI-ccECP,-ccECP,Cs:cc-pVTZ-RI-ccECP,PASS,,
Cu,recipes/Cu/ccECP,Cu.aug-cc-pCV5Z.AutoAuxC.orca,ri_basis,ccECP,aug-cc-pCV5Z,aug-cc-pCV5Z-RI-ccECP,-ccECP,Cu:aug-cc-pCV5Z-RI-ccECP,PASS,,
Cu,recipes/Cu/ccECP,Cu.aug-cc-pCVDZ.AutoAuxC.orca,ri_basis,ccECP,aug-cc-pCVDZ,aug-cc-pCVDZ-RI-ccECP,-ccECP,Cu:aug-cc-pCVDZ-RI-ccECP,PASS,,
Cu,recipes/Cu/ccECP,Cu.aug-cc-pCVQZ.AutoAuxC.orca,ri_basis,ccECP,aug-cc-pCVQZ,aug-cc-pCVQZ-RI-ccECP,-ccECP,Cu:aug-cc-pCVQZ-RI-ccECP,PASS,,
Cu,recipes/Cu/ccECP,Cu.aug-cc-pCVTZ.AutoAuxC.orca,ri_basis,ccECP,aug-cc-pCVTZ,aug-cc-pCVTZ-RI-ccECP,-ccECP,Cu:aug-cc-pCVTZ-RI-ccECP,PASS,,
Cu,recipes/Cu/ccECP,Cu.aug-cc-pV5Z.AutoAuxC.orca,ri_basis,ccECP,aug-cc-pV5Z,aug-cc-pV5Z-RI-ccECP,-ccECP,Cu:aug-cc-pV5Z-RI-ccECP,PASS,,
Cu,recipes/Cu/ccECP,Cu.aug-cc-pVDZ.AutoAuxC.orca,ri_basis,ccECP,aug-cc-pVDZ,aug-cc-pVDZ-RI-ccECP,-ccECP,Cu:aug-cc-pVDZ-RI-ccECP,PASS,,
Cu,recipes/Cu/ccECP,Cu.aug-cc-pVQZ.AutoAuxC.orca,ri_basis,ccECP,aug-cc-pVQZ,aug-cc-pVQZ-RI-ccECP,-ccECP,Cu:aug-cc-pVQZ-RI-ccECP,PASS,,
Cu,recipes/Cu/ccECP,Cu.aug-cc-pVTZ.AutoAuxC.orca,ri_basis,ccECP,aug-cc-pVTZ,aug-cc-pVTZ-RI-ccECP,-ccECP,Cu:aug-cc-pVTZ-RI-ccECP,PASS,,
Cu,recipes/Cu/ccECP,Cu.cc-pCV5Z.AutoAuxC.orca,ri_basis,ccECP,cc-pCV5Z,cc-pCV5Z-RI-ccECP,-ccECP,Cu:cc-pCV5Z-RI-ccECP,PASS,,
Cu,recipes/Cu/ccECP,Cu.cc-pCVDZ.AutoAuxC.orca,ri_basis,ccECP,cc-pCVDZ,cc-pCVDZ-RI-ccECP,-ccECP,Cu:cc-pCVDZ-RI-ccECP,PASS,,
Cu,recipes/Cu/ccECP,Cu.cc-pCVQZ.AutoAuxC.orca,ri_basis,ccECP,cc-pCVQZ,cc-pCVQZ-RI-ccECP,-ccECP,Cu:cc-pCVQZ-RI-ccECP,PASS,,
Cu,recipes/Cu/ccECP,Cu.cc-pCVTZ.AutoAuxC.orca,ri_basis,ccECP,cc-pCVTZ,cc-pCVTZ-RI-ccECP,-ccECP,Cu:cc-pCVTZ-RI-ccECP,PASS,,
Cu,recipes/Cu/ccECP,Cu.cc-pV5Z.AutoAuxC.orca,ri_basis,ccECP,cc-pV5Z,cc-pV5Z-RI-ccECP,-ccECP,Cu:cc-pV5Z-RI-ccECP,PASS,,
Cu,recipes/Cu/ccECP,Cu.cc-pVDZ.AutoAuxC.orca,ri_basis,ccECP,cc-pVDZ,cc-pVDZ-RI-ccECP,-ccECP,Cu:cc-pVDZ-RI-ccECP,PASS,,
Cu,recipes/Cu/ccECP,Cu.cc-pVQZ.AutoAuxC.orca,ri_basis,ccECP,cc-pVQZ,cc-pVQZ-RI-ccECP,-ccECP,Cu:cc-pVQZ-RI-ccECP,PASS,,
Cu,recipes/Cu/ccECP,Cu.cc-pVTZ.AutoAuxC.orca,ri_basis,ccECP,cc-pVTZ,cc-pVTZ-RI-ccECP,-ccECP,Cu:cc-pVTZ-RI-ccECP,PASS,,
Eu,recipes/Eu/ccECP,Eu.aug-cc-pCVDZ.AutoAuxC.orca,ri_basis,ccECP,aug-cc-pCVDZ,aug-cc-pCVDZ-RI-ccECP,-ccECP,Eu:aug-cc-pCVDZ-RI-ccECP,PASS,,
Eu,recipes/Eu/ccECP,Eu.aug-cc-pCVQZ.AutoAuxC.orca,ri_basis,ccECP,aug-cc-pCVQZ,aug-cc-pCVQZ-RI-ccECP,-ccECP,Eu:aug-cc-pCVQZ-RI-ccECP,PASS,,
Eu,recipes/Eu/ccECP,Eu.aug-cc-pCVTZ.AutoAuxC.orca,ri_basis,ccECP,aug-cc-pCVTZ,aug-cc-pCVTZ-RI-ccECP,-ccECP,Eu:aug-cc-pCVTZ-RI-ccECP,PASS,,
Eu,recipes/Eu/ccECP,Eu.aug-cc-pVDZ.AutoAuxC.orca,ri_basis,ccECP,aug-cc-pVDZ,aug-cc-pVDZ-RI-ccECP,-ccECP,Eu:aug-cc-pVDZ-RI-ccECP,PASS,,
Eu,recipes/Eu/ccECP,Eu.aug-cc-pVQZ.AutoAuxC.orca,ri_basis,ccECP,aug-cc-pVQZ,aug-cc-pVQZ-RI-ccECP,-ccECP,Eu:aug-cc-pVQZ-RI-ccECP,PASS,,
Eu,recipes/Eu/ccECP,Eu.aug-cc-pVTZ.AutoAuxC.orca,ri_basis,ccECP,aug-cc-pVTZ,aug-cc-pVTZ-RI-ccECP,-ccECP,Eu:aug-cc-pVTZ-RI-ccECP,PASS,,
Eu,recipes/Eu/ccECP,Eu.cc-pCVDZ.AutoAuxC.orca,ri_basis,ccECP,cc-pCVDZ,cc-pCVDZ-RI-ccECP,-ccECP,Eu:cc-pCVDZ-RI-ccECP,PASS,,
Eu,recipes/Eu/ccECP,Eu.cc-pCVQZ.AutoAuxC.orca,ri_basis,ccECP,cc-pCVQZ,cc-pCVQZ-RI-ccECP,-ccECP,Eu:cc-pCVQZ-RI-ccECP,PASS,,
Eu,recipes/Eu/ccECP,Eu.cc-pCVTZ.AutoAuxC.orca,ri_basis,ccECP,cc-pCVTZ,cc-pCVTZ-RI-ccECP,-ccECP,Eu:cc-pCVTZ-RI-ccECP,PASS,,
Eu,recipes/Eu/ccECP,Eu.cc-pVDZ.AutoAuxC.orca,ri_basis,ccECP,cc-pVDZ,cc-pVDZ-RI-ccECP,-ccECP,Eu:cc-pVDZ-RI-ccECP,PASS,,
Eu,recipes/Eu/ccECP,Eu.cc-pVQZ.AutoAuxC.orca,ri_basis,ccECP,cc-pVQZ,cc-pVQZ-RI-ccECP,-ccECP,Eu:cc-pVQZ-RI-ccECP,PASS,,
Eu,recipes/Eu/ccECP,Eu.cc-pVTZ.AutoAuxC.orca,ri_basis,ccECP,cc-pVTZ,cc-pVTZ-RI-ccECP,-ccECP,Eu:cc-pVTZ-RI-ccECP,PASS,,
F,recipes/F/ccECP,F.aug-cc-pV5Z.AutoAuxC.orca,ri_basis,ccECP,aug-cc-pV5Z,aug-cc-pV5Z-RI-ccECP,-ccECP,F:aug-cc-pV5Z-RI-ccECP,PASS,,
F,recipes/F/ccECP,F.aug-cc-pV6Z.AutoAuxC.orca,ri_basis,ccECP,aug-cc-pV6Z,aug-cc-pV6Z-RI-ccECP,-ccECP,F:aug-cc-pV6Z-RI-ccECP,PASS,,
F,recipes/F/ccECP,F.aug-cc-pVDZ.AutoAuxC.orca,ri_basis,ccECP,aug-cc-pVDZ,aug-cc-pVDZ-RI-ccECP,-ccECP,F:aug-cc-pVDZ-RI-ccECP,PASS,,
F,recipes/F/ccECP,F.aug-cc-pVQZ.AutoAuxC.orca,ri_basis,ccECP,aug-cc-pVQZ,aug-cc-pVQZ-RI-ccECP,-ccECP,F:aug-cc-pVQZ-RI-ccECP,PASS,,
F,recipes/F/ccECP,F.aug-cc-pVTZ.AutoAuxC.orca,ri_basis,ccECP,aug-cc-pVTZ,aug-cc-pVTZ-RI-ccECP,-ccECP,F:aug-cc-pVTZ-RI-ccECP,PASS,,
F,recipes/F/ccECP,F.cc-pV5Z.AutoAuxC.orca,ri_basis,ccECP,cc-pV5Z,cc-pV5Z-RI-ccECP,-ccECP,F:cc-pV5Z-RI-ccECP,PASS,,
F,recipes/F/ccECP,F.cc-pV6Z.AutoAuxC.orca,ri_basis,ccECP,cc-pV6Z,cc-pV6Z-RI-ccECP,-ccECP,F:cc-pV6Z-RI-ccECP,PASS,,
F,recipes/F/ccECP,F.cc-pVDZ.AutoAuxC.orca,ri_basis,ccECP,cc-pVDZ,cc-pVDZ-RI-ccECP,-ccECP,F:cc-pVDZ-RI-ccECP,PASS,,
F,recipes/F/ccECP,F.cc-pVQZ.AutoAuxC.orca,ri_basis,ccECP,cc-pVQZ,cc-pVQZ-RI-ccECP,-ccECP,F:cc-pVQZ-RI-ccECP,PASS,,
F,recipes/F/ccECP,F.cc-pVTZ.AutoAuxC.orca,ri_basis,ccECP,cc-pVTZ,cc-pVTZ-RI-ccECP,-ccECP,F:cc-pVTZ-RI-ccECP,PASS,,
Fe,recipes/Fe/ccECP,Fe.aug-cc-pCV5Z.AutoAuxC.orca,ri_basis,ccECP,aug-cc-pCV5Z,aug-cc-pCV5Z-RI-ccECP,-ccECP,Fe:aug-cc-pCV5Z-RI-ccECP,PASS,,
Fe,recipes/Fe/ccECP,Fe.aug-cc-pCVDZ.AutoAuxC.orca,ri_basis,ccECP,aug-cc-pCVDZ,aug-cc-pCVDZ-RI-ccECP,-ccECP,Fe:aug-cc-pCVDZ-RI-ccECP,PASS,,
Fe,recipes/Fe/ccECP,Fe.aug-cc-pCVQZ.AutoAuxC.orca,ri_basis,ccECP,aug-cc-pCVQZ,aug-cc-pCVQZ-RI-ccECP,-ccECP,Fe:aug-cc-pCVQZ-RI-ccECP,PASS,,
Fe,recipes/Fe/ccECP,Fe.aug-cc-pCVTZ.AutoAuxC.orca,ri_basis,ccECP,aug-cc-pCVTZ,aug-cc-pCVTZ-RI-ccECP,-ccECP,Fe:aug-cc-pCVTZ-RI-ccECP,PASS,,
Fe,recipes/Fe/ccECP,Fe.aug-cc-pV5Z.AutoAuxC.orca,ri_basis,ccECP,aug-cc-pV5Z,aug-cc-pV5Z-RI-ccECP,-ccECP,Fe:aug-cc-pV5Z-RI-ccECP,PASS,,
Fe,recipes/Fe/ccECP,Fe.aug-cc-pVDZ.AutoAuxC.orca,ri_basis,ccECP,aug-cc-pVDZ,aug-cc-pVDZ-RI-ccECP,-ccECP,Fe:aug-cc-pVDZ-RI-ccECP,PASS,,
Fe,recipes/Fe/ccECP,Fe.aug-cc-pVQZ.AutoAuxC.orca,ri_basis,ccECP,aug-cc-pVQZ,aug-cc-pVQZ-RI-ccECP,-ccECP,Fe:aug-cc-pVQZ-RI-ccECP,PASS,,
Fe,recipes/Fe/ccECP,Fe.aug-cc-pVTZ.AutoAuxC.orca,ri_basis,ccECP,aug-cc-pVTZ,aug-cc-pVTZ-RI-ccECP,-ccECP,Fe:aug-cc-pVTZ-RI-ccECP,PASS,,
Fe,recipes/Fe/ccECP,Fe.cc-pCV5Z.AutoAuxC.orca,ri_basis,ccECP,cc-pCV5Z,cc-pCV5Z-RI-ccECP,-ccECP,Fe:cc-pCV5Z-RI-ccECP,PASS,,
Fe,recipes/Fe/ccECP,Fe.cc-pCVDZ.AutoAuxC.orca,ri_basis,ccECP,cc-pCVDZ,cc-pCVDZ-RI-ccECP,-ccECP,Fe:cc-pCVDZ-RI-ccECP,PASS,,
Fe,recipes/Fe/ccECP,Fe.cc-pCVQZ.AutoAuxC.orca,ri_basis,ccECP,cc-pCVQZ,cc-pCVQZ-RI-ccECP,-ccECP,Fe:cc-pCVQZ-RI-ccECP,PASS,,
Fe,recipes/Fe/ccECP,Fe.cc-pCVTZ.AutoAuxC.orca,ri_basis,ccECP,cc-pCVTZ,cc-pCVTZ-RI-ccECP,-ccECP,Fe:cc-pCVTZ-RI-ccECP,PASS,,
Fe,recipes/Fe/ccECP,Fe.cc-pV5Z.AutoAuxC.orca,ri_basis,ccECP,cc-pV5Z,cc-pV5Z-RI-ccECP,-ccECP,Fe:cc-pV5Z-RI-ccECP,PASS,,
Fe,recipes/Fe/ccECP,Fe.cc-pVDZ.AutoAuxC.orca,ri_basis,ccECP,cc-pVDZ,cc-pVDZ-RI-ccECP,-ccECP,Fe:cc-pVDZ-RI-ccECP,PASS,,
Fe,recipes/Fe/ccECP,Fe.cc-pVQZ.AutoAuxC.orca,ri_basis,ccECP,cc-pVQZ,cc-pVQZ-RI-ccECP,-ccECP,Fe:cc-pVQZ-RI-ccECP,PASS,,
Fe,recipes/Fe/ccECP,Fe.cc-pVTZ.AutoAuxC.orca,ri_basis,ccECP,cc-pVTZ,cc-pVTZ-RI-ccECP,-ccECP,Fe:cc-pVTZ-RI-ccECP,PASS,,
Ga,recipes/Ga/ccECP,Ga.aug-cc-pV5Z.AutoAuxC.orca,ri_basis,ccECP,aug-cc-pV5Z,aug-cc-pV5Z-RI-ccECP,-ccECP,Ga:aug-cc-pV5Z-RI-ccECP,PASS,,
Ga,recipes/Ga/ccECP,Ga.aug-cc-pV6Z.AutoAuxC.orca,ri_basis,ccECP,aug-cc-pV6Z,aug-cc-pV6Z-RI-ccECP,-ccECP,Ga:aug-cc-pV6Z-RI-ccECP,PASS,,
Ga,recipes/Ga/ccECP,Ga.aug-cc-pVDZ.AutoAuxC.orca,ri_basis,ccECP,aug-cc-pVDZ,aug-cc-pVDZ-RI-ccECP,-ccECP,Ga:aug-cc-pVDZ-RI-ccECP,PASS,,
Ga,recipes/Ga/ccECP,Ga.aug-cc-pVQZ.AutoAuxC.orca,ri_basis,ccECP,aug-cc-pVQZ,aug-cc-pVQZ-RI-ccECP,-ccECP,Ga:aug-cc-pVQZ-RI-ccECP,PASS,,
Ga,recipes/Ga/ccECP,Ga.aug-cc-pVTZ.AutoAuxC.orca,ri_basis,ccECP,aug-cc-pVTZ,aug-cc-pVTZ-RI-ccECP,-ccECP,Ga:aug-cc-pVTZ-RI-ccECP,PASS,,
Ga,recipes/Ga/ccECP,Ga.cc-pV5Z.AutoAuxC.orca,ri_basis,ccECP,cc-pV5Z,cc-pV5Z-RI-ccECP,-ccECP,Ga:cc-pV5Z-RI-ccECP,PASS,,
Ga,recipes/Ga/ccECP,Ga.cc-pV6Z.AutoAuxC.orca,ri_basis,ccECP,cc-pV6Z,cc-pV6Z-RI-ccECP,-ccECP,Ga:cc-pV6Z-RI-ccECP,PASS,,
Ga,recipes/Ga/ccECP,Ga.cc-pVDZ.AutoAuxC.orca,ri_basis,ccECP,cc-pVDZ,cc-pVDZ-RI-ccECP,-ccECP,Ga:cc-pVDZ-RI-ccECP,PASS,,
Ga,recipes/Ga/ccECP,Ga.cc-pVQZ.AutoAuxC.orca,ri_basis,ccECP,cc-pVQZ,cc-pVQZ-RI-ccECP,-ccECP,Ga:cc-pVQZ-RI-ccECP,PASS,,
Ga,recipes/Ga/ccECP,Ga.cc-pVTZ.AutoAuxC.orca,ri_basis,ccECP,cc-pVTZ,cc-pVTZ-RI-ccECP,-ccECP,Ga:cc-pVTZ-RI-ccECP,PASS,,
Gd,recipes/Gd/ccECP,Gd.aug-cc-pCVDZ.AutoAuxC.orca,ri_basis,ccECP,aug-cc-pCVDZ,aug-cc-pCVDZ-RI-ccECP,-ccECP,Gd:aug-cc-pCVDZ-RI-ccECP,PASS,,
Gd,recipes/Gd/ccECP,Gd.aug-cc-pCVQZ.AutoAuxC.orca,ri_basis,ccECP,aug-cc-pCVQZ,aug-cc-pCVQZ-RI-ccECP,-ccECP,Gd:aug-cc-pCVQZ-RI-ccECP,PASS,,
Gd,recipes/Gd/ccECP,Gd.aug-cc-pCVTZ.AutoAuxC.orca,ri_basis,ccECP,aug-cc-pCVTZ,aug-cc-pCVTZ-RI-ccECP,-ccECP,Gd:aug-cc-pCVTZ-RI-ccECP,PASS,,
Gd,recipes/Gd/ccECP,Gd.aug-cc-pVDZ.AutoAuxC.orca,ri_basis,ccECP,aug-cc-pVDZ,aug-cc-pVDZ-RI-ccECP,-ccECP,Gd:aug-cc-pVDZ-RI-ccECP,PASS,,
Gd,recipes/Gd/ccECP,Gd.aug-cc-pVQZ.AutoAuxC.orca,ri_basis,ccECP,aug-cc-pVQZ,aug-cc-pVQZ-RI-ccECP,-ccECP,Gd:aug-cc-pVQZ-RI-ccECP,PASS,,
Gd,recipes/Gd/ccECP,Gd.aug-cc-pVTZ.AutoAuxC.orca,ri_basis,ccECP,aug-cc-pVTZ,aug-cc-pVTZ-RI-ccECP,-ccECP,Gd:aug-cc-pVTZ-RI-ccECP,PASS,,
Gd,recipes/Gd/ccECP,Gd.cc-pCVDZ.AutoAuxC.orca,ri_basis,ccECP,cc-pCVDZ,cc-pCVDZ-RI-ccECP,-ccECP,Gd:cc-pCVDZ-RI-ccECP,PASS,,
Gd,recipes/Gd/ccECP,Gd.cc-pCVQZ.AutoAuxC.orca,ri_basis,ccECP,cc-pCVQZ,cc-pCVQZ-RI-ccECP,-ccECP,Gd:cc-pCVQZ-RI-ccECP,PASS,,
Gd,recipes/Gd/ccECP,Gd.cc-pCVTZ.AutoAuxC.orca,ri_basis,ccECP,cc-pCVTZ,cc-pCVTZ-RI-ccECP,-ccECP,Gd:cc-pCVTZ-RI-ccECP,PASS,,
Gd,recipes/Gd/ccECP,Gd.cc-pVDZ.AutoAuxC.orca,ri_basis,ccECP,cc-pVDZ,cc-pVDZ-RI-ccECP,-ccECP,Gd:cc-pVDZ-RI-ccECP,PASS,,
Gd,recipes/Gd/ccECP,Gd.cc-pVQZ.AutoAuxC.orca,ri_basis,ccECP,cc-pVQZ,cc-pVQZ-RI-ccECP,-ccECP,Gd:cc-pVQZ-RI-ccECP,PASS,,
Gd,recipes/Gd/ccECP,Gd.cc-pVTZ.AutoAuxC.orca,ri_basis,ccECP,cc-pVTZ,cc-pVTZ-RI-ccECP,-ccECP,Gd:cc-pVTZ-RI-ccECP,PASS,,
Ge,recipes/Ge/ccECP,Ge.aug-cc-pV5Z.AutoAuxC.orca,ri_basis,ccECP,aug-cc-pV5Z,aug-cc-pV5Z-RI-ccECP,-ccECP,Ge:aug-cc-pV5Z-RI-ccECP,PASS,,
Ge,recipes/Ge/ccECP,Ge.aug-cc-pV6Z.AutoAuxC.orca,ri_basis,ccECP,aug-cc-pV6Z,aug-cc-pV6Z-RI-ccECP,-ccECP,Ge:aug-cc-pV6Z-RI-ccECP,PASS,,
Ge,recipes/Ge/ccECP,Ge.aug-cc-pVDZ.AutoAuxC.orca,ri_basis,ccECP,aug-cc-pVDZ,aug-cc-pVDZ-RI-ccECP,-ccECP,Ge:aug-cc-pVDZ-RI-ccECP,PASS,,
Ge,recipes/Ge/ccECP,Ge.aug-cc-pVQZ.AutoAuxC.orca,ri_basis,ccECP,aug-cc-pVQZ,aug-cc-pVQZ-RI-ccECP,-ccECP,Ge:aug-cc-pVQZ-RI-ccECP,PASS,,
Ge,recipes/Ge/ccECP,Ge.aug-cc-pVTZ.AutoAuxC.orca,ri_basis,ccECP,aug-cc-pVTZ,aug-cc-pVTZ-RI-ccECP,-ccECP,Ge:aug-cc-pVTZ-RI-ccECP,PASS,,
Ge,recipes/Ge/ccECP,Ge.cc-pV5Z.AutoAuxC.orca,ri_basis,ccECP,cc-pV5Z,cc-pV5Z-RI-ccECP,-ccECP,Ge:cc-pV5Z-RI-ccECP,PASS,,
Ge,recipes/Ge/ccECP,Ge.cc-pV6Z.AutoAuxC.orca,ri_basis,ccECP,cc-pV6Z,cc-pV6Z-RI-ccECP,-ccECP,Ge:cc-pV6Z-RI-ccECP,PASS,,
Ge,recipes/Ge/ccECP,Ge.cc-pVDZ.AutoAuxC.orca,ri_basis,ccECP,cc-pVDZ,cc-pVDZ-RI-ccECP,-ccECP,Ge:cc-pVDZ-RI-ccECP,PASS,,
Ge,recipes/Ge/ccECP,Ge.cc-pVQZ.AutoAuxC.orca,ri_basis,ccECP,cc-pVQZ,cc-pVQZ-RI-ccECP,-ccECP,Ge:cc-pVQZ-RI-ccECP,PASS,,
Ge,recipes/Ge/ccECP,Ge.cc-pVTZ.AutoAuxC.orca,ri_basis,ccECP,cc-pVTZ,cc-pVTZ-RI-ccECP,-ccECP,Ge:cc-pVTZ-RI-ccECP,PASS,,
H,recipes/H/ccECP,H.aug-cc-pV5Z.AutoAuxC.orca,ri_basis,ccECP,aug-cc-pV5Z,aug-cc-pV5Z-RI-ccECP,-ccECP,H:aug-cc-pV5Z-RI-ccECP,PASS,,
H,recipes/H/ccECP,H.aug-cc-pV6Z.AutoAuxC.orca,ri_basis,ccECP,aug-cc-pV6Z,aug-cc-pV6Z-RI-ccECP,-ccECP,H:aug-cc-pV6Z-RI-ccECP,PASS,,
H,recipes/H/ccECP,H.aug-cc-pVDZ.AutoAuxC.orca,ri_basis,ccECP,aug-cc-pVDZ,aug-cc-pVDZ-RI-ccECP,-ccECP,H:aug-cc-pVDZ-RI-ccECP,PASS,,
H,recipes/H/ccECP,H.aug-cc-pVQZ.AutoAuxC.orca,ri_basis,ccECP,aug-cc-pVQZ,aug-cc-pVQZ-RI-ccECP,-ccECP,H:aug-cc-pVQZ-RI-ccECP,PASS,,
H,recipes/H/ccECP,H.aug-cc-pVTZ.AutoAuxC.orca,ri_basis,ccECP,aug-cc-pVTZ,aug-cc-pVTZ-RI-ccECP,-ccECP,H:aug-cc-pVTZ-RI-ccECP,PASS,,
H,recipes/H/ccECP,H.cc-pV5Z.AutoAuxC.orca,ri_basis,ccECP,cc-pV5Z,cc-pV5Z-RI-ccECP,-ccECP,H:cc-pV5Z-RI-ccECP,PASS,,
H,recipes/H/ccECP,H.cc-pV6Z.AutoAuxC.orca,ri_basis,ccECP,cc-pV6Z,cc-pV6Z-RI-ccECP,-ccECP,H:cc-pV6Z-RI-ccECP,PASS,,
H,recipes/H/ccECP,H.cc-pVDZ.AutoAuxC.orca,ri_basis,ccECP,cc-pVDZ,cc-pVDZ-RI-ccECP,-ccECP,H:cc-pVDZ-RI-ccECP,PASS,,
H,recipes/H/ccECP,H.cc-pVQZ.AutoAuxC.orca,ri_basis,ccECP,cc-pVQZ,cc-pVQZ-RI-ccECP,-ccECP,H:cc-pVQZ-RI-ccECP,PASS,,
H,recipes/H/ccECP,H.cc-pVTZ.AutoAuxC.orca,ri_basis,ccECP,cc-pVTZ,cc-pVTZ-RI-ccECP,-ccECP,H:cc-pVTZ-RI-ccECP,PASS,,
He,recipes/He/ccECP,He.aug-cc-pV5Z.AutoAuxC.orca,ri_basis,ccECP,aug-cc-pV5Z,aug-cc-pV5Z-RI-ccECP,-ccECP,He:aug-cc-pV5Z-RI-ccECP,PASS,,
He,recipes/He/ccECP,He.aug-cc-pV6Z.AutoAuxC.orca,ri_basis,ccECP,aug-cc-pV6Z,aug-cc-pV6Z-RI-ccECP,-ccECP,He:aug-cc-pV6Z-RI-ccECP,PASS,,
He,recipes/He/ccECP,He.aug-cc-pVDZ.AutoAuxC.orca,ri_basis,ccECP,aug-cc-pVDZ,aug-cc-pVDZ-RI-ccECP,-ccECP,He:aug-cc-pVDZ-RI-ccECP,PASS,,
He,recipes/He/ccECP,He.aug-cc-pVQZ.AutoAuxC.orca,ri_basis,ccECP,aug-cc-pVQZ,aug-cc-pVQZ-RI-ccECP,-ccECP,He:aug-cc-pVQZ-RI-ccECP,PASS,,
He,recipes/He/ccECP,He.aug-cc-pVTZ.AutoAuxC.orca,ri_basis,ccECP,aug-cc-pVTZ,aug-cc-pVTZ-RI-ccECP,-ccECP,He:aug-cc-pVTZ-RI-ccECP,PASS,,
He,recipes/He/ccECP,He.cc-pV5Z.AutoAuxC.orca,ri_basis,ccECP,cc-pV5Z,cc-pV5Z-RI-ccECP,-ccECP,He:cc-pV5Z-RI-ccECP,PASS,,
He,recipes/He/ccECP,He.cc-pV6Z.AutoAuxC.orca,ri_basis,ccECP,cc-pV6Z,cc-pV6Z-RI-ccECP,-ccECP,He:cc-pV6Z-RI-ccECP,PASS,,
He,recipes/He/ccECP,He.cc-pVDZ.AutoAuxC.orca,ri_basis,ccECP,cc-pVDZ,cc-pVDZ-RI-ccECP,-ccECP,He:cc-pVDZ-RI-ccECP,PASS,,
He,recipes/He/ccECP,He.cc-pVQZ.AutoAuxC.orca,ri_basis,ccECP,cc-pVQZ,cc-pVQZ-RI-ccECP,-ccECP,He:cc-pVQZ-RI-ccECP,PASS,,
He,recipes/He/ccECP,He.cc-pVTZ.AutoAuxC.orca,ri_basis,ccECP,cc-pVTZ,cc-pVTZ-RI-ccECP,-ccECP,He:cc-pVTZ-RI-ccECP,PASS,,
I,recipes/I/ccECP,I.aug-cc-pV5Z.AutoAuxC.orca,ri_basis,ccECP,aug-cc-pV5Z,aug-cc-pV5Z-RI-ccECP,-ccECP,I:aug-cc-pV5Z-RI-ccECP,PASS,,
I,recipes/I/ccECP,I.aug-cc-pV6Z.AutoAuxC.orca,ri_basis,ccECP,aug-cc-pV6Z,aug-cc-pV6Z-RI-ccECP,-ccECP,I:aug-cc-pV6Z-RI-ccECP,PASS,,
I,recipes/I/ccECP,I.aug-cc-pVDZ.AutoAuxC.orca,ri_basis,ccECP,aug-cc-pVDZ,aug-cc-pVDZ-RI-ccECP,-ccECP,I:aug-cc-pVDZ-RI-ccECP,PASS,,
I,recipes/I/ccECP,I.aug-cc-pVQZ.AutoAuxC.orca,ri_basis,ccECP,aug-cc-pVQZ,aug-cc-pVQZ-RI-ccECP,-ccECP,I:aug-cc-pVQZ-RI-ccECP,PASS,,
I,recipes/I/ccECP,I.aug-cc-pVTZ.AutoAuxC.orca,ri_basis,ccECP,aug-cc-pVTZ,aug-cc-pVTZ-RI-ccECP,-ccECP,I:aug-cc-pVTZ-RI-ccECP,PASS,,
I,recipes/I/ccECP,I.cc-pV5Z.AutoAuxC.orca,ri_basis,ccECP,cc-pV5Z,cc-pV5Z-RI-ccECP,-ccECP,I:cc-pV5Z-RI-ccECP,PASS,,
I,recipes/I/ccECP,I.cc-pV6Z.AutoAuxC.orca,ri_basis,ccECP,cc-pV6Z,cc-pV6Z-RI-ccECP,-ccECP,I:cc-pV6Z-RI-ccECP,PASS,,
I,recipes/I/ccECP,I.cc-pVDZ.AutoAuxC.orca,ri_basis,ccECP,cc-pVDZ,cc-pVDZ-RI-ccECP,-ccECP,I:cc-pVDZ-RI-ccECP,PASS,,
I,recipes/I/ccECP,I.cc-pVQZ.AutoAuxC.orca,ri_basis,ccECP,cc-pVQZ,cc-pVQZ-RI-ccECP,-ccECP,I:cc-pVQZ-RI-ccECP,PASS,,
I,recipes/I/ccECP,I.cc-pVTZ.AutoAuxC.orca,ri_basis,ccECP,cc-pVTZ,cc-pVTZ-RI-ccECP,-ccECP,I:cc-pVTZ-RI-ccECP,PASS,,
Ir,recipes/Ir/ccECP,Ir.aug-cc-pCV5Z.AutoAuxC.orca,ri_basis,ccECP,aug-cc-pCV5Z,aug-cc-pCV5Z-RI-ccECP,-ccECP,Ir:aug-cc-pCV5Z-RI-ccECP,PASS,,
Ir,recipes/Ir/ccECP,Ir.aug-cc-pCVDZ.AutoAuxC.orca,ri_basis,ccECP,aug-cc-pCVDZ,aug-cc-pCVDZ-RI-ccECP,-ccECP,Ir:aug-cc-pCVDZ-RI-ccECP,PASS,,
Ir,recipes/Ir/ccECP,Ir.aug-cc-pCVQZ.AutoAuxC.orca,ri_basis,ccECP,aug-cc-pCVQZ,aug-cc-pCVQZ-RI-ccECP,-ccECP,Ir:aug-cc-pCVQZ-RI-ccECP,PASS,,
Ir,recipes/Ir/ccECP,Ir.aug-cc-pCVTZ.AutoAuxC.orca,ri_basis,ccECP,aug-cc-pCVTZ,aug-cc-pCVTZ-RI-ccECP,-ccECP,Ir:aug-cc-pCVTZ-RI-ccECP,PASS,,
Ir,recipes/Ir/ccECP,Ir.aug-cc-pV5Z.AutoAuxC.orca,ri_basis,ccECP,aug-cc-pV5Z,aug-cc-pV5Z-RI-ccECP,-ccECP,Ir:aug-cc-pV5Z-RI-ccECP,PASS,,
Ir,recipes/Ir/ccECP,Ir.aug-cc-pVDZ.AutoAuxC.orca,ri_basis,ccECP,aug-cc-pVDZ,aug-cc-pVDZ-RI-ccECP,-ccECP,Ir:aug-cc-pVDZ-RI-ccECP,PASS,,
Ir,recipes/Ir/ccECP,Ir.aug-cc-pVQZ.AutoAuxC.orca,ri_basis,ccECP,aug-cc-pVQZ,aug-cc-pVQZ-RI-ccECP,-ccECP,Ir:aug-cc-pVQZ-RI-ccECP,PASS,,
Ir,recipes/Ir/ccECP,Ir.aug-cc-pVTZ.AutoAuxC.orca,ri_basis,ccECP,aug-cc-pVTZ,aug-cc-pVTZ-RI-ccECP,-ccECP,Ir:aug-cc-pVTZ-RI-ccECP,PASS,,
Ir,recipes/Ir/ccECP,Ir.cc-pCV5Z.AutoAuxC.orca,ri_basis,ccECP,cc-pCV5Z,cc-pCV5Z-RI-ccECP,-ccECP,Ir:cc-pCV5Z-RI-ccECP,PASS,,
Ir,recipes/Ir/ccECP,Ir.cc-pCVDZ.AutoAuxC.orca,ri_basis,ccECP,cc-pCVDZ,cc-pCVDZ-RI-ccECP,-ccECP,Ir:cc-pCVDZ-RI-ccECP,PASS,,
Ir,recipes/Ir/ccECP,Ir.cc-pCVQZ.AutoAuxC.orca,ri_basis,ccECP,cc-pCVQZ,cc-pCVQZ-RI-ccECP,-ccECP,Ir:cc-pCVQZ-RI-ccECP,PASS,,
Ir,recipes/Ir/ccECP,Ir.cc-pCVTZ.AutoAuxC.orca,ri_basis,ccECP,cc-pCVTZ,cc-pCVTZ-RI-ccECP,-ccECP,Ir:cc-pCVTZ-RI-ccECP,PASS,,
Ir,recipes/Ir/ccECP,Ir.cc-pV5Z.AutoAuxC.orca,ri_basis,ccECP,cc-pV5Z,cc-pV5Z-RI-ccECP,-ccECP,Ir:cc-pV5Z-RI-ccECP,PASS,,
Ir,recipes/Ir/ccECP,Ir.cc-pVDZ.AutoAuxC.orca,ri_basis,ccECP,cc-pVDZ,cc-pVDZ-RI-ccECP,-ccECP,Ir:cc-pVDZ-RI-ccECP,PASS,,
Ir,recipes/Ir/ccECP,Ir.cc-pVQZ.AutoAuxC.orca,ri_basis,ccECP,cc-pVQZ,cc-pVQZ-RI-ccECP,-ccECP,Ir:cc-pVQZ-RI-ccECP,PASS,,
Ir,recipes/Ir/ccECP,Ir.cc-pVTZ.AutoAuxC.orca,ri_basis,ccECP,cc-pVTZ,cc-pVTZ-RI-ccECP,-ccECP,Ir:cc-pVTZ-RI-ccECP,PASS,,
K,recipes/K/ccECP,K.aug-cc-pCV5Z.AutoAuxC.orca,ri_basis,ccECP,aug-cc-pCV5Z,aug-cc-pCV5Z-RI-ccECP,-ccECP,K:aug-cc-pCV5Z-RI-ccECP,PASS,,
K,recipes/K/ccECP,K.aug-cc-pCV6Z.AutoAuxC.orca,ri_basis,ccECP,aug-cc-pCV6Z,aug-cc-pCV6Z-RI-ccECP,-ccECP,K:aug-cc-pCV6Z-RI-ccECP,PASS,,
K,recipes/K/ccECP,K.aug-cc-pCVDZ.AutoAuxC.orca,ri_basis,ccECP,aug-cc-pCVDZ,aug-cc-pCVDZ-RI-ccECP,-ccECP,K:aug-cc-pCVDZ-RI-ccECP,PASS,,
K,recipes/K/ccECP,K.aug-cc-pCVQZ.AutoAuxC.orca,ri_basis,ccECP,aug-cc-pCVQZ,aug-cc-pCVQZ-RI-ccECP,-ccECP,K:aug-cc-pCVQZ-RI-ccECP,PASS,,
K,recipes/K/ccECP,K.aug-cc-pCVTZ.AutoAuxC.orca,ri_basis,ccECP,aug-cc-pCVTZ,aug-cc-pCVTZ-RI-ccECP,-ccECP,K:aug-cc-pCVTZ-RI-ccECP,PASS,,
K,recipes/K/ccECP,K.aug-cc-pV5Z.AutoAuxC.orca,ri_basis,ccECP,aug-cc-pV5Z,aug-cc-pV5Z-RI-ccECP,-ccECP,K:aug-cc-pV5Z-RI-ccECP,PASS,,
K,recipes/K/ccECP,K.aug-cc-pV6Z.AutoAuxC.orca,ri_basis,ccECP,aug-cc-pV6Z,aug-cc-pV6Z-RI-ccECP,-ccECP,K:aug-cc-pV6Z-RI-ccECP,PASS,,
K,recipes/K/ccECP,K.aug-cc-pVDZ.AutoAuxC.orca,ri_basis,ccECP,aug-cc-pVDZ,aug-cc-pVDZ-RI-ccECP,-ccECP,K:aug-cc-pVDZ-RI-ccECP,PASS,,
K,recipes/K/ccECP,K.aug-cc-pVQZ.AutoAuxC.orca,ri_basis,ccECP,aug-cc-pVQZ,aug-cc-pVQZ-RI-ccECP,-ccECP,K:aug-cc-pVQZ-RI-ccECP,PASS,,
K,recipes/K/ccECP,K.aug-cc-pVTZ.AutoAuxC.orca,ri_basis,ccECP,aug-cc-pVTZ,aug-cc-pVTZ-RI-ccECP,-ccECP,K:aug-cc-pVTZ-RI-ccECP,PASS,,
K,recipes/K/ccECP,K.cc-pCV5Z.AutoAuxC.orca,ri_basis,ccECP,cc-pCV5Z,cc-pCV5Z-RI-ccECP,-ccECP,K:cc-pCV5Z-RI-ccECP,PASS,,
K,recipes/K/ccECP,K.cc-pCV6Z.AutoAuxC.orca,ri_basis,ccECP,cc-pCV6Z,cc-pCV6Z-RI-ccECP,-ccECP,K:cc-pCV6Z-RI-ccECP,PASS,,
K,recipes/K/ccECP,K.cc-pCVDZ.AutoAuxC.orca,ri_basis,ccECP,cc-pCVDZ,cc-pCVDZ-RI-ccECP,-ccECP,K:cc-pCVDZ-RI-ccECP,PASS,,
K,recipes/K/ccECP,K.cc-pCVQZ.AutoAuxC.orca,ri_basis,ccECP,cc-pCVQZ,cc-pCVQZ-RI-ccECP,-ccECP,K:cc-pCVQZ-RI-ccECP,PASS,,
K,recipes/K/ccECP,K.cc-pCVTZ.AutoAuxC.orca,ri_basis,ccECP,cc-pCVTZ,cc-pCVTZ-RI-ccECP,-ccECP,K:cc-pCVTZ-RI-ccECP,PASS,,
K,recipes/K/ccECP,K.cc-pV5Z.AutoAuxC.orca,ri_basis,ccECP,cc-pV5Z,cc-pV5Z-RI-ccECP,-ccECP,K:cc-pV5Z-RI-ccECP,PASS,,
K,recipes/K/ccECP,K.cc-pV6Z.AutoAuxC.orca,ri_basis,ccECP,cc-pV6Z,cc-pV6Z-RI-ccECP,-ccECP,K:cc-pV6Z-RI-ccECP,PASS,,
K,recipes/K/ccECP,K.cc-pVDZ.AutoAuxC.orca,ri_basis,ccECP,cc-pVDZ,cc-pVDZ-RI-ccECP,-ccECP,K:cc-pVDZ-RI-ccECP,PASS,,
K,recipes/K/ccECP,K.cc-pVQZ.AutoAuxC.orca,ri_basis,ccECP,cc-pVQZ,cc-pVQZ-RI-ccECP,-ccECP,K:cc-pVQZ-RI-ccECP,PASS,,
K,recipes/K/ccECP,K.cc-pVTZ.AutoAuxC.orca,ri_basis,ccECP,cc-pVTZ,cc-pVTZ-RI-ccECP,-ccECP,K:cc-pVTZ-RI-ccECP,PASS,,
Kr,recipes/Kr/ccECP,Kr.aug-cc-pV5Z.AutoAuxC.orca,ri_basis,ccECP,aug-cc-pV5Z,aug-cc-pV5Z-RI-ccECP,-ccECP,Kr:aug-cc-pV5Z-RI-ccECP,PASS,,
Kr,recipes/Kr/ccECP,Kr.aug-cc-pV6Z.AutoAuxC.orca,ri_basis,ccECP,aug-cc-pV6Z,aug-cc-pV6Z-RI-ccECP,-ccECP,Kr:aug-cc-pV6Z-RI-ccECP,PASS,,
Kr,recipes/Kr/ccECP,Kr.aug-cc-pVDZ.AutoAuxC.orca,ri_basis,ccECP,aug-cc-pVDZ,aug-cc-pVDZ-RI-ccECP,-ccECP,Kr:aug-cc-pVDZ-RI-ccECP,PASS,,
Kr,recipes/Kr/ccECP,Kr.aug-cc-pVQZ.AutoAuxC.orca,ri_basis,ccECP,aug-cc-pVQZ,aug-cc-pVQZ-RI-ccECP,-ccECP,Kr:aug-cc-pVQZ-RI-ccECP,PASS,,
Kr,recipes/Kr/ccECP,Kr.aug-cc-pVTZ.AutoAuxC.orca,ri_basis,ccECP,aug-cc-pVTZ,aug-cc-pVTZ-RI-ccECP,-ccECP,Kr:aug-cc-pVTZ-RI-ccECP,PASS,,
Kr,recipes/Kr/ccECP,Kr.cc-pV5Z.AutoAuxC.orca,ri_basis,ccECP,cc-pV5Z,cc-pV5Z-RI-ccECP,-ccECP,Kr:cc-pV5Z-RI-ccECP,PASS,,
Kr,recipes/Kr/ccECP,Kr.cc-pV6Z.AutoAuxC.orca,ri_basis,ccECP,cc-pV6Z,cc-pV6Z-RI-ccECP,-ccECP,Kr:cc-pV6Z-RI-ccECP,PASS,,
Kr,recipes/Kr/ccECP,Kr.cc-pVDZ.AutoAuxC.orca,ri_basis,ccECP,cc-pVDZ,cc-pVDZ-RI-ccECP,-ccECP,Kr:cc-pVDZ-RI-ccECP,PASS,,
Kr,recipes/Kr/ccECP,Kr.cc-pVQZ.AutoAuxC.orca,ri_basis,ccECP,cc-pVQZ,cc-pVQZ-RI-ccECP,-ccECP,Kr:cc-pVQZ-RI-ccECP,PASS,,
Kr,recipes/Kr/ccECP,Kr.cc-pVTZ.AutoAuxC.orca,ri_basis,ccECP,cc-pVTZ,cc-pVTZ-RI-ccECP,-ccECP,Kr:cc-pVTZ-RI-ccECP,PASS,,
La,recipes/La/ccECP,La.aug-cc-pCVDZ.AutoAuxC.orca,ri_basis,ccECP,aug-cc-pCVDZ,aug-cc-pCVDZ-RI-ccECP,-ccECP,La:aug-cc-pCVDZ-RI-ccECP,PASS,,
La,recipes/La/ccECP,La.aug-cc-pCVQZ.AutoAuxC.orca,ri_basis,ccECP,aug-cc-pCVQZ,aug-cc-pCVQZ-RI-ccECP,-ccECP,La:aug-cc-pCVQZ-RI-ccECP,PASS,,
La,recipes/La/ccECP,La.aug-cc-pCVTZ.AutoAuxC.orca,ri_basis,ccECP,aug-cc-pCVTZ,aug-cc-pCVTZ-RI-ccECP,-ccECP,La:aug-cc-pCVTZ-RI-ccECP,PASS,,
La,recipes/La/ccECP,La.aug-cc-pVDZ.AutoAuxC.orca,ri_basis,ccECP,aug-cc-pVDZ,aug-cc-pVDZ-RI-ccECP,-ccECP,La:aug-cc-pVDZ-RI-ccECP,PASS,,
La,recipes/La/ccECP,La.aug-cc-pVQZ.AutoAuxC.orca,ri_basis,ccECP,aug-cc-pVQZ,aug-cc-pVQZ-RI-ccECP,-ccECP,La:aug-cc-pVQZ-RI-ccECP,PASS,,
La,recipes/La/ccECP,La.aug-cc-pVTZ.AutoAuxC.orca,ri_basis,ccECP,aug-cc-pVTZ,aug-cc-pVTZ-RI-ccECP,-ccECP,La:aug-cc-pVTZ-RI-ccECP,PASS,,
La,recipes/La/ccECP,La.cc-pCVDZ.AutoAuxC.orca,ri_basis,ccECP,cc-pCVDZ,cc-pCVDZ-RI-ccECP,-ccECP,La:cc-pCVDZ-RI-ccECP,PASS,,
La,recipes/La/ccECP,La.cc-pCVQZ.AutoAuxC.orca,ri_basis,ccECP,cc-pCVQZ,cc-pCVQZ-RI-ccECP,-ccECP,La:cc-pCVQZ-RI-ccECP,PASS,,
La,recipes/La/ccECP,La.cc-pCVTZ.AutoAuxC.orca,ri_basis,ccECP,cc-pCVTZ,cc-pCVTZ-RI-ccECP,-ccECP,La:cc-pCVTZ-RI-ccECP,PASS,,
La,recipes/La/ccECP,La.cc-pVDZ.AutoAuxC.orca,ri_basis,ccECP,cc-pVDZ,cc-pVDZ-RI-ccECP,-ccECP,La:cc-pVDZ-RI-ccECP,PASS,,
La,recipes/La/ccECP,La.cc-pVQZ.AutoAuxC.orca,ri_basis,ccECP,cc-pVQZ,cc-pVQZ-RI-ccECP,-ccECP,La:cc-pVQZ-RI-ccECP,PASS,,
La,recipes/La/ccECP,La.cc-pVTZ.AutoAuxC.orca,ri_basis,ccECP,cc-pVTZ,cc-pVTZ-RI-ccECP,-ccECP,La:cc-pVTZ-RI-ccECP,PASS,,
Li,recipes/Li/ccECP,Li.aug-cc-pV5Z.AutoAuxC.orca,ri_basis,ccECP,aug-cc-pV5Z,aug-cc-pV5Z-RI-ccECP,-ccECP,Li:aug-cc-pV5Z-RI-ccECP,PASS,,
Li,recipes/Li/ccECP,Li.aug-cc-pVDZ.AutoAuxC.orca,ri_basis,ccECP,aug-cc-pVDZ,aug-cc-pVDZ-RI-ccECP,-ccECP,Li:aug-cc-pVDZ-RI-ccECP,PASS,,
Li,recipes/Li/ccECP,Li.aug-cc-pVQZ.AutoAuxC.orca,ri_basis,ccECP,aug-cc-pVQZ,aug-cc-pVQZ-RI-ccECP,-ccECP,Li:aug-cc-pVQZ-RI-ccECP,PASS,,
Li,recipes/Li/ccECP,Li.aug-cc-pVTZ.AutoAuxC.orca,ri_basis,ccECP,aug-cc-pVTZ,aug-cc-pVTZ-RI-ccECP,-ccECP,Li:aug-cc-pVTZ-RI-ccECP,PASS,,
Li,recipes/Li/ccECP,Li.cc-pV5Z.AutoAuxC.orca,ri_basis,ccECP,cc-pV5Z,cc-pV5Z-RI-ccECP,-ccECP,Li:cc-pV5Z-RI-ccECP,PASS,,
Li,recipes/Li/ccECP,Li.cc-pVDZ.AutoAuxC.orca,ri_basis,ccECP,cc-pVDZ,cc-pVDZ-RI-ccECP,-ccECP,Li:cc-pVDZ-RI-ccECP,PASS,,
Li,recipes/Li/ccECP,Li.cc-pVQZ.AutoAuxC.orca,ri_basis,ccECP,cc-pVQZ,cc-pVQZ-RI-ccECP,-ccECP,Li:cc-pVQZ-RI-ccECP,PASS,,
Li,recipes/Li/ccECP,Li.cc-pVTZ.AutoAuxC.orca,ri_basis,ccECP,cc-pVTZ,cc-pVTZ-RI-ccECP,-ccECP,Li:cc-pVTZ-RI-ccECP,PASS,,
Mg,recipes/Mg/ccECP,Mg.aug-cc-pV5Z.AutoAuxC.orca,ri_basis,ccECP,aug-cc-pV5Z,aug-cc-pV5Z-RI-ccECP,-ccECP,Mg:aug-cc-pV5Z-RI-ccECP,PASS,,
Mg,recipes/Mg/ccECP,Mg.aug-cc-pV6Z.AutoAuxC.orca,ri_basis,ccECP,aug-cc-pV6Z,aug-cc-pV6Z-RI-ccECP,-ccECP,Mg:aug-cc-pV6Z-RI-ccECP,PASS,,
Mg,recipes/Mg/ccECP,Mg.aug-cc-pVDZ.AutoAuxC.orca,ri_basis,ccECP,aug-cc-pVDZ,aug-cc-pVDZ-RI-ccECP,-ccECP,Mg:aug-cc-pVDZ-RI-ccECP,PASS,,
Mg,recipes/Mg/ccECP,Mg.aug-cc-pVQZ.AutoAuxC.orca,ri_basis,ccECP,aug-cc-pVQZ,aug-cc-pVQZ-RI-ccECP,-ccECP,Mg:aug-cc-pVQZ-RI-ccECP,PASS,,
Mg,recipes/Mg/ccECP,Mg.aug-cc-pVTZ.AutoAuxC.orca,ri_basis,ccECP,aug-cc-pVTZ,aug-cc-pVTZ-RI-ccECP,-ccECP,Mg:aug-cc-pVTZ-RI-ccECP,PASS,,
Mg,recipes/Mg/ccECP,Mg.cc-pV5Z.AutoAuxC.orca,ri_basis,ccECP,cc-pV5Z,cc-pV5Z-RI-ccECP,-ccECP,Mg:cc-pV5Z-RI-ccECP,PASS,,
Mg,recipes/Mg/ccECP,Mg.cc-pV6Z.AutoAuxC.orca,ri_basis,ccECP,cc-pV6Z,cc-pV6Z-RI-ccECP,-ccECP,Mg:cc-pV6Z-RI-ccECP,PASS,,
Mg,recipes/Mg/ccECP,Mg.cc-pVDZ.AutoAuxC.orca,ri_basis,ccECP,cc-pVDZ,cc-pVDZ-RI-ccECP,-ccECP,Mg:cc-pVDZ-RI-ccECP,PASS,,
Mg,recipes/Mg/ccECP,Mg.cc-pVQZ.AutoAuxC.orca,ri_basis,ccECP,cc-pVQZ,cc-pVQZ-RI-ccECP,-ccECP,Mg:cc-pVQZ-RI-ccECP,PASS,,
Mg,recipes/Mg/ccECP,Mg.cc-pVTZ.AutoAuxC.orca,ri_basis,ccECP,cc-pVTZ,cc-pVTZ-RI-ccECP,-ccECP,Mg:cc-pVTZ-RI-ccECP,PASS,,
Mn,recipes/Mn/ccECP,Mn.aug-cc-pCV5Z.AutoAuxC.orca,ri_basis,ccECP,aug-cc-pCV5Z,aug-cc-pCV5Z-RI-ccECP,-ccECP,Mn:aug-cc-pCV5Z-RI-ccECP,PASS,,
Mn,recipes/Mn/ccECP,Mn.aug-cc-pCVDZ.AutoAuxC.orca,ri_basis,ccECP,aug-cc-pCVDZ,aug-cc-pCVDZ-RI-ccECP,-ccECP,Mn:aug-cc-pCVDZ-RI-ccECP,PASS,,
Mn,recipes/Mn/ccECP,Mn.aug-cc-pCVQZ.AutoAuxC.orca,ri_basis,ccECP,aug-cc-pCVQZ,aug-cc-pCVQZ-RI-ccECP,-ccECP,Mn:aug-cc-pCVQZ-RI-ccECP,PASS,,
Mn,recipes/Mn/ccECP,Mn.aug-cc-pCVTZ.AutoAuxC.orca,ri_basis,ccECP,aug-cc-pCVTZ,aug-cc-pCVTZ-RI-ccECP,-ccECP,Mn:aug-cc-pCVTZ-RI-ccECP,PASS,,
Mn,recipes/Mn/ccECP,Mn.aug-cc-pV5Z.AutoAuxC.orca,ri_basis,ccECP,aug-cc-pV5Z,aug-cc-pV5Z-RI-ccECP,-ccECP,Mn:aug-cc-pV5Z-RI-ccECP,PASS,,
Mn,recipes/Mn/ccECP,Mn.aug-cc-pVDZ.AutoAuxC.orca,ri_basis,ccECP,aug-cc-pVDZ,aug-cc-pVDZ-RI-ccECP,-ccECP,Mn:aug-cc-pVDZ-RI-ccECP,PASS,,
Mn,recipes/Mn/ccECP,Mn.aug-cc-pVQZ.AutoAuxC.orca,ri_basis,ccECP,aug-cc-pVQZ,aug-cc-pVQZ-RI-ccECP,-ccECP,Mn:aug-cc-pVQZ-RI-ccECP,PASS,,
Mn,recipes/Mn/ccECP,Mn.aug-cc-pVTZ.AutoAuxC.orca,ri_basis,ccECP,aug-cc-pVTZ,aug-cc-pVTZ-RI-ccECP,-ccECP,Mn:aug-cc-pVTZ-RI-ccECP,PASS,,
Mn,recipes/Mn/ccECP,Mn.cc-pCV5Z.AutoAuxC.orca,ri_basis,ccECP,cc-pCV5Z,cc-pCV5Z-RI-ccECP,-ccECP,Mn:cc-pCV5Z-RI-ccECP,PASS,,
Mn,recipes/Mn/ccECP,Mn.cc-pCVDZ.AutoAuxC.orca,ri_basis,ccECP,cc-pCVDZ,cc-pCVDZ-RI-ccECP,-ccECP,Mn:cc-pCVDZ-RI-ccECP,PASS,,
Mn,recipes/Mn/ccECP,Mn.cc-pCVQZ.AutoAuxC.orca,ri_basis,ccECP,cc-pCVQZ,cc-pCVQZ-RI-ccECP,-ccECP,Mn:cc-pCVQZ-RI-ccECP,PASS,,
Mn,recipes/Mn/ccECP,Mn.cc-pCVTZ.AutoAuxC.orca,ri_basis,ccECP,cc-pCVTZ,cc-pCVTZ-RI-ccECP,-ccECP,Mn:cc-pCVTZ-RI-ccECP,PASS,,
Mn,recipes/Mn/ccECP,Mn.cc-pV5Z.AutoAuxC.orca,ri_basis,ccECP,cc-pV5Z,cc-pV5Z-RI-ccECP,-ccECP,Mn:cc-pV5Z-RI-ccECP,PASS,,
Mn,recipes/Mn/ccECP,Mn.cc-pVDZ.AutoAuxC.orca,ri_basis,ccECP,cc-pVDZ,cc-pVDZ-RI-ccECP,-ccECP,Mn:cc-pVDZ-RI-ccECP,PASS,,
Mn,recipes/Mn/ccECP,Mn.cc-pVQZ.AutoAuxC.orca,ri_basis,ccECP,cc-pVQZ,cc-pVQZ-RI-ccECP,-ccECP,Mn:cc-pVQZ-RI-ccECP,PASS,,
Mn,recipes/Mn/ccECP,Mn.cc-pVTZ.AutoAuxC.orca,ri_basis,ccECP,cc-pVTZ,cc-pVTZ-RI-ccECP,-ccECP,Mn:cc-pVTZ-RI-ccECP,PASS,,
Mo,recipes/Mo/ccECP,Mo.aug-cc-pCV5Z.AutoAuxC.orca,ri_basis,ccECP,aug-cc-pCV5Z,aug-cc-pCV5Z-RI-ccECP,-ccECP,Mo:aug-cc-pCV5Z-RI-ccECP,PASS,,
Mo,recipes/Mo/ccECP,Mo.aug-cc-pCVDZ.AutoAuxC.orca,ri_basis,ccECP,aug-cc-pCVDZ,aug-cc-pCVDZ-RI-ccECP,-ccECP,Mo:aug-cc-pCVDZ-RI-ccECP,PASS,,
Mo,recipes/Mo/ccECP,Mo.aug-cc-pCVQZ.AutoAuxC.orca,ri_basis,ccECP,aug-cc-pCVQZ,aug-cc-pCVQZ-RI-ccECP,-ccECP,Mo:aug-cc-pCVQZ-RI-ccECP,PASS,,
Mo,recipes/Mo/ccECP,Mo.aug-cc-pCVTZ.AutoAuxC.orca,ri_basis,ccECP,aug-cc-pCVTZ,aug-cc-pCVTZ-RI-ccECP,-ccECP,Mo:aug-cc-pCVTZ-RI-ccECP,PASS,,
Mo,recipes/Mo/ccECP,Mo.aug-cc-pV5Z.AutoAuxC.orca,ri_basis,ccECP,aug-cc-pV5Z,aug-cc-pV5Z-RI-ccECP,-ccECP,Mo:aug-cc-pV5Z-RI-ccECP,PASS,,
Mo,recipes/Mo/ccECP,Mo.aug-cc-pVDZ.AutoAuxC.orca,ri_basis,ccECP,aug-cc-pVDZ,aug-cc-pVDZ-RI-ccECP,-ccECP,Mo:aug-cc-pVDZ-RI-ccECP,PASS,,
Mo,recipes/Mo/ccECP,Mo.aug-cc-pVQZ.AutoAuxC.orca,ri_basis,ccECP,aug-cc-pVQZ,aug-cc-pVQZ-RI-ccECP,-ccECP,Mo:aug-cc-pVQZ-RI-ccECP,PASS,,
Mo,recipes/Mo/ccECP,Mo.aug-cc-pVTZ.AutoAuxC.orca,ri_basis,ccECP,aug-cc-pVTZ,aug-cc-pVTZ-RI-ccECP,-ccECP,Mo:aug-cc-pVTZ-RI-ccECP,PASS,,
Mo,recipes/Mo/ccECP,Mo.cc-pCV5Z.AutoAuxC.orca,ri_basis,ccECP,cc-pCV5Z,cc-pCV5Z-RI-ccECP,-ccECP,Mo:cc-pCV5Z-RI-ccECP,PASS,,
Mo,recipes/Mo/ccECP,Mo.cc-pCVDZ.AutoAuxC.orca,ri_basis,ccECP,cc-pCVDZ,cc-pCVDZ-RI-ccECP,-ccECP,Mo:cc-pCVDZ-RI-ccECP,PASS,,
Mo,recipes/Mo/ccECP,Mo.cc-pCVQZ.AutoAuxC.orca,ri_basis,ccECP,cc-pCVQZ,cc-pCVQZ-RI-ccECP,-ccECP,Mo:cc-pCVQZ-RI-ccECP,PASS,,
Mo,recipes/Mo/ccECP,Mo.cc-pCVTZ.AutoAuxC.orca,ri_basis,ccECP,cc-pCVTZ,cc-pCVTZ-RI-ccECP,-ccECP,Mo:cc-pCVTZ-RI-ccECP,PASS,,
Mo,recipes/Mo/ccECP,Mo.cc-pV5Z.AutoAuxC.orca,ri_basis,ccECP,cc-pV5Z,cc-pV5Z-RI-ccECP,-ccECP,Mo:cc-pV5Z-RI-ccECP,PASS,,
Mo,recipes/Mo/ccECP,Mo.cc-pVDZ.AutoAuxC.orca,ri_basis,ccECP,cc-pVDZ,cc-pVDZ-RI-ccECP,-ccECP,Mo:cc-pVDZ-RI-ccECP,PASS,,
Mo,recipes/Mo/ccECP,Mo.cc-pVQZ.AutoAuxC.orca,ri_basis,ccECP,cc-pVQZ,cc-pVQZ-RI-ccECP,-ccECP,Mo:cc-pVQZ-RI-ccECP,PASS,,
Mo,recipes/Mo/ccECP,Mo.cc-pVTZ.AutoAuxC.orca,ri_basis,ccECP,cc-pVTZ,cc-pVTZ-RI-ccECP,-ccECP,Mo:cc-pVTZ-RI-ccECP,PASS,,
N,recipes/N/ccECP,N.aug-cc-pV5Z.AutoAuxC.orca,ri_basis,ccECP,aug-cc-pV5Z,aug-cc-pV5Z-RI-ccECP,-ccECP,N:aug-cc-pV5Z-RI-ccECP,PASS,,
N,recipes/N/ccECP,N.aug-cc-pV6Z.AutoAuxC.orca,ri_basis,ccECP,aug-cc-pV6Z,aug-cc-pV6Z-RI-ccECP,-ccECP,N:aug-cc-pV6Z-RI-ccECP,PASS,,
N,recipes/N/ccECP,N.aug-cc-pVDZ.AutoAuxC.orca,ri_basis,ccECP,aug-cc-pVDZ,aug-cc-pVDZ-RI-ccECP,-ccECP,N:aug-cc-pVDZ-RI-ccECP,PASS,,
N,recipes/N/ccECP,N.aug-cc-pVQZ.AutoAuxC.orca,ri_basis,ccECP,aug-cc-pVQZ,aug-cc-pVQZ-RI-ccECP,-ccECP,N:aug-cc-pVQZ-RI-ccECP,PASS,,
N,recipes/N/ccECP,N.aug-cc-pVTZ.AutoAuxC.orca,ri_basis,ccECP,aug-cc-pVTZ,aug-cc-pVTZ-RI-ccECP,-ccECP,N:aug-cc-pVTZ-RI-ccECP,PASS,,
N,recipes/N/ccECP,N.cc-pV5Z.AutoAuxC.orca,ri_basis,ccECP,cc-pV5Z,cc-pV5Z-RI-ccECP,-ccECP,N:cc-pV5Z-RI-ccECP,PASS,,
N,recipes/N/ccECP,N.cc-pV6Z.AutoAuxC.orca,ri_basis,ccECP,cc-pV6Z,cc-pV6Z-RI-ccECP,-ccECP,N:cc-pV6Z-RI-ccECP,PASS,,
N,recipes/N/ccECP,N.cc-pVDZ.AutoAuxC.orca,ri_basis,ccECP,cc-pVDZ,cc-pVDZ-RI-ccECP,-ccECP,N:cc-pVDZ-RI-ccECP,PASS,,
N,recipes/N/ccECP,N.cc-pVQZ.AutoAuxC.orca,ri_basis,ccECP,cc-pVQZ,cc-pVQZ-RI-ccECP,-ccECP,N:cc-pVQZ-RI-ccECP,PASS,,
N,recipes/N/ccECP,N.cc-pVTZ.AutoAuxC.orca,ri_basis,ccECP,cc-pVTZ,cc-pVTZ-RI-ccECP,-ccECP,N:cc-pVTZ-RI-ccECP,PASS,,
Na,recipes/Na/ccECP,Na.aug-cc-pV5Z.AutoAuxC.orca,ri_basis,ccECP,aug-cc-pV5Z,aug-cc-pV5Z-RI-ccECP,-ccECP,Na:aug-cc-pV5Z-RI-ccECP,PASS,,
Na,recipes/Na/ccECP,Na.aug-cc-pVDZ.AutoAuxC.orca,ri_basis,ccECP,aug-cc-pVDZ,aug-cc-pVDZ-RI-ccECP,-ccECP,Na:aug-cc-pVDZ-RI-ccECP,PASS,,
Na,recipes/Na/ccECP,Na.aug-cc-pVQZ.AutoAuxC.orca,ri_basis,ccECP,aug-cc-pVQZ,aug-cc-pVQZ-RI-ccECP,-ccECP,Na:aug-cc-pVQZ-RI-ccECP,PASS,,
Na,recipes/Na/ccECP,Na.aug-cc-pVTZ.AutoAuxC.orca,ri_basis,ccECP,aug-cc-pVTZ,aug-cc-pVTZ-RI-ccECP,-ccECP,Na:aug-cc-pVTZ-RI-ccECP,PASS,,
Na,recipes/Na/ccECP,Na.cc-pV5Z.AutoAuxC.orca,ri_basis,ccECP,cc-pV5Z,cc-pV5Z-RI-ccECP,-ccECP,Na:cc-pV5Z-RI-ccECP,PASS,,
Na,recipes/Na/ccECP,Na.cc-pVDZ.AutoAuxC.orca,ri_basis,ccECP,cc-pVDZ,cc-pVDZ-RI-ccECP,-ccECP,Na:cc-pVDZ-RI-ccECP,PASS,,
Na,recipes/Na/ccECP,Na.cc-pVQZ.AutoAuxC.orca,ri_basis,ccECP,cc-pVQZ,cc-pVQZ-RI-ccECP,-ccECP,Na:cc-pVQZ-RI-ccECP,PASS,,
Na,recipes/Na/ccECP,Na.cc-pVTZ.AutoAuxC.orca,ri_basis,ccECP,cc-pVTZ,cc-pVTZ-RI-ccECP,-ccECP,Na:cc-pVTZ-RI-ccECP,PASS,,
Nb,recipes/Nb/ccECP,Nb.aug-cc-pCV5Z.AutoAuxC.orca,ri_basis,ccECP,aug-cc-pCV5Z,aug-cc-pCV5Z-RI-ccECP,-ccECP,Nb:aug-cc-pCV5Z-RI-ccECP,PASS,,
Nb,recipes/Nb/ccECP,Nb.aug-cc-pCVDZ.AutoAuxC.orca,ri_basis,ccECP,aug-cc-pCVDZ,aug-cc-pCVDZ-RI-ccECP,-ccECP,Nb:aug-cc-pCVDZ-RI-ccECP,PASS,,
Nb,recipes/Nb/ccECP,Nb.aug-cc-pCVQZ.AutoAuxC.orca,ri_basis,ccECP,aug-cc-pCVQZ,aug-cc-pCVQZ-RI-ccECP,-ccECP,Nb:aug-cc-pCVQZ-RI-ccECP,PASS,,
Nb,recipes/Nb/ccECP,Nb.aug-cc-pCVTZ.AutoAuxC.orca,ri_basis,ccECP,aug-cc-pCVTZ,aug-cc-pCVTZ-RI-ccECP,-ccECP,Nb:aug-cc-pCVTZ-RI-ccECP,PASS,,
Nb,recipes/Nb/ccECP,Nb.aug-cc-pV5Z.AutoAuxC.orca,ri_basis,ccECP,aug-cc-pV5Z,aug-cc-pV5Z-RI-ccECP,-ccECP,Nb:aug-cc-pV5Z-RI-ccECP,PASS,,
Nb,recipes/Nb/ccECP,Nb.aug-cc-pVDZ.AutoAuxC.orca,ri_basis,ccECP,aug-cc-pVDZ,aug-cc-pVDZ-RI-ccECP,-ccECP,Nb:aug-cc-pVDZ-RI-ccECP,PASS,,
Nb,recipes/Nb/ccECP,Nb.aug-cc-pVQZ.AutoAuxC.orca,ri_basis,ccECP,aug-cc-pVQZ,aug-cc-pVQZ-RI-ccECP,-ccECP,Nb:aug-cc-pVQZ-RI-ccECP,PASS,,
Nb,recipes/Nb/ccECP,Nb.aug-cc-pVTZ.AutoAuxC.orca,ri_basis,ccECP,aug-cc-pVTZ,aug-cc-pVTZ-RI-ccECP,-ccECP,Nb:aug-cc-pVTZ-RI-ccECP,PASS,,
Nb,recipes/Nb/ccECP,Nb.cc-pCV5Z.AutoAuxC.orca,ri_basis,ccECP,cc-pCV5Z,cc-pCV5Z-RI-ccECP,-ccECP,Nb:cc-pCV5Z-RI-ccECP,PASS,,
Nb,recipes/Nb/ccECP,Nb.cc-pCVDZ.AutoAuxC.orca,ri_basis,ccECP,cc-pCVDZ,cc-pCVDZ-RI-ccECP,-ccECP,Nb:cc-pCVDZ-RI-ccECP,PASS,,
Nb,recipes/Nb/ccECP,Nb.cc-pCVQZ.AutoAuxC.orca,ri_basis,ccECP,cc-pCVQZ,cc-pCVQZ-RI-ccECP,-ccECP,Nb:cc-pCVQZ-RI-ccECP,PASS,,
Nb,recipes/Nb/ccECP,Nb.cc-pCVTZ.AutoAuxC.orca,ri_basis,ccECP,cc-pCVTZ,cc-pCVTZ-RI-ccECP,-ccECP,Nb:cc-pCVTZ-RI-ccECP,PASS,,
Nb,recipes/Nb/ccECP,Nb.cc-pV5Z.AutoAuxC.orca,ri_basis,ccECP,cc-pV5Z,cc-pV5Z-RI-ccECP,-ccECP,Nb:cc-pV5Z-RI-ccECP,PASS,,
Nb,recipes/Nb/ccECP,Nb.cc-pVDZ.AutoAuxC.orca,ri_basis,ccECP,cc-pVDZ,cc-pVDZ-RI-ccECP,-ccECP,Nb:cc-pVDZ-RI-ccECP,PASS,,
Nb,recipes/Nb/ccECP,Nb.cc-pVQZ.AutoAuxC.orca,ri_basis,ccECP,cc-pVQZ,cc-pVQZ-RI-ccECP,-ccECP,Nb:cc-pVQZ-RI-ccECP,PASS,,
Nb,recipes/Nb/ccECP,Nb.cc-pVTZ.AutoAuxC.orca,ri_basis,ccECP,cc-pVTZ,cc-pVTZ-RI-ccECP,-ccECP,Nb:cc-pVTZ-RI-ccECP,PASS,,
Ne,recipes/Ne/ccECP,Ne.cc-pV5Z.AutoAuxC.orca,ri_basis,ccECP,cc-pV5Z,cc-pV5Z-RI-ccECP,-ccECP,Ne:cc-pV5Z-RI-ccECP,PASS,,
Ne,recipes/Ne/ccECP,Ne.cc-pV6Z.AutoAuxC.orca,ri_basis,ccECP,cc-pV6Z,cc-pV6Z-RI-ccECP,-ccECP,Ne:cc-pV6Z-RI-ccECP,PASS,,
Ne,recipes/Ne/ccECP,Ne.cc-pVDZ.AutoAuxC.orca,ri_basis,ccECP,cc-pVDZ,cc-pVDZ-RI-ccECP,-ccECP,Ne:cc-pVDZ-RI-ccECP,PASS,,
Ne,recipes/Ne/ccECP,Ne.cc-pVQZ.AutoAuxC.orca,ri_basis,ccECP,cc-pVQZ,cc-pVQZ-RI-ccECP,-ccECP,Ne:cc-pVQZ-RI-ccECP,PASS,,
Ne,recipes/Ne/ccECP,Ne.cc-pVTZ.AutoAuxC.orca,ri_basis,ccECP,cc-pVTZ,cc-pVTZ-RI-ccECP,-ccECP,Ne:cc-pVTZ-RI-ccECP,PASS,,
Ni,recipes/Ni/ccECP,Ni.aug-cc-pCV5Z.AutoAuxC.orca,ri_basis,ccECP,aug-cc-pCV5Z,aug-cc-pCV5Z-RI-ccECP,-ccECP,Ni:aug-cc-pCV5Z-RI-ccECP,PASS,,
Ni,recipes/Ni/ccECP,Ni.aug-cc-pCVDZ.AutoAuxC.orca,ri_basis,ccECP,aug-cc-pCVDZ,aug-cc-pCVDZ-RI-ccECP,-ccECP,Ni:aug-cc-pCVDZ-RI-ccECP,PASS,,
Ni,recipes/Ni/ccECP,Ni.aug-cc-pCVQZ.AutoAuxC.orca,ri_basis,ccECP,aug-cc-pCVQZ,aug-cc-pCVQZ-RI-ccECP,-ccECP,Ni:aug-cc-pCVQZ-RI-ccECP,PASS,,
Ni,recipes/Ni/ccECP,Ni.aug-cc-pCVTZ.AutoAuxC.orca,ri_basis,ccECP,aug-cc-pCVTZ,aug-cc-pCVTZ-RI-ccECP,-ccECP,Ni:aug-cc-pCVTZ-RI-ccECP,PASS,,
Ni,recipes/Ni/ccECP,Ni.aug-cc-pV5Z.AutoAuxC.orca,ri_basis,ccECP,aug-cc-pV5Z,aug-cc-pV5Z-RI-ccECP,-ccECP,Ni:aug-cc-pV5Z-RI-ccECP,PASS,,
Ni,recipes/Ni/ccECP,Ni.aug-cc-pVDZ.AutoAuxC.orca,ri_basis,ccECP,aug-cc-pVDZ,aug-cc-pVDZ-RI-ccECP,-ccECP,Ni:aug-cc-pVDZ-RI-ccECP,PASS,,
Ni,recipes/Ni/ccECP,Ni.aug-cc-pVQZ.AutoAuxC.orca,ri_basis,ccECP,aug-cc-pVQZ,aug-cc-pVQZ-RI-ccECP,-ccECP,Ni:aug-cc-pVQZ-RI-ccECP,PASS,,
Ni,recipes/Ni/ccECP,Ni.aug-cc-pVTZ.AutoAuxC.orca,ri_basis,ccECP,aug-cc-pVTZ,aug-cc-pVTZ-RI-ccECP,-ccECP,Ni:aug-cc-pVTZ-RI-ccECP,PASS,,
Ni,recipes/Ni/ccECP,Ni.cc-pCV5Z.AutoAuxC.orca,ri_basis,ccECP,cc-pCV5Z,cc-pCV5Z-RI-ccECP,-ccECP,Ni:cc-pCV5Z-RI-ccECP,PASS,,
Ni,recipes/Ni/ccECP,Ni.cc-pCVDZ.AutoAuxC.orca,ri_basis,ccECP,cc-pCVDZ,cc-pCVDZ-RI-ccECP,-ccECP,Ni:cc-pCVDZ-RI-ccECP,PASS,,
Ni,recipes/Ni/ccECP,Ni.cc-pCVQZ.AutoAuxC.orca,ri_basis,ccECP,cc-pCVQZ,cc-pCVQZ-RI-ccECP,-ccECP,Ni:cc-pCVQZ-RI-ccECP,PASS,,
Ni,recipes/Ni/ccECP,Ni.cc-pCVTZ.AutoAuxC.orca,ri_basis,ccECP,cc-pCVTZ,cc-pCVTZ-RI-ccECP,-ccECP,Ni:cc-pCVTZ-RI-ccECP,PASS,,
Ni,recipes/Ni/ccECP,Ni.cc-pV5Z.AutoAuxC.orca,ri_basis,ccECP,cc-pV5Z,cc-pV5Z-RI-ccECP,-ccECP,Ni:cc-pV5Z-RI-ccECP,PASS,,
Ni,recipes/Ni/ccECP,Ni.cc-pVDZ.AutoAuxC.orca,ri_basis,ccECP,cc-pVDZ,cc-pVDZ-RI-ccECP,-ccECP,Ni:cc-pVDZ-RI-ccECP,PASS,,
Ni,recipes/Ni/ccECP,Ni.cc-pVQZ.AutoAuxC.orca,ri_basis,ccECP,cc-pVQZ,cc-pVQZ-RI-ccECP,-ccECP,Ni:cc-pVQZ-RI-ccECP,PASS,,
Ni,recipes/Ni/ccECP,Ni.cc-pVTZ.AutoAuxC.orca,ri_basis,ccECP,cc-pVTZ,cc-pVTZ-RI-ccECP,-ccECP,Ni:cc-pVTZ-RI-ccECP,PASS,,
O,recipes/O/ccECP,O.aug-cc-pV5Z.AutoAuxC.orca,ri_basis,ccECP,aug-cc-pV5Z,aug-cc-pV5Z-RI-ccECP,-ccECP,O:aug-cc-pV5Z-RI-ccECP,PASS,,
O,recipes/O/ccECP,O.aug-cc-pV6Z.AutoAuxC.orca,ri_basis,ccECP,aug-cc-pV6Z,aug-cc-pV6Z-RI-ccECP,-ccECP,O:aug-cc-pV6Z-RI-ccECP,PASS,,
O,recipes/O/ccECP,O.aug-cc-pVDZ.AutoAuxC.orca,ri_basis,ccECP,aug-cc-pVDZ,aug-cc-pVDZ-RI-ccECP,-ccECP,O:aug-cc-pVDZ-RI-ccECP,PASS,,
O,recipes/O/ccECP,O.aug-cc-pVQZ.AutoAuxC.orca,ri_basis,ccECP,aug-cc-pVQZ,aug-cc-pVQZ-RI-ccECP,-ccECP,O:aug-cc-pVQZ-RI-ccECP,PASS,,
O,recipes/O/ccECP,O.aug-cc-pVTZ.AutoAuxC.orca,ri_basis,ccECP,aug-cc-pVTZ,aug-cc-pVTZ-RI-ccECP,-ccECP,O:aug-cc-pVTZ-RI-ccECP,PASS,,
O,recipes/O/ccECP,O.cc-pV5Z.AutoAuxC.orca,ri_basis,ccECP,cc-pV5Z,cc-pV5Z-RI-ccECP,-ccECP,O:cc-pV5Z-RI-ccECP,PASS,,
O,recipes/O/ccECP,O.cc-pV6Z.AutoAuxC.orca,ri_basis,ccECP,cc-pV6Z,cc-pV6Z-RI-ccECP,-ccECP,O:cc-pV6Z-RI-ccECP,PASS,,
O,recipes/O/ccECP,O.cc-pVDZ.AutoAuxC.orca,ri_basis,ccECP,cc-pVDZ,cc-pVDZ-RI-ccECP,-ccECP,O:cc-pVDZ-RI-ccECP,PASS,,
O,recipes/O/ccECP,O.cc-pVQZ.AutoAuxC.orca,ri_basis,ccECP,cc-pVQZ,cc-pVQZ-RI-ccECP,-ccECP,O:cc-pVQZ-RI-ccECP,PASS,,
O,recipes/O/ccECP,O.cc-pVTZ.AutoAuxC.orca,ri_basis,ccECP,cc-pVTZ,cc-pVTZ-RI-ccECP,-ccECP,O:cc-pVTZ-RI-ccECP,PASS,,
P,recipes/P/ccECP,P.aug-cc-pV5Z.AutoAuxC.orca,ri_basis,ccECP,aug-cc-pV5Z,aug-cc-pV5Z-RI-ccECP,-ccECP,P:aug-cc-pV5Z-RI-ccECP,PASS,,
P,recipes/P/ccECP,P.aug-cc-pV6Z.AutoAuxC.orca,ri_basis,ccECP,aug-cc-pV6Z,aug-cc-pV6Z-RI-ccECP,-ccECP,P:aug-cc-pV6Z-RI-ccECP,PASS,,
P,recipes/P/ccECP,P.aug-cc-pVDZ.AutoAuxC.orca,ri_basis,ccECP,aug-cc-pVDZ,aug-cc-pVDZ-RI-ccECP,-ccECP,P:aug-cc-pVDZ-RI-ccECP,PASS,,
P,recipes/P/ccECP,P.aug-cc-pVQZ.AutoAuxC.orca,ri_basis,ccECP,aug-cc-pVQZ,aug-cc-pVQZ-RI-ccECP,-ccECP,P:aug-cc-pVQZ-RI-ccECP,PASS,,
P,recipes/P/ccECP,P.aug-cc-pVTZ.AutoAuxC.orca,ri_basis,ccECP,aug-cc-pVTZ,aug-cc-pVTZ-RI-ccECP,-ccECP,P:aug-cc-pVTZ-RI-ccECP,PASS,,
P,recipes/P/ccECP,P.cc-pV5Z.AutoAuxC.orca,ri_basis,ccECP,cc-pV5Z,cc-pV5Z-RI-ccECP,-ccECP,P:cc-pV5Z-RI-ccECP,PASS,,
P,recipes/P/ccECP,P.cc-pV6Z.AutoAuxC.orca,ri_basis,ccECP,cc-pV6Z,cc-pV6Z-RI-ccECP,-ccECP,P:cc-pV6Z-RI-ccECP,PASS,,
P,recipes/P/ccECP,P.cc-pVDZ.AutoAuxC.orca,ri_basis,ccECP,cc-pVDZ,cc-pVDZ-RI-ccECP,-ccECP,P:cc-pVDZ-RI-ccECP,PASS,,
P,recipes/P/ccECP,P.cc-pVQZ.AutoAuxC.orca,ri_basis,ccECP,cc-pVQZ,cc-pVQZ-RI-ccECP,-ccECP,P:cc-pVQZ-RI-ccECP,PASS,,
P,recipes/P/ccECP,P.cc-pVTZ.AutoAuxC.orca,ri_basis,ccECP,cc-pVTZ,cc-pVTZ-RI-ccECP,-ccECP,P:cc-pVTZ-RI-ccECP,PASS,,
Pb,recipes/Pb/ccECP,Pb.aug-cc-pV5Z.AutoAuxC.orca,ri_basis,ccECP,aug-cc-pV5Z,aug-cc-pV5Z-RI-ccECP,-ccECP,Pb:aug-cc-pV5Z-RI-ccECP,PASS,,
Pb,recipes/Pb/ccECP,Pb.aug-cc-pVDZ.AutoAuxC.orca,ri_basis,ccECP,aug-cc-pVDZ,aug-cc-pVDZ-RI-ccECP,-ccECP,Pb:aug-cc-pVDZ-RI-ccECP,PASS,,
Pb,recipes/Pb/ccECP,Pb.aug-cc-pVQZ.AutoAuxC.orca,ri_basis,ccECP,aug-cc-pVQZ,aug-cc-pVQZ-RI-ccECP,-ccECP,Pb:aug-cc-pVQZ-RI-ccECP,PASS,,
Pb,recipes/Pb/ccECP,Pb.aug-cc-pVTZ.AutoAuxC.orca,ri_basis,ccECP,aug-cc-pVTZ,aug-cc-pVTZ-RI-ccECP,-ccECP,Pb:aug-cc-pVTZ-RI-ccECP,PASS,,
Pb,recipes/Pb/ccECP,Pb.cc-pV5Z.AutoAuxC.orca,ri_basis,ccECP,cc-pV5Z,cc-pV5Z-RI-ccECP,-ccECP,Pb:cc-pV5Z-RI-ccECP,PASS,,
Pb,recipes/Pb/ccECP,Pb.cc-pVDZ.AutoAuxC.orca,ri_basis,ccECP,cc-pVDZ,cc-pVDZ-RI-ccECP,-ccECP,Pb:cc-pVDZ-RI-ccECP,PASS,,
Pb,recipes/Pb/ccECP,Pb.cc-pVQZ.AutoAuxC.orca,ri_basis,ccECP,cc-pVQZ,cc-pVQZ-RI-ccECP,-ccECP,Pb:cc-pVQZ-RI-ccECP,PASS,,
Pb,recipes/Pb/ccECP,Pb.cc-pVTZ.AutoAuxC.orca,ri_basis,ccECP,cc-pVTZ,cc-pVTZ-RI-ccECP,-ccECP,Pb:cc-pVTZ-RI-ccECP,PASS,,
Pd,recipes/Pd/ccECP,Pd.aug-cc-pCV5Z.AutoAuxC.orca,ri_basis,ccECP,aug-cc-pCV5Z,aug-cc-pCV5Z-RI-ccECP,-ccECP,Pd:aug-cc-pCV5Z-RI-ccECP,PASS,,
Pd,recipes/Pd/ccECP,Pd.aug-cc-pCVDZ.AutoAuxC.orca,ri_basis,ccECP,aug-cc-pCVDZ,aug-cc-pCVDZ-RI-ccECP,-ccECP,Pd:aug-cc-pCVDZ-RI-ccECP,PASS,,
Pd,recipes/Pd/ccECP,Pd.aug-cc-pCVQZ.AutoAuxC.orca,ri_basis,ccECP,aug-cc-pCVQZ,aug-cc-pCVQZ-RI-ccECP,-ccECP,Pd:aug-cc-pCVQZ-RI-ccECP,PASS,,
Pd,recipes/Pd/ccECP,Pd.aug-cc-pCVTZ.AutoAuxC.orca,ri_basis,ccECP,aug-cc-pCVTZ,aug-cc-pCVTZ-RI-ccECP,-ccECP,Pd:aug-cc-pCVTZ-RI-ccECP,PASS,,
Pd,recipes/Pd/ccECP,Pd.aug-cc-pV5Z.AutoAuxC.orca,ri_basis,ccECP,aug-cc-pV5Z,aug-cc-pV5Z-RI-ccECP,-ccECP,Pd:aug-cc-pV5Z-RI-ccECP,PASS,,
Pd,recipes/Pd/ccECP,Pd.aug-cc-pVDZ.AutoAuxC.orca,ri_basis,ccECP,aug-cc-pVDZ,aug-cc-pVDZ-RI-ccECP,-ccECP,Pd:aug-cc-pVDZ-RI-ccECP,PASS,,
Pd,recipes/Pd/ccECP,Pd.aug-cc-pVQZ.AutoAuxC.orca,ri_basis,ccECP,aug-cc-pVQZ,aug-cc-pVQZ-RI-ccECP,-ccECP,Pd:aug-cc-pVQZ-RI-ccECP,PASS,,
Pd,recipes/Pd/ccECP,Pd.aug-cc-pVTZ.AutoAuxC.orca,ri_basis,ccECP,aug-cc-pVTZ,aug-cc-pVTZ-RI-ccECP,-ccECP,Pd:aug-cc-pVTZ-RI-ccECP,PASS,,
Pd,recipes/Pd/ccECP,Pd.cc-pCV5Z.AutoAuxC.orca,ri_basis,ccECP,cc-pCV5Z,cc-pCV5Z-RI-ccECP,-ccECP,Pd:cc-pCV5Z-RI-ccECP,PASS,,
Pd,recipes/Pd/ccECP,Pd.cc-pCVDZ.AutoAuxC.orca,ri_basis,ccECP,cc-pCVDZ,cc-pCVDZ-RI-ccECP,-ccECP,Pd:cc-pCVDZ-RI-ccECP,PASS,,
Pd,recipes/Pd/ccECP,Pd.cc-pCVQZ.AutoAuxC.orca,ri_basis,ccECP,cc-pCVQZ,cc-pCVQZ-RI-ccECP,-ccECP,Pd:cc-pCVQZ-RI-ccECP,PASS,,
Pd,recipes/Pd/ccECP,Pd.cc-pCVTZ.AutoAuxC.orca,ri_basis,ccECP,cc-pCVTZ,cc-pCVTZ-RI-ccECP,-ccECP,Pd:cc-pCVTZ-RI-ccECP,PASS,,
Pd,recipes/Pd/ccECP,Pd.cc-pV5Z.AutoAuxC.orca,ri_basis,ccECP,cc-pV5Z,cc-pV5Z-RI-ccECP,-ccECP,Pd:cc-pV5Z-RI-ccECP,PASS,,
Pd,recipes/Pd/ccECP,Pd.cc-pVDZ.AutoAuxC.orca,ri_basis,ccECP,cc-pVDZ,cc-pVDZ-RI-ccECP,-ccECP,Pd:cc-pVDZ-RI-ccECP,PASS,,
Pd,recipes/Pd/ccECP,Pd.cc-pVQZ.AutoAuxC.orca,ri_basis,ccECP,cc-pVQZ,cc-pVQZ-RI-ccECP,-ccECP,Pd:cc-pVQZ-RI-ccECP,PASS,,
Pd,recipes/Pd/ccECP,Pd.cc-pVTZ.AutoAuxC.orca,ri_basis,ccECP,cc-pVTZ,cc-pVTZ-RI-ccECP,-ccECP,Pd:cc-pVTZ-RI-ccECP,PASS,,
Pt,recipes/Pt/ccECP,Pt.aug-cc-pCV5Z.AutoAuxC.orca,ri_basis,ccECP,aug-cc-pCV5Z,aug-cc-pCV5Z-RI-ccECP,-ccECP,Pt:aug-cc-pCV5Z-RI-ccECP,PASS,,
Pt,recipes/Pt/ccECP,Pt.aug-cc-pCVDZ.AutoAuxC.orca,ri_basis,ccECP,aug-cc-pCVDZ,aug-cc-pCVDZ-RI-ccECP,-ccECP,Pt:aug-cc-pCVDZ-RI-ccECP,PASS,,
Pt,recipes/Pt/ccECP,Pt.aug-cc-pCVQZ.AutoAuxC.orca,ri_basis,ccECP,aug-cc-pCVQZ,aug-cc-pCVQZ-RI-ccECP,-ccECP,Pt:aug-cc-pCVQZ-RI-ccECP,PASS,,
Pt,recipes/Pt/ccECP,Pt.aug-cc-pCVTZ.AutoAuxC.orca,ri_basis,ccECP,aug-cc-pCVTZ,aug-cc-pCVTZ-RI-ccECP,-ccECP,Pt:aug-cc-pCVTZ-RI-ccECP,PASS,,
Pt,recipes/Pt/ccECP,Pt.aug-cc-pV5Z.AutoAuxC.orca,ri_basis,ccECP,aug-cc-pV5Z,aug-cc-pV5Z-RI-ccECP,-ccECP,Pt:aug-cc-pV5Z-RI-ccECP,PASS,,
Pt,recipes/Pt/ccECP,Pt.aug-cc-pVDZ.AutoAuxC.orca,ri_basis,ccECP,aug-cc-pVDZ,aug-cc-pVDZ-RI-ccECP,-ccECP,Pt:aug-cc-pVDZ-RI-ccECP,PASS,,
Pt,recipes/Pt/ccECP,Pt.aug-cc-pVQZ.AutoAuxC.orca,ri_basis,ccECP,aug-cc-pVQZ,aug-cc-pVQZ-RI-ccECP,-ccECP,Pt:aug-cc-pVQZ-RI-ccECP,PASS,,
Pt,recipes/Pt/ccECP,Pt.aug-cc-pVTZ.AutoAuxC.orca,ri_basis,ccECP,aug-cc-pVTZ,aug-cc-pVTZ-RI-ccECP,-ccECP,Pt:aug-cc-pVTZ-RI-ccECP,PASS,,
Pt,recipes/Pt/ccECP,Pt.cc-pCV5Z.AutoAuxC.orca,ri_basis,ccECP,cc-pCV5Z,cc-pCV5Z-RI-ccECP,-ccECP,Pt:cc-pCV5Z-RI-ccECP,PASS,,
Pt,recipes/Pt/ccECP,Pt.cc-pCVDZ.AutoAuxC.orca,ri_basis,ccECP,cc-pCVDZ,cc-pCVDZ-RI-ccECP,-ccECP,Pt:cc-pCVDZ-RI-ccECP,PASS,,
Pt,recipes/Pt/ccECP,Pt.cc-pCVQZ.AutoAuxC.orca,ri_basis,ccECP,cc-pCVQZ,cc-pCVQZ-RI-ccECP,-ccECP,Pt:cc-pCVQZ-RI-ccECP,PASS,,
Pt,recipes/Pt/ccECP,Pt.cc-pCVTZ.AutoAuxC.orca,ri_basis,ccECP,cc-pCVTZ,cc-pCVTZ-RI-ccECP,-ccECP,Pt:cc-pCVTZ-RI-ccECP,PASS,,
Pt,recipes/Pt/ccECP,Pt.cc-pV5Z.AutoAuxC.orca,ri_basis,ccECP,cc-pV5Z,cc-pV5Z-RI-ccECP,-ccECP,Pt:cc-pV5Z-RI-ccECP,PASS,,
Pt,recipes/Pt/ccECP,Pt.cc-pVDZ.AutoAuxC.orca,ri_basis,ccECP,cc-pVDZ,cc-pVDZ-RI-ccECP,-ccECP,Pt:cc-pVDZ-RI-ccECP,PASS,,
Pt,recipes/Pt/ccECP,Pt.cc-pVQZ.AutoAuxC.orca,ri_basis,ccECP,cc-pVQZ,cc-pVQZ-RI-ccECP,-ccECP,Pt:cc-pVQZ-RI-ccECP,PASS,,
Pt,recipes/Pt/ccECP,Pt.cc-pVTZ.AutoAuxC.orca,ri_basis,ccECP,cc-pVTZ,cc-pVTZ-RI-ccECP,-ccECP,Pt:cc-pVTZ-RI-ccECP,PASS,,
Rb,recipes/Rb/ccECP,Rb.aug-cc-pCV5Z.AutoAuxC.orca,ri_basis,ccECP,aug-cc-pCV5Z,aug-cc-pCV5Z-RI-ccECP,-ccECP,Rb:aug-cc-pCV5Z-RI-ccECP,PASS,,
Rb,recipes/Rb/ccECP,Rb.aug-cc-pCV6Z.AutoAuxC.orca,ri_basis,ccECP,aug-cc-pCV6Z,aug-cc-pCV6Z-RI-ccECP,-ccECP,Rb:aug-cc-pCV6Z-RI-ccECP,PASS,,
Rb,recipes/Rb/ccECP,Rb.aug-cc-pCVDZ.AutoAuxC.orca,ri_basis,ccECP,aug-cc-pCVDZ,aug-cc-pCVDZ-RI-ccECP,-ccECP,Rb:aug-cc-pCVDZ-RI-ccECP,PASS,,
Rb,recipes/Rb/ccECP,Rb.aug-cc-pCVQZ.AutoAuxC.orca,ri_basis,ccECP,aug-cc-pCVQZ,aug-cc-pCVQZ-RI-ccECP,-ccECP,Rb:aug-cc-pCVQZ-RI-ccECP,PASS,,
Rb,recipes/Rb/ccECP,Rb.aug-cc-pCVTZ.AutoAuxC.orca,ri_basis,ccECP,aug-cc-pCVTZ,aug-cc-pCVTZ-RI-ccECP,-ccECP,Rb:aug-cc-pCVTZ-RI-ccECP,PASS,,
Rb,recipes/Rb/ccECP,Rb.aug-cc-pV5Z.AutoAuxC.orca,ri_basis,ccECP,aug-cc-pV5Z,aug-cc-pV5Z-RI-ccECP,-ccECP,Rb:aug-cc-pV5Z-RI-ccECP,PASS,,
Rb,recipes/Rb/ccECP,Rb.aug-cc-pV6Z.AutoAuxC.orca,ri_basis,ccECP,aug-cc-pV6Z,aug-cc-pV6Z-RI-ccECP,-ccECP,Rb:aug-cc-pV6Z-RI-ccECP,PASS,,
Rb,recipes/Rb/ccECP,Rb.aug-cc-pVDZ.AutoAuxC.orca,ri_basis,ccECP,aug-cc-pVDZ,aug-cc-pVDZ-RI-ccECP,-ccECP,Rb:aug-cc-pVDZ-RI-ccECP,PASS,,
Rb,recipes/Rb/ccECP,Rb.aug-cc-pVQZ.AutoAuxC.orca,ri_basis,ccECP,aug-cc-pVQZ,aug-cc-pVQZ-RI-ccECP,-ccECP,Rb:aug-cc-pVQZ-RI-ccECP,PASS,,
Rb,recipes/Rb/ccECP,Rb.aug-cc-pVTZ.AutoAuxC.orca,ri_basis,ccECP,aug-cc-pVTZ,aug-cc-pVTZ-RI-ccECP,-ccECP,Rb:aug-cc-pVTZ-RI-ccECP,PASS,,
Rb,recipes/Rb/ccECP,Rb.cc-pCV5Z.AutoAuxC.orca,ri_basis,ccECP,cc-pCV5Z,cc-pCV5Z-RI-ccECP,-ccECP,Rb:cc-pCV5Z-RI-ccECP,PASS,,
Rb,recipes/Rb/ccECP,Rb.cc-pCV6Z.AutoAuxC.orca,ri_basis,ccECP,cc-pCV6Z,cc-pCV6Z-RI-ccECP,-ccECP,Rb:cc-pCV6Z-RI-ccECP,PASS,,
Rb,recipes/Rb/ccECP,Rb.cc-pCVDZ.AutoAuxC.orca,ri_basis,ccECP,cc-pCVDZ,cc-pCVDZ-RI-ccECP,-ccECP,Rb:cc-pCVDZ-RI-ccECP,PASS,,
Rb,recipes/Rb/ccECP,Rb.cc-pCVQZ.AutoAuxC.orca,ri_basis,ccECP,cc-pCVQZ,cc-pCVQZ-RI-ccECP,-ccECP,Rb:cc-pCVQZ-RI-ccECP,PASS,,
Rb,recipes/Rb/ccECP,Rb.cc-pCVTZ.AutoAuxC.orca,ri_basis,ccECP,cc-pCVTZ,cc-pCVTZ-RI-ccECP,-ccECP,Rb:cc-pCVTZ-RI-ccECP,PASS,,
Rb,recipes/Rb/ccECP,Rb.cc-pV5Z.AutoAuxC.orca,ri_basis,ccECP,cc-pV5Z,cc-pV5Z-RI-ccECP,-ccECP,Rb:cc-pV5Z-RI-ccECP,PASS,,
Rb,recipes/Rb/ccECP,Rb.cc-pV6Z.AutoAuxC.orca,ri_basis,ccECP,cc-pV6Z,cc-pV6Z-RI-ccECP,-ccECP,Rb:cc-pV6Z-RI-ccECP,PASS,,
Rb,recipes/Rb/ccECP,Rb.cc-pVDZ.AutoAuxC.orca,ri_basis,ccECP,cc-pVDZ,cc-pVDZ-RI-ccECP,-ccECP,Rb:cc-pVDZ-RI-ccECP,PASS,,
Rb,recipes/Rb/ccECP,Rb.cc-pVQZ.AutoAuxC.orca,ri_basis,ccECP,cc-pVQZ,cc-pVQZ-RI-ccECP,-ccECP,Rb:cc-pVQZ-RI-ccECP,PASS,,
Rb,recipes/Rb/ccECP,Rb.cc-pVTZ.AutoAuxC.orca,ri_basis,ccECP,cc-pVTZ,cc-pVTZ-RI-ccECP,-ccECP,Rb:cc-pVTZ-RI-ccECP,PASS,,
Re,recipes/Re/ccECP,Re.aug-cc-pCV5Z.AutoAuxC.orca,ri_basis,ccECP,aug-cc-pCV5Z,aug-cc-pCV5Z-RI-ccECP,-ccECP,Re:aug-cc-pCV5Z-RI-ccECP,PASS,,
Re,recipes/Re/ccECP,Re.aug-cc-pCVDZ.AutoAuxC.orca,ri_basis,ccECP,aug-cc-pCVDZ,aug-cc-pCVDZ-RI-ccECP,-ccECP,Re:aug-cc-pCVDZ-RI-ccECP,PASS,,
Re,recipes/Re/ccECP,Re.aug-cc-pCVQZ.AutoAuxC.orca,ri_basis,ccECP,aug-cc-pCVQZ,aug-cc-pCVQZ-RI-ccECP,-ccECP,Re:aug-cc-pCVQZ-RI-ccECP,PASS,,
Re,recipes/Re/ccECP,Re.aug-cc-pCVTZ.AutoAuxC.orca,ri_basis,ccECP,aug-cc-pCVTZ,aug-cc-pCVTZ-RI-ccECP,-ccECP,Re:aug-cc-pCVTZ-RI-ccECP,PASS,,
Re,recipes/Re/ccECP,Re.aug-cc-pV5Z.AutoAuxC.orca,ri_basis,ccECP,aug-cc-pV5Z,aug-cc-pV5Z-RI-ccECP,-ccECP,Re:aug-cc-pV5Z-RI-ccECP,PASS,,
Re,recipes/Re/ccECP,Re.aug-cc-pVDZ.AutoAuxC.orca,ri_basis,ccECP,aug-cc-pVDZ,aug-cc-pVDZ-RI-ccECP,-ccECP,Re:aug-cc-pVDZ-RI-ccECP,PASS,,
Re,recipes/Re/ccECP,Re.aug-cc-pVQZ.AutoAuxC.orca,ri_basis,ccECP,aug-cc-pVQZ,aug-cc-pVQZ-RI-ccECP,-ccECP,Re:aug-cc-pVQZ-RI-ccECP,PASS,,
Re,recipes/Re/ccECP,Re.aug-cc-pVTZ.AutoAuxC.orca,ri_basis,ccECP,aug-cc-pVTZ,aug-cc-pVTZ-RI-ccECP,-ccECP,Re:aug-cc-pVTZ-RI-ccECP,PASS,,
Re,recipes/Re/ccECP,Re.cc-pCV5Z.AutoAuxC.orca,ri_basis,ccECP,cc-pCV5Z,cc-pCV5Z-RI-ccECP,-ccECP,Re:cc-pCV5Z-RI-ccECP,PASS,,
Re,recipes/Re/ccECP,Re.cc-pCVDZ.AutoAuxC.orca,ri_basis,ccECP,cc-pCVDZ,cc-pCVDZ-RI-ccECP,-ccECP,Re:cc-pCVDZ-RI-ccECP,PASS,,
Re,recipes/Re/ccECP,Re.cc-pCVQZ.AutoAuxC.orca,ri_basis,ccECP,cc-pCVQZ,cc-pCVQZ-RI-ccECP,-ccECP,Re:cc-pCVQZ-RI-ccECP,PASS,,
Re,recipes/Re/ccECP,Re.cc-pCVTZ.AutoAuxC.orca,ri_basis,ccECP,cc-pCVTZ,cc-pCVTZ-RI-ccECP,-ccECP,Re:cc-pCVTZ-RI-ccECP,PASS,,
Re,recipes/Re/ccECP,Re.cc-pV5Z.AutoAuxC.orca,ri_basis,ccECP,cc-pV5Z,cc-pV5Z-RI-ccECP,-ccECP,Re:cc-pV5Z-RI-ccECP,PASS,,
Re,recipes/Re/ccECP,Re.cc-pVDZ.AutoAuxC.orca,ri_basis,ccECP,cc-pVDZ,cc-pVDZ-RI-ccECP,-ccECP,Re:cc-pVDZ-RI-ccECP,PASS,,
Re,recipes/Re/ccECP,Re.cc-pVQZ.AutoAuxC.orca,ri_basis,ccECP,cc-pVQZ,cc-pVQZ-RI-ccECP,-ccECP,Re:cc-pVQZ-RI-ccECP,PASS,,
Re,recipes/Re/ccECP,Re.cc-pVTZ.AutoAuxC.orca,ri_basis,ccECP,cc-pVTZ,cc-pVTZ-RI-ccECP,-ccECP,Re:cc-pVTZ-RI-ccECP,PASS,,
Rh,recipes/Rh/ccECP,Rh.aug-cc-pCV5Z.AutoAuxC.orca,ri_basis,ccECP,aug-cc-pCV5Z,aug-cc-pCV5Z-RI-ccECP,-ccECP,Rh:aug-cc-pCV5Z-RI-ccECP,PASS,,
Rh,recipes/Rh/ccECP,Rh.aug-cc-pCVDZ.AutoAuxC.orca,ri_basis,ccECP,aug-cc-pCVDZ,aug-cc-pCVDZ-RI-ccECP,-ccECP,Rh:aug-cc-pCVDZ-RI-ccECP,PASS,,
Rh,recipes/Rh/ccECP,Rh.aug-cc-pCVQZ.AutoAuxC.orca,ri_basis,ccECP,aug-cc-pCVQZ,aug-cc-pCVQZ-RI-ccECP,-ccECP,Rh:aug-cc-pCVQZ-RI-ccECP,PASS,,
Rh,recipes/Rh/ccECP,Rh.aug-cc-pCVTZ.AutoAuxC.orca,ri_basis,ccECP,aug-cc-pCVTZ,aug-cc-pCVTZ-RI-ccECP,-ccECP,Rh:aug-cc-pCVTZ-RI-ccECP,PASS,,
Rh,recipes/Rh/ccECP,Rh.aug-cc-pV5Z.AutoAuxC.orca,ri_basis,ccECP,aug-cc-pV5Z,aug-cc-pV5Z-RI-ccECP,-ccECP,Rh:aug-cc-pV5Z-RI-ccECP,PASS,,
Rh,recipes/Rh/ccECP,Rh.aug-cc-pVDZ.AutoAuxC.orca,ri_basis,ccECP,aug-cc-pVDZ,aug-cc-pVDZ-RI-ccECP,-ccECP,Rh:aug-cc-pVDZ-RI-ccECP,PASS,,
Rh,recipes/Rh/ccECP,Rh.aug-cc-pVQZ.AutoAuxC.orca,ri_basis,ccECP,aug-cc-pVQZ,aug-cc-pVQZ-RI-ccECP,-ccECP,Rh:aug-cc-pVQZ-RI-ccECP,PASS,,
Rh,recipes/Rh/ccECP,Rh.aug-cc-pVTZ.AutoAuxC.orca,ri_basis,ccECP,aug-cc-pVTZ,aug-cc-pVTZ-RI-ccECP,-ccECP,Rh:aug-cc-pVTZ-RI-ccECP,PASS,,
Rh,recipes/Rh/ccECP,Rh.cc-pCV5Z.AutoAuxC.orca,ri_basis,ccECP,cc-pCV5Z,cc-pCV5Z-RI-ccECP,-ccECP,Rh:cc-pCV5Z-RI-ccECP,PASS,,
Rh,recipes/Rh/ccECP,Rh.cc-pCVDZ.AutoAuxC.orca,ri_basis,ccECP,cc-pCVDZ,cc-pCVDZ-RI-ccECP,-ccECP,Rh:cc-pCVDZ-RI-ccECP,PASS,,
Rh,recipes/Rh/ccECP,Rh.cc-pCVQZ.AutoAuxC.orca,ri_basis,ccECP,cc-pCVQZ,cc-pCVQZ-RI-ccECP,-ccECP,Rh:cc-pCVQZ-RI-ccECP,PASS,,
Rh,recipes/Rh/ccECP,Rh.cc-pCVTZ.AutoAuxC.orca,ri_basis,ccECP,cc-pCVTZ,cc-pCVTZ-RI-ccECP,-ccECP,Rh:cc-pCVTZ-RI-ccECP,PASS,,
Rh,recipes/Rh/ccECP,Rh.cc-pV5Z.AutoAuxC.orca,ri_basis,ccECP,cc-pV5Z,cc-pV5Z-RI-ccECP,-ccECP,Rh:cc-pV5Z-RI-ccECP,PASS,,
Rh,recipes/Rh/ccECP,Rh.cc-pVDZ.AutoAuxC.orca,ri_basis,ccECP,cc-pVDZ,cc-pVDZ-RI-ccECP,-ccECP,Rh:cc-pVDZ-RI-ccECP,PASS,,
Rh,recipes/Rh/ccECP,Rh.cc-pVQZ.AutoAuxC.orca,ri_basis,ccECP,cc-pVQZ,cc-pVQZ-RI-ccECP,-ccECP,Rh:cc-pVQZ-RI-ccECP,PASS,,
Rh,recipes/Rh/ccECP,Rh.cc-pVTZ.AutoAuxC.orca,ri_basis,ccECP,cc-pVTZ,cc-pVTZ-RI-ccECP,-ccECP,Rh:cc-pVTZ-RI-ccECP,PASS,,
Ru,recipes/Ru/ccECP,Ru.aug-cc-pCV5Z.AutoAuxC.orca,ri_basis,ccECP,aug-cc-pCV5Z,aug-cc-pCV5Z-RI-ccECP,-ccECP,Ru:aug-cc-pCV5Z-RI-ccECP,PASS,,
Ru,recipes/Ru/ccECP,Ru.aug-cc-pCVDZ.AutoAuxC.orca,ri_basis,ccECP,aug-cc-pCVDZ,aug-cc-pCVDZ-RI-ccECP,-ccECP,Ru:aug-cc-pCVDZ-RI-ccECP,PASS,,
Ru,recipes/Ru/ccECP,Ru.aug-cc-pCVQZ.AutoAuxC.orca,ri_basis,ccECP,aug-cc-pCVQZ,aug-cc-pCVQZ-RI-ccECP,-ccECP,Ru:aug-cc-pCVQZ-RI-ccECP,PASS,,
Ru,recipes/Ru/ccECP,Ru.aug-cc-pCVTZ.AutoAuxC.orca,ri_basis,ccECP,aug-cc-pCVTZ,aug-cc-pCVTZ-RI-ccECP,-ccECP,Ru:aug-cc-pCVTZ-RI-ccECP,PASS,,
Ru,recipes/Ru/ccECP,Ru.aug-cc-pV5Z.AutoAuxC.orca,ri_basis,ccECP,aug-cc-pV5Z,aug-cc-pV5Z-RI-ccECP,-ccECP,Ru:aug-cc-pV5Z-RI-ccECP,PASS,,
Ru,recipes/Ru/ccECP,Ru.aug-cc-pVDZ.AutoAuxC.orca,ri_basis,ccECP,aug-cc-pVDZ,aug-cc-pVDZ-RI-ccECP,-ccECP,Ru:aug-cc-pVDZ-RI-ccECP,PASS,,
Ru,recipes/Ru/ccECP,Ru.aug-cc-pVQZ.AutoAuxC.orca,ri_basis,ccECP,aug-cc-pVQZ,aug-cc-pVQZ-RI-ccECP,-ccECP,Ru:aug-cc-pVQZ-RI-ccECP,PASS,,
Ru,recipes/Ru/ccECP,Ru.aug-cc-pVTZ.AutoAuxC.orca,ri_basis,ccECP,aug-cc-pVTZ,aug-cc-pVTZ-RI-ccECP,-ccECP,Ru:aug-cc-pVTZ-RI-ccECP,PASS,,
Ru,recipes/Ru/ccECP,Ru.cc-pCV5Z.AutoAuxC.orca,ri_basis,ccECP,cc-pCV5Z,cc-pCV5Z-RI-ccECP,-ccECP,Ru:cc-pCV5Z-RI-ccECP,PASS,,
Ru,recipes/Ru/ccECP,Ru.cc-pCVDZ.AutoAuxC.orca,ri_basis,ccECP,cc-pCVDZ,cc-pCVDZ-RI-ccECP,-ccECP,Ru:cc-pCVDZ-RI-ccECP,PASS,,
Ru,recipes/Ru/ccECP,Ru.cc-pCVQZ.AutoAuxC.orca,ri_basis,ccECP,cc-pCVQZ,cc-pCVQZ-RI-ccECP,-ccECP,Ru:cc-pCVQZ-RI-ccECP,PASS,,
Ru,recipes/Ru/ccECP,Ru.cc-pCVTZ.AutoAuxC.orca,ri_basis,ccECP,cc-pCVTZ,cc-pCVTZ-RI-ccECP,-ccECP,Ru:cc-pCVTZ-RI-ccECP,PASS,,
Ru,recipes/Ru/ccECP,Ru.cc-pV5Z.AutoAuxC.orca,ri_basis,ccECP,cc-pV5Z,cc-pV5Z-RI-ccECP,-ccECP,Ru:cc-pV5Z-RI-ccECP,PASS,,
Ru,recipes/Ru/ccECP,Ru.cc-pVDZ.AutoAuxC.orca,ri_basis,ccECP,cc-pVDZ,cc-pVDZ-RI-ccECP,-ccECP,Ru:cc-pVDZ-RI-ccECP,PASS,,
Ru,recipes/Ru/ccECP,Ru.cc-pVQZ.AutoAuxC.orca,ri_basis,ccECP,cc-pVQZ,cc-pVQZ-RI-ccECP,-ccECP,Ru:cc-pVQZ-RI-ccECP,PASS,,
Ru,recipes/Ru/ccECP,Ru.cc-pVTZ.AutoAuxC.orca,ri_basis,ccECP,cc-pVTZ,cc-pVTZ-RI-ccECP,-ccECP,Ru:cc-pVTZ-RI-ccECP,PASS,,
S,recipes/S/ccECP,S.aug-cc-pV5Z.AutoAuxC.orca,ri_basis,ccECP,aug-cc-pV5Z,aug-cc-pV5Z-RI-ccECP,-ccECP,S:aug-cc-pV5Z-RI-ccECP,PASS,,
S,recipes/S/ccECP,S.aug-cc-pV6Z.AutoAuxC.orca,ri_basis,ccECP,aug-cc-pV6Z,aug-cc-pV6Z-RI-ccECP,-ccECP,S:aug-cc-pV6Z-RI-ccECP,PASS,,
S,recipes/S/ccECP,S.aug-cc-pVDZ.AutoAuxC.orca,ri_basis,ccECP,aug-cc-pVDZ,aug-cc-pVDZ-RI-ccECP,-ccECP,S:aug-cc-pVDZ-RI-ccECP,PASS,,
S,recipes/S/ccECP,S.aug-cc-pVQZ.AutoAuxC.orca,ri_basis,ccECP,aug-cc-pVQZ,aug-cc-pVQZ-RI-ccECP,-ccECP,S:aug-cc-pVQZ-RI-ccECP,PASS,,
S,recipes/S/ccECP,S.aug-cc-pVTZ.AutoAuxC.orca,ri_basis,ccECP,aug-cc-pVTZ,aug-cc-pVTZ-RI-ccECP,-ccECP,S:aug-cc-pVTZ-RI-ccECP,PASS,,
S,recipes/S/ccECP,S.cc-pV5Z.AutoAuxC.orca,ri_basis,ccECP,cc-pV5Z,cc-pV5Z-RI-ccECP,-ccECP,S:cc-pV5Z-RI-ccECP,PASS,,
S,recipes/S/ccECP,S.cc-pV6Z.AutoAuxC.orca,ri_basis,ccECP,cc-pV6Z,cc-pV6Z-RI-ccECP,-ccECP,S:cc-pV6Z-RI-ccECP,PASS,,
S,recipes/S/ccECP,S.cc-pVDZ.AutoAuxC.orca,ri_basis,ccECP,cc-pVDZ,cc-pVDZ-RI-ccECP,-ccECP,S:cc-pVDZ-RI-ccECP,PASS,,
S,recipes/S/ccECP,S.cc-pVQZ.AutoAuxC.orca,ri_basis,ccECP,cc-pVQZ,cc-pVQZ-RI-ccECP,-ccECP,S:cc-pVQZ-RI-ccECP,PASS,,
S,recipes/S/ccECP,S.cc-pVTZ.AutoAuxC.orca,ri_basis,ccECP,cc-pVTZ,cc-pVTZ-RI-ccECP,-ccECP,S:cc-pVTZ-RI-ccECP,PASS,,
Sb,recipes/Sb/ccECP,Sb.aug-cc-pV5Z.AutoAuxC.orca,ri_basis,ccECP,aug-cc-pV5Z,aug-cc-pV5Z-RI-ccECP,-ccECP,Sb:aug-cc-pV5Z-RI-ccECP,PASS,,
Sb,recipes/Sb/ccECP,Sb.aug-cc-pV6Z.AutoAuxC.orca,ri_basis,ccECP,aug-cc-pV6Z,aug-cc-pV6Z-RI-ccECP,-ccECP,Sb:aug-cc-pV6Z-RI-ccECP,PASS,,
Sb,recipes/Sb/ccECP,Sb.aug-cc-pVDZ.AutoAuxC.orca,ri_basis,ccECP,aug-cc-pVDZ,aug-cc-pVDZ-RI-ccECP,-ccECP,Sb:aug-cc-pVDZ-RI-ccECP,PASS,,
Sb,recipes/Sb/ccECP,Sb.aug-cc-pVQZ.AutoAuxC.orca,ri_basis,ccECP,aug-cc-pVQZ,aug-cc-pVQZ-RI-ccECP,-ccECP,Sb:aug-cc-pVQZ-RI-ccECP,PASS,,
Sb,recipes/Sb/ccECP,Sb.aug-cc-pVTZ.AutoAuxC.orca,ri_basis,ccECP,aug-cc-pVTZ,aug-cc-pVTZ-RI-ccECP,-ccECP,Sb:aug-cc-pVTZ-RI-ccECP,PASS,,
Sb,recipes/Sb/ccECP,Sb.cc-pV5Z.AutoAuxC.orca,ri_basis,ccECP,cc-pV5Z,cc-pV5Z-RI-ccECP,-ccECP,Sb:cc-pV5Z-RI-ccECP,PASS,,
Sb,recipes/Sb/ccECP,Sb.cc-pV6Z.AutoAuxC.orca,ri_basis,ccECP,cc-pV6Z,cc-pV6Z-RI-ccECP,-ccECP,Sb:cc-pV6Z-RI-ccECP,PASS,,
Sb,recipes/Sb/ccECP,Sb.cc-pVDZ.AutoAuxC.orca,ri_basis,ccECP,cc-pVDZ,cc-pVDZ-RI-ccECP,-ccECP,Sb:cc-pVDZ-RI-ccECP,PASS,,
Sb,recipes/Sb/ccECP,Sb.cc-pVQZ.AutoAuxC.orca,ri_basis,ccECP,cc-pVQZ,cc-pVQZ-RI-ccECP,-ccECP,Sb:cc-pVQZ-RI-ccECP,PASS,,
Sb,recipes/Sb/ccECP,Sb.cc-pVTZ.AutoAuxC.orca,ri_basis,ccECP,cc-pVTZ,cc-pVTZ-RI-ccECP,-ccECP,Sb:cc-pVTZ-RI-ccECP,PASS,,
Sc,recipes/Sc/ccECP,Sc.aug-cc-pCV5Z.AutoAuxC.orca,ri_basis,ccECP,aug-cc-pCV5Z,aug-cc-pCV5Z-RI-ccECP,-ccECP,Sc:aug-cc-pCV5Z-RI-ccECP,PASS,,
Sc,recipes/Sc/ccECP,Sc.aug-cc-pCVDZ.AutoAuxC.orca,ri_basis,ccECP,aug-cc-pCVDZ,aug-cc-pCVDZ-RI-ccECP,-ccECP,Sc:aug-cc-pCVDZ-RI-ccECP,PASS,,
Sc,recipes/Sc/ccECP,Sc.aug-cc-pCVQZ.AutoAuxC.orca,ri_basis,ccECP,aug-cc-pCVQZ,aug-cc-pCVQZ-RI-ccECP,-ccECP,Sc:aug-cc-pCVQZ-RI-ccECP,PASS,,
Sc,recipes/Sc/ccECP,Sc.aug-cc-pCVTZ.AutoAuxC.orca,ri_basis,ccECP,aug-cc-pCVTZ,aug-cc-pCVTZ-RI-ccECP,-ccECP,Sc:aug-cc-pCVTZ-RI-ccECP,PASS,,
Sc,recipes/Sc/ccECP,Sc.aug-cc-pV5Z.AutoAuxC.orca,ri_basis,ccECP,aug-cc-pV5Z,aug-cc-pV5Z-RI-ccECP,-ccECP,Sc:aug-cc-pV5Z-RI-ccECP,PASS,,
Sc,recipes/Sc/ccECP,Sc.aug-cc-pVDZ.AutoAuxC.orca,ri_basis,ccECP,aug-cc-pVDZ,aug-cc-pVDZ-RI-ccECP,-ccECP,Sc:aug-cc-pVDZ-RI-ccECP,PASS,,
Sc,recipes/Sc/ccECP,Sc.aug-cc-pVQZ.AutoAuxC.orca,ri_basis,ccECP,aug-cc-pVQZ,aug-cc-pVQZ-RI-ccECP,-ccECP,Sc:aug-cc-pVQZ-RI-ccECP,PASS,,
Sc,recipes/Sc/ccECP,Sc.aug-cc-pVTZ.AutoAuxC.orca,ri_basis,ccECP,aug-cc-pVTZ,aug-cc-pVTZ-RI-ccECP,-ccECP,Sc:aug-cc-pVTZ-RI-ccECP,PASS,,
Sc,recipes/Sc/ccECP,Sc.cc-pCV5Z.AutoAuxC.orca,ri_basis,ccECP,cc-pCV5Z,cc-pCV5Z-RI-ccECP,-ccECP,Sc:cc-pCV5Z-RI-ccECP,PASS,,
Sc,recipes/Sc/ccECP,Sc.cc-pCVDZ.AutoAuxC.orca,ri_basis,ccECP,cc-pCVDZ,cc-pCVDZ-RI-ccECP,-ccECP,Sc:cc-pCVDZ-RI-ccECP,PASS,,
Sc,recipes/Sc/ccECP,Sc.cc-pCVQZ.AutoAuxC.orca,ri_basis,ccECP,cc-pCVQZ,cc-pCVQZ-RI-ccECP,-ccECP,Sc:cc-pCVQZ-RI-ccECP,PASS,,
Sc,recipes/Sc/ccECP,Sc.cc-pCVTZ.AutoAuxC.orca,ri_basis,ccECP,cc-pCVTZ,cc-pCVTZ-RI-ccECP,-ccECP,Sc:cc-pCVTZ-RI-ccECP,PASS,,
Sc,recipes/Sc/ccECP,Sc.cc-pV5Z.AutoAuxC.orca,ri_basis,ccECP,cc-pV5Z,cc-pV5Z-RI-ccECP,-ccECP,Sc:cc-pV5Z-RI-ccECP,PASS,,
Sc,recipes/Sc/ccECP,Sc.cc-pVDZ.AutoAuxC.orca,ri_basis,ccECP,cc-pVDZ,cc-pVDZ-RI-ccECP,-ccECP,Sc:cc-pVDZ-RI-ccECP,PASS,,
Sc,recipes/Sc/ccECP,Sc.cc-pVQZ.AutoAuxC.orca,ri_basis,ccECP,cc-pVQZ,cc-pVQZ-RI-ccECP,-ccECP,Sc:cc-pVQZ-RI-ccECP,PASS,,
Sc,recipes/Sc/ccECP,Sc.cc-pVTZ.AutoAuxC.orca,ri_basis,ccECP,cc-pVTZ,cc-pVTZ-RI-ccECP,-ccECP,Sc:cc-pVTZ-RI-ccECP,PASS,,
Se,recipes/Se/ccECP,Se.aug-cc-pV5Z.AutoAuxC.orca,ri_basis,ccECP,aug-cc-pV5Z,aug-cc-pV5Z-RI-ccECP,-ccECP,Se:aug-cc-pV5Z-RI-ccECP,PASS,,
Se,recipes/Se/ccECP,Se.aug-cc-pV6Z.AutoAuxC.orca,ri_basis,ccECP,aug-cc-pV6Z,aug-cc-pV6Z-RI-ccECP,-ccECP,Se:aug-cc-pV6Z-RI-ccECP,PASS,,
Se,recipes/Se/ccECP,Se.aug-cc-pVDZ.AutoAuxC.orca,ri_basis,ccECP,aug-cc-pVDZ,aug-cc-pVDZ-RI-ccECP,-ccECP,Se:aug-cc-pVDZ-RI-ccECP,PASS,,
Se,recipes/Se/ccECP,Se.aug-cc-pVQZ.AutoAuxC.orca,ri_basis,ccECP,aug-cc-pVQZ,aug-cc-pVQZ-RI-ccECP,-ccECP,Se:aug-cc-pVQZ-RI-ccECP,PASS,,
Se,recipes/Se/ccECP,Se.aug-cc-pVTZ.AutoAuxC.orca,ri_basis,ccECP,aug-cc-pVTZ,aug-cc-pVTZ-RI-ccECP,-ccECP,Se:aug-cc-pVTZ-RI-ccECP,PASS,,
Se,recipes/Se/ccECP,Se.cc-pV5Z.AutoAuxC.orca,ri_basis,ccECP,cc-pV5Z,cc-pV5Z-RI-ccECP,-ccECP,Se:cc-pV5Z-RI-ccECP,PASS,,
Se,recipes/Se/ccECP,Se.cc-pV6Z.AutoAuxC.orca,ri_basis,ccECP,cc-pV6Z,cc-pV6Z-RI-ccECP,-ccECP,Se:cc-pV6Z-RI-ccECP,PASS,,
Se,recipes/Se/ccECP,Se.cc-pVDZ.AutoAuxC.orca,ri_basis,ccECP,cc-pVDZ,cc-pVDZ-RI-ccECP,-ccECP,Se:cc-pVDZ-RI-ccECP,PASS,,
Se,recipes/Se/ccECP,Se.cc-pVQZ.AutoAuxC.orca,ri_basis,ccECP,cc-pVQZ,cc-pVQZ-RI-ccECP,-ccECP,Se:cc-pVQZ-RI-ccECP,PASS,,
Se,recipes/Se/ccECP,Se.cc-pVTZ.AutoAuxC.orca,ri_basis,ccECP,cc-pVTZ,cc-pVTZ-RI-ccECP,-ccECP,Se:cc-pVTZ-RI-ccECP,PASS,,
Si,recipes/Si/ccECP,Si.aug-cc-pV5Z.AutoAuxC.orca,ri_basis,ccECP,aug-cc-pV5Z,aug-cc-pV5Z-RI-ccECP,-ccECP,Si:aug-cc-pV5Z-RI-ccECP,PASS,,
Si,recipes/Si/ccECP,Si.aug-cc-pV6Z.AutoAuxC.orca,ri_basis,ccECP,aug-cc-pV6Z,aug-cc-pV6Z-RI-ccECP,-ccECP,Si:aug-cc-pV6Z-RI-ccECP,PASS,,
Si,recipes/Si/ccECP,Si.aug-cc-pVDZ.AutoAuxC.orca,ri_basis,ccECP,aug-cc-pVDZ,aug-cc-pVDZ-RI-ccECP,-ccECP,Si:aug-cc-pVDZ-RI-ccECP,PASS,,
Si,recipes/Si/ccECP,Si.aug-cc-pVQZ.AutoAuxC.orca,ri_basis,ccECP,aug-cc-pVQZ,aug-cc-pVQZ-RI-ccECP,-ccECP,Si:aug-cc-pVQZ-RI-ccECP,PASS,,
Si,recipes/Si/ccECP,Si.aug-cc-pVTZ.AutoAuxC.orca,ri_basis,ccECP,aug-cc-pVTZ,aug-cc-pVTZ-RI-ccECP,-ccECP,Si:aug-cc-pVTZ-RI-ccECP,PASS,,
Si,recipes/Si/ccECP,Si.cc-pV5Z.AutoAuxC.orca,ri_basis,ccECP,cc-pV5Z,cc-pV5Z-RI-ccECP,-ccECP,Si:cc-pV5Z-RI-ccECP,PASS,,
Si,recipes/Si/ccECP,Si.cc-pV6Z.AutoAuxC.orca,ri_basis,ccECP,cc-pV6Z,cc-pV6Z-RI-ccECP,-ccECP,Si:cc-pV6Z-RI-ccECP,PASS,,
Si,recipes/Si/ccECP,Si.cc-pVDZ.AutoAuxC.orca,ri_basis,ccECP,cc-pVDZ,cc-pVDZ-RI-ccECP,-ccECP,Si:cc-pVDZ-RI-ccECP,PASS,,
Si,recipes/Si/ccECP,Si.cc-pVQZ.AutoAuxC.orca,ri_basis,ccECP,cc-pVQZ,cc-pVQZ-RI-ccECP,-ccECP,Si:cc-pVQZ-RI-ccECP,PASS,,
Si,recipes/Si/ccECP,Si.cc-pVTZ.AutoAuxC.orca,ri_basis,ccECP,cc-pVTZ,cc-pVTZ-RI-ccECP,-ccECP,Si:cc-pVTZ-RI-ccECP,PASS,,
Sn,recipes/Sn/ccECP,Sn.aug-cc-pV5Z.AutoAuxC.orca,ri_basis,ccECP,aug-cc-pV5Z,aug-cc-pV5Z-RI-ccECP,-ccECP,Sn:aug-cc-pV5Z-RI-ccECP,PASS,,
Sn,recipes/Sn/ccECP,Sn.aug-cc-pV6Z.AutoAuxC.orca,ri_basis,ccECP,aug-cc-pV6Z,aug-cc-pV6Z-RI-ccECP,-ccECP,Sn:aug-cc-pV6Z-RI-ccECP,PASS,,
Sn,recipes/Sn/ccECP,Sn.aug-cc-pVDZ.AutoAuxC.orca,ri_basis,ccECP,aug-cc-pVDZ,aug-cc-pVDZ-RI-ccECP,-ccECP,Sn:aug-cc-pVDZ-RI-ccECP,PASS,,
Sn,recipes/Sn/ccECP,Sn.aug-cc-pVQZ.AutoAuxC.orca,ri_basis,ccECP,aug-cc-pVQZ,aug-cc-pVQZ-RI-ccECP,-ccECP,Sn:aug-cc-pVQZ-RI-ccECP,PASS,,
Sn,recipes/Sn/ccECP,Sn.aug-cc-pVTZ.AutoAuxC.orca,ri_basis,ccECP,aug-cc-pVTZ,aug-cc-pVTZ-RI-ccECP,-ccECP,Sn:aug-cc-pVTZ-RI-ccECP,PASS,,
Sn,recipes/Sn/ccECP,Sn.cc-pV5Z.AutoAuxC.orca,ri_basis,ccECP,cc-pV5Z,cc-pV5Z-RI-ccECP,-ccECP,Sn:cc-pV5Z-RI-ccECP,PASS,,
Sn,recipes/Sn/ccECP,Sn.cc-pV6Z.AutoAuxC.orca,ri_basis,ccECP,cc-pV6Z,cc-pV6Z-RI-ccECP,-ccECP,Sn:cc-pV6Z-RI-ccECP,PASS,,
Sn,recipes/Sn/ccECP,Sn.cc-pVDZ.AutoAuxC.orca,ri_basis,ccECP,cc-pVDZ,cc-pVDZ-RI-ccECP,-ccECP,Sn:cc-pVDZ-RI-ccECP,PASS,,
Sn,recipes/Sn/ccECP,Sn.cc-pVQZ.AutoAuxC.orca,ri_basis,ccECP,cc-pVQZ,cc-pVQZ-RI-ccECP,-ccECP,Sn:cc-pVQZ-RI-ccECP,PASS,,
Sn,recipes/Sn/ccECP,Sn.cc-pVTZ.AutoAuxC.orca,ri_basis,ccECP,cc-pVTZ,cc-pVTZ-RI-ccECP,-ccECP,Sn:cc-pVTZ-RI-ccECP,PASS,,
Ta,recipes/Ta/ccECP,Ta.aug-cc-pCV5Z.AutoAuxC.orca,ri_basis,ccECP,aug-cc-pCV5Z,aug-cc-pCV5Z-RI-ccECP,-ccECP,Ta:aug-cc-pCV5Z-RI-ccECP,PASS,,
Ta,recipes/Ta/ccECP,Ta.aug-cc-pCVDZ.AutoAuxC.orca,ri_basis,ccECP,aug-cc-pCVDZ,aug-cc-pCVDZ-RI-ccECP,-ccECP,Ta:aug-cc-pCVDZ-RI-ccECP,PASS,,
Ta,recipes/Ta/ccECP,Ta.aug-cc-pCVQZ.AutoAuxC.orca,ri_basis,ccECP,aug-cc-pCVQZ,aug-cc-pCVQZ-RI-ccECP,-ccECP,Ta:aug-cc-pCVQZ-RI-ccECP,PASS,,
Ta,recipes/Ta/ccECP,Ta.aug-cc-pCVTZ.AutoAuxC.orca,ri_basis,ccECP,aug-cc-pCVTZ,aug-cc-pCVTZ-RI-ccECP,-ccECP,Ta:aug-cc-pCVTZ-RI-ccECP,PASS,,
Ta,recipes/Ta/ccECP,Ta.aug-cc-pV5Z.AutoAuxC.orca,ri_basis,ccECP,aug-cc-pV5Z,aug-cc-pV5Z-RI-ccECP,-ccECP,Ta:aug-cc-pV5Z-RI-ccECP,PASS,,
Ta,recipes/Ta/ccECP,Ta.aug-cc-pVDZ.AutoAuxC.orca,ri_basis,ccECP,aug-cc-pVDZ,aug-cc-pVDZ-RI-ccECP,-ccECP,Ta:aug-cc-pVDZ-RI-ccECP,PASS,,
Ta,recipes/Ta/ccECP,Ta.aug-cc-pVQZ.AutoAuxC.orca,ri_basis,ccECP,aug-cc-pVQZ,aug-cc-pVQZ-RI-ccECP,-ccECP,Ta:aug-cc-pVQZ-RI-ccECP,PASS,,
Ta,recipes/Ta/ccECP,Ta.aug-cc-pVTZ.AutoAuxC.orca,ri_basis,ccECP,aug-cc-pVTZ,aug-cc-pVTZ-RI-ccECP,-ccECP,Ta:aug-cc-pVTZ-RI-ccECP,PASS,,
Ta,recipes/Ta/ccECP,Ta.cc-pCV5Z.AutoAuxC.orca,ri_basis,ccECP,cc-pCV5Z,cc-pCV5Z-RI-ccECP,-ccECP,Ta:cc-pCV5Z-RI-ccECP,PASS,,
Ta,recipes/Ta/ccECP,Ta.cc-pCVDZ.AutoAuxC.orca,ri_basis,ccECP,cc-pCVDZ,cc-pCVDZ-RI-ccECP,-ccECP,Ta:cc-pCVDZ-RI-ccECP,PASS,,
Ta,recipes/Ta/ccECP,Ta.cc-pCVQZ.AutoAuxC.orca,ri_basis,ccECP,cc-pCVQZ,cc-pCVQZ-RI-ccECP,-ccECP,Ta:cc-pCVQZ-RI-ccECP,PASS,,
Ta,recipes/Ta/ccECP,Ta.cc-pCVTZ.AutoAuxC.orca,ri_basis,ccECP,cc-pCVTZ,cc-pCVTZ-RI-ccECP,-ccECP,Ta:cc-pCVTZ-RI-ccECP,PASS,,
Ta,recipes/Ta/ccECP,Ta.cc-pV5Z.AutoAuxC.orca,ri_basis,ccECP,cc-pV5Z,cc-pV5Z-RI-ccECP,-ccECP,Ta:cc-pV5Z-RI-ccECP,PASS,,
Ta,recipes/Ta/ccECP,Ta.cc-pVDZ.AutoAuxC.orca,ri_basis,ccECP,cc-pVDZ,cc-pVDZ-RI-ccECP,-ccECP,Ta:cc-pVDZ-RI-ccECP,PASS,,
Ta,recipes/Ta/ccECP,Ta.cc-pVQZ.AutoAuxC.orca,ri_basis,ccECP,cc-pVQZ,cc-pVQZ-RI-ccECP,-ccECP,Ta:cc-pVQZ-RI-ccECP,PASS,,
Ta,recipes/Ta/ccECP,Ta.cc-pVTZ.AutoAuxC.orca,ri_basis,ccECP,cc-pVTZ,cc-pVTZ-RI-ccECP,-ccECP,Ta:cc-pVTZ-RI-ccECP,PASS,,
Tb,recipes/Tb/ccECP,Tb.aug-cc-pCVDZ.AutoAuxC.orca,ri_basis,ccECP,aug-cc-pCVDZ,aug-cc-pCVDZ-RI-ccECP,-ccECP,Tb:aug-cc-pCVDZ-RI-ccECP,PASS,,
Tb,recipes/Tb/ccECP,Tb.aug-cc-pCVQZ.AutoAuxC.orca,ri_basis,ccECP,aug-cc-pCVQZ,aug-cc-pCVQZ-RI-ccECP,-ccECP,Tb:aug-cc-pCVQZ-RI-ccECP,PASS,,
Tb,recipes/Tb/ccECP,Tb.aug-cc-pCVTZ.AutoAuxC.orca,ri_basis,ccECP,aug-cc-pCVTZ,aug-cc-pCVTZ-RI-ccECP,-ccECP,Tb:aug-cc-pCVTZ-RI-ccECP,PASS,,
Tb,recipes/Tb/ccECP,Tb.aug-cc-pVDZ.AutoAuxC.orca,ri_basis,ccECP,aug-cc-pVDZ,aug-cc-pVDZ-RI-ccECP,-ccECP,Tb:aug-cc-pVDZ-RI-ccECP,PASS,,
Tb,recipes/Tb/ccECP,Tb.aug-cc-pVQZ.AutoAuxC.orca,ri_basis,ccECP,aug-cc-pVQZ,aug-cc-pVQZ-RI-ccECP,-ccECP,Tb:aug-cc-pVQZ-RI-ccECP,PASS,,
Tb,recipes/Tb/ccECP,Tb.aug-cc-pVTZ.AutoAuxC.orca,ri_basis,ccECP,aug-cc-pVTZ,aug-cc-pVTZ-RI-ccECP,-ccECP,Tb:aug-cc-pVTZ-RI-ccECP,PASS,,
Tb,recipes/Tb/ccECP,Tb.cc-pCVDZ.AutoAuxC.orca,ri_basis,ccECP,cc-pCVDZ,cc-pCVDZ-RI-ccECP,-ccECP,Tb:cc-pCVDZ-RI-ccECP,PASS,,
Tb,recipes/Tb/ccECP,Tb.cc-pCVQZ.AutoAuxC.orca,ri_basis,ccECP,cc-pCVQZ,cc-pCVQZ-RI-ccECP,-ccECP,Tb:cc-pCVQZ-RI-ccECP,PASS,,
Tb,recipes/Tb/ccECP,Tb.cc-pCVTZ.AutoAuxC.orca,ri_basis,ccECP,cc-pCVTZ,cc-pCVTZ-RI-ccECP,-ccECP,Tb:cc-pCVTZ-RI-ccECP,PASS,,
Tb,recipes/Tb/ccECP,Tb.cc-pVDZ.AutoAuxC.orca,ri_basis,ccECP,cc-pVDZ,cc-pVDZ-RI-ccECP,-ccECP,Tb:cc-pVDZ-RI-ccECP,PASS,,
Tb,recipes/Tb/ccECP,Tb.cc-pVQZ.AutoAuxC.orca,ri_basis,ccECP,cc-pVQZ,cc-pVQZ-RI-ccECP,-ccECP,Tb:cc-pVQZ-RI-ccECP,PASS,,
Tb,recipes/Tb/ccECP,Tb.cc-pVTZ.AutoAuxC.orca,ri_basis,ccECP,cc-pVTZ,cc-pVTZ-RI-ccECP,-ccECP,Tb:cc-pVTZ-RI-ccECP,PASS,,
Te,recipes/Te/ccECP,Te.aug-cc-pV5Z.AutoAuxC.orca,ri_basis,ccECP,aug-cc-pV5Z,aug-cc-pV5Z-RI-ccECP,-ccECP,Te:aug-cc-pV5Z-RI-ccECP,PASS,,
Te,recipes/Te/ccECP,Te.aug-cc-pV6Z.AutoAuxC.orca,ri_basis,ccECP,aug-cc-pV6Z,aug-cc-pV6Z-RI-ccECP,-ccECP,Te:aug-cc-pV6Z-RI-ccECP,PASS,,
Te,recipes/Te/ccECP,Te.aug-cc-pVDZ.AutoAuxC.orca,ri_basis,ccECP,aug-cc-pVDZ,aug-cc-pVDZ-RI-ccECP,-ccECP,Te:aug-cc-pVDZ-RI-ccECP,PASS,,
Te,recipes/Te/ccECP,Te.aug-cc-pVQZ.AutoAuxC.orca,ri_basis,ccECP,aug-cc-pVQZ,aug-cc-pVQZ-RI-ccECP,-ccECP,Te:aug-cc-pVQZ-RI-ccECP,PASS,,
Te,recipes/Te/ccECP,Te.aug-cc-pVTZ.AutoAuxC.orca,ri_basis,ccECP,aug-cc-pVTZ,aug-cc-pVTZ-RI-ccECP,-ccECP,Te:aug-cc-pVTZ-RI-ccECP,PASS,,
Te,recipes/Te/ccECP,Te.cc-pV5Z.AutoAuxC.orca,ri_basis,ccECP,cc-pV5Z,cc-pV5Z-RI-ccECP,-ccECP,Te:cc-pV5Z-RI-ccECP,PASS,,
Te,recipes/Te/ccECP,Te.cc-pV6Z.AutoAuxC.orca,ri_basis,ccECP,cc-pV6Z,cc-pV6Z-RI-ccECP,-ccECP,Te:cc-pV6Z-RI-ccECP,PASS,,
Te,recipes/Te/ccECP,Te.cc-pVDZ.AutoAuxC.orca,ri_basis,ccECP,cc-pVDZ,cc-pVDZ-RI-ccECP,-ccECP,Te:cc-pVDZ-RI-ccECP,PASS,,
Te,recipes/Te/ccECP,Te.cc-pVQZ.AutoAuxC.orca,ri_basis,ccECP,cc-pVQZ,cc-pVQZ-RI-ccECP,-ccECP,Te:cc-pVQZ-RI-ccECP,PASS,,
Te,recipes/Te/ccECP,Te.cc-pVTZ.AutoAuxC.orca,ri_basis,ccECP,cc-pVTZ,cc-pVTZ-RI-ccECP,-ccECP,Te:cc-pVTZ-RI-ccECP,PASS,,
Ti,recipes/Ti/ccECP,Ti.aug-cc-pCV5Z.AutoAuxC.orca,ri_basis,ccECP,aug-cc-pCV5Z,aug-cc-pCV5Z-RI-ccECP,-ccECP,Ti:aug-cc-pCV5Z-RI-ccECP,PASS,,
Ti,recipes/Ti/ccECP,Ti.aug-cc-pCVDZ.AutoAuxC.orca,ri_basis,ccECP,aug-cc-pCVDZ,aug-cc-pCVDZ-RI-ccECP,-ccECP,Ti:aug-cc-pCVDZ-RI-ccECP,PASS,,
Ti,recipes/Ti/ccECP,Ti.aug-cc-pCVQZ.AutoAuxC.orca,ri_basis,ccECP,aug-cc-pCVQZ,aug-cc-pCVQZ-RI-ccECP,-ccECP,Ti:aug-cc-pCVQZ-RI-ccECP,PASS,,
Ti,recipes/Ti/ccECP,Ti.aug-cc-pCVTZ.AutoAuxC.orca,ri_basis,ccECP,aug-cc-pCVTZ,aug-cc-pCVTZ-RI-ccECP,-ccECP,Ti:aug-cc-pCVTZ-RI-ccECP,PASS,,
Ti,recipes/Ti/ccECP,Ti.aug-cc-pV5Z.AutoAuxC.orca,ri_basis,ccECP,aug-cc-pV5Z,aug-cc-pV5Z-RI-ccECP,-ccECP,Ti:aug-cc-pV5Z-RI-ccECP,PASS,,
Ti,recipes/Ti/ccECP,Ti.aug-cc-pVDZ.AutoAuxC.orca,ri_basis,ccECP,aug-cc-pVDZ,aug-cc-pVDZ-RI-ccECP,-ccECP,Ti:aug-cc-pVDZ-RI-ccECP,PASS,,
Ti,recipes/Ti/ccECP,Ti.aug-cc-pVQZ.AutoAuxC.orca,ri_basis,ccECP,aug-cc-pVQZ,aug-cc-pVQZ-RI-ccECP,-ccECP,Ti:aug-cc-pVQZ-RI-ccECP,PASS,,
Ti,recipes/Ti/ccECP,Ti.aug-cc-pVTZ.AutoAuxC.orca,ri_basis,ccECP,aug-cc-pVTZ,aug-cc-pVTZ-RI-ccECP,-ccECP,Ti:aug-cc-pVTZ-RI-ccECP,PASS,,
Ti,recipes/Ti/ccECP,Ti.cc-pCV5Z.AutoAuxC.orca,ri_basis,ccECP,cc-pCV5Z,cc-pCV5Z-RI-ccECP,-ccECP,Ti:cc-pCV5Z-RI-ccECP,PASS,,
Ti,recipes/Ti/ccECP,Ti.cc-pCVDZ.AutoAuxC.orca,ri_basis,ccECP,cc-pCVDZ,cc-pCVDZ-RI-ccECP,-ccECP,Ti:cc-pCVDZ-RI-ccECP,PASS,,
Ti,recipes/Ti/ccECP,Ti.cc-pCVQZ.AutoAuxC.orca,ri_basis,ccECP,cc-pCVQZ,cc-pCVQZ-RI-ccECP,-ccECP,Ti:cc-pCVQZ-RI-ccECP,PASS,,
Ti,recipes/Ti/ccECP,Ti.cc-pCVTZ.AutoAuxC.orca,ri_basis,ccECP,cc-pCVTZ,cc-pCVTZ-RI-ccECP,-ccECP,Ti:cc-pCVTZ-RI-ccECP,PASS,,
Ti,recipes/Ti/ccECP,Ti.cc-pV5Z.AutoAuxC.orca,ri_basis,ccECP,cc-pV5Z,cc-pV5Z-RI-ccECP,-ccECP,Ti:cc-pV5Z-RI-ccECP,PASS,,
Ti,recipes/Ti/ccECP,Ti.cc-pVDZ.AutoAuxC.orca,ri_basis,ccECP,cc-pVDZ,cc-pVDZ-RI-ccECP,-ccECP,Ti:cc-pVDZ-RI-ccECP,PASS,,
Ti,recipes/Ti/ccECP,Ti.cc-pVQZ.AutoAuxC.orca,ri_basis,ccECP,cc-pVQZ,cc-pVQZ-RI-ccECP,-ccECP,Ti:cc-pVQZ-RI-ccECP,PASS,,
Ti,recipes/Ti/ccECP,Ti.cc-pVTZ.AutoAuxC.orca,ri_basis,ccECP,cc-pVTZ,cc-pVTZ-RI-ccECP,-ccECP,Ti:cc-pVTZ-RI-ccECP,PASS,,
V,recipes/V/ccECP,V.aug-cc-pCV5Z.AutoAuxC.orca,ri_basis,ccECP,aug-cc-pCV5Z,aug-cc-pCV5Z-RI-ccECP,-ccECP,V:aug-cc-pCV5Z-RI-ccECP,PASS,,
V,recipes/V/ccECP,V.aug-cc-pCVDZ.AutoAuxC.orca,ri_basis,ccECP,aug-cc-pCVDZ,aug-cc-pCVDZ-RI-ccECP,-ccECP,V:aug-cc-pCVDZ-RI-ccECP,PASS,,
V,recipes/V/ccECP,V.aug-cc-pCVQZ.AutoAuxC.orca,ri_basis,ccECP,aug-cc-pCVQZ,aug-cc-pCVQZ-RI-ccECP,-ccECP,V:aug-cc-pCVQZ-RI-ccECP,PASS,,
V,recipes/V/ccECP,V.aug-cc-pCVTZ.AutoAuxC.orca,ri_basis,ccECP,aug-cc-pCVTZ,aug-cc-pCVTZ-RI-ccECP,-ccECP,V:aug-cc-pCVTZ-RI-ccECP,PASS,,
V,recipes/V/ccECP,V.aug-cc-pV5Z.AutoAuxC.orca,ri_basis,ccECP,aug-cc-pV5Z,aug-cc-pV5Z-RI-ccECP,-ccECP,V:aug-cc-pV5Z-RI-ccECP,PASS,,
V,recipes/V/ccECP,V.aug-cc-pVDZ.AutoAuxC.orca,ri_basis,ccECP,aug-cc-pVDZ,aug-cc-pVDZ-RI-ccECP,-ccECP,V:aug-cc-pVDZ-RI-ccECP,PASS,,
V,recipes/V/ccECP,V.aug-cc-pVQZ.AutoAuxC.orca,ri_basis,ccECP,aug-cc-pVQZ,aug-cc-pVQZ-RI-ccECP,-ccECP,V:aug-cc-pVQZ-RI-ccECP,PASS,,
V,recipes/V/ccECP,V.aug-cc-pVTZ.AutoAuxC.orca,ri_basis,ccECP,aug-cc-pVTZ,aug-cc-pVTZ-RI-ccECP,-ccECP,V:aug-cc-pVTZ-RI-ccECP,PASS,,
V,recipes/V/ccECP,V.cc-pCV5Z.AutoAuxC.orca,ri_basis,ccECP,cc-pCV5Z,cc-pCV5Z-RI-ccECP,-ccECP,V:cc-pCV5Z-RI-ccECP,PASS,,
V,recipes/V/ccECP,V.cc-pCVDZ.AutoAuxC.orca,ri_basis,ccECP,cc-pCVDZ,cc-pCVDZ-RI-ccECP,-ccECP,V:cc-pCVDZ-RI-ccECP,PASS,,
V,recipes/V/ccECP,V.cc-pCVQZ.AutoAuxC.orca,ri_basis,ccECP,cc-pCVQZ,cc-pCVQZ-RI-ccECP,-ccECP,V:cc-pCVQZ-RI-ccECP,PASS,,
V,recipes/V/ccECP,V.cc-pCVTZ.AutoAuxC.orca,ri_basis,ccECP,cc-pCVTZ,cc-pCVTZ-RI-ccECP,-ccECP,V:cc-pCVTZ-RI-ccECP,PASS,,
V,recipes/V/ccECP,V.cc-pV5Z.AutoAuxC.orca,ri_basis,ccECP,cc-pV5Z,cc-pV5Z-RI-ccECP,-ccECP,V:cc-pV5Z-RI-ccECP,PASS,,
V,recipes/V/ccECP,V.cc-pVDZ.AutoAuxC.orca,ri_basis,ccECP,cc-pVDZ,cc-pVDZ-RI-ccECP,-ccECP,V:cc-pVDZ-RI-ccECP,PASS,,
V,recipes/V/ccECP,V.cc-pVQZ.AutoAuxC.orca,ri_basis,ccECP,cc-pVQZ,cc-pVQZ-RI-ccECP,-ccECP,V:cc-pVQZ-RI-ccECP,PASS,,
V,recipes/V/ccECP,V.cc-pVTZ.AutoAuxC.orca,ri_basis,ccECP,cc-pVTZ,cc-pVTZ-RI-ccECP,-ccECP,V:cc-pVTZ-RI-ccECP,PASS,,
W,recipes/W/ccECP,W.aug-cc-pCV5Z.AutoAuxC.orca,ri_basis,ccECP,aug-cc-pCV5Z,aug-cc-pCV5Z-RI-ccECP,-ccECP,W:aug-cc-pCV5Z-RI-ccECP,PASS,,
W,recipes/W/ccECP,W.aug-cc-pCVDZ.AutoAuxC.orca,ri_basis,ccECP,aug-cc-pCVDZ,aug-cc-pCVDZ-RI-ccECP,-ccECP,W:aug-cc-pCVDZ-RI-ccECP,PASS,,
W,recipes/W/ccECP,W.aug-cc-pCVQZ.AutoAuxC.orca,ri_basis,ccECP,aug-cc-pCVQZ,aug-cc-pCVQZ-RI-ccECP,-ccECP,W:aug-cc-pCVQZ-RI-ccECP,PASS,,
W,recipes/W/ccECP,W.aug-cc-pCVTZ.AutoAuxC.orca,ri_basis,ccECP,aug-cc-pCVTZ,aug-cc-pCVTZ-RI-ccECP,-ccECP,W:aug-cc-pCVTZ-RI-ccECP,PASS,,
W,recipes/W/ccECP,W.aug-cc-pV5Z.AutoAuxC.orca,ri_basis,ccECP,aug-cc-pV5Z,aug-cc-pV5Z-RI-ccECP,-ccECP,W:aug-cc-pV5Z-RI-ccECP,PASS,,
W,recipes/W/ccECP,W.aug-cc-pVDZ.AutoAuxC.orca,ri_basis,ccECP,aug-cc-pVDZ,aug-cc-pVDZ-RI-ccECP,-ccECP,W:aug-cc-pVDZ-RI-ccECP,PASS,,
W,recipes/W/ccECP,W.aug-cc-pVQZ.AutoAuxC.orca,ri_basis,ccECP,aug-cc-pVQZ,aug-cc-pVQZ-RI-ccECP,-ccECP,W:aug-cc-pVQZ-RI-ccECP,PASS,,
W,recipes/W/ccECP,W.aug-cc-pVTZ.AutoAuxC.orca,ri_basis,ccECP,aug-cc-pVTZ,aug-cc-pVTZ-RI-ccECP,-ccECP,W:aug-cc-pVTZ-RI-ccECP,PASS,,
W,recipes/W/ccECP,W.cc-pCV5Z.AutoAuxC.orca,ri_basis,ccECP,cc-pCV5Z,cc-pCV5Z-RI-ccECP,-ccECP,W:cc-pCV5Z-RI-ccECP,PASS,,
W,recipes/W/ccECP,W.cc-pCVDZ.AutoAuxC.orca,ri_basis,ccECP,cc-pCVDZ,cc-pCVDZ-RI-ccECP,-ccECP,W:cc-pCVDZ-RI-ccECP,PASS,,
W,recipes/W/ccECP,W.cc-pCVQZ.AutoAuxC.orca,ri_basis,ccECP,cc-pCVQZ,cc-pCVQZ-RI-ccECP,-ccECP,W:cc-pCVQZ-RI-ccECP,PASS,,
W,recipes/W/ccECP,W.cc-pCVTZ.AutoAuxC.orca,ri_basis,ccECP,cc-pCVTZ,cc-pCVTZ-RI-ccECP,-ccECP,W:cc-pCVTZ-RI-ccECP,PASS,,
W,recipes/W/ccECP,W.cc-pV5Z.AutoAuxC.orca,ri_basis,ccECP,cc-pV5Z,cc-pV5Z-RI-ccECP,-ccECP,W:cc-pV5Z-RI-ccECP,PASS,,
W,recipes/W/ccECP,W.cc-pVDZ.AutoAuxC.orca,ri_basis,ccECP,cc-pVDZ,cc-pVDZ-RI-ccECP,-ccECP,W:cc-pVDZ-RI-ccECP,PASS,,
W,recipes/W/ccECP,W.cc-pVQZ.AutoAuxC.orca,ri_basis,ccECP,cc-pVQZ,cc-pVQZ-RI-ccECP,-ccECP,W:cc-pVQZ-RI-ccECP,PASS,,
W,recipes/W/ccECP,W.cc-pVTZ.AutoAuxC.orca,ri_basis,ccECP,cc-pVTZ,cc-pVTZ-RI-ccECP,-ccECP,W:cc-pVTZ-RI-ccECP,PASS,,
Y,recipes/Y/ccECP,Y.aug-cc-pCV5Z.AutoAuxC.orca,ri_basis,ccECP,aug-cc-pCV5Z,aug-cc-pCV5Z-RI-ccECP,-ccECP,Y:aug-cc-pCV5Z-RI-ccECP,PASS,,
Y,recipes/Y/ccECP,Y.aug-cc-pCVDZ.AutoAuxC.orca,ri_basis,ccECP,aug-cc-pCVDZ,aug-cc-pCVDZ-RI-ccECP,-ccECP,Y:aug-cc-pCVDZ-RI-ccECP,PASS,,
Y,recipes/Y/ccECP,Y.aug-cc-pCVQZ.AutoAuxC.orca,ri_basis,ccECP,aug-cc-pCVQZ,aug-cc-pCVQZ-RI-ccECP,-ccECP,Y:aug-cc-pCVQZ-RI-ccECP,PASS,,
Y,recipes/Y/ccECP,Y.aug-cc-pCVTZ.AutoAuxC.orca,ri_basis,ccECP,aug-cc-pCVTZ,aug-cc-pCVTZ-RI-ccECP,-ccECP,Y:aug-cc-pCVTZ-RI-ccECP,PASS,,
Y,recipes/Y/ccECP,Y.aug-cc-pV5Z.AutoAuxC.orca,ri_basis,ccECP,aug-cc-pV5Z,aug-cc-pV5Z-RI-ccECP,-ccECP,Y:aug-cc-pV5Z-RI-ccECP,PASS,,
Y,recipes/Y/ccECP,Y.aug-cc-pVDZ.AutoAuxC.orca,ri_basis,ccECP,aug-cc-pVDZ,aug-cc-pVDZ-RI-ccECP,-ccECP,Y:aug-cc-pVDZ-RI-ccECP,PASS,,
Y,recipes/Y/ccECP,Y.aug-cc-pVQZ.AutoAuxC.orca,ri_basis,ccECP,aug-cc-pVQZ,aug-cc-pVQZ-RI-ccECP,-ccECP,Y:aug-cc-pVQZ-RI-ccECP,PASS,,
Y,recipes/Y/ccECP,Y.aug-cc-pVTZ.AutoAuxC.orca,ri_basis,ccECP,aug-cc-pVTZ,aug-cc-pVTZ-RI-ccECP,-ccECP,Y:aug-cc-pVTZ-RI-ccECP,PASS,,
Y,recipes/Y/ccECP,Y.cc-pCV5Z.AutoAuxC.orca,ri_basis,ccECP,cc-pCV5Z,cc-pCV5Z-RI-ccECP,-ccECP,Y:cc-pCV5Z-RI-ccECP,PASS,,
Y,recipes/Y/ccECP,Y.cc-pCVDZ.AutoAuxC.orca,ri_basis,ccECP,cc-pCVDZ,cc-pCVDZ-RI-ccECP,-ccECP,Y:cc-pCVDZ-RI-ccECP,PASS,,
Y,recipes/Y/ccECP,Y.cc-pCVQZ.AutoAuxC.orca,ri_basis,ccECP,cc-pCVQZ,cc-pCVQZ-RI-ccECP,-ccECP,Y:cc-pCVQZ-RI-ccECP,PASS,,
Y,recipes/Y/ccECP,Y.cc-pCVTZ.AutoAuxC.orca,ri_basis,ccECP,cc-pCVTZ,cc-pCVTZ-RI-ccECP,-ccECP,Y:cc-pCVTZ-RI-ccECP,PASS,,
Y,recipes/Y/ccECP,Y.cc-pV5Z.AutoAuxC.orca,ri_basis,ccECP,cc-pV5Z,cc-pV5Z-RI-ccECP,-ccECP,Y:cc-pV5Z-RI-ccECP,PASS,,
Y,recipes/Y/ccECP,Y.cc-pVDZ.AutoAuxC.orca,ri_basis,ccECP,cc-pVDZ,cc-pVDZ-RI-ccECP,-ccECP,Y:cc-pVDZ-RI-ccECP,PASS,,
Y,recipes/Y/ccECP,Y.cc-pVQZ.AutoAuxC.orca,ri_basis,ccECP,cc-pVQZ,cc-pVQZ-RI-ccECP,-ccECP,Y:cc-pVQZ-RI-ccECP,PASS,,
Y,recipes/Y/ccECP,Y.cc-pVTZ.AutoAuxC.orca,ri_basis,ccECP,cc-pVTZ,cc-pVTZ-RI-ccECP,-ccECP,Y:cc-pVTZ-RI-ccECP,PASS,,
Zn,recipes/Zn/ccECP,Zn.aug-cc-pCV5Z.AutoAuxC.orca,ri_basis,ccECP,aug-cc-pCV5Z,aug-cc-pCV5Z-RI-ccECP,-ccECP,Zn:aug-cc-pCV5Z-RI-ccECP,PASS,,
Zn,recipes/Zn/ccECP,Zn.aug-cc-pCVDZ.AutoAuxC.orca,ri_basis,ccECP,aug-cc-pCVDZ,aug-cc-pCVDZ-RI-ccECP,-ccECP,Zn:aug-cc-pCVDZ-RI-ccECP,PASS,,
Zn,recipes/Zn/ccECP,Zn.aug-cc-pCVQZ.AutoAuxC.orca,ri_basis,ccECP,aug-cc-pCVQZ,aug-cc-pCVQZ-RI-ccECP,-ccECP,Zn:aug-cc-pCVQZ-RI-ccECP,PASS,,
Zn,recipes/Zn/ccECP,Zn.aug-cc-pCVTZ.AutoAuxC.orca,ri_basis,ccECP,aug-cc-pCVTZ,aug-cc-pCVTZ-RI-ccECP,-ccECP,Zn:aug-cc-pCVTZ-RI-ccECP,PASS,,
Zn,recipes/Zn/ccECP,Zn.aug-cc-pV5Z.AutoAuxC.orca,ri_basis,ccECP,aug-cc-pV5Z,aug-cc-pV5Z-RI-ccECP,-ccECP,Zn:aug-cc-pV5Z-RI-ccECP,PASS,,
Zn,recipes/Zn/ccECP,Zn.aug-cc-pVDZ.AutoAuxC.orca,ri_basis,ccECP,aug-cc-pVDZ,aug-cc-pVDZ-RI-ccECP,-ccECP,Zn:aug-cc-pVDZ-RI-ccECP,PASS,,
Zn,recipes/Zn/ccECP,Zn.aug-cc-pVQZ.AutoAuxC.orca,ri_basis,ccECP,aug-cc-pVQZ,aug-cc-pVQZ-RI-ccECP,-ccECP,Zn:aug-cc-pVQZ-RI-ccECP,PASS,,
Zn,recipes/Zn/ccECP,Zn.aug-cc-pVTZ.AutoAuxC.orca,ri_basis,ccECP,aug-cc-pVTZ,aug-cc-pVTZ-RI-ccECP,-ccECP,Zn:aug-cc-pVTZ-RI-ccECP,PASS,,
Zn,recipes/Zn/ccECP,Zn.cc-pCV5Z.AutoAuxC.orca,ri_basis,ccECP,cc-pCV5Z,cc-pCV5Z-RI-ccECP,-ccECP,Zn:cc-pCV5Z-RI-ccECP,PASS,,
Zn,recipes/Zn/ccECP,Zn.cc-pCVDZ.AutoAuxC.orca,ri_basis,ccECP,cc-pCVDZ,cc-pCVDZ-RI-ccECP,-ccECP,Zn:cc-pCVDZ-RI-ccECP,PASS,,
Zn,recipes/Zn/ccECP,Zn.cc-pCVQZ.AutoAuxC.orca,ri_basis,ccECP,cc-pCVQZ,cc-pCVQZ-RI-ccECP,-ccECP,Zn:cc-pCVQZ-RI-ccECP,PASS,,
Zn,recipes/Zn/ccECP,Zn.cc-pCVTZ.AutoAuxC.orca,ri_basis,ccECP,cc-pCVTZ,cc-pCVTZ-RI-ccECP,-ccECP,Zn:cc-pCVTZ-RI-ccECP,PASS,,
Zn,recipes/Zn/ccECP,Zn.cc-pV5Z.AutoAuxC.orca,ri_basis,ccECP,cc-pV5Z,cc-pV5Z-RI-ccECP,-ccECP,Zn:cc-pV5Z-RI-ccECP,PASS,,
Zn,recipes/Zn/ccECP,Zn.cc-pVDZ.AutoAuxC.orca,ri_basis,ccECP,cc-pVDZ,cc-pVDZ-RI-ccECP,-ccECP,Zn:cc-pVDZ-RI-ccECP,PASS,,
Zn,recipes/Zn/ccECP,Zn.cc-pVQZ.AutoAuxC.orca,ri_basis,ccECP,cc-pVQZ,cc-pVQZ-RI-ccECP,-ccECP,Zn:cc-pVQZ-RI-ccECP,PASS,,
Zn,recipes/Zn/ccECP,Zn.cc-pVTZ.AutoAuxC.orca,ri_basis,ccECP,cc-pVTZ,cc-pVTZ-RI-ccECP,-ccECP,Zn:cc-pVTZ-RI-ccECP,PASS,,
Zr,recipes/Zr/ccECP,Zr.aug-cc-pCV5Z.AutoAuxC.orca,ri_basis,ccECP,aug-cc-pCV5Z,aug-cc-pCV5Z-RI-ccECP,-ccECP,Zr:aug-cc-pCV5Z-RI-ccECP,PASS,,
Zr,recipes/Zr/ccECP,Zr.aug-cc-pCVDZ.AutoAuxC.orca,ri_basis,ccECP,aug-cc-pCVDZ,aug-cc-pCVDZ-RI-ccECP,-ccECP,Zr:aug-cc-pCVDZ-RI-ccECP,PASS,,
Zr,recipes/Zr/ccECP,Zr.aug-cc-pCVQZ.AutoAuxC.orca,ri_basis,ccECP,aug-cc-pCVQZ,aug-cc-pCVQZ-RI-ccECP,-ccECP,Zr:aug-cc-pCVQZ-RI-ccECP,PASS,,
Zr,recipes/Zr/ccECP,Zr.aug-cc-pCVTZ.AutoAuxC.orca,ri_basis,ccECP,aug-cc-pCVTZ,aug-cc-pCVTZ-RI-ccECP,-ccECP,Zr:aug-cc-pCVTZ-RI-ccECP,PASS,,
Zr,recipes/Zr/ccECP,Zr.aug-cc-pV5Z.AutoAuxC.orca,ri_basis,ccECP,aug-cc-pV5Z,aug-cc-pV5Z-RI-ccECP,-ccECP,Zr:aug-cc-pV5Z-RI-ccECP,PASS,,
Zr,recipes/Zr/ccECP,Zr.aug-cc-pVDZ.AutoAuxC.orca,ri_basis,ccECP,aug-cc-pVDZ,aug-cc-pVDZ-RI-ccECP,-ccECP,Zr:aug-cc-pVDZ-RI-ccECP,PASS,,
Zr,recipes/Zr/ccECP,Zr.aug-cc-pVQZ.AutoAuxC.orca,ri_basis,ccECP,aug-cc-pVQZ,aug-cc-pVQZ-RI-ccECP,-ccECP,Zr:aug-cc-pVQZ-RI-ccECP,PASS,,
Zr,recipes/Zr/ccECP,Zr.aug-cc-pVTZ.AutoAuxC.orca,ri_basis,ccECP,aug-cc-pVTZ,aug-cc-pVTZ-RI-ccECP,-ccECP,Zr:aug-cc-pVTZ-RI-ccECP,PASS,,
Zr,recipes/Zr/ccECP,Zr.cc-pCV5Z.AutoAuxC.orca,ri_basis,ccECP,cc-pCV5Z,cc-pCV5Z-RI-ccECP,-ccECP,Zr:cc-pCV5Z-RI-ccECP,PASS,,
Zr,recipes/Zr/ccECP,Zr.cc-pCVDZ.AutoAuxC.orca,ri_basis,ccECP,cc-pCVDZ,cc-pCVDZ-RI-ccECP,-ccECP,Zr:cc-pCVDZ-RI-ccECP,PASS,,
Zr,recipes/Zr/ccECP,Zr.cc-pCVQZ.AutoAuxC.orca,ri_basis,ccECP,cc-pCVQZ,cc-pCVQZ-RI-ccECP,-ccECP,Zr:cc-pCVQZ-RI-ccECP,PASS,,
Zr,recipes/Zr/ccECP,Zr.cc-pCVTZ.AutoAuxC.orca,ri_basis,ccECP,cc-pCVTZ,cc-pCVTZ-RI-ccECP,-ccECP,Zr:cc-pCVTZ-RI-ccECP,PASS,,
Zr,recipes/Zr/ccECP,Zr.cc-pV5Z.AutoAuxC.orca,ri_basis,ccECP,cc-pV5Z,cc-pV5Z-RI-ccECP,-ccECP,Zr:cc-pV5Z-RI-ccECP,PASS,,
Zr,recipes/Zr/ccECP,Zr.cc-pVDZ.AutoAuxC.orca,ri_basis,ccECP,cc-pVDZ,cc-pVDZ-RI-ccECP,-ccECP,Zr:cc-pVDZ-RI-ccECP,PASS,,
Zr,recipes/Zr/ccECP,Zr.cc-pVQZ.AutoAuxC.orca,ri_basis,ccECP,cc-pVQZ,cc-pVQZ-RI-ccECP,-ccECP,Zr:cc-pVQZ-RI-ccECP,PASS,,
Zr,recipes/Zr/ccECP,Zr.cc-pVTZ.AutoAuxC.orca,ri_basis,ccECP,cc-pVTZ,cc-pVTZ-RI-ccECP,-ccECP,Zr:cc-pVTZ-RI-ccECP,PASS,,
