element,atomic_number,source_recipe_dir,source_filename,source_format,source_origin,library_family,orbital_basis,source_name,cfour_name,ri_infix,label_suffix,cfour_label,n_functions,n_primitives,max_L,composition,uncontracted,name_transformation,cfour_file
Ag,47,recipes/Ag/ccECP,Ag.aug-cc-pCV5Z.AutoAuxC.orca,AutoAuxC.orca,library,ccECP,aug-cc-pCV5Z,aug-cc-pCV5Z,aug-cc-pCV5Z-RI-ccECP,-RI,-ccECP,Ag:aug-cc-pCV5Z-RI-ccECP,96,96,k,s18 p16 d16 f15 g14 h7 i5 k5,yes,orbital name plus '-RI' plus declared suffix '-ccECP',by_element/Ag/Ag.aug-cc-pCV5Z-RI.cfour
Ag,47,recipes/Ag/ccECP,Ag.aug-cc-pCVDZ.AutoAuxC.orca,AutoAuxC.orca,library,ccECP,aug-cc-pCVDZ,aug-cc-pCVDZ,aug-cc-pCVDZ-RI-ccECP,-RI,-ccECP,Ag:aug-cc-pCVDZ-RI-ccECP,77,77,h,s17 p15 d14 f13 g13 h5,yes,orbital name plus '-RI' plus declared suffix '-ccECP',by_element/Ag/Ag.aug-cc-pCVDZ-RI.cfour
Ag,47,recipes/Ag/ccECP,Ag.aug-cc-pCVQZ.AutoAuxC.orca,AutoAuxC.orca,library,ccECP,aug-cc-pCVQZ,aug-cc-pCVQZ,aug-cc-pCVQZ-RI-ccECP,-RI,-ccECP,Ag:aug-cc-pCVQZ-RI-ccECP,93,93,k,s18 p16 d15 f14 g14 h7 i5 k4,yes,orbital name plus '-RI' plus declared suffix '-ccECP',by_element/Ag/Ag.aug-cc-pCVQZ-RI.cfour
Ag,47,recipes/Ag/ccECP,Ag.aug-cc-pCVTZ.AutoAuxC.orca,AutoAuxC.orca,library,ccECP,aug-cc-pCVTZ,aug-cc-pCVTZ,aug-cc-pCVTZ-RI-ccECP,-RI,-ccECP,Ag:aug-cc-pCVTZ-RI-ccECP,83,83,i,s17 p15 d14 f14 g13 h6 i4,yes,orbital name plus '-RI' plus declared suffix '-ccECP',by_element/Ag/Ag.aug-cc-pCVTZ-RI.cfour
Ag,47,recipes/Ag/ccECP,Ag.aug-cc-pV5Z.AutoAuxC.orca,AutoAuxC.orca,library,ccECP,aug-cc-pV5Z,aug-cc-pV5Z,aug-cc-pV5Z-RI-ccECP,-RI,-ccECP,Ag:aug-cc-pV5Z-RI-ccECP,93,93,k,s18 p16 d15 f14 g14 h7 i5 k4,yes,orbital name plus '-RI' plus declared suffix '-ccECP',by_element/Ag/Ag.aug-cc-pV5Z-RI.cfour
Ag,47,recipes/Ag/ccECP,Ag.aug-cc-pVDZ.AutoAuxC.orca,AutoAuxC.orca,library,ccECP,aug-cc-pVDZ,aug-cc-pVDZ,aug-cc-pVDZ-RI-ccECP,-RI,-ccECP,Ag:aug-cc-pVDZ-RI-ccECP,67,67,h,s15 p13 d12 f12 g11 h4,yes,orbital name plus '-RI' plus declared suffix '-ccECP',by_element/Ag/Ag.aug-cc-pVDZ-RI.cfour
Ag,47,recipes/Ag/ccECP,Ag.aug-cc-pVQZ.AutoAuxC.orca,AutoAuxC.orca,library,ccECP,aug-cc-pVQZ,aug-cc-pVQZ,aug-cc-pVQZ-RI-ccECP,-RI,-ccECP,Ag:aug-cc-pVQZ-RI-ccECP,87,87,k,s17 p15 d14 f14 g13 h6 i4 k4,yes,orbital name plus '-RI' plus declared suffix '-ccECP',by_element/Ag/Ag.aug-cc-pVQZ-RI.cfour
Ag,47,recipes/Ag/ccECP,Ag.aug-cc-pVTZ.AutoAuxC.orca,AutoAuxC.orca,library,ccECP,aug-cc-pVTZ,aug-cc-pVTZ,aug-cc-pVTZ-RI-ccECP,-RI,-ccECP,Ag:aug-cc-pVTZ-RI-ccECP,76,76,i,s16 p14 d13 f13 g12 h5 i3,yes,orbital name plus '-RI' plus declared suffix '-ccECP',by_element/Ag/Ag.aug-cc-pVTZ-RI.cfour
Ag,47,recipes/Ag/ccECP,Ag.cc-pCV5Z.AutoAuxC.orca,AutoAuxC.orca,library,ccECP,cc-pCV5Z,cc-pCV5Z,cc-pCV5Z-RI-ccECP,-RI,-ccECP,Ag:cc-pCV5Z-RI-ccECP,87,87,k,s17 p15 d14 f13 g13 h6 i5 k4,yes,orbital name plus '-RI' plus declared suffix '-ccECP',by_element/Ag/Ag.cc-pCV5Z-RI.cfour
Ag,47,recipes/Ag/ccECP,Ag.cc-pCVDZ.AutoAuxC.orca,AutoAuxC.orca,library,ccECP,cc-pCVDZ,cc-pCVDZ,cc-pCVDZ-RI-ccECP,-RI,-ccECP,Ag:cc-pCVDZ-RI-ccECP,67,67,h,s15 p13 d12 f12 g11 h4,yes,orbital name plus '-RI' plus declared suffix '-ccECP',by_element/Ag/Ag.cc-pCVDZ-RI.cfour
Ag,47,recipes/Ag/ccECP,Ag.cc-pCVQZ.AutoAuxC.orca,AutoAuxC.orca,library,ccECP,cc-pCVQZ,cc-pCVQZ,cc-pCVQZ-RI-ccECP,-RI,-ccECP,Ag:cc-pCVQZ-RI-ccECP,80,80,k,s16 p14 d13 f13 g12 h5 i4 k3,yes,orbital name plus '-RI' plus declared suffix '-ccECP',by_element/Ag/Ag.cc-pCVQZ-RI.cfour
Ag,47,recipes/Ag/ccECP,Ag.cc-pCVTZ.AutoAuxC.orca,AutoAuxC.orca,library,ccECP,cc-pCVTZ,cc-pCVTZ,cc-pCVTZ-RI-ccECP,-RI,-ccECP,Ag:cc-pCVTZ-RI-ccECP,74,74,i,s15 p14 d13 f12 g12 h5 i3,yes,orbital name plus '-RI' plus declared suffix '-ccECP',by_element/Ag/Ag.cc-pCVTZ-RI.cfour
Ag,47,recipes/Ag/ccECP,Ag.cc-pV5Z.AutoAuxC.orca,AutoAuxC.orca,library,ccECP,cc-pV5Z,cc-pV5Z,cc-pV5Z-RI-ccECP,-RI,-ccECP,Ag:cc-pV5Z-RI-ccECP,82,82,k,s16 p14 d13 f13 g12 h6 i4 k4,yes,orbital name plus '-RI' plus declared suffix '-ccECP',by_element/Ag/Ag.cc-pV5Z-RI.cfour
Ag,47,recipes/Ag/ccECP,Ag.cc-pVDZ.AutoAuxC.orca,AutoAuxC.orca,library,ccECP,cc-pVDZ,cc-pVDZ,cc-pVDZ-RI-ccECP,-RI,-ccECP,Ag:cc-pVDZ-RI-ccECP,56,56,h,s13 p11 d11 f10 g9 h2,yes,orbital name plus '-RI' plus declared suffix '-ccECP',by_element/Ag/Ag.cc-pVDZ-RI.cfour
Ag,47,recipes/Ag/ccECP,Ag.cc-pVQZ.AutoAuxC.orca,AutoAuxC.orca,library,ccECP,cc-pVQZ,cc-pVQZ,cc-pVQZ-RI-ccECP,-RI,-ccECP,Ag:cc-pVQZ-RI-ccECP,74,74,k,s15 p13 d12 f12 g11 h5 i3 k3,yes,orbital name plus '-RI' plus declared suffix '-ccECP',by_element/Ag/Ag.cc-pVQZ-RI.cfour
Ag,47,recipes/Ag/ccECP,Ag.cc-pVTZ.AutoAuxC.orca,AutoAuxC.orca,library,ccECP,cc-pVTZ,cc-pVTZ,cc-pVTZ-RI-ccECP,-RI,-ccECP,Ag:cc-pVTZ-RI-ccECP,68,68,i,s14 p13 d12 f11 g11 h4 i3,yes,orbital name plus '-RI' plus declared suffix '-ccECP',by_element/Ag/Ag.cc-pVTZ-RI.cfour
Al,13,recipes/Al/ccECP,Al.aug-cc-pV5Z.AutoAuxC.orca,AutoAuxC.orca,library,ccECP,aug-cc-pV5Z,aug-cc-pV5Z,aug-cc-pV5Z-RI-ccECP,-RI,-ccECP,Al:aug-cc-pV5Z-RI-ccECP,56,56,i,s12 p11 d11 f7 g6 h5 i4,yes,orbital name plus '-RI' plus declared suffix '-ccECP',by_element/Al/Al.aug-cc-pV5Z-RI.cfour
Al,13,recipes/Al/ccECP,Al.aug-cc-pV6Z.AutoAuxC.orca,AutoAuxC.orca,library,ccECP,aug-cc-pV6Z,aug-cc-pV6Z,aug-cc-pV6Z-RI-ccECP,-RI,-ccECP,Al:aug-cc-pV6Z-RI-ccECP,64,64,k,s12 p12 d12 f7 g7 h6 i4 k4,yes,orbital name plus '-RI' plus declared suffix '-ccECP',by_element/Al/Al.aug-cc-pV6Z-RI.cfour
Al,13,recipes/Al/ccECP,Al.aug-cc-pVDZ.AutoAuxC.orca,AutoAuxC.orca,library,ccECP,aug-cc-pVDZ,aug-cc-pVDZ,aug-cc-pVDZ-RI-ccECP,-RI,-ccECP,Al:aug-cc-pVDZ-RI-ccECP,32,32,f,s11 p9 d8 f4,yes,orbital name plus '-RI' plus declared suffix '-ccECP',by_element/Al/Al.aug-cc-pVDZ-RI.cfour
Al,13,recipes/Al/ccECP,Al.aug-cc-pVQZ.AutoAuxC.orca,AutoAuxC.orca,library,ccECP,aug-cc-pVQZ,aug-cc-pVQZ,aug-cc-pVQZ-RI-ccECP,-RI,-ccECP,Al:aug-cc-pVQZ-RI-ccECP,49,49,h,s12 p11 d10 f6 g5 h5,yes,orbital name plus '-RI' plus declared suffix '-ccECP',by_element/Al/Al.aug-cc-pVQZ-RI.cfour
Al,13,recipes/Al/ccECP,Al.aug-cc-pVTZ.AutoAuxC.orca,AutoAuxC.orca,library,ccECP,aug-cc-pVTZ,aug-cc-pVTZ,aug-cc-pVTZ-RI-ccECP,-RI,-ccECP,Al:aug-cc-pVTZ-RI-ccECP,40,40,g,s12 p10 d9 f5 g4,yes,orbital name plus '-RI' plus declared suffix '-ccECP',by_element/Al/Al.aug-cc-pVTZ-RI.cfour
Al,13,recipes/Al/ccECP,Al.cc-pV5Z.AutoAuxC.orca,AutoAuxC.orca,library,ccECP,cc-pV5Z,cc-pV5Z,cc-pV5Z-RI-ccECP,-RI,-ccECP,Al:cc-pV5Z-RI-ccECP,52,52,i,s12 p11 d11 f6 g5 h4 i3,yes,orbital name plus '-RI' plus declared suffix '-ccECP',by_element/Al/Al.cc-pV5Z-RI.cfour
Al,13,recipes/Al/ccECP,Al.cc-pV6Z.AutoAuxC.orca,AutoAuxC.orca,library,ccECP,cc-pV6Z,cc-pV6Z,cc-pV6Z-RI-ccECP,-RI,-ccECP,Al:cc-pV6Z-RI-ccECP,58,58,k,s12 p11 d11 f6 g6 h5 i4 k3,yes,orbital name plus '-RI' plus declared suffix '-ccECP',by_element/Al/Al.cc-pV6Z-RI.cfour
Al,13,recipes/Al/ccECP,Al.cc-pVDZ.AutoAuxC.orca,AutoAuxC.orca,library,ccECP,cc-pVDZ,cc-pVDZ,cc-pVDZ-RI-ccECP,-RI,-ccECP,Al:cc-pVDZ-RI-ccECP,30,30,f,s11 p9 d8 f2,yes,orbital name plus '-RI' plus declared suffix '-ccECP',by_element/Al/Al.cc-pVDZ-RI.cfour
Al,13,recipes/Al/ccECP,Al.cc-pVQZ.AutoAuxC.orca,AutoAuxC.orca,library,ccECP,cc-pVQZ,cc-pVQZ,cc-pVQZ-RI-ccECP,-RI,-ccECP,Al:cc-pVQZ-RI-ccECP,45,45,h,s12 p11 d10 f5 g4 h3,yes,orbital name plus '-RI' plus declared suffix '-ccECP',by_element/Al/Al.cc-pVQZ-RI.cfour
Al,13,recipes/Al/ccECP,Al.cc-pVTZ.AutoAuxC.orca,AutoAuxC.orca,library,ccECP,cc-pVTZ,cc-pVTZ,cc-pVTZ-RI-ccECP,-RI,-ccECP,Al:cc-pVTZ-RI-ccECP,37,37,g,s11 p10 d9 f4 g3,yes,orbital name plus '-RI' plus declared suffix '-ccECP',by_element/Al/Al.cc-pVTZ-RI.cfour
Ar,18,recipes/Ar/ccECP,Ar.aug-cc-pV5Z.AutoAuxC.orca,AutoAuxC.orca,library,ccECP,aug-cc-pV5Z,aug-cc-pV5Z,aug-cc-pV5Z-RI-ccECP,-RI,-ccECP,Ar:aug-cc-pV5Z-RI-ccECP,52,52,i,s11 p10 d10 f6 g6 h5 i4,yes,orbital name plus '-RI' plus declared suffix '-ccECP',by_element/Ar/Ar.aug-cc-pV5Z-RI.cfour
Ar,18,recipes/Ar/ccECP,Ar.aug-cc-pV6Z.AutoAuxC.orca,AutoAuxC.orca,library,ccECP,aug-cc-pV6Z,aug-cc-pV6Z,aug-cc-pV6Z-RI-ccECP,-RI,-ccECP,Ar:aug-cc-pV6Z-RI-ccECP,61,61,k,s12 p11 d11 f7 g6 h6 i4 k4,yes,orbital name plus '-RI' plus declared suffix '-ccECP',by_element/Ar/Ar.aug-cc-pV6Z-RI.cfour
Ar,18,recipes/Ar/ccECP,Ar.aug-cc-pVDZ.AutoAuxC.orca,AutoAuxC.orca,library,ccECP,aug-cc-pVDZ,aug-cc-pVDZ,aug-cc-pVDZ-RI-ccECP,-RI,-ccECP,Ar:aug-cc-pVDZ-RI-ccECP,31,31,f,s11 p9 d8 f3,yes,orbital name plus '-RI' plus declared suffix '-ccECP',by_element/Ar/Ar.aug-cc-pVDZ-RI.cfour
Ar,18,recipes/Ar/ccECP,Ar.aug-cc-pVQZ.AutoAuxC.orca,AutoAuxC.orca,library,ccECP,aug-cc-pVQZ,aug-cc-pVQZ,aug-cc-pVQZ-RI-ccECP,-RI,-ccECP,Ar:aug-cc-pVQZ-RI-ccECP,46,46,h,s11 p10 d10 f6 g5 h4,yes,orbital name plus '-RI' plus declared suffix '-ccECP',by_element/Ar/Ar.aug-cc-pVQZ-RI.cfour
Ar,18,recipes/Ar/ccECP,Ar.aug-cc-pVTZ.AutoAuxC.orca,AutoAuxC.orca,library,ccECP,aug-cc-pVTZ,aug-cc-pVTZ,aug-cc-pVTZ-RI-ccECP,-RI,-ccECP,Ar:aug-cc-pVTZ-RI-ccECP,39,39,g,s11 p10 d9 f5 g4,yes,orbital name plus '-RI' plus declared suffix '-ccECP',by_element/Ar/Ar.aug-cc-pVTZ-RI.cfour
Ar,18,recipes/Ar/ccECP,Ar.cc-pV5Z.AutoAuxC.orca,AutoAuxC.orca,library,ccECP,cc-pV5Z,cc-pV5Z,cc-pV5Z-RI-ccECP,-RI,-ccECP,Ar:cc-pV5Z-RI-ccECP,48,48,i,s11 p10 d10 f5 g5 h4 i3,yes,orbital name plus '-RI' plus declared suffix '-ccECP',by_element/Ar/Ar.cc-pV5Z-RI.cfour
Ar,18,recipes/Ar/ccECP,Ar.cc-pV6Z.AutoAuxC.orca,AutoAuxC.orca,library,ccECP,cc-pV6Z,cc-pV6Z,cc-pV6Z-RI-ccECP,-RI,-ccECP,Ar:cc-pV6Z-RI-ccECP,53,53,k,s11 p10 d10 f6 g5 h4 i4 k3,yes,orbital name plus '-RI' plus declared suffix '-ccECP',by_element/Ar/Ar.cc-pV6Z-RI.cfour
Ar,18,recipes/Ar/ccECP,Ar.cc-pVDZ.AutoAuxC.orca,AutoAuxC.orca,library,ccECP,cc-pVDZ,cc-pVDZ,cc-pVDZ-RI-ccECP,-RI,-ccECP,Ar:cc-pVDZ-RI-ccECP,30,30,f,s11 p9 d8 f2,yes,orbital name plus '-RI' plus declared suffix '-ccECP',by_element/Ar/Ar.cc-pVDZ-RI.cfour
Ar,18,recipes/Ar/ccECP,Ar.cc-pVQZ.AutoAuxC.orca,AutoAuxC.orca,library,ccECP,cc-pVQZ,cc-pVQZ,cc-pVQZ-RI-ccECP,-RI,-ccECP,Ar:cc-pVQZ-RI-ccECP,43,43,h,s11 p10 d10 f5 g4 h3,yes,orbital name plus '-RI' plus declared suffix '-ccECP',by_element/Ar/Ar.cc-pVQZ-RI.cfour
Ar,18,recipes/Ar/ccECP,Ar.cc-pVTZ.AutoAuxC.orca,AutoAuxC.orca,library,ccECP,cc-pVTZ,cc-pVTZ,cc-pVTZ-RI-ccECP,-RI,-ccECP,Ar:cc-pVTZ-RI-ccECP,37,37,g,s11 p10 d9 f4 g3,yes,orbital name plus '-RI' plus declared suffix '-ccECP',by_element/Ar/Ar.cc-pVTZ-RI.cfour
As,33,recipes/As/ccECP,As.aug-cc-pV5Z.AutoAuxC.orca,AutoAuxC.orca,library,ccECP,aug-cc-pV5Z,aug-cc-pV5Z,aug-cc-pV5Z-RI-ccECP,-RI,-ccECP,As:aug-cc-pV5Z-RI-ccECP,61,61,k,s13 p12 d11 f6 g6 h5 i4 k4,yes,orbital name plus '-RI' plus declared suffix '-ccECP',by_element/As/As.aug-cc-pV5Z-RI.cfour
As,33,recipes/As/ccECP,As.aug-cc-pV6Z.AutoAuxC.orca,AutoAuxC.orca,library,ccECP,aug-cc-pV6Z,aug-cc-pV6Z,aug-cc-pV6Z-RI-ccECP,-RI,-ccECP,As:aug-cc-pV6Z-RI-ccECP,62,62,k,s14 p12 d11 f6 g6 h5 i4 k4,yes,orbital name plus '-RI' plus declared suffix '-ccECP',by_element/As/As.aug-cc-pV6Z-RI.cfour
As,33,recipes/As/ccECP,As.aug-cc-pVDZ.AutoAuxC.orca,AutoAuxC.orca,library,ccECP,aug-cc-pVDZ,aug-cc-pVDZ,aug-cc-pVDZ-RI-ccECP,-RI,-ccECP,As:aug-cc-pVDZ-RI-ccECP,33,33,g,s11 p9 d7 f3 g3,yes,orbital name plus '-RI' plus declared suffix '-ccECP',by_element/As/As.aug-cc-pVDZ-RI.cfour
As,33,recipes/As/ccECP,As.aug-cc-pVQZ.AutoAuxC.orca,AutoAuxC.orca,library,ccECP,aug-cc-pVQZ,aug-cc-pVQZ,aug-cc-pVQZ-RI-ccECP,-RI,-ccECP,As:aug-cc-pVQZ-RI-ccECP,53,53,i,s13 p11 d10 f6 g5 h4 i4,yes,orbital name plus '-RI' plus declared suffix '-ccECP',by_element/As/As.aug-cc-pVQZ-RI.cfour
As,33,recipes/As/ccECP,As.aug-cc-pVTZ.AutoAuxC.orca,AutoAuxC.orca,library,ccECP,aug-cc-pVTZ,aug-cc-pVTZ,aug-cc-pVTZ-RI-ccECP,-RI,-ccECP,As:aug-cc-pVTZ-RI-ccECP,39,39,h,s11 p9 d8 f4 g4 h3,yes,orbital name plus '-RI' plus declared suffix '-ccECP',by_element/As/As.aug-cc-pVTZ-RI.cfour
As,33,recipes/As/ccECP,As.cc-pV5Z.AutoAuxC.orca,AutoAuxC.orca,library,ccECP,cc-pV5Z,cc-pV5Z,cc-pV5Z-RI-ccECP,-RI,-ccECP,As:cc-pV5Z-RI-ccECP,53,53,k,s12 p11 d10 f5 g5 h4 i3 k3,yes,orbital name plus '-RI' plus declared suffix '-ccECP',by_element/As/As.cc-pV5Z-RI.cfour
As,33,recipes/As/ccECP,As.cc-pV6Z.AutoAuxC.orca,AutoAuxC.orca,library,ccECP,cc-pV6Z,cc-pV6Z,cc-pV6Z-RI-ccECP,-RI,-ccECP,As:cc-pV6Z-RI-ccECP,54,54,k,s13 p11 d10 f5 g5 h4 i3 k3,yes,orbital name plus '-RI' plus declared suffix '-ccECP',by_element/As/As.cc-pV6Z-RI.cfour
As,33,recipes/As/ccECP,As.cc-pVDZ.AutoAuxC.orca,AutoAuxC.orca,library,ccECP,cc-pVDZ,cc-pVDZ,cc-pVDZ-RI-ccECP,-RI,-ccECP,As:cc-pVDZ-RI-ccECP,28,28,g,s10 p8 d7 f2 g1,yes,orbital name plus '-RI' plus declared suffix '-ccECP',by_element/As/As.cc-pVDZ-RI.cfour
As,33,recipes/As/ccECP,As.cc-pVQZ.AutoAuxC.orca,AutoAuxC.orca,library,ccECP,cc-pVQZ,cc-pVQZ,cc-pVQZ-RI-ccECP,-RI,-ccECP,As:cc-pVQZ-RI-ccECP,47,47,i,s12 p10 d10 f5 g4 h3 i3,yes,orbital name plus '-RI' plus declared suffix '-ccECP',by_element/As/As.cc-pVQZ-RI.cfour
As,33,recipes/As/ccECP,As.cc-pVTZ.AutoAuxC.orca,AutoAuxC.orca,library,ccECP,cc-pVTZ,cc-pVTZ,cc-pVTZ-RI-ccECP,-RI,-ccECP,As:cc-pVTZ-RI-ccECP,36,36,h,s11 p9 d8 f3 g3 h2,yes,orbital name plus '-RI' plus declared suffix '-ccECP',by_element/As/As.cc-pVTZ-RI.cfour
Au,79,recipes/Au/ccECP,Au.aug-cc-pCV5Z.AutoAuxC.orca,AutoAuxC.orca,library,ccECP,aug-cc-pCV5Z,aug-cc-pCV5Z,aug-cc-pCV5Z-RI-ccECP,-RI,-ccECP,Au:aug-cc-pCV5Z-RI-ccECP,90,90,k,s17 p15 d14 f14 g13 h7 i5 k5,yes,orbital name plus '-RI' plus declared suffix '-ccECP',by_element/Au/Au.aug-cc-pCV5Z-RI.cfour
Au,79,recipes/Au/ccECP,Au.aug-cc-pCVDZ.AutoAuxC.orca,AutoAuxC.orca,library,ccECP,aug-cc-pCVDZ,aug-cc-pCVDZ,aug-cc-pCVDZ-RI-ccECP,-RI,-ccECP,Au:aug-cc-pCVDZ-RI-ccECP,69,69,h,s15 p14 d12 f12 g12 h4,yes,orbital name plus '-RI' plus declared suffix '-ccECP',by_element/Au/Au.aug-cc-pCVDZ-RI.cfour
Au,79,recipes/Au/ccECP,Au.aug-cc-pCVQZ.AutoAuxC.orca,AutoAuxC.orca,library,ccECP,aug-cc-pCVQZ,aug-cc-pCVQZ,aug-cc-pCVQZ-RI-ccECP,-RI,-ccECP,Au:aug-cc-pCVQZ-RI-ccECP,83,83,k,s16 p14 d13 f13 g13 h6 i4 k4,yes,orbital name plus '-RI' plus declared suffix '-ccECP',by_element/Au/Au.aug-cc-pCVQZ-RI.cfour
Au,79,recipes/Au/ccECP,Au.aug-cc-pCVTZ.AutoAuxC.orca,AutoAuxC.orca,library,ccECP,aug-cc-pCVTZ,aug-cc-pCVTZ,aug-cc-pCVTZ-RI-ccECP,-RI,-ccECP,Au:aug-cc-pCVTZ-RI-ccECP,79,79,i,s16 p14 d13 f13 g13 h6 i4,yes,orbital name plus '-RI' plus declared suffix '-ccECP',by_element/Au/Au.aug-cc-pCVTZ-RI.cfour
Au,79,recipes/Au/ccECP,Au.aug-cc-pV5Z.AutoAuxC.orca,AutoAuxC.orca,library,ccECP,aug-cc-pV5Z,aug-cc-pV5Z,aug-cc-pV5Z-RI-ccECP,-RI,-ccECP,Au:aug-cc-pV5Z-RI-ccECP,82,82,k,s16 p14 d13 f13 g12 h6 i4 k4,yes,orbital name plus '-RI' plus declared suffix '-ccECP',by_element/Au/Au.aug-cc-pV5Z-RI.cfour
Au,79,recipes/Au/ccECP,Au.aug-cc-pVDZ.AutoAuxC.orca,AutoAuxC.orca,library,ccECP,aug-cc-pVDZ,aug-cc-pVDZ,aug-cc-pVDZ-RI-ccECP,-RI,-ccECP,Au:aug-cc-pVDZ-RI-ccECP,61,61,h,s14 p12 d11 f11 g10 h3,yes,orbital name plus '-RI' plus declared suffix '-ccECP',by_element/Au/Au.aug-cc-pVDZ-RI.cfour
Au,79,recipes/Au/ccECP,Au.aug-cc-pVQZ.AutoAuxC.orca,AutoAuxC.orca,library,ccECP,aug-cc-pVQZ,aug-cc-pVQZ,aug-cc-pVQZ-RI-ccECP,-RI,-ccECP,Au:aug-cc-pVQZ-RI-ccECP,76,76,k,s15 p13 d12 f12 g12 h5 i4 k3,yes,orbital name plus '-RI' plus declared suffix '-ccECP',by_element/Au/Au.aug-cc-pVQZ-RI.cfour
Au,79,recipes/Au/ccECP,Au.aug-cc-pVTZ.AutoAuxC.orca,AutoAuxC.orca,library,ccECP,aug-cc-pVTZ,aug-cc-pVTZ,aug-cc-pVTZ-RI-ccECP,-RI,-ccECP,Au:aug-cc-pVTZ-RI-ccECP,71,71,i,s15 p13 d12 f12 g11 h5 i3,yes,orbital name plus '-RI' plus declared suffix '-ccECP',by_element/Au/Au.aug-cc-pVTZ-RI.cfour
Au,79,recipes/Au/ccECP,Au.cc-pCV5Z.AutoAuxC.orca,AutoAuxC.orca,library,ccECP,cc-pCV5Z,cc-pCV5Z,cc-pCV5Z-RI-ccECP,-RI,-ccECP,Au:cc-pCV5Z-RI-ccECP,81,81,k,s16 p14 d13 f12 g12 h6 i4 k4,yes,orbital name plus '-RI' plus declared suffix '-ccECP',by_element/Au/Au.cc-pCV5Z-RI.cfour
Au,79,recipes/Au/ccECP,Au.cc-pCVDZ.AutoAuxC.orca,AutoAuxC.orca,library,ccECP,cc-pCVDZ,cc-pCVDZ,cc-pCVDZ-RI-ccECP,-RI,-ccECP,Au:cc-pCVDZ-RI-ccECP,61,61,h,s14 p12 d11 f11 g10 h3,yes,orbital name plus '-RI' plus declared suffix '-ccECP',by_element/Au/Au.cc-pCVDZ-RI.cfour
Au,79,recipes/Au/ccECP,Au.cc-pCVQZ.AutoAuxC.orca,AutoAuxC.orca,library,ccECP,cc-pCVQZ,cc-pCVQZ,cc-pCVQZ-RI-ccECP,-RI,-ccECP,Au:cc-pCVQZ-RI-ccECP,75,75,k,s15 p13 d12 f12 g11 h5 i4 k3,yes,orbital name plus '-RI' plus declared suffix '-ccECP',by_element/Au/Au.cc-pCVQZ-RI.cfour
Au,79,recipes/Au/ccECP,Au.cc-pCVTZ.AutoAuxC.orca,AutoAuxC.orca,library,ccECP,cc-pCVTZ,cc-pCVTZ,cc-pCVTZ-RI-ccECP,-RI,-ccECP,Au:cc-pCVTZ-RI-ccECP,69,69,i,s15 p13 d12 f11 g11 h4 i3,yes,orbital name plus '-RI' plus declared suffix '-ccECP',by_element/Au/Au.cc-pCVTZ-RI.cfour
Au,79,recipes/Au/ccECP,Au.cc-pV5Z.AutoAuxC.orca,AutoAuxC.orca,library,ccECP,cc-pV5Z,cc-pV5Z,cc-pV5Z-RI-ccECP,-RI,-ccECP,Au:cc-pV5Z-RI-ccECP,71,71,k,s14 p12 d11 f11 g11 h5 i4 k3,yes,orbital name plus '-RI' plus declared suffix '-ccECP',by_element/Au/Au.cc-pV5Z-RI.cfour
Au,79,recipes/Au/ccECP,Au.cc-pVDZ.AutoAuxC.orca,AutoAuxC.orca,library,ccECP,cc-pVDZ,cc-pVDZ,cc-pVDZ-RI-ccECP,-RI,-ccECP,Au:cc-pVDZ-RI-ccECP,51,51,h,s12 p10 d9 f9 g9 h2,yes,orbital name plus '-RI' plus declared suffix '-ccECP',by_element/Au/Au.cc-pVDZ-RI.cfour
Au,79,recipes/Au/ccECP,Au.cc-pVQZ.AutoAuxC.orca,AutoAuxC.orca,library,ccECP,cc-pVQZ,cc-pVQZ,cc-pVQZ-RI-ccECP,-RI,-ccECP,Au:cc-pVQZ-RI-ccECP,67,67,k,s14 p12 d11 f10 g10 h4 i3 k3,yes,orbital name plus '-RI' plus declared suffix '-ccECP',by_element/Au/Au.cc-pVQZ-RI.cfour
Au,79,recipes/Au/ccECP,Au.cc-pVTZ.AutoAuxC.orca,AutoAuxC.orca,library,ccECP,cc-pVTZ,cc-pVTZ,cc-pVTZ-RI-ccECP,-RI,-ccECP,Au:cc-pVTZ-RI-ccECP,60,60,i,s13 p11 d10 f10 g10 h4 i2,yes,orbital name plus '-RI' plus declared suffix '-ccECP',by_element/Au/Au.cc-pVTZ-RI.cfour
B,5,recipes/B/ccECP,B.aug-cc-pV5Z.AutoAuxC.orca,AutoAuxC.orca,library,ccECP,aug-cc-pV5Z,aug-cc-pV5Z,aug-cc-pV5Z-RI-ccECP,-RI,-ccECP,B:aug-cc-pV5Z-RI-ccECP,53,53,i,s12 p11 d10 f6 g5 h5 i4,yes,orbital name plus '-RI' plus declared suffix '-ccECP',by_element/B/B.aug-cc-pV5Z-RI.cfour
B,5,recipes/B/ccECP,B.aug-cc-pV6Z.AutoAuxC.orca,AutoAuxC.orca,library,ccECP,aug-cc-pV6Z,aug-cc-pV6Z,aug-cc-pV6Z-RI-ccECP,-RI,-ccECP,B:aug-cc-pV6Z-RI-ccECP,64,64,k,s12 p12 d11 f7 g7 h6 i5 k4,yes,orbital name plus '-RI' plus declared suffix '-ccECP',by_element/B/B.aug-cc-pV6Z-RI.cfour
B,5,recipes/B/ccECP,B.aug-cc-pVDZ.AutoAuxC.orca,AutoAuxC.orca,library,ccECP,aug-cc-pVDZ,aug-cc-pVDZ,aug-cc-pVDZ-RI-ccECP,-RI,-ccECP,B:aug-cc-pVDZ-RI-ccECP,31,31,f,s11 p9 d8 f3,yes,orbital name plus '-RI' plus declared suffix '-ccECP',by_element/B/B.aug-cc-pVDZ-RI.cfour
B,5,recipes/B/ccECP,B.aug-cc-pVQZ.AutoAuxC.orca,AutoAuxC.orca,library,ccECP,aug-cc-pVQZ,aug-cc-pVQZ,aug-cc-pVQZ-RI-ccECP,-RI,-ccECP,B:aug-cc-pVQZ-RI-ccECP,48,48,h,s12 p11 d10 f6 g5 h4,yes,orbital name plus '-RI' plus declared suffix '-ccECP',by_element/B/B.aug-cc-pVQZ-RI.cfour
B,5,recipes/B/ccECP,B.aug-cc-pVTZ.AutoAuxC.orca,AutoAuxC.orca,library,ccECP,aug-cc-pVTZ,aug-cc-pVTZ,aug-cc-pVTZ-RI-ccECP,-RI,-ccECP,B:aug-cc-pVTZ-RI-ccECP,40,40,g,s12 p10 d9 f5 g4,yes,orbital name plus '-RI' plus declared suffix '-ccECP',by_element/B/B.aug-cc-pVTZ-RI.cfour
B,5,recipes/B/ccECP,B.cc-pV5Z.AutoAuxC.orca,AutoAuxC.orca,extra,ccECP,cc-pV5Z,cc-pV5Z,cc-pV5Z-RI-ccECP,-RI,-ccECP,B:cc-pV5Z-RI-ccECP,48,48,i,s12 p11 d10 f5 g4 h3 i3,yes,orbital name plus '-RI' plus declared suffix '-ccECP',by_element/B/B.cc-pV5Z-RI.cfour
B,5,recipes/B/ccECP,B.cc-pV6Z.AutoAuxC.orca,AutoAuxC.orca,library,ccECP,cc-pV6Z,cc-pV6Z,cc-pV6Z-RI-ccECP,-RI,-ccECP,B:cc-pV6Z-RI-ccECP,58,58,k,s12 p11 d11 f6 g6 h5 i4 k3,yes,orbital name plus '-RI' plus declared suffix '-ccECP',by_element/B/B.cc-pV6Z-RI.cfour
B,5,recipes/B/ccECP,B.cc-pVDZ.AutoAuxC.orca,AutoAuxC.orca,extra,ccECP,cc-pVDZ,cc-pVDZ,cc-pVDZ-RI-ccECP,-RI,-ccECP,B:cc-pVDZ-RI-ccECP,30,30,f,s11 p9 d8 f2,yes,orbital name plus '-RI' plus declared suffix '-ccECP',by_element/B/B.cc-pVDZ-RI.cfour
B,5,recipes/B/ccECP,B.cc-pVQZ.AutoAuxC.orca,AutoAuxC.orca,extra,ccECP,cc-pVQZ,cc-pVQZ,cc-pVQZ-RI-ccECP,-RI,-ccECP,B:cc-pVQZ-RI-ccECP,45,45,h,s12 p11 d10 f5 g4 h3,yes,orbital name plus '-RI' plus declared suffix '-ccECP',by_element/B/B.cc-pVQZ-RI.cfour
B,5,recipes/B/ccECP,B.cc-pVTZ.AutoAuxC.orca,AutoAuxC.orca,extra,ccECP,cc-pVTZ,cc-pVTZ,cc-pVTZ-RI-ccECP,-RI,-ccECP,B:cc-pVTZ-RI-ccECP,38,38,g,s12 p10 d9 f4 g3,yes,orbital name plus '-RI' plus declared suffix '-ccECP',by_element/B/B.cc-pVTZ-RI.cfour
Ba,56,recipes/Ba/ccECP,Ba.aug-cc-pCV5Z.AutoAuxC.orca,AutoAuxC.orca,library,ccECP,aug-cc-pCV5Z,aug-cc-pCV5Z,aug-cc-pCV5Z-RI-ccECP,-RI,-ccECP,Ba:aug-cc-pCV5Z-RI-ccECP,93,93,k,s19 p18 d16 f10 g9 h8 i7 k6,yes,orbital name plus '-RI' plus declared suffix '-ccECP',by_element/Ba/Ba.aug-cc-pCV5Z-RI.cfour
Ba,56,recipes/Ba/ccECP,Ba.aug-cc-pCVDZ.AutoAuxC.orca,AutoAuxC.orca,library,ccECP,aug-cc-pCVDZ,aug-cc-pCVDZ,aug-cc-pCVDZ-RI-ccECP,-RI,-ccECP,Ba:aug-cc-pCVDZ-RI-ccECP,50,50,g,s15 p13 d11 f6 g5,yes,orbital name plus '-RI' plus declared suffix '-ccECP',by_element/Ba/Ba.aug-cc-pCVDZ-RI.cfour
Ba,56,recipes/Ba/ccECP,Ba.aug-cc-pCVQZ.AutoAuxC.orca,AutoAuxC.orca,library,ccECP,aug-cc-pCVQZ,aug-cc-pCVQZ,aug-cc-pCVQZ-RI-ccECP,-RI,-ccECP,Ba:aug-cc-pCVQZ-RI-ccECP,73,73,i,s18 p15 d13 f8 g7 h7 i5,yes,orbital name plus '-RI' plus declared suffix '-ccECP',by_element/Ba/Ba.aug-cc-pCVQZ-RI.cfour
Ba,56,recipes/Ba/ccECP,Ba.aug-cc-pCVTZ.AutoAuxC.orca,AutoAuxC.orca,library,ccECP,aug-cc-pCVTZ,aug-cc-pCVTZ,aug-cc-pCVTZ-RI-ccECP,-RI,-ccECP,Ba:aug-cc-pCVTZ-RI-ccECP,65,65,h,s17 p15 d13 f8 g7 h5,yes,orbital name plus '-RI' plus declared suffix '-ccECP',by_element/Ba/Ba.aug-cc-pCVTZ-RI.cfour
Ba,56,recipes/Ba/ccECP,Ba.aug-cc-pV5Z.AutoAuxC.orca,AutoAuxC.orca,library,ccECP,aug-cc-pV5Z,aug-cc-pV5Z,aug-cc-pV5Z-RI-ccECP,-RI,-ccECP,Ba:aug-cc-pV5Z-RI-ccECP,71,71,k,s16 p14 d13 f7 g7 h5 i5 k4,yes,orbital name plus '-RI' plus declared suffix '-ccECP',by_element/Ba/Ba.aug-cc-pV5Z-RI.cfour
Ba,56,recipes/Ba/ccECP,Ba.aug-cc-pVDZ.AutoAuxC.orca,AutoAuxC.orca,library,ccECP,aug-cc-pVDZ,aug-cc-pVDZ,aug-cc-pVDZ-RI-ccECP,-RI,-ccECP,Ba:aug-cc-pVDZ-RI-ccECP,40,40,g,s13 p11 d9 f4 g3,yes,orbital name plus '-RI' plus declared suffix '-ccECP',by_element/Ba/Ba.aug-cc-pVDZ-RI.cfour
Ba,56,recipes/Ba/ccECP,Ba.aug-cc-pVQZ.AutoAuxC.orca,AutoAuxC.orca,library,ccECP,aug-cc-pVQZ,aug-cc-pVQZ,aug-cc-pVQZ-RI-ccECP,-RI,-ccECP,Ba:aug-cc-pVQZ-RI-ccECP,57,57,i,s15 p12 d10 f6 g5 h5 i4,yes,orbital name plus '-RI' plus declared suffix '-ccECP',by_element/Ba/Ba.aug-cc-pVQZ-RI.cfour
Ba,56,recipes/Ba/ccECP,Ba.aug-cc-pVTZ.AutoAuxC.orca,AutoAuxC.orca,library,ccECP,aug-cc-pVTZ,aug-cc-pVTZ,aug-cc-pVTZ-RI-ccECP,-RI,-ccECP,Ba:aug-cc-pVTZ-RI-ccECP,47,47,h,s13 p11 d9 f5 g5 h4,yes,orbital name plus '-RI' plus declared suffix '-ccECP',by_element/Ba/Ba.aug-cc-pVTZ-RI.cfour
Ba,56,recipes/Ba/ccECP,Ba.cc-pCV5Z.AutoAuxC.orca,AutoAuxC.orca,library,ccECP,cc-pCV5Z,cc-pCV5Z,cc-pCV5Z-RI-ccECP,-RI,-ccECP,Ba:cc-pCV5Z-RI-ccECP,83,83,k,s17 p16 d15 f9 g8 h7 i6 k5,yes,orbital name plus '-RI' plus declared suffix '-ccECP',by_element/Ba/Ba.cc-pCV5Z-RI.cfour
Ba,56,recipes/Ba/ccECP,Ba.cc-pCVDZ.AutoAuxC.orca,AutoAuxC.orca,library,ccECP,cc-pCVDZ,cc-pCVDZ,cc-pCVDZ-RI-ccECP,-RI,-ccECP,Ba:cc-pCVDZ-RI-ccECP,48,48,g,s15 p13 d11 f5 g4,yes,orbital name plus '-RI' plus declared suffix '-ccECP',by_element/Ba/Ba.cc-pCVDZ-RI.cfour
Ba,56,recipes/Ba/ccECP,Ba.cc-pCVQZ.AutoAuxC.orca,AutoAuxC.orca,library,ccECP,cc-pCVQZ,cc-pCVQZ,cc-pCVQZ-RI-ccECP,-RI,-ccECP,Ba:cc-pCVQZ-RI-ccECP,66,66,i,s16 p14 d13 f7 g6 h6 i4,yes,orbital name plus '-RI' plus declared suffix '-ccECP',by_element/Ba/Ba.cc-pCVQZ-RI.cfour
Ba,56,recipes/Ba/ccECP,Ba.cc-pCVTZ.AutoAuxC.orca,AutoAuxC.orca,library,ccECP,cc-pCVTZ,cc-pCVTZ,cc-pCVTZ-RI-ccECP,-RI,-ccECP,Ba:cc-pCVTZ-RI-ccECP,60,60,h,s16 p14 d13 f7 g6 h4,yes,orbital name plus '-RI' plus declared suffix '-ccECP',by_element/Ba/Ba.cc-pCVTZ-RI.cfour
Ba,56,recipes/Ba/ccECP,Ba.cc-pV5Z.AutoAuxC.orca,AutoAuxC.orca,library,ccECP,cc-pV5Z,cc-pV5Z,cc-pV5Z-RI-ccECP,-RI,-ccECP,Ba:cc-pV5Z-RI-ccECP,59,59,k,s14 p12 d11 f6 g5 h4 i4 k3,yes,orbital name plus '-RI' plus declared suffix '-ccECP',by_element/Ba/Ba.cc-pV5Z-RI.cfour
Ba,56,recipes/Ba/ccECP,Ba.cc-pVDZ.AutoAuxC.orca,AutoAuxC.orca,library,ccECP,cc-pVDZ,cc-pVDZ,cc-pVDZ-RI-ccECP,-RI,-ccECP,Ba:cc-pVDZ-RI-ccECP,35,35,g,s12 p10 d9 f3 g1,yes,orbital name plus '-RI' plus declared suffix '-ccECP',by_element/Ba/Ba.cc-pVDZ-RI.cfour
Ba,56,recipes/Ba/ccECP,Ba.cc-pVQZ.AutoAuxC.orca,AutoAuxC.orca,library,ccECP,cc-pVQZ,cc-pVQZ,cc-pVQZ-RI-ccECP,-RI,-ccECP,Ba:cc-pVQZ-RI-ccECP,50,50,i,s13 p11 d10 f5 g4 h4 i3,yes,orbital name plus '-RI' plus declared suffix '-ccECP',by_element/Ba/Ba.cc-pVQZ-RI.cfour
Ba,56,recipes/Ba/ccECP,Ba.cc-pVTZ.AutoAuxC.orca,AutoAuxC.orca,library,ccECP,cc-pVTZ,cc-pVTZ,cc-pVTZ-RI-ccECP,-RI,-ccECP,Ba:cc-pVTZ-RI-ccECP,41,41,h,s12 p10 d9 f4 g4 h2,yes,orbital name plus '-RI' plus declared suffix '-ccECP',by_element/Ba/Ba.cc-pVTZ-RI.cfour
Be,4,recipes/Be/ccECP,Be.aug-cc-pV5Z.AutoAuxC.orca,AutoAuxC.orca,library,ccECP,aug-cc-pV5Z,aug-cc-pV5Z,aug-cc-pV5Z-RI-ccECP,-RI,-ccECP,Be:aug-cc-pV5Z-RI-ccECP,53,53,i,s16 p9 d7 f6 g6 h5 i4,yes,orbital name plus '-RI' plus declared suffix '-ccECP',by_element/Be/Be.aug-cc-pV5Z-RI.cfour
Be,4,recipes/Be/ccECP,Be.aug-cc-pV6Z.AutoAuxC.orca,AutoAuxC.orca,library,ccECP,aug-cc-pV6Z,aug-cc-pV6Z,aug-cc-pV6Z-RI-ccECP,-RI,-ccECP,Be:aug-cc-pV6Z-RI-ccECP,57,57,k,s14 p9 d7 f7 g6 h6 i4 k4,yes,orbital name plus '-RI' plus declared suffix '-ccECP',by_element/Be/Be.aug-cc-pV6Z-RI.cfour
Be,4,recipes/Be/ccECP,Be.aug-cc-pVDZ.AutoAuxC.orca,AutoAuxC.orca,library,ccECP,aug-cc-pVDZ,aug-cc-pVDZ,aug-cc-pVDZ-RI-ccECP,-RI,-ccECP,Be:aug-cc-pVDZ-RI-ccECP,22,22,f,s10 p5 d4 f3,yes,orbital name plus '-RI' plus declared suffix '-ccECP',by_element/Be/Be.aug-cc-pVDZ-RI.cfour
Be,4,recipes/Be/ccECP,Be.aug-cc-pVQZ.AutoAuxC.orca,AutoAuxC.orca,library,ccECP,aug-cc-pVQZ,aug-cc-pVQZ,aug-cc-pVQZ-RI-ccECP,-RI,-ccECP,Be:aug-cc-pVQZ-RI-ccECP,44,44,h,s13 p8 d7 f6 g5 h5,yes,orbital name plus '-RI' plus declared suffix '-ccECP',by_element/Be/Be.aug-cc-pVQZ-RI.cfour
Be,4,recipes/Be/ccECP,Be.aug-cc-pVTZ.AutoAuxC.orca,AutoAuxC.orca,library,ccECP,aug-cc-pVTZ,aug-cc-pVTZ,aug-cc-pVTZ-RI-ccECP,-RI,-ccECP,Be:aug-cc-pVTZ-RI-ccECP,36,36,g,s13 p7 d6 f5 g5,yes,orbital name plus '-RI' plus declared suffix '-ccECP',by_element/Be/Be.aug-cc-pVTZ-RI.cfour
Be,4,recipes/Be/ccECP,Be.cc-pV5Z.AutoAuxC.orca,AutoAuxC.orca,library,ccECP,cc-pV5Z,cc-pV5Z,cc-pV5Z-RI-ccECP,-RI,-ccECP,Be:cc-pV5Z-RI-ccECP,48,48,i,s14 p9 d7 f6 g5 h4 i3,yes,orbital name plus '-RI' plus declared suffix '-ccECP',by_element/Be/Be.cc-pV5Z-RI.cfour
Be,4,recipes/Be/ccECP,Be.cc-pV6Z.AutoAuxC.orca,AutoAuxC.orca,library,ccECP,cc-pV6Z,cc-pV6Z,cc-pV6Z-RI-ccECP,-RI,-ccECP,Be:cc-pV6Z-RI-ccECP,50,50,k,s12 p8 d7 f6 g5 h5 i4 k3,yes,orbital name plus '-RI' plus declared suffix '-ccECP',by_element/Be/Be.cc-pV6Z-RI.cfour
Be,4,recipes/Be/ccECP,Be.cc-pVDZ.AutoAuxC.orca,AutoAuxC.orca,library,ccECP,cc-pVDZ,cc-pVDZ,cc-pVDZ-RI-ccECP,-RI,-ccECP,Be:cc-pVDZ-RI-ccECP,21,21,f,s10 p5 d4 f2,yes,orbital name plus '-RI' plus declared suffix '-ccECP',by_element/Be/Be.cc-pVDZ-RI.cfour
Be,4,recipes/Be/ccECP,Be.cc-pVQZ.AutoAuxC.orca,AutoAuxC.orca,library,ccECP,cc-pVQZ,cc-pVQZ,cc-pVQZ-RI-ccECP,-RI,-ccECP,Be:cc-pVQZ-RI-ccECP,41,41,h,s12 p8 d7 f5 g5 h4,yes,orbital name plus '-RI' plus declared suffix '-ccECP',by_element/Be/Be.cc-pVQZ-RI.cfour
Be,4,recipes/Be/ccECP,Be.cc-pVTZ.AutoAuxC.orca,AutoAuxC.orca,library,ccECP,cc-pVTZ,cc-pVTZ,cc-pVTZ-RI-ccECP,-RI,-ccECP,Be:cc-pVTZ-RI-ccECP,32,32,g,s12 p7 d6 f4 g3,yes,orbital name plus '-RI' plus declared suffix '-ccECP',by_element/Be/Be.cc-pVTZ-RI.cfour
Bi,83,recipes/Bi/ccECP,Bi.aug-cc-pV5Z.AutoAuxC.orca,AutoAuxC.orca,library,ccECP,aug-cc-pV5Z,aug-cc-pV5Z,aug-cc-pV5Z-RI-ccECP,-RI,-ccECP,Bi:aug-cc-pV5Z-RI-ccECP,57,57,k,s13 p11 d10 f6 g5 h5 i4 k3,yes,orbital name plus '-RI' plus declared suffix '-ccECP',by_element/Bi/Bi.aug-cc-pV5Z-RI.cfour
Bi,83,recipes/Bi/ccECP,Bi.aug-cc-pV6Z.AutoAuxC.orca,AutoAuxC.orca,library,ccECP,aug-cc-pV6Z,aug-cc-pV6Z,aug-cc-pV6Z-RI-ccECP,-RI,-ccECP,Bi:aug-cc-pV6Z-RI-ccECP,68,68,k,s15 p13 d12 f7 g6 h6 i5 k4,yes,orbital name plus '-RI' plus declared suffix '-ccECP',by_element/Bi/Bi.aug-cc-pV6Z-RI.cfour
Bi,83,recipes/Bi/ccECP,Bi.aug-cc-pVDZ.AutoAuxC.orca,AutoAuxC.orca,library,ccECP,aug-cc-pVDZ,aug-cc-pVDZ,aug-cc-pVDZ-RI-ccECP,-RI,-ccECP,Bi:aug-cc-pVDZ-RI-ccECP,33,33,g,s11 p9 d7 f3 g3,yes,orbital name plus '-RI' plus declared suffix '-ccECP',by_element/Bi/Bi.aug-cc-pVDZ-RI.cfour
Bi,83,recipes/Bi/ccECP,Bi.aug-cc-pVQZ.AutoAuxC.orca,AutoAuxC.orca,library,ccECP,aug-cc-pVQZ,aug-cc-pVQZ,aug-cc-pVQZ-RI-ccECP,-RI,-ccECP,Bi:aug-cc-pVQZ-RI-ccECP,49,49,i,s12 p10 d10 f5 g5 h4 i3,yes,orbital name plus '-RI' plus declared suffix '-ccECP',by_element/Bi/Bi.aug-cc-pVQZ-RI.cfour
Bi,83,recipes/Bi/ccECP,Bi.aug-cc-pVTZ.AutoAuxC.orca,AutoAuxC.orca,library,ccECP,aug-cc-pVTZ,aug-cc-pVTZ,aug-cc-pVTZ-RI-ccECP,-RI,-ccECP,Bi:aug-cc-pVTZ-RI-ccECP,39,39,h,s11 p9 d8 f4 g4 h3,yes,orbital name plus '-RI' plus declared suffix '-ccECP',by_element/Bi/Bi.aug-cc-pVTZ-RI.cfour
Bi,83,recipes/Bi/ccECP,Bi.cc-pV5Z.AutoAuxC.orca,AutoAuxC.orca,library,ccECP,cc-pV5Z,cc-pV5Z,cc-pV5Z-RI-ccECP,-RI,-ccECP,Bi:cc-pV5Z-RI-ccECP,49,49,k,s12 p10 d9 f5 g4 h4 i3 k2,yes,orbital name plus '-RI' plus declared suffix '-ccECP',by_element/Bi/Bi.cc-pV5Z-RI.cfour
Bi,83,recipes/Bi/ccECP,Bi.cc-pV6Z.AutoAuxC.orca,AutoAuxC.orca,library,ccECP,cc-pV6Z,cc-pV6Z,cc-pV6Z-RI-ccECP,-RI,-ccECP,Bi:cc-pV6Z-RI-ccECP,57,57,k,s13 p11 d10 f6 g5 h5 i4 k3,yes,orbital name plus '-RI' plus declared suffix '-ccECP',by_element/Bi/Bi.cc-pV6Z-RI.cfour
Bi,83,recipes/Bi/ccECP,Bi.cc-pVDZ.AutoAuxC.orca,AutoAuxC.orca,library,ccECP,cc-pVDZ,cc-pVDZ,cc-pVDZ-RI-ccECP,-RI,-ccECP,Bi:cc-pVDZ-RI-ccECP,25,25,g,s9 p7 d6 f2 g1,yes,orbital name plus '-RI' plus declared suffix '-ccECP',by_element/Bi/Bi.cc-pVDZ-RI.cfour
Bi,83,recipes/Bi/ccECP,Bi.cc-pVQZ.AutoAuxC.orca,AutoAuxC.orca,library,ccECP,cc-pVQZ,cc-pVQZ,cc-pVQZ-RI-ccECP,-RI,-ccECP,Bi:cc-pVQZ-RI-ccECP,41,41,i,s11 p9 d8 f4 g4 h3 i2,yes,orbital name plus '-RI' plus declared suffix '-ccECP',by_element/Bi/Bi.cc-pVQZ-RI.cfour
Bi,83,recipes/Bi/ccECP,Bi.cc-pVTZ.AutoAuxC.orca,AutoAuxC.orca,library,ccECP,cc-pVTZ,cc-pVTZ,cc-pVTZ-RI-ccECP,-RI,-ccECP,Bi:cc-pVTZ-RI-ccECP,32,32,h,s10 p8 d7 f3 g2 h2,yes,orbital name plus '-RI' plus declared suffix '-ccECP',by_element/Bi/Bi.cc-pVTZ-RI.cfour
Br,35,recipes/Br/ccECP,Br.aug-cc-pV5Z.AutoAuxC.orca,AutoAuxC.orca,library,ccECP,aug-cc-pV5Z,aug-cc-pV5Z,aug-cc-pV5Z-RI-ccECP,-RI,-ccECP,Br:aug-cc-pV5Z-RI-ccECP,62,62,k,s14 p12 d11 f6 g6 h5 i4 k4,yes,orbital name plus '-RI' plus declared suffix '-ccECP',by_element/Br/Br.aug-cc-pV5Z-RI.cfour
Br,35,recipes/Br/ccECP,Br.aug-cc-pV6Z.AutoAuxC.orca,AutoAuxC.orca,library,ccECP,aug-cc-pV6Z,aug-cc-pV6Z,aug-cc-pV6Z-RI-ccECP,-RI,-ccECP,Br:aug-cc-pV6Z-RI-ccECP,62,62,k,s14 p12 d11 f6 g6 h5 i4 k4,yes,orbital name plus '-RI' plus declared suffix '-ccECP',by_element/Br/Br.aug-cc-pV6Z-RI.cfour
Br,35,recipes/Br/ccECP,Br.aug-cc-pVDZ.AutoAuxC.orca,AutoAuxC.orca,library,ccECP,aug-cc-pVDZ,aug-cc-pVDZ,aug-cc-pVDZ-RI-ccECP,-RI,-ccECP,Br:aug-cc-pVDZ-RI-ccECP,33,33,g,s11 p9 d7 f3 g3,yes,orbital name plus '-RI' plus declared suffix '-ccECP',by_element/Br/Br.aug-cc-pVDZ-RI.cfour
Br,35,recipes/Br/ccECP,Br.aug-cc-pVQZ.AutoAuxC.orca,AutoAuxC.orca,library,ccECP,aug-cc-pVQZ,aug-cc-pVQZ,aug-cc-pVQZ-RI-ccECP,-RI,-ccECP,Br:aug-cc-pVQZ-RI-ccECP,53,53,i,s13 p11 d10 f6 g5 h4 i4,yes,orbital name plus '-RI' plus declared suffix '-ccECP',by_element/Br/Br.aug-cc-pVQZ-RI.cfour
Br,35,recipes/Br/ccECP,Br.aug-cc-pVTZ.AutoAuxC.orca,AutoAuxC.orca,library,ccECP,aug-cc-pVTZ,aug-cc-pVTZ,aug-cc-pVTZ-RI-ccECP,-RI,-ccECP,Br:aug-cc-pVTZ-RI-ccECP,42,42,h,s12 p10 d9 f4 g4 h3,yes,orbital name plus '-RI' plus declared suffix '-ccECP',by_element/Br/Br.aug-cc-pVTZ-RI.cfour
Br,35,recipes/Br/ccECP,Br.cc-pV5Z.AutoAuxC.orca,AutoAuxC.orca,library,ccECP,cc-pV5Z,cc-pV5Z,cc-pV5Z-RI-ccECP,-RI,-ccECP,Br:cc-pV5Z-RI-ccECP,54,54,k,s13 p11 d10 f5 g5 h4 i3 k3,yes,orbital name plus '-RI' plus declared suffix '-ccECP',by_element/Br/Br.cc-pV5Z-RI.cfour
Br,35,recipes/Br/ccECP,Br.cc-pV6Z.AutoAuxC.orca,AutoAuxC.orca,library,ccECP,cc-pV6Z,cc-pV6Z,cc-pV6Z-RI-ccECP,-RI,-ccECP,Br:cc-pV6Z-RI-ccECP,54,54,k,s13 p11 d10 f5 g5 h4 i3 k3,yes,orbital name plus '-RI' plus declared suffix '-ccECP',by_element/Br/Br.cc-pV6Z-RI.cfour
Br,35,recipes/Br/ccECP,Br.cc-pVDZ.AutoAuxC.orca,AutoAuxC.orca,library,ccECP,cc-pVDZ,cc-pVDZ,cc-pVDZ-RI-ccECP,-RI,-ccECP,Br:cc-pVDZ-RI-ccECP,28,28,g,s10 p8 d7 f2 g1,yes,orbital name plus '-RI' plus declared suffix '-ccECP',by_element/Br/Br.cc-pVDZ-RI.cfour
Br,35,recipes/Br/ccECP,Br.cc-pVQZ.AutoAuxC.orca,AutoAuxC.orca,library,ccECP,cc-pVQZ,cc-pVQZ,cc-pVQZ-RI-ccECP,-RI,-ccECP,Br:cc-pVQZ-RI-ccECP,48,48,i,s12 p11 d10 f5 g4 h3 i3,yes,orbital name plus '-RI' plus declared suffix '-ccECP',by_element/Br/Br.cc-pVQZ-RI.cfour
Br,35,recipes/Br/ccECP,Br.cc-pVTZ.AutoAuxC.orca,AutoAuxC.orca,library,ccECP,cc-pVTZ,cc-pVTZ,cc-pVTZ-RI-ccECP,-RI,-ccECP,Br:cc-pVTZ-RI-ccECP,36,36,h,s11 p9 d8 f3 g3 h2,yes,orbital name plus '-RI' plus declared suffix '-ccECP',by_element/Br/Br.cc-pVTZ-RI.cfour
C,6,recipes/C/ccECP,C.aug-cc-pV5Z.AutoAuxC.orca,AutoAuxC.orca,library,ccECP,aug-cc-pV5Z,aug-cc-pV5Z,aug-cc-pV5Z-RI-ccECP,-RI,-ccECP,C:aug-cc-pV5Z-RI-ccECP,55,55,i,s12 p12 d11 f6 g5 h5 i4,yes,orbital name plus '-RI' plus declared suffix '-ccECP',by_element/C/C.aug-cc-pV5Z-RI.cfour
C,6,recipes/C/ccECP,C.aug-cc-pV6Z.AutoAuxC.orca,AutoAuxC.orca,library,ccECP,aug-cc-pV6Z,aug-cc-pV6Z,aug-cc-pV6Z-RI-ccECP,-RI,-ccECP,C:aug-cc-pV6Z-RI-ccECP,64,64,k,s12 p12 d11 f7 g7 h6 i5 k4,yes,orbital name plus '-RI' plus declared suffix '-ccECP',by_element/C/C.aug-cc-pV6Z-RI.cfour
C,6,recipes/C/ccECP,C.aug-cc-pVDZ.AutoAuxC.orca,AutoAuxC.orca,library,ccECP,aug-cc-pVDZ,aug-cc-pVDZ,aug-cc-pVDZ-RI-ccECP,-RI,-ccECP,C:aug-cc-pVDZ-RI-ccECP,34,34,f,s12 p10 d9 f3,yes,orbital name plus '-RI' plus declared suffix '-ccECP',by_element/C/C.aug-cc-pVDZ-RI.cfour
C,6,recipes/C/ccECP,C.aug-cc-pVQZ.AutoAuxC.orca,AutoAuxC.orca,library,ccECP,aug-cc-pVQZ,aug-cc-pVQZ,aug-cc-pVQZ-RI-ccECP,-RI,-ccECP,C:aug-cc-pVQZ-RI-ccECP,50,50,h,s12 p12 d11 f6 g5 h4,yes,orbital name plus '-RI' plus declared suffix '-ccECP',by_element/C/C.aug-cc-pVQZ-RI.cfour
C,6,recipes/C/ccECP,C.aug-cc-pVTZ.AutoAuxC.orca,AutoAuxC.orca,library,ccECP,aug-cc-pVTZ,aug-cc-pVTZ,aug-cc-pVTZ-RI-ccECP,-RI,-ccECP,C:aug-cc-pVTZ-RI-ccECP,42,42,g,s12 p11 d10 f5 g4,yes,orbital name plus '-RI' plus declared suffix '-ccECP',by_element/C/C.aug-cc-pVTZ-RI.cfour
C,6,recipes/C/ccECP,C.cc-pV5Z.AutoAuxC.orca,AutoAuxC.orca,extra,ccECP,cc-pV5Z,cc-pV5Z,cc-pV5Z-RI-ccECP,-RI,-ccECP,C:cc-pV5Z-RI-ccECP,50,50,i,s12 p12 d11 f5 g4 h3 i3,yes,orbital name plus '-RI' plus declared suffix '-ccECP',by_element/C/C.cc-pV5Z-RI.cfour
C,6,recipes/C/ccECP,C.cc-pV6Z.AutoAuxC.orca,AutoAuxC.orca,library,ccECP,cc-pV6Z,cc-pV6Z,cc-pV6Z-RI-ccECP,-RI,-ccECP,C:cc-pV6Z-RI-ccECP,59,59,k,s12 p12 d11 f6 g6 h5 i4 k3,yes,orbital name plus '-RI' plus declared suffix '-ccECP',by_element/C/C.cc-pV6Z-RI.cfour
C,6,recipes/C/ccECP,C.cc-pVDZ.AutoAuxC.orca,AutoAuxC.orca,extra,ccECP,cc-pVDZ,cc-pVDZ,cc-pVDZ-RI-ccECP,-RI,-ccECP,C:cc-pVDZ-RI-ccECP,33,33,f,s12 p10 d9 f2,yes,orbital name plus '-RI' plus declared suffix '-ccECP',by_element/C/C.cc-pVDZ-RI.cfour
C,6,recipes/C/ccECP,C.cc-pVQZ.AutoAuxC.orca,AutoAuxC.orca,extra,ccECP,cc-pVQZ,cc-pVQZ,cc-pVQZ-RI-ccECP,-RI,-ccECP,C:cc-pVQZ-RI-ccECP,47,47,h,s12 p12 d11 f5 g4 h3,yes,orbital name plus '-RI' plus declared suffix '-ccECP',by_element/C/C.cc-pVQZ-RI.cfour
C,6,recipes/C/ccECP,C.cc-pVTZ.AutoAuxC.orca,AutoAuxC.orca,extra,ccECP,cc-pVTZ,cc-pVTZ,cc-pVTZ-RI-ccECP,-RI,-ccECP,C:cc-pVTZ-RI-ccECP,40,40,g,s12 p11 d10 f4 g3,yes,orbital name plus '-RI' plus declared suffix '-ccECP',by_element/C/C.cc-pVTZ-RI.cfour
Ca,20,recipes/Ca/ccECP,Ca.aug-cc-pCV5Z.AutoAuxC.orca,AutoAuxC.orca,library,ccECP,aug-cc-pCV5Z,aug-cc-pCV5Z,aug-cc-pCV5Z-RI-ccECP,-RI,-ccECP,Ca:aug-cc-pCV5Z-RI-ccECP,94,94,k,s17 p17 d17 f11 g11 h8 i7 k6,yes,orbital name plus '-RI' plus declared suffix '-ccECP',by_element/Ca/Ca.aug-cc-pCV5Z-RI.cfour
Ca,20,recipes/Ca/ccECP,Ca.aug-cc-pCV6Z.AutoAuxC.orca,AutoAuxC.orca,library,ccECP,aug-cc-pCV6Z,aug-cc-pCV6Z,aug-cc-pCV6Z-RI-ccECP,-RI,-ccECP,Ca:aug-cc-pCV6Z-RI-ccECP,100,100,k,s17 p17 d17 f12 g12 h10 i8 k7,yes,orbital name plus '-RI' plus declared suffix '-ccECP',by_element/Ca/Ca.aug-cc-pCV6Z-RI.cfour
Ca,20,recipes/Ca/ccECP,Ca.aug-cc-pCVDZ.AutoAuxC.orca,AutoAuxC.orca,library,ccECP,aug-cc-pCVDZ,aug-cc-pCVDZ,aug-cc-pCVDZ-RI-ccECP,-RI,-ccECP,Ca:aug-cc-pCVDZ-RI-ccECP,59,59,g,s16 p14 d13 f8 g8,yes,orbital name plus '-RI' plus declared suffix '-ccECP',by_element/Ca/Ca.aug-cc-pCVDZ-RI.cfour
Ca,20,recipes/Ca/ccECP,Ca.aug-cc-pCVQZ.AutoAuxC.orca,AutoAuxC.orca,library,ccECP,aug-cc-pCVQZ,aug-cc-pCVQZ,aug-cc-pCVQZ-RI-ccECP,-RI,-ccECP,Ca:aug-cc-pCVQZ-RI-ccECP,81,81,i,s17 p16 d15 f10 g9 h8 i6,yes,orbital name plus '-RI' plus declared suffix '-ccECP',by_element/Ca/Ca.aug-cc-pCVQZ-RI.cfour
Ca,20,recipes/Ca/ccECP,Ca.aug-cc-pCVTZ.AutoAuxC.orca,AutoAuxC.orca,library,ccECP,aug-cc-pCVTZ,aug-cc-pCVTZ,aug-cc-pCVTZ-RI-ccECP,-RI,-ccECP,Ca:aug-cc-pCVTZ-RI-ccECP,71,71,h,s17 p15 d14 f9 g9 h7,yes,orbital name plus '-RI' plus declared suffix '-ccECP',by_element/Ca/Ca.aug-cc-pCVTZ-RI.cfour
Ca,20,recipes/Ca/ccECP,Ca.aug-cc-pV5Z.AutoAuxC.orca,AutoAuxC.orca,library,ccECP,aug-cc-pV5Z,aug-cc-pV5Z,aug-cc-pV5Z-RI-ccECP,-RI,-ccECP,Ca:aug-cc-pV5Z-RI-ccECP,73,73,k,s15 p14 d13 f8 g8 h6 i5 k4,yes,orbital name plus '-RI' plus declared suffix '-ccECP',by_element/Ca/Ca.aug-cc-pV5Z-RI.cfour
Ca,20,recipes/Ca/ccECP,Ca.aug-cc-pV6Z.AutoAuxC.orca,AutoAuxC.orca,library,ccECP,aug-cc-pV6Z,aug-cc-pV6Z,aug-cc-pV6Z-RI-ccECP,-RI,-ccECP,Ca:aug-cc-pV6Z-RI-ccECP,79,79,k,s16 p14 d13 f9 g9 h7 i6 k5,yes,orbital name plus '-RI' plus declared suffix '-ccECP',by_element/Ca/Ca.aug-cc-pV6Z-RI.cfour
Ca,20,recipes/Ca/ccECP,Ca.aug-cc-pVDZ.AutoAuxC.orca,AutoAuxC.orca,library,ccECP,aug-cc-pVDZ,aug-cc-pVDZ,aug-cc-pVDZ-RI-ccECP,-RI,-ccECP,Ca:aug-cc-pVDZ-RI-ccECP,52,52,g,s15 p13 d12 f7 g5,yes,orbital name plus '-RI' plus declared suffix '-ccECP',by_element/Ca/Ca.aug-cc-pVDZ-RI.cfour
Ca,20,recipes/Ca/ccECP,Ca.aug-cc-pVQZ.AutoAuxC.orca,AutoAuxC.orca,library,ccECP,aug-cc-pVQZ,aug-cc-pVQZ,aug-cc-pVQZ-RI-ccECP,-RI,-ccECP,Ca:aug-cc-pVQZ-RI-ccECP,64,64,i,s15 p13 d12 f7 g7 h6 i4,yes,orbital name plus '-RI' plus declared suffix '-ccECP',by_element/Ca/Ca.aug-cc-pVQZ-RI.cfour
Ca,20,recipes/Ca/ccECP,Ca.aug-cc-pVTZ.AutoAuxC.orca,AutoAuxC.orca,library,ccECP,aug-cc-pVTZ,aug-cc-pVTZ,aug-cc-pVTZ-RI-ccECP,-RI,-ccECP,Ca:aug-cc-pVTZ-RI-ccECP,58,58,h,s15 p13 d12 f7 g7 h4,yes,orbital name plus '-RI' plus declared suffix '-ccECP',by_element/Ca/Ca.aug-cc-pVTZ-RI.cfour
Ca,20,recipes/Ca/ccECP,Ca.cc-pCV5Z.AutoAuxC.orca,AutoAuxC.orca,library,ccECP,cc-pCV5Z,cc-pCV5Z,cc-pCV5Z-RI-ccECP,-RI,-ccECP,Ca:cc-pCV5Z-RI-ccECP,79,79,k,s15 p15 d14 f9 g9 h7 i5 k5,yes,orbital name plus '-RI' plus declared suffix '-ccECP',by_element/Ca/Ca.cc-pCV5Z-RI.cfour
Ca,20,recipes/Ca/ccECP,Ca.cc-pCV6Z.AutoAuxC.orca,AutoAuxC.orca,library,ccECP,cc-pCV6Z,cc-pCV6Z,cc-pCV6Z-RI-ccECP,-RI,-ccECP,Ca:cc-pCV6Z-RI-ccECP,87,87,k,s15 p15 d15 f10 g10 h9 i7 k6,yes,orbital name plus '-RI' plus declared suffix '-ccECP',by_element/Ca/Ca.cc-pCV6Z-RI.cfour
Ca,20,recipes/Ca/ccECP,Ca.cc-pCVDZ.AutoAuxC.orca,AutoAuxC.orca,library,ccECP,cc-pCVDZ,cc-pCVDZ,cc-pCVDZ-RI-ccECP,-RI,-ccECP,Ca:cc-pCVDZ-RI-ccECP,53,53,g,s14 p13 d12 f7 g7,yes,orbital name plus '-RI' plus declared suffix '-ccECP',by_element/Ca/Ca.cc-pCVDZ-RI.cfour
Ca,20,recipes/Ca/ccECP,Ca.cc-pCVQZ.AutoAuxC.orca,AutoAuxC.orca,library,ccECP,cc-pCVQZ,cc-pCVQZ,cc-pCVQZ-RI-ccECP,-RI,-ccECP,Ca:cc-pCVQZ-RI-ccECP,69,69,i,s15 p14 d13 f8 g8 h6 i5,yes,orbital name plus '-RI' plus declared suffix '-ccECP',by_element/Ca/Ca.cc-pCVQZ-RI.cfour
Ca,20,recipes/Ca/ccECP,Ca.cc-pCVTZ.AutoAuxC.orca,AutoAuxC.orca,library,ccECP,cc-pCVTZ,cc-pCVTZ,cc-pCVTZ-RI-ccECP,-RI,-ccECP,Ca:cc-pCVTZ-RI-ccECP,61,61,h,s15 p13 d12 f8 g8 h5,yes,orbital name plus '-RI' plus declared suffix '-ccECP',by_element/Ca/Ca.cc-pCVTZ-RI.cfour
Ca,20,recipes/Ca/ccECP,Ca.cc-pV5Z.AutoAuxC.orca,AutoAuxC.orca,library,ccECP,cc-pV5Z,cc-pV5Z,cc-pV5Z-RI-ccECP,-RI,-ccECP,Ca:cc-pV5Z-RI-ccECP,58,58,k,s13 p11 d10 f6 g6 h5 i4 k3,yes,orbital name plus '-RI' plus declared suffix '-ccECP',by_element/Ca/Ca.cc-pV5Z-RI.cfour
Ca,20,recipes/Ca/ccECP,Ca.cc-pV6Z.AutoAuxC.orca,AutoAuxC.orca,library,ccECP,cc-pV6Z,cc-pV6Z,cc-pV6Z-RI-ccECP,-RI,-ccECP,Ca:cc-pV6Z-RI-ccECP,65,65,k,s14 p12 d11 f7 g7 h6 i4 k4,yes,orbital name plus '-RI' plus declared suffix '-ccECP',by_element/Ca/Ca.cc-pV6Z-RI.cfour
Ca,20,recipes/Ca/ccECP,Ca.cc-pVDZ.AutoAuxC.orca,AutoAuxC.orca,library,ccECP,cc-pVDZ,cc-pVDZ,cc-pVDZ-RI-ccECP,-RI,-ccECP,Ca:cc-pVDZ-RI-ccECP,44,44,g,s13 p11 d10 f6 g4,yes,orbital name plus '-RI' plus declared suffix '-ccECP',by_element/Ca/Ca.cc-pVDZ-RI.cfour
Ca,20,recipes/Ca/ccECP,Ca.cc-pVQZ.AutoAuxC.orca,AutoAuxC.orca,library,ccECP,cc-pVQZ,cc-pVQZ,cc-pVQZ-RI-ccECP,-RI,-ccECP,Ca:cc-pVQZ-RI-ccECP,53,53,i,s13 p11 d10 f6 g6 h4 i3,yes,orbital name plus '-RI' plus declared suffix '-ccECP',by_element/Ca/Ca.cc-pVQZ-RI.cfour
Ca,20,recipes/Ca/ccECP,Ca.cc-pVTZ.AutoAuxC.orca,AutoAuxC.orca,library,ccECP,cc-pVTZ,cc-pVTZ,cc-pVTZ-RI-ccECP,-RI,-ccECP,Ca:cc-pVTZ-RI-ccECP,48,48,h,s13 p11 d10 f6 g6 h2,yes,orbital name plus '-RI' plus declared suffix '-ccECP',by_element/Ca/Ca.cc-pVTZ-RI.cfour
Cd,48,recipes/Cd/ccECP,Cd.aug-cc-pCV5Z.AutoAuxC.orca,AutoAuxC.orca,library,ccECP,aug-cc-pCV5Z,aug-cc-pCV5Z,aug-cc-pCV5Z-RI-ccECP,-RI,-ccECP,Cd:aug-cc-pCV5Z-RI-ccECP,90,90,k,s17 p15 d14 f14 g14 h7 i5 k4,yes,orbital name plus '-RI' plus declared suffix '-ccECP',by_element/Cd/Cd.aug-cc-pCV5Z-RI.cfour
Cd,48,recipes/Cd/ccECP,Cd.aug-cc-pCVDZ.AutoAuxC.orca,AutoAuxC.orca,library,ccECP,aug-cc-pCVDZ,aug-cc-pCVDZ,aug-cc-pCVDZ-RI-ccECP,-RI,-ccECP,Cd:aug-cc-pCVDZ-RI-ccECP,76,76,h,s16 p15 d14 f13 g13 h5,yes,orbital name plus '-RI' plus declared suffix '-ccECP',by_element/Cd/Cd.aug-cc-pCVDZ-RI.cfour
Cd,48,recipes/Cd/ccECP,Cd.aug-cc-pCVQZ.AutoAuxC.orca,AutoAuxC.orca,library,ccECP,aug-cc-pCVQZ,aug-cc-pCVQZ,aug-cc-pCVQZ-RI-ccECP,-RI,-ccECP,Cd:aug-cc-pCVQZ-RI-ccECP,89,89,k,s18 p15 d14 f14 g14 h6 i4 k4,yes,orbital name plus '-RI' plus declared suffix '-ccECP',by_element/Cd/Cd.aug-cc-pCVQZ-RI.cfour
Cd,48,recipes/Cd/ccECP,Cd.aug-cc-pCVTZ.AutoAuxC.orca,AutoAuxC.orca,library,ccECP,aug-cc-pCVTZ,aug-cc-pCVTZ,aug-cc-pCVTZ-RI-ccECP,-RI,-ccECP,Cd:aug-cc-pCVTZ-RI-ccECP,83,83,i,s17 p15 d14 f14 g14 h5 i4,yes,orbital name plus '-RI' plus declared suffix '-ccECP',by_element/Cd/Cd.aug-cc-pCVTZ-RI.cfour
Cd,48,recipes/Cd/ccECP,Cd.aug-cc-pV5Z.AutoAuxC.orca,AutoAuxC.orca,library,ccECP,aug-cc-pV5Z,aug-cc-pV5Z,aug-cc-pV5Z-RI-ccECP,-RI,-ccECP,Cd:aug-cc-pV5Z-RI-ccECP,90,90,k,s17 p15 d14 f14 g14 h7 i5 k4,yes,orbital name plus '-RI' plus declared suffix '-ccECP',by_element/Cd/Cd.aug-cc-pV5Z-RI.cfour
Cd,48,recipes/Cd/ccECP,Cd.aug-cc-pVDZ.AutoAuxC.orca,AutoAuxC.orca,library,ccECP,aug-cc-pVDZ,aug-cc-pVDZ,aug-cc-pVDZ-RI-ccECP,-RI,-ccECP,Cd:aug-cc-pVDZ-RI-ccECP,66,66,h,s15 p13 d12 f12 g11 h3,yes,orbital name plus '-RI' plus declared suffix '-ccECP',by_element/Cd/Cd.aug-cc-pVDZ-RI.cfour
Cd,48,recipes/Cd/ccECP,Cd.aug-cc-pVQZ.AutoAuxC.orca,AutoAuxC.orca,library,ccECP,aug-cc-pVQZ,aug-cc-pVQZ,aug-cc-pVQZ-RI-ccECP,-RI,-ccECP,Cd:aug-cc-pVQZ-RI-ccECP,85,85,k,s16 p15 d14 f13 g13 h6 i4 k4,yes,orbital name plus '-RI' plus declared suffix '-ccECP',by_element/Cd/Cd.aug-cc-pVQZ-RI.cfour
Cd,48,recipes/Cd/ccECP,Cd.aug-cc-pVTZ.AutoAuxC.orca,AutoAuxC.orca,library,ccECP,aug-cc-pVTZ,aug-cc-pVTZ,aug-cc-pVTZ-RI-ccECP,-RI,-ccECP,Cd:aug-cc-pVTZ-RI-ccECP,76,76,i,s16 p14 d13 f13 g12 h5 i3,yes,orbital name plus '-RI' plus declared suffix '-ccECP',by_element/Cd/Cd.aug-cc-pVTZ-RI.cfour
Cd,48,recipes/Cd/ccECP,Cd.cc-pCV5Z.AutoAuxC.orca,AutoAuxC.orca,library,ccECP,cc-pCV5Z,cc-pCV5Z,cc-pCV5Z-RI-ccECP,-RI,-ccECP,Cd:cc-pCV5Z-RI-ccECP,81,81,k,s16 p14 d13 f13 g12 h5 i4 k4,yes,orbital name plus '-RI' plus declared suffix '-ccECP',by_element/Cd/Cd.cc-pCV5Z-RI.cfour
Cd,48,recipes/Cd/ccECP,Cd.cc-pCVDZ.AutoAuxC.orca,AutoAuxC.orca,library,ccECP,cc-pCVDZ,cc-pCVDZ,cc-pCVDZ-RI-ccECP,-RI,-ccECP,Cd:cc-pCVDZ-RI-ccECP,66,66,h,s15 p13 d12 f12 g11 h3,yes,orbital name plus '-RI' plus declared suffix '-ccECP',by_element/Cd/Cd.cc-pCVDZ-RI.cfour
Cd,48,recipes/Cd/ccECP,Cd.cc-pCVQZ.AutoAuxC.orca,AutoAuxC.orca,library,ccECP,cc-pCVQZ,cc-pCVQZ,cc-pCVQZ-RI-ccECP,-RI,-ccECP,Cd:cc-pCVQZ-RI-ccECP,79,79,k,s16 p14 d13 f13 g12 h5 i3 k3,yes,orbital name plus '-RI' plus declared suffix '-ccECP',by_element/Cd/Cd.cc-pCVQZ-RI.cfour
Cd,48,recipes/Cd/ccECP,Cd.cc-pCVTZ.AutoAuxC.orca,AutoAuxC.orca,library,ccECP,cc-pCVTZ,cc-pCVTZ,cc-pCVTZ-RI-ccECP,-RI,-ccECP,Cd:cc-pCVTZ-RI-ccECP,74,74,i,s16 p14 d13 f12 g12 h4 i3,yes,orbital name plus '-RI' plus declared suffix '-ccECP',by_element/Cd/Cd.cc-pCVTZ-RI.cfour
Cd,48,recipes/Cd/ccECP,Cd.cc-pV5Z.AutoAuxC.orca,AutoAuxC.orca,library,ccECP,cc-pV5Z,cc-pV5Z,cc-pV5Z-RI-ccECP,-RI,-ccECP,Cd:cc-pV5Z-RI-ccECP,80,80,k,s16 p14 d13 f13 g12 h5 i4 k3,yes,orbital name plus '-RI' plus declared suffix '-ccECP',by_element/Cd/Cd.cc-pV5Z-RI.cfour
Cd,48,recipes/Cd/ccECP,Cd.cc-pVDZ.AutoAuxC.orca,AutoAuxC.orca,library,ccECP,cc-pVDZ,cc-pVDZ,cc-pVDZ-RI-ccECP,-RI,-ccECP,Cd:cc-pVDZ-RI-ccECP,56,56,h,s13 p11 d10 f10 g10 h2,yes,orbital name plus '-RI' plus declared suffix '-ccECP',by_element/Cd/Cd.cc-pVDZ-RI.cfour
Cd,48,recipes/Cd/ccECP,Cd.cc-pVQZ.AutoAuxC.orca,AutoAuxC.orca,library,ccECP,cc-pVQZ,cc-pVQZ,cc-pVQZ-RI-ccECP,-RI,-ccECP,Cd:cc-pVQZ-RI-ccECP,74,74,k,s15 p13 d12 f12 g11 h5 i3 k3,yes,orbital name plus '-RI' plus declared suffix '-ccECP',by_element/Cd/Cd.cc-pVQZ-RI.cfour
Cd,48,recipes/Cd/ccECP,Cd.cc-pVTZ.AutoAuxC.orca,AutoAuxC.orca,library,ccECP,cc-pVTZ,cc-pVTZ,cc-pVTZ-RI-ccECP,-RI,-ccECP,Cd:cc-pVTZ-RI-ccECP,66,66,i,s14 p12 d11 f11 g11 h4 i3,yes,orbital name plus '-RI' plus declared suffix '-ccECP',by_element/Cd/Cd.cc-pVTZ-RI.cfour
Ce,58,recipes/Ce/ccECP,Ce.aug-cc-pCVDZ.AutoAuxC.orca,AutoAuxC.orca,library,ccECP,aug-cc-pCVDZ,aug-cc-pCVDZ,aug-cc-pCVDZ-RI-ccECP,-RI,-ccECP,Ce:aug-cc-pCVDZ-RI-ccECP,85,85,i,s15 p13 d12 f12 g12 h11 i10,yes,orbital name plus '-RI' plus declared suffix '-ccECP',by_element/Ce/Ce.aug-cc-pCVDZ-RI.cfour
Ce,58,recipes/Ce/ccECP,Ce.aug-cc-pCVQZ.AutoAuxC.orca,AutoAuxC.orca,library,ccECP,aug-cc-pCVQZ,aug-cc-pCVQZ,aug-cc-pCVQZ-RI-ccECP,-RI,-ccECP,Ce:aug-cc-pCVQZ-RI-ccECP,90,90,k,s15 p13 d12 f12 g12 h11 i10 k5,yes,orbital name plus '-RI' plus declared suffix '-ccECP',by_element/Ce/Ce.aug-cc-pCVQZ-RI.cfour
Ce,58,recipes/Ce/ccECP,Ce.aug-cc-pCVTZ.AutoAuxC.orca,AutoAuxC.orca,library,ccECP,aug-cc-pCVTZ,aug-cc-pCVTZ,aug-cc-pCVTZ-RI-ccECP,-RI,-ccECP,Ce:aug-cc-pCVTZ-RI-ccECP,90,90,k,s15 p13 d12 f12 g12 h11 i10 k5,yes,orbital name plus '-RI' plus declared suffix '-ccECP',by_element/Ce/Ce.aug-cc-pCVTZ-RI.cfour
Ce,58,recipes/Ce/ccECP,Ce.aug-cc-pVDZ.AutoAuxC.orca,AutoAuxC.orca,library,ccECP,aug-cc-pVDZ,aug-cc-pVDZ,aug-cc-pVDZ-RI-ccECP,-RI,-ccECP,Ce:aug-cc-pVDZ-RI-ccECP,85,85,i,s15 p13 d12 f12 g12 h11 i10,yes,orbital name plus '-RI' plus declared suffix '-ccECP',by_element/Ce/Ce.aug-cc-pVDZ-RI.cfour
Ce,58,recipes/Ce/ccECP,Ce.aug-cc-pVQZ.AutoAuxC.orca,AutoAuxC.orca,library,ccECP,aug-cc-pVQZ,aug-cc-pVQZ,aug-cc-pVQZ-RI-ccECP,-RI,-ccECP,Ce:aug-cc-pVQZ-RI-ccECP,90,90,k,s15 p13 d12 f12 g12 h11 i10 k5,yes,orbital name plus '-RI' plus declared suffix '-ccECP',by_element/Ce/Ce.aug-cc-pVQZ-RI.cfour
Ce,58,recipes/Ce/ccECP,Ce.aug-cc-pVTZ.AutoAuxC.orca,AutoAuxC.orca,library,ccECP,aug-cc-pVTZ,aug-cc-pVTZ,aug-cc-pVTZ-RI-ccECP,-RI,-ccECP,Ce:aug-cc-pVTZ-RI-ccECP,90,90,k,s15 p13 d12 f12 g12 h11 i10 k5,yes,orbital name plus '-RI' plus declared suffix '-ccECP',by_element/Ce/Ce.aug-cc-pVTZ-RI.cfour
Ce,58,recipes/Ce/ccECP,Ce.cc-pCVDZ.AutoAuxC.orca,AutoAuxC.orca,library,ccECP,cc-pCVDZ,cc-pCVDZ,cc-pCVDZ-RI-ccECP,-RI,-ccECP,Ce:cc-pCVDZ-RI-ccECP,78,78,i,s14 p12 d11 f11 g11 h10 i9,yes,orbital name plus '-RI' plus declared suffix '-ccECP',by_element/Ce/Ce.cc-pCVDZ-RI.cfour
Ce,58,recipes/Ce/ccECP,Ce.cc-pCVQZ.AutoAuxC.orca,AutoAuxC.orca,library,ccECP,cc-pCVQZ,cc-pCVQZ,cc-pCVQZ-RI-ccECP,-RI,-ccECP,Ce:cc-pCVQZ-RI-ccECP,82,82,k,s14 p12 d11 f11 g11 h10 i9 k4,yes,orbital name plus '-RI' plus declared suffix '-ccECP',by_element/Ce/Ce.cc-pCVQZ-RI.cfour
Ce,58,recipes/Ce/ccECP,Ce.cc-pCVTZ.AutoAuxC.orca,AutoAuxC.orca,library,ccECP,cc-pCVTZ,cc-pCVTZ,cc-pCVTZ-RI-ccECP,-RI,-ccECP,Ce:cc-pCVTZ-RI-ccECP,82,82,k,s14 p12 d11 f11 g11 h10 i9 k4,yes,orbital name plus '-RI' plus declared suffix '-ccECP',by_element/Ce/Ce.cc-pCVTZ-RI.cfour
Ce,58,recipes/Ce/ccECP,Ce.cc-pVDZ.AutoAuxC.orca,AutoAuxC.orca,library,ccECP,cc-pVDZ,cc-pVDZ,cc-pVDZ-RI-ccECP,-RI,-ccECP,Ce:cc-pVDZ-RI-ccECP,78,78,i,s14 p12 d11 f11 g11 h10 i9,yes,orbital name plus '-RI' plus declared suffix '-ccECP',by_element/Ce/Ce.cc-pVDZ-RI.cfour
Ce,58,recipes/Ce/ccECP,Ce.cc-pVQZ.AutoAuxC.orca,AutoAuxC.orca,library,ccECP,cc-pVQZ,cc-pVQZ,cc-pVQZ-RI-ccECP,-RI,-ccECP,Ce:cc-pVQZ-RI-ccECP,82,82,k,s14 p12 d11 f11 g11 h10 i9 k4,yes,orbital name plus '-RI' plus declared suffix '-ccECP',by_element/Ce/Ce.cc-pVQZ-RI.cfour
Ce,58,recipes/Ce/ccECP,Ce.cc-pVTZ.AutoAuxC.orca,AutoAuxC.orca,library,ccECP,cc-pVTZ,cc-pVTZ,cc-pVTZ-RI-ccECP,-RI,-ccECP,Ce:cc-pVTZ-RI-ccECP,82,82,k,s14 p12 d11 f11 g11 h10 i9 k4,yes,orbital name plus '-RI' plus declared suffix '-ccECP',by_element/Ce/Ce.cc-pVTZ-RI.cfour
Cl,17,recipes/Cl/ccECP,Cl.aug-cc-pV5Z.AutoAuxC.orca,AutoAuxC.orca,library,ccECP,aug-cc-pV5Z,aug-cc-pV5Z,aug-cc-pV5Z-RI-ccECP,-RI,-ccECP,Cl:aug-cc-pV5Z-RI-ccECP,52,52,i,s11 p10 d10 f6 g6 h5 i4,yes,orbital name plus '-RI' plus declared suffix '-ccECP',by_element/Cl/Cl.aug-cc-pV5Z-RI.cfour
Cl,17,recipes/Cl/ccECP,Cl.aug-cc-pV6Z.AutoAuxC.orca,AutoAuxC.orca,library,ccECP,aug-cc-pV6Z,aug-cc-pV6Z,aug-cc-pV6Z-RI-ccECP,-RI,-ccECP,Cl:aug-cc-pV6Z-RI-ccECP,60,60,k,s12 p11 d11 f7 g6 h5 i4 k4,yes,orbital name plus '-RI' plus declared suffix '-ccECP',by_element/Cl/Cl.aug-cc-pV6Z-RI.cfour
Cl,17,recipes/Cl/ccECP,Cl.aug-cc-pVDZ.AutoAuxC.orca,AutoAuxC.orca,library,ccECP,aug-cc-pVDZ,aug-cc-pVDZ,aug-cc-pVDZ-RI-ccECP,-RI,-ccECP,Cl:aug-cc-pVDZ-RI-ccECP,31,31,f,s11 p9 d8 f3,yes,orbital name plus '-RI' plus declared suffix '-ccECP',by_element/Cl/Cl.aug-cc-pVDZ-RI.cfour
Cl,17,recipes/Cl/ccECP,Cl.aug-cc-pVQZ.AutoAuxC.orca,AutoAuxC.orca,library,ccECP,aug-cc-pVQZ,aug-cc-pVQZ,aug-cc-pVQZ-RI-ccECP,-RI,-ccECP,Cl:aug-cc-pVQZ-RI-ccECP,46,46,h,s11 p10 d10 f6 g5 h4,yes,orbital name plus '-RI' plus declared suffix '-ccECP',by_element/Cl/Cl.aug-cc-pVQZ-RI.cfour
Cl,17,recipes/Cl/ccECP,Cl.aug-cc-pVTZ.AutoAuxC.orca,AutoAuxC.orca,library,ccECP,aug-cc-pVTZ,aug-cc-pVTZ,aug-cc-pVTZ-RI-ccECP,-RI,-ccECP,Cl:aug-cc-pVTZ-RI-ccECP,39,39,g,s11 p10 d9 f5 g4,yes,orbital name plus '-RI' plus declared suffix '-ccECP',by_element/Cl/Cl.aug-cc-pVTZ-RI.cfour
Cl,17,recipes/Cl/ccECP,Cl.cc-pV5Z.AutoAuxC.orca,AutoAuxC.orca,library,ccECP,cc-pV5Z,cc-pV5Z,cc-pV5Z-RI-ccECP,-RI,-ccECP,Cl:cc-pV5Z-RI-ccECP,48,48,i,s11 p10 d10 f5 g5 h4 i3,yes,orbital name plus '-RI' plus declared suffix '-ccECP',by_element/Cl/Cl.cc-pV5Z-RI.cfour
Cl,17,recipes/Cl/ccECP,Cl.cc-pV6Z.AutoAuxC.orca,AutoAuxC.orca,library,ccECP,cc-pV6Z,cc-pV6Z,cc-pV6Z-RI-ccECP,-RI,-ccECP,Cl:cc-pV6Z-RI-ccECP,55,55,k,s11 p10 d10 f6 g6 h5 i4 k3,yes,orbital name plus '-RI' plus declared suffix '-ccECP',by_element/Cl/Cl.cc-pV6Z-RI.cfour
Cl,17,recipes/Cl/ccECP,Cl.cc-pVDZ.AutoAuxC.orca,AutoAuxC.orca,library,ccECP,cc-pVDZ,cc-pVDZ,cc-pVDZ-RI-ccECP,-RI,-ccECP,Cl:cc-pVDZ-RI-ccECP,30,30,f,s11 p9 d8 f2,yes,orbital name plus '-RI' plus declared suffix '-ccECP',by_element/Cl/Cl.cc-pVDZ-RI.cfour
Cl,17,recipes/Cl/ccECP,Cl.cc-pVQZ.AutoAuxC.orca,AutoAuxC.orca,library,ccECP,cc-pVQZ,cc-pVQZ,cc-pVQZ-RI-ccECP,-RI,-ccECP,Cl:cc-pVQZ-RI-ccECP,43,43,h,s11 p10 d10 f5 g4 h3,yes,orbital name plus '-RI' plus declared suffix '-ccECP',by_element/Cl/Cl.cc-pVQZ-RI.cfour
Cl,17,recipes/Cl/ccECP,Cl.cc-pVTZ.AutoAuxC.orca,AutoAuxC.orca,library,ccECP,cc-pVTZ,cc-pVTZ,cc-pVTZ-RI-ccECP,-RI,-ccECP,Cl:cc-pVTZ-RI-ccECP,37,37,g,s11 p10 d9 f4 g3,yes,orbital name plus '-RI' plus declared suffix '-ccECP',by_element/Cl/Cl.cc-pVTZ-RI.cfour
Co,27,recipes/Co/ccECP,Co.aug-cc-pCV5Z.AutoAuxC.orca,AutoAuxC.orca,library,ccECP,aug-cc-pCV5Z,aug-cc-pCV5Z,aug-cc-pCV5Z-RI-ccECP,-RI,-ccECP,Co:aug-cc-pCV5Z-RI-ccECP,92,92,k,s18 p16 d14 f14 g13 h7 i5 k5,yes,orbital name plus '-RI' plus declared suffix '-ccECP',by_element/Co/Co.aug-cc-pCV5Z-RI.cfour
Co,27,recipes/Co/ccECP,Co.aug-cc-pCVDZ.AutoAuxC.orca,AutoAuxC.orca,library,ccECP,aug-cc-pCVDZ,aug-cc-pCVDZ,aug-cc-pCVDZ-RI-ccECP,-RI,-ccECP,Co:aug-cc-pCVDZ-RI-ccECP,76,76,h,s17 p15 d14 f13 g12 h5,yes,orbital name plus '-RI' plus declared suffix '-ccECP',by_element/Co/Co.aug-cc-pCVDZ-RI.cfour
Co,27,recipes/Co/ccECP,Co.aug-cc-pCVQZ.AutoAuxC.orca,AutoAuxC.orca,library,ccECP,aug-cc-pCVQZ,aug-cc-pCVQZ,aug-cc-pCVQZ-RI-ccECP,-RI,-ccECP,Co:aug-cc-pCVQZ-RI-ccECP,88,88,k,s18 p15 d14 f13 g12 h7 i5 k4,yes,orbital name plus '-RI' plus declared suffix '-ccECP',by_element/Co/Co.aug-cc-pCVQZ-RI.cfour
Co,27,recipes/Co/ccECP,Co.aug-cc-pCVTZ.AutoAuxC.orca,AutoAuxC.orca,library,ccECP,aug-cc-pCVTZ,aug-cc-pCVTZ,aug-cc-pCVTZ-RI-ccECP,-RI,-ccECP,Co:aug-cc-pCVTZ-RI-ccECP,84,84,i,s18 p15 d14 f13 g13 h6 i5,yes,orbital name plus '-RI' plus declared suffix '-ccECP',by_element/Co/Co.aug-cc-pCVTZ-RI.cfour
Co,27,recipes/Co/ccECP,Co.aug-cc-pV5Z.AutoAuxC.orca,AutoAuxC.orca,library,ccECP,aug-cc-pV5Z,aug-cc-pV5Z,aug-cc-pV5Z-RI-ccECP,-RI,-ccECP,Co:aug-cc-pV5Z-RI-ccECP,92,92,k,s18 p16 d14 f14 g13 h7 i5 k5,yes,orbital name plus '-RI' plus declared suffix '-ccECP',by_element/Co/Co.aug-cc-pV5Z-RI.cfour
Co,27,recipes/Co/ccECP,Co.aug-cc-pVDZ.AutoAuxC.orca,AutoAuxC.orca,library,ccECP,aug-cc-pVDZ,aug-cc-pVDZ,aug-cc-pVDZ-RI-ccECP,-RI,-ccECP,Co:aug-cc-pVDZ-RI-ccECP,65,65,h,s15 p13 d12 f11 g10 h4,yes,orbital name plus '-RI' plus declared suffix '-ccECP',by_element/Co/Co.aug-cc-pVDZ-RI.cfour
Co,27,recipes/Co/ccECP,Co.aug-cc-pVQZ.AutoAuxC.orca,AutoAuxC.orca,library,ccECP,aug-cc-pVQZ,aug-cc-pVQZ,aug-cc-pVQZ-RI-ccECP,-RI,-ccECP,Co:aug-cc-pVQZ-RI-ccECP,86,86,k,s17 p15 d14 f13 g12 h6 i5 k4,yes,orbital name plus '-RI' plus declared suffix '-ccECP',by_element/Co/Co.aug-cc-pVQZ-RI.cfour
Co,27,recipes/Co/ccECP,Co.aug-cc-pVTZ.AutoAuxC.orca,AutoAuxC.orca,library,ccECP,aug-cc-pVTZ,aug-cc-pVTZ,aug-cc-pVTZ-RI-ccECP,-RI,-ccECP,Co:aug-cc-pVTZ-RI-ccECP,75,75,i,s16 p14 d13 f12 g11 h5 i4,yes,orbital name plus '-RI' plus declared suffix '-ccECP',by_element/Co/Co.aug-cc-pVTZ-RI.cfour
Co,27,recipes/Co/ccECP,Co.cc-pCV5Z.AutoAuxC.orca,AutoAuxC.orca,library,ccECP,cc-pCV5Z,cc-pCV5Z,cc-pCV5Z-RI-ccECP,-RI,-ccECP,Co:cc-pCV5Z-RI-ccECP,81,81,k,s16 p14 d13 f12 g12 h6 i4 k4,yes,orbital name plus '-RI' plus declared suffix '-ccECP',by_element/Co/Co.cc-pCV5Z-RI.cfour
Co,27,recipes/Co/ccECP,Co.cc-pCVDZ.AutoAuxC.orca,AutoAuxC.orca,library,ccECP,cc-pCVDZ,cc-pCVDZ,cc-pCVDZ-RI-ccECP,-RI,-ccECP,Co:cc-pCVDZ-RI-ccECP,69,69,h,s16 p14 d12 f12 g11 h4,yes,orbital name plus '-RI' plus declared suffix '-ccECP',by_element/Co/Co.cc-pCVDZ-RI.cfour
Co,27,recipes/Co/ccECP,Co.cc-pCVQZ.AutoAuxC.orca,AutoAuxC.orca,library,ccECP,cc-pCVQZ,cc-pCVQZ,cc-pCVQZ-RI-ccECP,-RI,-ccECP,Co:cc-pCVQZ-RI-ccECP,78,78,k,s16 p14 d13 f12 g11 h5 i4 k3,yes,orbital name plus '-RI' plus declared suffix '-ccECP',by_element/Co/Co.cc-pCVQZ-RI.cfour
Co,27,recipes/Co/ccECP,Co.cc-pCVTZ.AutoAuxC.orca,AutoAuxC.orca,library,ccECP,cc-pCVTZ,cc-pCVTZ,cc-pCVTZ-RI-ccECP,-RI,-ccECP,Co:cc-pCVTZ-RI-ccECP,74,74,i,s16 p14 d13 f12 g11 h5 i3,yes,orbital name plus '-RI' plus declared suffix '-ccECP',by_element/Co/Co.cc-pCVTZ-RI.cfour
Co,27,recipes/Co/ccECP,Co.cc-pV5Z.AutoAuxC.orca,AutoAuxC.orca,library,ccECP,cc-pV5Z,cc-pV5Z,cc-pV5Z-RI-ccECP,-RI,-ccECP,Co:cc-pV5Z-RI-ccECP,81,81,k,s16 p14 d13 f12 g12 h6 i4 k4,yes,orbital name plus '-RI' plus declared suffix '-ccECP',by_element/Co/Co.cc-pV5Z-RI.cfour
Co,27,recipes/Co/ccECP,Co.cc-pVDZ.AutoAuxC.orca,AutoAuxC.orca,library,ccECP,cc-pVDZ,cc-pVDZ,cc-pVDZ-RI-ccECP,-RI,-ccECP,Co:cc-pVDZ-RI-ccECP,58,58,h,s14 p12 d11 f10 g9 h2,yes,orbital name plus '-RI' plus declared suffix '-ccECP',by_element/Co/Co.cc-pVDZ-RI.cfour
Co,27,recipes/Co/ccECP,Co.cc-pVQZ.AutoAuxC.orca,AutoAuxC.orca,library,ccECP,cc-pVQZ,cc-pVQZ,cc-pVQZ-RI-ccECP,-RI,-ccECP,Co:cc-pVQZ-RI-ccECP,77,77,k,s16 p14 d12 f12 g11 h5 i4 k3,yes,orbital name plus '-RI' plus declared suffix '-ccECP',by_element/Co/Co.cc-pVQZ-RI.cfour
Co,27,recipes/Co/ccECP,Co.cc-pVTZ.AutoAuxC.orca,AutoAuxC.orca,library,ccECP,cc-pVTZ,cc-pVTZ,cc-pVTZ-RI-ccECP,-RI,-ccECP,Co:cc-pVTZ-RI-ccECP,68,68,i,s15 p13 d12 f11 g10 h4 i3,yes,orbital name plus '-RI' plus declared suffix '-ccECP',by_element/Co/Co.cc-pVTZ-RI.cfour
Cr,24,recipes/Cr/ccECP,Cr.aug-cc-pCV5Z.AutoAuxC.orca,AutoAuxC.orca,library,ccECP,aug-cc-pCV5Z,aug-cc-pCV5Z,aug-cc-pCV5Z-RI-ccECP,-RI,-ccECP,Cr:aug-cc-pCV5Z-RI-ccECP,89,89,k,s17 p15 d14 f13 g13 h7 i5 k5,yes,orbital name plus '-RI' plus declared suffix '-ccECP',by_element/Cr/Cr.aug-cc-pCV5Z-RI.cfour
Cr,24,recipes/Cr/ccECP,Cr.aug-cc-pCVDZ.AutoAuxC.orca,AutoAuxC.orca,library,ccECP,aug-cc-pCVDZ,aug-cc-pCVDZ,aug-cc-pCVDZ-RI-ccECP,-RI,-ccECP,Cr:aug-cc-pCVDZ-RI-ccECP,74,74,h,s17 p14 d13 f13 g12 h5,yes,orbital name plus '-RI' plus declared suffix '-ccECP',by_element/Cr/Cr.aug-cc-pCVDZ-RI.cfour
Cr,24,recipes/Cr/ccECP,Cr.aug-cc-pCVQZ.AutoAuxC.orca,AutoAuxC.orca,library,ccECP,aug-cc-pCVQZ,aug-cc-pCVQZ,aug-cc-pCVQZ-RI-ccECP,-RI,-ccECP,Cr:aug-cc-pCVQZ-RI-ccECP,89,89,k,s17 p15 d14 f13 g13 h7 i5 k5,yes,orbital name plus '-RI' plus declared suffix '-ccECP',by_element/Cr/Cr.aug-cc-pCVQZ-RI.cfour
Cr,24,recipes/Cr/ccECP,Cr.aug-cc-pCVTZ.AutoAuxC.orca,AutoAuxC.orca,library,ccECP,aug-cc-pCVTZ,aug-cc-pCVTZ,aug-cc-pCVTZ-RI-ccECP,-RI,-ccECP,Cr:aug-cc-pCVTZ-RI-ccECP,84,84,i,s17 p15 d14 f13 g13 h7 i5,yes,orbital name plus '-RI' plus declared suffix '-ccECP',by_element/Cr/Cr.aug-cc-pCVTZ-RI.cfour
Cr,24,recipes/Cr/ccECP,Cr.aug-cc-pV5Z.AutoAuxC.orca,AutoAuxC.orca,library,ccECP,aug-cc-pV5Z,aug-cc-pV5Z,aug-cc-pV5Z-RI-ccECP,-RI,-ccECP,Cr:aug-cc-pV5Z-RI-ccECP,89,89,k,s17 p15 d14 f13 g13 h7 i5 k5,yes,orbital name plus '-RI' plus declared suffix '-ccECP',by_element/Cr/Cr.aug-cc-pV5Z-RI.cfour
Cr,24,recipes/Cr/ccECP,Cr.aug-cc-pVDZ.AutoAuxC.orca,AutoAuxC.orca,library,ccECP,aug-cc-pVDZ,aug-cc-pVDZ,aug-cc-pVDZ-RI-ccECP,-RI,-ccECP,Cr:aug-cc-pVDZ-RI-ccECP,63,63,h,s15 p12 d11 f11 g10 h4,yes,orbital name plus '-RI' plus declared suffix '-ccECP',by_element/Cr/Cr.aug-cc-pVDZ-RI.cfour
Cr,24,recipes/Cr/ccECP,Cr.aug-cc-pVQZ.AutoAuxC.orca,AutoAuxC.orca,library,ccECP,aug-cc-pVQZ,aug-cc-pVQZ,aug-cc-pVQZ-RI-ccECP,-RI,-ccECP,Cr:aug-cc-pVQZ-RI-ccECP,84,84,k,s17 p14 d13 f13 g12 h6 i5 k4,yes,orbital name plus '-RI' plus declared suffix '-ccECP',by_element/Cr/Cr.aug-cc-pVQZ-RI.cfour
Cr,24,recipes/Cr/ccECP,Cr.aug-cc-pVTZ.AutoAuxC.orca,AutoAuxC.orca,library,ccECP,aug-cc-pVTZ,aug-cc-pVTZ,aug-cc-pVTZ-RI-ccECP,-RI,-ccECP,Cr:aug-cc-pVTZ-RI-ccECP,74,74,i,s16 p13 d12 f12 g11 h6 i4,yes,orbital name plus '-RI' plus declared suffix '-ccECP',by_element/Cr/Cr.aug-cc-pVTZ-RI.cfour
Cr,24,recipes/Cr/ccECP,Cr.cc-pCV5Z.AutoAuxC.orca,AutoAuxC.orca,library,ccECP,cc-pCV5Z,cc-pCV5Z,cc-pCV5Z-RI-ccECP,-RI,-ccECP,Cr:cc-pCV5Z-RI-ccECP,81,81,k,s16 p14 d13 f12 g12 h6 i4 k4,yes,orbital name plus '-RI' plus declared suffix '-ccECP',by_element/Cr/Cr.cc-pCV5Z-RI.cfour
Cr,24,recipes/Cr/ccECP,Cr.cc-pCVDZ.AutoAuxC.orca,AutoAuxC.orca,library,ccECP,cc-pCVDZ,cc-pCVDZ,cc-pCVDZ-RI-ccECP,-RI,-ccECP,Cr:cc-pCVDZ-RI-ccECP,66,66,h,s15 p13 d12 f11 g11 h4,yes,orbital name plus '-RI' plus declared suffix '-ccECP',by_element/Cr/Cr.cc-pCVDZ-RI.cfour
Cr,24,recipes/Cr/ccECP,Cr.cc-pCVQZ.AutoAuxC.orca,AutoAuxC.orca,library,ccECP,cc-pCVQZ,cc-pCVQZ,cc-pCVQZ-RI-ccECP,-RI,-ccECP,Cr:cc-pCVQZ-RI-ccECP,78,78,k,s16 p14 d12 f12 g11 h5 i4 k4,yes,orbital name plus '-RI' plus declared suffix '-ccECP',by_element/Cr/Cr.cc-pCVQZ-RI.cfour
Cr,24,recipes/Cr/ccECP,Cr.cc-pCVTZ.AutoAuxC.orca,AutoAuxC.orca,library,ccECP,cc-pCVTZ,cc-pCVTZ,cc-pCVTZ-RI-ccECP,-RI,-ccECP,Cr:cc-pCVTZ-RI-ccECP,74,74,i,s16 p14 d12 f12 g11 h5 i4,yes,orbital name plus '-RI' plus declared suffix '-ccECP',by_element/Cr/Cr.cc-pCVTZ-RI.cfour
Cr,24,recipes/Cr/ccECP,Cr.cc-pV5Z.AutoAuxC.orca,AutoAuxC.orca,library,ccECP,cc-pV5Z,cc-pV5Z,cc-pV5Z-RI-ccECP,-RI,-ccECP,Cr:cc-pV5Z-RI-ccECP,80,80,k,s16 p14 d12 f12 g12 h6 i4 k4,yes,orbital name plus '-RI' plus declared suffix '-ccECP',by_element/Cr/Cr.cc-pV5Z-RI.cfour
Cr,24,recipes/Cr/ccECP,Cr.cc-pVDZ.AutoAuxC.orca,AutoAuxC.orca,library,ccECP,cc-pVDZ,cc-pVDZ,cc-pVDZ-RI-ccECP,-RI,-ccECP,Cr:cc-pVDZ-RI-ccECP,54,54,h,s13 p11 d10 f9 g9 h2,yes,orbital name plus '-RI' plus declared suffix '-ccECP',by_element/Cr/Cr.cc-pVDZ-RI.cfour
Cr,24,recipes/Cr/ccECP,Cr.cc-pVQZ.AutoAuxC.orca,AutoAuxC.orca,library,ccECP,cc-pVQZ,cc-pVQZ,cc-pVQZ-RI-ccECP,-RI,-ccECP,Cr:cc-pVQZ-RI-ccECP,74,74,k,s15 p13 d12 f11 g11 h5 i4 k3,yes,orbital name plus '-RI' plus declared suffix '-ccECP',by_element/Cr/Cr.cc-pVQZ-RI.cfour
Cr,24,recipes/Cr/ccECP,Cr.cc-pVTZ.AutoAuxC.orca,AutoAuxC.orca,library,ccECP,cc-pVTZ,cc-pVTZ,cc-pVTZ-RI-ccECP,-RI,-ccECP,Cr:cc-pVTZ-RI-ccECP,65,65,i,s14 p12 d11 f11 g10 h4 i3,yes,orbital name plus '-RI' plus declared suffix '-ccECP',by_element/Cr/Cr.cc-pVTZ-RI.cfour
Cs,55,recipes/Cs/ccECP,Cs.aug-cc-pCV5Z.AutoAuxC.orca,AutoAuxC.orca,library,ccECP,aug-cc-pCV5Z,aug-cc-pCV5Z,aug-cc-pCV5Z-RI-ccECP,-RI,-ccECP,Cs:aug-cc-pCV5Z-RI-ccECP,81,81,k,s17 p15 d14 f9 g9 h7 i5 k5,yes,orbital name plus '-RI' plus declared suffix '-ccECP',by_element/Cs/Cs.aug-cc-pCV5Z-RI.cfour
Cs,55,recipes/Cs/ccECP,Cs.aug-cc-pCVDZ.AutoAuxC.orca,AutoAuxC.orca,library,ccECP,aug-cc-pCVDZ,aug-cc-pCVDZ,aug-cc-pCVDZ-RI-ccECP,-RI,-ccECP,Cs:aug-cc-pCVDZ-RI-ccECP,46,46,g,s15 p13 d11 f4 g3,yes,orbital name plus '-RI' plus declared suffix '-ccECP',by_element/Cs/Cs.aug-cc-pCVDZ-RI.cfour
Cs,55,recipes/Cs/ccECP,Cs.aug-cc-pCVQZ.AutoAuxC.orca,AutoAuxC.orca,library,ccECP,aug-cc-pCVQZ,aug-cc-pCVQZ,aug-cc-pCVQZ-RI-ccECP,-RI,-ccECP,Cs:aug-cc-pCVQZ-RI-ccECP,70,70,i,s18 p15 d13 f8 g7 h5 i4,yes,orbital name plus '-RI' plus declared suffix '-ccECP',by_element/Cs/Cs.aug-cc-pCVQZ-RI.cfour
Cs,55,recipes/Cs/ccECP,Cs.aug-cc-pCVTZ.AutoAuxC.orca,AutoAuxC.orca,library,ccECP,aug-cc-pCVTZ,aug-cc-pCVTZ,aug-cc-pCVTZ-RI-ccECP,-RI,-ccECP,Cs:aug-cc-pCVTZ-RI-ccECP,60,60,h,s17 p14 d13 f7 g5 h4,yes,orbital name plus '-RI' plus declared suffix '-ccECP',by_element/Cs/Cs.aug-cc-pCVTZ-RI.cfour
Cs,55,recipes/Cs/ccECP,Cs.aug-cc-pV5Z.AutoAuxC.orca,AutoAuxC.orca,library,ccECP,aug-cc-pV5Z,aug-cc-pV5Z,aug-cc-pV5Z-RI-ccECP,-RI,-ccECP,Cs:aug-cc-pV5Z-RI-ccECP,66,66,k,s15 p13 d12 f7 g7 h5 i4 k3,yes,orbital name plus '-RI' plus declared suffix '-ccECP',by_element/Cs/Cs.aug-cc-pV5Z-RI.cfour
Cs,55,recipes/Cs/ccECP,Cs.aug-cc-pVDZ.AutoAuxC.orca,AutoAuxC.orca,library,ccECP,aug-cc-pVDZ,aug-cc-pVDZ,aug-cc-pVDZ-RI-ccECP,-RI,-ccECP,Cs:aug-cc-pVDZ-RI-ccECP,40,40,g,s13 p11 d10 f3 g3,yes,orbital name plus '-RI' plus declared suffix '-ccECP',by_element/Cs/Cs.aug-cc-pVDZ-RI.cfour
Cs,55,recipes/Cs/ccECP,Cs.aug-cc-pVQZ.AutoAuxC.orca,AutoAuxC.orca,library,ccECP,aug-cc-pVQZ,aug-cc-pVQZ,aug-cc-pVQZ-RI-ccECP,-RI,-ccECP,Cs:aug-cc-pVQZ-RI-ccECP,58,58,i,s16 p12 d11 f6 g6 h4 i3,yes,orbital name plus '-RI' plus declared suffix '-ccECP',by_element/Cs/Cs.aug-cc-pVQZ-RI.cfour
Cs,55,recipes/Cs/ccECP,Cs.aug-cc-pVTZ.AutoAuxC.orca,AutoAuxC.orca,library,ccECP,aug-cc-pVTZ,aug-cc-pVTZ,aug-cc-pVTZ-RI-ccECP,-RI,-ccECP,Cs:aug-cc-pVTZ-RI-ccECP,48,48,h,s14 p12 d10 f5 g4 h3,yes,orbital name plus '-RI' plus declared suffix '-ccECP',by_element/Cs/Cs.aug-cc-pVTZ-RI.cfour
Cs,55,recipes/Cs/ccECP,Cs.cc-pCV5Z.AutoAuxC.orca,AutoAuxC.orca,library,ccECP,cc-pCV5Z,cc-pCV5Z,cc-pCV5Z-RI-ccECP,-RI,-ccECP,Cs:cc-pCV5Z-RI-ccECP,76,76,k,s16 p15 d14 f8 g8 h6 i5 k4,yes,orbital name plus '-RI' plus declared suffix '-ccECP',by_element/Cs/Cs.cc-pCV5Z-RI.cfour
Cs,55,recipes/Cs/ccECP,Cs.cc-pCVDZ.AutoAuxC.orca,AutoAuxC.orca,library,ccECP,cc-pCVDZ,cc-pCVDZ,cc-pCVDZ-RI-ccECP,-RI,-ccECP,Cs:cc-pCVDZ-RI-ccECP,42,42,g,s14 p12 d11 f3 g2,yes,orbital name plus '-RI' plus declared suffix '-ccECP',by_element/Cs/Cs.cc-pCVDZ-RI.cfour
Cs,55,recipes/Cs/ccECP,Cs.cc-pCVQZ.AutoAuxC.orca,AutoAuxC.orca,library,ccECP,cc-pCVQZ,cc-pCVQZ,cc-pCVQZ-RI-ccECP,-RI,-ccECP,Cs:cc-pCVQZ-RI-ccECP,64,64,i,s16 p14 d13 f7 g6 h5 i3,yes,orbital name plus '-RI' plus declared suffix '-ccECP',by_element/Cs/Cs.cc-pCVQZ-RI.cfour
Cs,55,recipes/Cs/ccECP,Cs.cc-pCVTZ.AutoAuxC.orca,AutoAuxC.orca,library,ccECP,cc-pCVTZ,cc-pCVTZ,cc-pCVTZ-RI-ccECP,-RI,-ccECP,Cs:cc-pCVTZ-RI-ccECP,55,55,h,s16 p14 d13 f5 g4 h3,yes,orbital name plus '-RI' plus declared suffix '-ccECP',by_element/Cs/Cs.cc-pCVTZ-RI.cfour
Cs,55,recipes/Cs/ccECP,Cs.cc-pV5Z.AutoAuxC.orca,AutoAuxC.orca,library,ccECP,cc-pV5Z,cc-pV5Z,cc-pV5Z-RI-ccECP,-RI,-ccECP,Cs:cc-pV5Z-RI-ccECP,59,59,k,s14 p12 d11 f6 g6 h4 i3 k3,yes,orbital name plus '-RI' plus declared suffix '-ccECP',by_element/Cs/Cs.cc-pV5Z-RI.cfour
Cs,55,recipes/Cs/ccECP,Cs.cc-pVDZ.AutoAuxC.orca,AutoAuxC.orca,library,ccECP,cc-pVDZ,cc-pVDZ,cc-pVDZ-RI-ccECP,-RI,-ccECP,Cs:cc-pVDZ-RI-ccECP,36,36,g,s12 p11 d10 f2 g1,yes,orbital name plus '-RI' plus declared suffix '-ccECP',by_element/Cs/Cs.cc-pVDZ-RI.cfour
Cs,55,recipes/Cs/ccECP,Cs.cc-pVQZ.AutoAuxC.orca,AutoAuxC.orca,library,ccECP,cc-pVQZ,cc-pVQZ,cc-pVQZ-RI-ccECP,-RI,-ccECP,Cs:cc-pVQZ-RI-ccECP,51,51,i,s14 p12 d11 f5 g4 h3 i2,yes,orbital name plus '-RI' plus declared suffix '-ccECP',by_element/Cs/Cs.cc-pVQZ-RI.cfour
Cs,55,recipes/Cs/ccECP,Cs.cc-pVTZ.AutoAuxC.orca,AutoAuxC.orca,library,ccECP,cc-pVTZ,cc-pVTZ,cc-pVTZ-RI-ccECP,-RI,-ccECP,Cs:cc-pVTZ-RI-ccECP,43,43,h,s13 p11 d10 f4 g3 h2,yes,orbital name plus '-RI' plus declared suffix '-ccECP',by_element/Cs/Cs.cc-pVTZ-RI.cfour
Cu,29,recipes/Cu/ccECP,Cu.aug-cc-pCV5Z.AutoAuxC.orca,AutoAuxC.orca,library,ccECP,aug-cc-pCV5Z,aug-cc-pCV5Z,aug-cc-pCV5Z-RI-ccECP,-RI,-ccECP,Cu:aug-cc-pCV5Z-RI-ccECP,93,93,k,s18 p16 d15 f14 g13 h7 i5 k5,yes,orbital name plus '-RI' plus declared suffix '-ccECP',by_element/Cu/Cu.aug-cc-pCV5Z-RI.cfour
Cu,29,recipes/Cu/ccECP,Cu.aug-cc-pCVDZ.AutoAuxC.orca,AutoAuxC.orca,library,ccECP,aug-cc-pCVDZ,aug-cc-pCVDZ,aug-cc-pCVDZ-RI-ccECP,-RI,-ccECP,Cu:aug-cc-pCVDZ-RI-ccECP,76,76,h,s17 p15 d14 f13 g12 h5,yes,orbital name plus '-RI' plus declared suffix '-ccECP',by_element/Cu/Cu.aug-cc-pCVDZ-RI.cfour
Cu,29,recipes/Cu/ccECP,Cu.aug-cc-pCVQZ.AutoAuxC.orca,AutoAuxC.orca,library,ccECP,aug-cc-pCVQZ,aug-cc-pCVQZ,aug-cc-pCVQZ-RI-ccECP,-RI,-ccECP,Cu:aug-cc-pCVQZ-RI-ccECP,91,91,k,s18 p16 d15 f13 g13 h7 i5 k4,yes,orbital name plus '-RI' plus declared suffix '-ccECP',by_element/Cu/Cu.aug-cc-pCVQZ-RI.cfour
Cu,29,recipes/Cu/ccECP,Cu.aug-cc-pCVTZ.AutoAuxC.orca,AutoAuxC.orca,library,ccECP,aug-cc-pCVTZ,aug-cc-pCVTZ,aug-cc-pCVTZ-RI-ccECP,-RI,-ccECP,Cu:aug-cc-pCVTZ-RI-ccECP,86,86,i,s18 p16 d14 f14 g13 h6 i5,yes,orbital name plus '-RI' plus declared suffix '-ccECP',by_element/Cu/Cu.aug-cc-pCVTZ-RI.cfour
Cu,29,recipes/Cu/ccECP,Cu.aug-cc-pV5Z.AutoAuxC.orca,AutoAuxC.orca,library,ccECP,aug-cc-pV5Z,aug-cc-pV5Z,aug-cc-pV5Z-RI-ccECP,-RI,-ccECP,Cu:aug-cc-pV5Z-RI-ccECP,93,93,k,s18 p16 d15 f14 g13 h7 i5 k5,yes,orbital name plus '-RI' plus declared suffix '-ccECP',by_element/Cu/Cu.aug-cc-pV5Z-RI.cfour
Cu,29,recipes/Cu/ccECP,Cu.aug-cc-pVDZ.AutoAuxC.orca,AutoAuxC.orca,library,ccECP,aug-cc-pVDZ,aug-cc-pVDZ,aug-cc-pVDZ-RI-ccECP,-RI,-ccECP,Cu:aug-cc-pVDZ-RI-ccECP,68,68,h,s16 p14 d12 f11 g11 h4,yes,orbital name plus '-RI' plus declared suffix '-ccECP',by_element/Cu/Cu.aug-cc-pVDZ-RI.cfour
Cu,29,recipes/Cu/ccECP,Cu.aug-cc-pVQZ.AutoAuxC.orca,AutoAuxC.orca,library,ccECP,aug-cc-pVQZ,aug-cc-pVQZ,aug-cc-pVQZ-RI-ccECP,-RI,-ccECP,Cu:aug-cc-pVQZ-RI-ccECP,87,87,k,s18 p15 d14 f13 g12 h6 i5 k4,yes,orbital name plus '-RI' plus declared suffix '-ccECP',by_element/Cu/Cu.aug-cc-pVQZ-RI.cfour
Cu,29,recipes/Cu/ccECP,Cu.aug-cc-pVTZ.AutoAuxC.orca,AutoAuxC.orca,library,ccECP,aug-cc-pVTZ,aug-cc-pVTZ,aug-cc-pVTZ-RI-ccECP,-RI,-ccECP,Cu:aug-cc-pVTZ-RI-ccECP,79,79,i,s17 p15 d13 f13 g12 h5 i4,yes,orbital name plus '-RI' plus declared suffix '-ccECP',by_element/Cu/Cu.aug-cc-pVTZ-RI.cfour
Cu,29,recipes/Cu/ccECP,Cu.cc-pCV5Z.AutoAuxC.orca,AutoAuxC.orca,library,ccECP,cc-pCV5Z,cc-pCV5Z,cc-pCV5Z-RI-ccECP,-RI,-ccECP,Cu:cc-pCV5Z-RI-ccECP,85,85,k,s17 p15 d14 f13 g12 h6 i4 k4,yes,orbital name plus '-RI' plus declared suffix '-ccECP',by_element/Cu/Cu.cc-pCV5Z-RI.cfour
Cu,29,recipes/Cu/ccECP,Cu.cc-pCVDZ.AutoAuxC.orca,AutoAuxC.orca,library,ccECP,cc-pCVDZ,cc-pCVDZ,cc-pCVDZ-RI-ccECP,-RI,-ccECP,Cu:cc-pCVDZ-RI-ccECP,69,69,h,s16 p14 d13 f12 g11 h3,yes,orbital name plus '-RI' plus declared suffix '-ccECP',by_element/Cu/Cu.cc-pCVDZ-RI.cfour
Cu,29,recipes/Cu/ccECP,Cu.cc-pCVQZ.AutoAuxC.orca,AutoAuxC.orca,library,ccECP,cc-pCVQZ,cc-pCVQZ,cc-pCVQZ-RI-ccECP,-RI,-ccECP,Cu:cc-pCVQZ-RI-ccECP,80,80,k,s17 p15 d13 f12 g11 h5 i4 k3,yes,orbital name plus '-RI' plus declared suffix '-ccECP',by_element/Cu/Cu.cc-pCVQZ-RI.cfour
Cu,29,recipes/Cu/ccECP,Cu.cc-pCVTZ.AutoAuxC.orca,AutoAuxC.orca,library,ccECP,cc-pCVTZ,cc-pCVTZ,cc-pCVTZ-RI-ccECP,-RI,-ccECP,Cu:cc-pCVTZ-RI-ccECP,76,76,i,s17 p14 d13 f12 g12 h5 i3,yes,orbital name plus '-RI' plus declared suffix '-ccECP',by_element/Cu/Cu.cc-pCVTZ-RI.cfour
Cu,29,recipes/Cu/ccECP,Cu.cc-pV5Z.AutoAuxC.orca,AutoAuxC.orca,library,ccECP,cc-pV5Z,cc-pV5Z,cc-pV5Z-RI-ccECP,-RI,-ccECP,Cu:cc-pV5Z-RI-ccECP,84,84,k,s17 p15 d13 f13 g12 h6 i4 k4,yes,orbital name plus '-RI' plus declared suffix '-ccECP',by_element/Cu/Cu.cc-pV5Z-RI.cfour
Cu,29,recipes/Cu/ccECP,Cu.cc-pVDZ.AutoAuxC.orca,AutoAuxC.orca,library,ccECP,cc-pVDZ,cc-pVDZ,cc-pVDZ-RI-ccECP,-RI,-ccECP,Cu:cc-pVDZ-RI-ccECP,58,58,h,s14 p12 d11 f10 g9 h2,yes,orbital name plus '-RI' plus declared suffix '-ccECP',by_element/Cu/Cu.cc-pVDZ-RI.cfour
Cu,29,recipes/Cu/ccECP,Cu.cc-pVQZ.AutoAuxC.orca,AutoAuxC.orca,library,ccECP,cc-pVQZ,cc-pVQZ,cc-pVQZ-RI-ccECP,-RI,-ccECP,Cu:cc-pVQZ-RI-ccECP,78,78,k,s16 p14 d13 f12 g11 h5 i4 k3,yes,orbital name plus '-RI' plus declared suffix '-ccECP',by_element/Cu/Cu.cc-pVQZ-RI.cfour
Cu,29,recipes/Cu/ccECP,Cu.cc-pVTZ.AutoAuxC.orca,AutoAuxC.orca,library,ccECP,cc-pVTZ,cc-pVTZ,cc-pVTZ-RI-ccECP,-RI,-ccECP,Cu:cc-pVTZ-RI-ccECP,69,69,i,s16 p13 d12 f11 g10 h4 i3,yes,orbital name plus '-RI' plus declared suffix '-ccECP',by_element/Cu/Cu.cc-pVTZ-RI.cfour
Eu,63,recipes/Eu/ccECP,Eu.aug-cc-pCVDZ.AutoAuxC.orca,AutoAuxC.orca,library,ccECP,aug-cc-pCVDZ,aug-cc-pCVDZ,aug-cc-pCVDZ-RI-ccECP,-RI,-ccECP,Eu:aug-cc-pCVDZ-RI-ccECP,107,107,i,s17 p17 d16 f16 g15 h14 i12,yes,orbital name plus '-RI' plus declared suffix '-ccECP',by_element/Eu/Eu.aug-cc-pCVDZ-RI.cfour
Eu,63,recipes/Eu/ccECP,Eu.aug-cc-pCVQZ.AutoAuxC.orca,AutoAuxC.orca,library,ccECP,aug-cc-pCVQZ,aug-cc-pCVQZ,aug-cc-pCVQZ-RI-ccECP,-RI,-ccECP,Eu:aug-cc-pCVQZ-RI-ccECP,110,110,k,s17 p16 d16 f16 g15 h13 i12 k5,yes,orbital name plus '-RI' plus declared suffix '-ccECP',by_element/Eu/Eu.aug-cc-pCVQZ-RI.cfour
Eu,63,recipes/Eu/ccECP,Eu.aug-cc-pCVTZ.AutoAuxC.orca,AutoAuxC.orca,library,ccECP,aug-cc-pCVTZ,aug-cc-pCVTZ,aug-cc-pCVTZ-RI-ccECP,-RI,-ccECP,Eu:aug-cc-pCVTZ-RI-ccECP,107,107,k,s17 p16 d15 f15 g15 h13 i12 k4,yes,orbital name plus '-RI' plus declared suffix '-ccECP',by_element/Eu/Eu.aug-cc-pCVTZ-RI.cfour
Eu,63,recipes/Eu/ccECP,Eu.aug-cc-pVDZ.AutoAuxC.orca,AutoAuxC.orca,library,ccECP,aug-cc-pVDZ,aug-cc-pVDZ,aug-cc-pVDZ-RI-ccECP,-RI,-ccECP,Eu:aug-cc-pVDZ-RI-ccECP,97,97,i,s17 p15 d14 f14 g14 h12 i11,yes,orbital name plus '-RI' plus declared suffix '-ccECP',by_element/Eu/Eu.aug-cc-pVDZ-RI.cfour
Eu,63,recipes/Eu/ccECP,Eu.aug-cc-pVQZ.AutoAuxC.orca,AutoAuxC.orca,library,ccECP,aug-cc-pVQZ,aug-cc-pVQZ,aug-cc-pVQZ-RI-ccECP,-RI,-ccECP,Eu:aug-cc-pVQZ-RI-ccECP,108,108,k,s17 p16 d15 f15 g15 h13 i12 k5,yes,orbital name plus '-RI' plus declared suffix '-ccECP',by_element/Eu/Eu.aug-cc-pVQZ-RI.cfour
Eu,63,recipes/Eu/ccECP,Eu.aug-cc-pVTZ.AutoAuxC.orca,AutoAuxC.orca,library,ccECP,aug-cc-pVTZ,aug-cc-pVTZ,aug-cc-pVTZ-RI-ccECP,-RI,-ccECP,Eu:aug-cc-pVTZ-RI-ccECP,106,106,k,s17 p16 d15 f15 g14 h13 i12 k4,yes,orbital name plus '-RI' plus declared suffix '-ccECP',by_element/Eu/Eu.aug-cc-pVTZ-RI.cfour
Eu,63,recipes/Eu/ccECP,Eu.cc-pCVDZ.AutoAuxC.orca,AutoAuxC.orca,library,ccECP,cc-pCVDZ,cc-pCVDZ,cc-pCVDZ-RI-ccECP,-RI,-ccECP,Eu:cc-pCVDZ-RI-ccECP,96,96,i,s16 p15 d14 f14 g14 h12 i11,yes,orbital name plus '-RI' plus declared suffix '-ccECP',by_element/Eu/Eu.cc-pCVDZ-RI.cfour
Eu,63,recipes/Eu/ccECP,Eu.cc-pCVQZ.AutoAuxC.orca,AutoAuxC.orca,library,ccECP,cc-pCVQZ,cc-pCVQZ,cc-pCVQZ-RI-ccECP,-RI,-ccECP,Eu:cc-pCVQZ-RI-ccECP,101,101,k,s16 p15 d14 f14 g14 h12 i11 k5,yes,orbital name plus '-RI' plus declared suffix '-ccECP',by_element/Eu/Eu.cc-pCVQZ-RI.cfour
Eu,63,recipes/Eu/ccECP,Eu.cc-pCVTZ.AutoAuxC.orca,AutoAuxC.orca,library,ccECP,cc-pCVTZ,cc-pCVTZ,cc-pCVTZ-RI-ccECP,-RI,-ccECP,Eu:cc-pCVTZ-RI-ccECP,100,100,k,s16 p15 d14 f14 g14 h12 i11 k4,yes,orbital name plus '-RI' plus declared suffix '-ccECP',by_element/Eu/Eu.cc-pCVTZ-RI.cfour
Eu,63,recipes/Eu/ccECP,Eu.cc-pVDZ.AutoAuxC.orca,AutoAuxC.orca,library,ccECP,cc-pVDZ,cc-pVDZ,cc-pVDZ-RI-ccECP,-RI,-ccECP,Eu:cc-pVDZ-RI-ccECP,83,83,i,s15 p13 d12 f12 g12 h10 i9,yes,orbital name plus '-RI' plus declared suffix '-ccECP',by_element/Eu/Eu.cc-pVDZ-RI.cfour
Eu,63,recipes/Eu/ccECP,Eu.cc-pVQZ.AutoAuxC.orca,AutoAuxC.orca,library,ccECP,cc-pVQZ,cc-pVQZ,cc-pVQZ-RI-ccECP,-RI,-ccECP,Eu:cc-pVQZ-RI-ccECP,95,95,k,s16 p14 d14 f13 g13 h11 i10 k4,yes,orbital name plus '-RI' plus declared suffix '-ccECP',by_element/Eu/Eu.cc-pVQZ-RI.cfour
Eu,63,recipes/Eu/ccECP,Eu.cc-pVTZ.AutoAuxC.orca,AutoAuxC.orca,library,ccECP,cc-pVTZ,cc-pVTZ,cc-pVTZ-RI-ccECP,-RI,-ccECP,Eu:cc-pVTZ-RI-ccECP,93,93,k,s16 p14 d13 f13 g13 h11 i10 k3,yes,orbital name plus '-RI' plus declared suffix '-ccECP',by_element/Eu/Eu.cc-pVTZ-RI.cfour
F,9,recipes/F/ccECP,F.aug-cc-pV5Z.AutoAuxC.orca,AutoAuxC.orca,library,ccECP,aug-cc-pV5Z,aug-cc-pV5Z,aug-cc-pV5Z-RI-ccECP,-RI,-ccECP,F:aug-cc-pV5Z-RI-ccECP,58,58,i,s14 p12 d11 f6 g6 h5 i4,yes,orbital name plus '-RI' plus declared suffix '-ccECP',by_element/F/F.aug-cc-pV5Z-RI.cfour
F,9,recipes/F/ccECP,F.aug-cc-pV6Z.AutoAuxC.orca,AutoAuxC.orca,library,ccECP,aug-cc-pV6Z,aug-cc-pV6Z,aug-cc-pV6Z-RI-ccECP,-RI,-ccECP,F:aug-cc-pV6Z-RI-ccECP,69,69,k,s14 p13 d13 f7 g7 h6 i5 k4,yes,orbital name plus '-RI' plus declared suffix '-ccECP',by_element/F/F.aug-cc-pV6Z-RI.cfour
F,9,recipes/F/ccECP,F.aug-cc-pVDZ.AutoAuxC.orca,AutoAuxC.orca,library,ccECP,aug-cc-pVDZ,aug-cc-pVDZ,aug-cc-pVDZ-RI-ccECP,-RI,-ccECP,F:aug-cc-pVDZ-RI-ccECP,34,34,f,s12 p10 d9 f3,yes,orbital name plus '-RI' plus declared suffix '-ccECP',by_element/F/F.aug-cc-pVDZ-RI.cfour
F,9,recipes/F/ccECP,F.aug-cc-pVQZ.AutoAuxC.orca,AutoAuxC.orca,library,ccECP,aug-cc-pVQZ,aug-cc-pVQZ,aug-cc-pVQZ-RI-ccECP,-RI,-ccECP,F:aug-cc-pVQZ-RI-ccECP,52,52,h,s13 p12 d11 f6 g5 h5,yes,orbital name plus '-RI' plus declared suffix '-ccECP',by_element/F/F.aug-cc-pVQZ-RI.cfour
F,9,recipes/F/ccECP,F.aug-cc-pVTZ.AutoAuxC.orca,AutoAuxC.orca,library,ccECP,aug-cc-pVTZ,aug-cc-pVTZ,aug-cc-pVTZ-RI-ccECP,-RI,-ccECP,F:aug-cc-pVTZ-RI-ccECP,43,43,g,s13 p11 d10 f5 g4,yes,orbital name plus '-RI' plus declared suffix '-ccECP',by_element/F/F.aug-cc-pVTZ-RI.cfour
F,9,recipes/F/ccECP,F.cc-pV5Z.AutoAuxC.orca,AutoAuxC.orca,library,ccECP,cc-pV5Z,cc-pV5Z,cc-pV5Z-RI-ccECP,-RI,-ccECP,F:cc-pV5Z-RI-ccECP,53,53,i,s13 p12 d11 f5 g5 h4 i3,yes,orbital name plus '-RI' plus declared suffix '-ccECP',by_element/F/F.cc-pV5Z-RI.cfour
F,9,recipes/F/ccECP,F.cc-pV6Z.AutoAuxC.orca,AutoAuxC.orca,library,ccECP,cc-pV6Z,cc-pV6Z,cc-pV6Z-RI-ccECP,-RI,-ccECP,F:cc-pV6Z-RI-ccECP,62,62,k,s13 p13 d12 f6 g6 h5 i4 k3,yes,orbital name plus '-RI' plus declared suffix '-ccECP',by_element/F/F.cc-pV6Z-RI.cfour
F,9,recipes/F/ccECP,F.cc-pVDZ.AutoAuxC.orca,AutoAuxC.orca,library,ccECP,cc-pVDZ,cc-pVDZ,cc-pVDZ-RI-ccECP,-RI,-ccECP,F:cc-pVDZ-RI-ccECP,33,33,f,s12 p10 d9 f2,yes,orbital name plus '-RI' plus declared suffix '-ccECP',by_element/F/F.cc-pVDZ-RI.cfour
F,9,recipes/F/ccECP,F.cc-pVQZ.AutoAuxC.orca,AutoAuxC.orca,library,ccECP,cc-pVQZ,cc-pVQZ,cc-pVQZ-RI-ccECP,-RI,-ccECP,F:cc-pVQZ-RI-ccECP,48,48,h,s13 p12 d11 f5 g4 h3,yes,orbital name plus '-RI' plus declared suffix '-ccECP',by_element/F/F.cc-pVQZ-RI.cfour
F,9,recipes/F/ccECP,F.cc-pVTZ.AutoAuxC.orca,AutoAuxC.orca,library,ccECP,cc-pVTZ,cc-pVTZ,cc-pVTZ-RI-ccECP,-RI,-ccECP,F:cc-pVTZ-RI-ccECP,41,41,g,s13 p11 d10 f4 g3,yes,orbital name plus '-RI' plus declared suffix '-ccECP',by_element/F/F.cc-pVTZ-RI.cfour
Fe,26,recipes/Fe/ccECP,Fe.aug-cc-pCV5Z.AutoAuxC.orca,AutoAuxC.orca,library,ccECP,aug-cc-pCV5Z,aug-cc-pCV5Z,aug-cc-pCV5Z-RI-ccECP,-RI,-ccECP,Fe:aug-cc-pCV5Z-RI-ccECP,92,92,k,s18 p16 d14 f14 g13 h7 i5 k5,yes,orbital name plus '-RI' plus declared suffix '-ccECP',by_element/Fe/Fe.aug-cc-pCV5Z-RI.cfour
Fe,26,recipes/Fe/ccECP,Fe.aug-cc-pCVDZ.AutoAuxC.orca,AutoAuxC.orca,library,ccECP,aug-cc-pCVDZ,aug-cc-pCVDZ,aug-cc-pCVDZ-RI-ccECP,-RI,-ccECP,Fe:aug-cc-pCVDZ-RI-ccECP,76,76,h,s17 p15 d14 f13 g12 h5,yes,orbital name plus '-RI' plus declared suffix '-ccECP',by_element/Fe/Fe.aug-cc-pCVDZ-RI.cfour
Fe,26,recipes/Fe/ccECP,Fe.aug-cc-pCVQZ.AutoAuxC.orca,AutoAuxC.orca,library,ccECP,aug-cc-pCVQZ,aug-cc-pCVQZ,aug-cc-pCVQZ-RI-ccECP,-RI,-ccECP,Fe:aug-cc-pCVQZ-RI-ccECP,89,89,k,s18 p15 d14 f13 g12 h7 i5 k5,yes,orbital name plus '-RI' plus declared suffix '-ccECP',by_element/Fe/Fe.aug-cc-pCVQZ-RI.cfour
Fe,26,recipes/Fe/ccECP,Fe.aug-cc-pCVTZ.AutoAuxC.orca,AutoAuxC.orca,library,ccECP,aug-cc-pCVTZ,aug-cc-pCVTZ,aug-cc-pCVTZ-RI-ccECP,-RI,-ccECP,Fe:aug-cc-pCVTZ-RI-ccECP,83,83,i,s18 p15 d14 f13 g12 h6 i5,yes,orbital name plus '-RI' plus declared suffix '-ccECP',by_element/Fe/Fe.aug-cc-pCVTZ-RI.cfour
Fe,26,recipes/Fe/ccECP,Fe.aug-cc-pV5Z.AutoAuxC.orca,AutoAuxC.orca,library,ccECP,aug-cc-pV5Z,aug-cc-pV5Z,aug-cc-pV5Z-RI-ccECP,-RI,-ccECP,Fe:aug-cc-pV5Z-RI-ccECP,91,91,k,s18 p16 d14 f13 g13 h7 i5 k5,yes,orbital name plus '-RI' plus declared suffix '-ccECP',by_element/Fe/Fe.aug-cc-pV5Z-RI.cfour
Fe,26,recipes/Fe/ccECP,Fe.aug-cc-pVDZ.AutoAuxC.orca,AutoAuxC.orca,library,ccECP,aug-cc-pVDZ,aug-cc-pVDZ,aug-cc-pVDZ-RI-ccECP,-RI,-ccECP,Fe:aug-cc-pVDZ-RI-ccECP,65,65,h,s15 p13 d12 f11 g10 h4,yes,orbital name plus '-RI' plus declared suffix '-ccECP',by_element/Fe/Fe.aug-cc-pVDZ-RI.cfour
Fe,26,recipes/Fe/ccECP,Fe.aug-cc-pVQZ.AutoAuxC.orca,AutoAuxC.orca,library,ccECP,aug-cc-pVQZ,aug-cc-pVQZ,aug-cc-pVQZ-RI-ccECP,-RI,-ccECP,Fe:aug-cc-pVQZ-RI-ccECP,86,86,k,s17 p15 d14 f13 g12 h6 i5 k4,yes,orbital name plus '-RI' plus declared suffix '-ccECP',by_element/Fe/Fe.aug-cc-pVQZ-RI.cfour
Fe,26,recipes/Fe/ccECP,Fe.aug-cc-pVTZ.AutoAuxC.orca,AutoAuxC.orca,library,ccECP,aug-cc-pVTZ,aug-cc-pVTZ,aug-cc-pVTZ-RI-ccECP,-RI,-ccECP,Fe:aug-cc-pVTZ-RI-ccECP,76,76,i,s16 p14 d13 f12 g11 h6 i4,yes,orbital name plus '-RI' plus declared suffix '-ccECP',by_element/Fe/Fe.aug-cc-pVTZ-RI.cfour
Fe,26,recipes/Fe/ccECP,Fe.cc-pCV5Z.AutoAuxC.orca,AutoAuxC.orca,library,ccECP,cc-pCV5Z,cc-pCV5Z,cc-pCV5Z-RI-ccECP,-RI,-ccECP,Fe:cc-pCV5Z-RI-ccECP,80,80,k,s16 p14 d13 f12 g11 h6 i4 k4,yes,orbital name plus '-RI' plus declared suffix '-ccECP',by_element/Fe/Fe.cc-pCV5Z-RI.cfour
Fe,26,recipes/Fe/ccECP,Fe.cc-pCVDZ.AutoAuxC.orca,AutoAuxC.orca,library,ccECP,cc-pCVDZ,cc-pCVDZ,cc-pCVDZ-RI-ccECP,-RI,-ccECP,Fe:cc-pCVDZ-RI-ccECP,68,68,h,s16 p14 d12 f11 g11 h4,yes,orbital name plus '-RI' plus declared suffix '-ccECP',by_element/Fe/Fe.cc-pCVDZ-RI.cfour
Fe,26,recipes/Fe/ccECP,Fe.cc-pCVQZ.AutoAuxC.orca,AutoAuxC.orca,library,ccECP,cc-pCVQZ,cc-pCVQZ,cc-pCVQZ-RI-ccECP,-RI,-ccECP,Fe:cc-pCVQZ-RI-ccECP,78,78,k,s16 p14 d13 f12 g11 h5 i4 k3,yes,orbital name plus '-RI' plus declared suffix '-ccECP',by_element/Fe/Fe.cc-pCVQZ-RI.cfour
Fe,26,recipes/Fe/ccECP,Fe.cc-pCVTZ.AutoAuxC.orca,AutoAuxC.orca,library,ccECP,cc-pCVTZ,cc-pCVTZ,cc-pCVTZ-RI-ccECP,-RI,-ccECP,Fe:cc-pCVTZ-RI-ccECP,74,74,i,s16 p14 d13 f12 g11 h5 i3,yes,orbital name plus '-RI' plus declared suffix '-ccECP',by_element/Fe/Fe.cc-pCVTZ-RI.cfour
Fe,26,recipes/Fe/ccECP,Fe.cc-pV5Z.AutoAuxC.orca,AutoAuxC.orca,library,ccECP,cc-pV5Z,cc-pV5Z,cc-pV5Z-RI-ccECP,-RI,-ccECP,Fe:cc-pV5Z-RI-ccECP,80,80,k,s16 p14 d13 f12 g11 h6 i4 k4,yes,orbital name plus '-RI' plus declared suffix '-ccECP',by_element/Fe/Fe.cc-pV5Z-RI.cfour
Fe,26,recipes/Fe/ccECP,Fe.cc-pVDZ.AutoAuxC.orca,AutoAuxC.orca,library,ccECP,cc-pVDZ,cc-pVDZ,cc-pVDZ-RI-ccECP,-RI,-ccECP,Fe:cc-pVDZ-RI-ccECP,57,57,h,s14 p12 d10 f10 g9 h2,yes,orbital name plus '-RI' plus declared suffix '-ccECP',by_element/Fe/Fe.cc-pVDZ-RI.cfour
Fe,26,recipes/Fe/ccECP,Fe.cc-pVQZ.AutoAuxC.orca,AutoAuxC.orca,library,ccECP,cc-pVQZ,cc-pVQZ,cc-pVQZ-RI-ccECP,-RI,-ccECP,Fe:cc-pVQZ-RI-ccECP,77,77,k,s16 p14 d12 f12 g11 h5 i4 k3,yes,orbital name plus '-RI' plus declared suffix '-ccECP',by_element/Fe/Fe.cc-pVQZ-RI.cfour
Fe,26,recipes/Fe/ccECP,Fe.cc-pVTZ.AutoAuxC.orca,AutoAuxC.orca,library,ccECP,cc-pVTZ,cc-pVTZ,cc-pVTZ-RI-ccECP,-RI,-ccECP,Fe:cc-pVTZ-RI-ccECP,68,68,i,s15 p13 d12 f11 g10 h4 i3,yes,orbital name plus '-RI' plus declared suffix '-ccECP',by_element/Fe/Fe.cc-pVTZ-RI.cfour
Ga,31,recipes/Ga/ccECP,Ga.aug-cc-pV5Z.AutoAuxC.orca,AutoAuxC.orca,library,ccECP,aug-cc-pV5Z,aug-cc-pV5Z,aug-cc-pV5Z-RI-ccECP,-RI,-ccECP,Ga:aug-cc-pV5Z-RI-ccECP,60,60,k,s13 p12 d11 f6 g6 h5 i4 k3,yes,orbital name plus '-RI' plus declared suffix '-ccECP',by_element/Ga/Ga.aug-cc-pV5Z-RI.cfour
Ga,31,recipes/Ga/ccECP,Ga.aug-cc-pV6Z.AutoAuxC.orca,AutoAuxC.orca,library,ccECP,aug-cc-pV6Z,aug-cc-pV6Z,aug-cc-pV6Z-RI-ccECP,-RI,-ccECP,Ga:aug-cc-pV6Z-RI-ccECP,65,65,k,s14 p13 d12 f7 g6 h5 i4 k4,yes,orbital name plus '-RI' plus declared suffix '-ccECP',by_element/Ga/Ga.aug-cc-pV6Z-RI.cfour
Ga,31,recipes/Ga/ccECP,Ga.aug-cc-pVDZ.AutoAuxC.orca,AutoAuxC.orca,library,ccECP,aug-cc-pVDZ,aug-cc-pVDZ,aug-cc-pVDZ-RI-ccECP,-RI,-ccECP,Ga:aug-cc-pVDZ-RI-ccECP,33,33,g,s11 p9 d7 f3 g3,yes,orbital name plus '-RI' plus declared suffix '-ccECP',by_element/Ga/Ga.aug-cc-pVDZ-RI.cfour
Ga,31,recipes/Ga/ccECP,Ga.aug-cc-pVQZ.AutoAuxC.orca,AutoAuxC.orca,library,ccECP,aug-cc-pVQZ,aug-cc-pVQZ,aug-cc-pVQZ-RI-ccECP,-RI,-ccECP,Ga:aug-cc-pVQZ-RI-ccECP,48,48,i,s12 p10 d9 f5 g5 h4 i3,yes,orbital name plus '-RI' plus declared suffix '-ccECP',by_element/Ga/Ga.aug-cc-pVQZ-RI.cfour
Ga,31,recipes/Ga/ccECP,Ga.aug-cc-pVTZ.AutoAuxC.orca,AutoAuxC.orca,library,ccECP,aug-cc-pVTZ,aug-cc-pVTZ,aug-cc-pVTZ-RI-ccECP,-RI,-ccECP,Ga:aug-cc-pVTZ-RI-ccECP,43,43,h,s12 p10 d9 f5 g4 h3,yes,orbital name plus '-RI' plus declared suffix '-ccECP',by_element/Ga/Ga.aug-cc-pVTZ-RI.cfour
Ga,31,recipes/Ga/ccECP,Ga.cc-pV5Z.AutoAuxC.orca,AutoAuxC.orca,library,ccECP,cc-pV5Z,cc-pV5Z,cc-pV5Z-RI-ccECP,-RI,-ccECP,Ga:cc-pV5Z-RI-ccECP,51,51,k,s12 p11 d10 f5 g4 h4 i3 k2,yes,orbital name plus '-RI' plus declared suffix '-ccECP',by_element/Ga/Ga.cc-pV5Z-RI.cfour
Ga,31,recipes/Ga/ccECP,Ga.cc-pV6Z.AutoAuxC.orca,AutoAuxC.orca,library,ccECP,cc-pV6Z,cc-pV6Z,cc-pV6Z-RI-ccECP,-RI,-ccECP,Ga:cc-pV6Z-RI-ccECP,55,55,k,s13 p11 d10 f6 g5 h4 i3 k3,yes,orbital name plus '-RI' plus declared suffix '-ccECP',by_element/Ga/Ga.cc-pV6Z-RI.cfour
Ga,31,recipes/Ga/ccECP,Ga.cc-pVDZ.AutoAuxC.orca,AutoAuxC.orca,library,ccECP,cc-pVDZ,cc-pVDZ,cc-pVDZ-RI-ccECP,-RI,-ccECP,Ga:cc-pVDZ-RI-ccECP,28,28,g,s10 p8 d7 f2 g1,yes,orbital name plus '-RI' plus declared suffix '-ccECP',by_element/Ga/Ga.cc-pVDZ-RI.cfour
Ga,31,recipes/Ga/ccECP,Ga.cc-pVQZ.AutoAuxC.orca,AutoAuxC.orca,library,ccECP,cc-pVQZ,cc-pVQZ,cc-pVQZ-RI-ccECP,-RI,-ccECP,Ga:cc-pVQZ-RI-ccECP,43,43,i,s11 p10 d9 f4 g4 h3 i2,yes,orbital name plus '-RI' plus declared suffix '-ccECP',by_element/Ga/Ga.cc-pVQZ-RI.cfour
Ga,31,recipes/Ga/ccECP,Ga.cc-pVTZ.AutoAuxC.orca,AutoAuxC.orca,library,ccECP,cc-pVTZ,cc-pVTZ,cc-pVTZ-RI-ccECP,-RI,-ccECP,Ga:cc-pVTZ-RI-ccECP,37,37,h,s11 p9 d8 f4 g3 h2,yes,orbital name plus '-RI' plus declared suffix '-ccECP',by_element/Ga/Ga.cc-pVTZ-RI.cfour
Gd,64,recipes/Gd/ccECP,Gd.aug-cc-pCVDZ.AutoAuxC.orca,AutoAuxC.orca,library,ccECP,aug-cc-pCVDZ,aug-cc-pCVDZ,aug-cc-pCVDZ-RI-ccECP,-RI,-ccECP,Gd:aug-cc-pCVDZ-RI-ccECP,108,108,i,s17 p17 d16 f16 g15 h14 i13,yes,orbital name plus '-RI' plus declared suffix '-ccECP',by_element/Gd/Gd.aug-cc-pCVDZ-RI.cfour
Gd,64,recipes/Gd/ccECP,Gd.aug-cc-pCVQZ.AutoAuxC.orca,AutoAuxC.orca,library,ccECP,aug-cc-pCVQZ,aug-cc-pCVQZ,aug-cc-pCVQZ-RI-ccECP,-RI,-ccECP,Gd:aug-cc-pCVQZ-RI-ccECP,116,116,k,s17 p17 d16 f16 g16 h14 i14 k6,yes,orbital name plus '-RI' plus declared suffix '-ccECP',by_element/Gd/Gd.aug-cc-pCVQZ-RI.cfour
Gd,64,recipes/Gd/ccECP,Gd.aug-cc-pCVTZ.AutoAuxC.orca,AutoAuxC.orca,library,ccECP,aug-cc-pCVTZ,aug-cc-pCVTZ,aug-cc-pCVTZ-RI-ccECP,-RI,-ccECP,Gd:aug-cc-pCVTZ-RI-ccECP,113,113,k,s17 p17 d16 f16 g15 h14 i13 k5,yes,orbital name plus '-RI' plus declared suffix '-ccECP',by_element/Gd/Gd.aug-cc-pCVTZ-RI.cfour
Gd,64,recipes/Gd/ccECP,Gd.aug-cc-pVDZ.AutoAuxC.orca,AutoAuxC.orca,library,ccECP,aug-cc-pVDZ,aug-cc-pVDZ,aug-cc-pVDZ-RI-ccECP,-RI,-ccECP,Gd:aug-cc-pVDZ-RI-ccECP,98,98,i,s17 p15 d14 f14 g14 h12 i12,yes,orbital name plus '-RI' plus declared suffix '-ccECP',by_element/Gd/Gd.aug-cc-pVDZ-RI.cfour
Gd,64,recipes/Gd/ccECP,Gd.aug-cc-pVQZ.AutoAuxC.orca,AutoAuxC.orca,library,ccECP,aug-cc-pVQZ,aug-cc-pVQZ,aug-cc-pVQZ-RI-ccECP,-RI,-ccECP,Gd:aug-cc-pVQZ-RI-ccECP,112,112,k,s17 p16 d16 f15 g15 h14 i13 k6,yes,orbital name plus '-RI' plus declared suffix '-ccECP',by_element/Gd/Gd.aug-cc-pVQZ-RI.cfour
Gd,64,recipes/Gd/ccECP,Gd.aug-cc-pVTZ.AutoAuxC.orca,AutoAuxC.orca,library,ccECP,aug-cc-pVTZ,aug-cc-pVTZ,aug-cc-pVTZ-RI-ccECP,-RI,-ccECP,Gd:aug-cc-pVTZ-RI-ccECP,109,109,k,s17 p16 d15 f15 g15 h13 i13 k5,yes,orbital name plus '-RI' plus declared suffix '-ccECP',by_element/Gd/Gd.aug-cc-pVTZ-RI.cfour
Gd,64,recipes/Gd/ccECP,Gd.cc-pCVDZ.AutoAuxC.orca,AutoAuxC.orca,library,ccECP,cc-pCVDZ,cc-pCVDZ,cc-pCVDZ-RI-ccECP,-RI,-ccECP,Gd:cc-pCVDZ-RI-ccECP,98,98,i,s16 p15 d14 f14 g14 h13 i12,yes,orbital name plus '-RI' plus declared suffix '-ccECP',by_element/Gd/Gd.cc-pCVDZ-RI.cfour
Gd,64,recipes/Gd/ccECP,Gd.cc-pCVQZ.AutoAuxC.orca,AutoAuxC.orca,library,ccECP,cc-pCVQZ,cc-pCVQZ,cc-pCVQZ-RI-ccECP,-RI,-ccECP,Gd:cc-pCVQZ-RI-ccECP,103,103,k,s16 p15 d14 f14 g14 h13 i12 k5,yes,orbital name plus '-RI' plus declared suffix '-ccECP',by_element/Gd/Gd.cc-pCVQZ-RI.cfour
Gd,64,recipes/Gd/ccECP,Gd.cc-pCVTZ.AutoAuxC.orca,AutoAuxC.orca,library,ccECP,cc-pCVTZ,cc-pCVTZ,cc-pCVTZ-RI-ccECP,-RI,-ccECP,Gd:cc-pCVTZ-RI-ccECP,102,102,k,s16 p15 d14 f14 g14 h13 i12 k4,yes,orbital name plus '-RI' plus declared suffix '-ccECP',by_element/Gd/Gd.cc-pCVTZ-RI.cfour
Gd,64,recipes/Gd/ccECP,Gd.cc-pVDZ.AutoAuxC.orca,AutoAuxC.orca,library,ccECP,cc-pVDZ,cc-pVDZ,cc-pVDZ-RI-ccECP,-RI,-ccECP,Gd:cc-pVDZ-RI-ccECP,86,86,i,s15 p13 d13 f12 g12 h11 i10,yes,orbital name plus '-RI' plus declared suffix '-ccECP',by_element/Gd/Gd.cc-pVDZ-RI.cfour
Gd,64,recipes/Gd/ccECP,Gd.cc-pVQZ.AutoAuxC.orca,AutoAuxC.orca,library,ccECP,cc-pVQZ,cc-pVQZ,cc-pVQZ-RI-ccECP,-RI,-ccECP,Gd:cc-pVQZ-RI-ccECP,101,101,k,s16 p15 d14 f14 g14 h12 i12 k4,yes,orbital name plus '-RI' plus declared suffix '-ccECP',by_element/Gd/Gd.cc-pVQZ-RI.cfour
Gd,64,recipes/Gd/ccECP,Gd.cc-pVTZ.AutoAuxC.orca,AutoAuxC.orca,library,ccECP,cc-pVTZ,cc-pVTZ,cc-pVTZ-RI-ccECP,-RI,-ccECP,Gd:cc-pVTZ-RI-ccECP,96,96,k,s16 p14 d14 f13 g13 h12 i11 k3,yes,orbital name plus '-RI' plus declared suffix '-ccECP',by_element/Gd/Gd.cc-pVTZ-RI.cfour
Ge,32,recipes/Ge/ccECP,Ge.aug-cc-pV5Z.AutoAuxC.orca,AutoAuxC.orca,library,ccECP,aug-cc-pV5Z,aug-cc-pV5Z,aug-cc-pV5Z-RI-ccECP,-RI,-ccECP,Ge:aug-cc-pV5Z-RI-ccECP,57,57,k,s13 p11 d10 f6 g5 h5 i4 k3,yes,orbital name plus '-RI' plus declared suffix '-ccECP',by_element/Ge/Ge.aug-cc-pV5Z-RI.cfour
Ge,32,recipes/Ge/ccECP,Ge.aug-cc-pV6Z.AutoAuxC.orca,AutoAuxC.orca,library,ccECP,aug-cc-pV6Z,aug-cc-pV6Z,aug-cc-pV6Z-RI-ccECP,-RI,-ccECP,Ge:aug-cc-pV6Z-RI-ccECP,65,65,k,s14 p13 d12 f7 g6 h5 i4 k4,yes,orbital name plus '-RI' plus declared suffix '-ccECP',by_element/Ge/Ge.aug-cc-pV6Z-RI.cfour
Ge,32,recipes/Ge/ccECP,Ge.aug-cc-pVDZ.AutoAuxC.orca,AutoAuxC.orca,library,ccECP,aug-cc-pVDZ,aug-cc-pVDZ,aug-cc-pVDZ-RI-ccECP,-RI,-ccECP,Ge:aug-cc-pVDZ-RI-ccECP,33,33,g,s11 p9 d7 f3 g3,yes,orbital name plus '-RI' plus declared suffix '-ccECP',by_element/Ge/Ge.aug-cc-pVDZ-RI.cfour
Ge,32,recipes/Ge/ccECP,Ge.aug-cc-pVQZ.AutoAuxC.orca,AutoAuxC.orca,library,ccECP,aug-cc-pVQZ,aug-cc-pVQZ,aug-cc-pVQZ-RI-ccECP,-RI,-ccECP,Ge:aug-cc-pVQZ-RI-ccECP,48,48,i,s12 p10 d9 f5 g5 h4 i3,yes,orbital name plus '-RI' plus declared suffix '-ccECP',by_element/Ge/Ge.aug-cc-pVQZ-RI.cfour
Ge,32,recipes/Ge/ccECP,Ge.aug-cc-pVTZ.AutoAuxC.orca,AutoAuxC.orca,library,ccECP,aug-cc-pVTZ,aug-cc-pVTZ,aug-cc-pVTZ-RI-ccECP,-RI,-ccECP,Ge:aug-cc-pVTZ-RI-ccECP,43,43,h,s12 p10 d9 f5 g4 h3,yes,orbital name plus '-RI' plus declared suffix '-ccECP',by_element/Ge/Ge.aug-cc-pVTZ-RI.cfour
Ge,32,recipes/Ge/ccECP,Ge.cc-pV5Z.AutoAuxC.orca,AutoAuxC.orca,library,ccECP,cc-pV5Z,cc-pV5Z,cc-pV5Z-RI-ccECP,-RI,-ccECP,Ge:cc-pV5Z-RI-ccECP,49,49,k,s12 p10 d9 f5 g4 h4 i3 k2,yes,orbital name plus '-RI' plus declared suffix '-ccECP',by_element/Ge/Ge.cc-pV5Z-RI.cfour
Ge,32,recipes/Ge/ccECP,Ge.cc-pV6Z.AutoAuxC.orca,AutoAuxC.orca,library,ccECP,cc-pV6Z,cc-pV6Z,cc-pV6Z-RI-ccECP,-RI,-ccECP,Ge:cc-pV6Z-RI-ccECP,55,55,k,s13 p11 d10 f6 g5 h4 i3 k3,yes,orbital name plus '-RI' plus declared suffix '-ccECP',by_element/Ge/Ge.cc-pV6Z-RI.cfour
Ge,32,recipes/Ge/ccECP,Ge.cc-pVDZ.AutoAuxC.orca,AutoAuxC.orca,library,ccECP,cc-pVDZ,cc-pVDZ,cc-pVDZ-RI-ccECP,-RI,-ccECP,Ge:cc-pVDZ-RI-ccECP,28,28,g,s10 p8 d7 f2 g1,yes,orbital name plus '-RI' plus declared suffix '-ccECP',by_element/Ge/Ge.cc-pVDZ-RI.cfour
Ge,32,recipes/Ge/ccECP,Ge.cc-pVQZ.AutoAuxC.orca,AutoAuxC.orca,library,ccECP,cc-pVQZ,cc-pVQZ,cc-pVQZ-RI-ccECP,-RI,-ccECP,Ge:cc-pVQZ-RI-ccECP,41,41,i,s11 p9 d8 f4 g4 h3 i2,yes,orbital name plus '-RI' plus declared suffix '-ccECP',by_element/Ge/Ge.cc-pVQZ-RI.cfour
Ge,32,recipes/Ge/ccECP,Ge.cc-pVTZ.AutoAuxC.orca,AutoAuxC.orca,library,ccECP,cc-pVTZ,cc-pVTZ,cc-pVTZ-RI-ccECP,-RI,-ccECP,Ge:cc-pVTZ-RI-ccECP,36,36,h,s11 p9 d8 f3 g3 h2,yes,orbital name plus '-RI' plus declared suffix '-ccECP',by_element/Ge/Ge.cc-pVTZ-RI.cfour
H,1,recipes/H/ccECP,H.aug-cc-pV5Z.AutoAuxC.orca,AutoAuxC.orca,library,ccECP,aug-cc-pV5Z,aug-cc-pV5Z,aug-cc-pV5Z-RI-ccECP,-RI,-ccECP,H:aug-cc-pV5Z-RI-ccECP,43,43,h,s13 p8 d7 f6 g5 h4,yes,orbital name plus '-RI' plus declared suffix '-ccECP',by_element/H/H.aug-cc-pV5Z-RI.cfour
H,1,recipes/H/ccECP,H.aug-cc-pV6Z.AutoAuxC.orca,AutoAuxC.orca,library,ccECP,aug-cc-pV6Z,aug-cc-pV6Z,aug-cc-pV6Z-RI-ccECP,-RI,-ccECP,H:aug-cc-pV6Z-RI-ccECP,51,51,i,s13 p9 d7 f7 g6 h5 i4,yes,orbital name plus '-RI' plus declared suffix '-ccECP',by_element/H/H.aug-cc-pV6Z-RI.cfour
H,1,recipes/H/ccECP,H.aug-cc-pVDZ.AutoAuxC.orca,AutoAuxC.orca,library,ccECP,aug-cc-pVDZ,aug-cc-pVDZ,aug-cc-pVDZ-RI-ccECP,-RI,-ccECP,H:aug-cc-pVDZ-RI-ccECP,19,19,d,s12 p4 d3,yes,orbital name plus '-RI' plus declared suffix '-ccECP',by_element/H/H.aug-cc-pVDZ-RI.cfour
H,1,recipes/H/ccECP,H.aug-cc-pVQZ.AutoAuxC.orca,AutoAuxC.orca,library,ccECP,aug-cc-pVQZ,aug-cc-pVQZ,aug-cc-pVQZ-RI-ccECP,-RI,-ccECP,H:aug-cc-pVQZ-RI-ccECP,35,35,g,s13 p7 d6 f5 g4,yes,orbital name plus '-RI' plus declared suffix '-ccECP',by_element/H/H.aug-cc-pVQZ-RI.cfour
H,1,recipes/H/ccECP,H.aug-cc-pVTZ.AutoAuxC.orca,AutoAuxC.orca,library,ccECP,aug-cc-pVTZ,aug-cc-pVTZ,aug-cc-pVTZ-RI-ccECP,-RI,-ccECP,H:aug-cc-pVTZ-RI-ccECP,28,28,f,s13 p6 d5 f4,yes,orbital name plus '-RI' plus declared suffix '-ccECP',by_element/H/H.aug-cc-pVTZ-RI.cfour
H,1,recipes/H/ccECP,H.cc-pV5Z.AutoAuxC.orca,AutoAuxC.orca,library,ccECP,cc-pV5Z,cc-pV5Z,cc-pV5Z-RI-ccECP,-RI,-ccECP,H:cc-pV5Z-RI-ccECP,35,35,h,s12 p6 d5 f5 g4 h3,yes,orbital name plus '-RI' plus declared suffix '-ccECP',by_element/H/H.cc-pV5Z-RI.cfour
H,1,recipes/H/ccECP,H.cc-pV6Z.AutoAuxC.orca,AutoAuxC.orca,library,ccECP,cc-pV6Z,cc-pV6Z,cc-pV6Z-RI-ccECP,-RI,-ccECP,H:cc-pV6Z-RI-ccECP,44,44,i,s12 p8 d6 f6 g5 h4 i3,yes,orbital name plus '-RI' plus declared suffix '-ccECP',by_element/H/H.cc-pV6Z-RI.cfour
H,1,recipes/H/ccECP,H.cc-pVDZ.AutoAuxC.orca,AutoAuxC.orca,library,ccECP,cc-pVDZ,cc-pVDZ,cc-pVDZ-RI-ccECP,-RI,-ccECP,H:cc-pVDZ-RI-ccECP,14,14,d,s11 p2 d1,yes,orbital name plus '-RI' plus declared suffix '-ccECP',by_element/H/H.cc-pVDZ-RI.cfour
H,1,recipes/H/ccECP,H.cc-pVQZ.AutoAuxC.orca,AutoAuxC.orca,library,ccECP,cc-pVQZ,cc-pVQZ,cc-pVQZ-RI-ccECP,-RI,-ccECP,H:cc-pVQZ-RI-ccECP,27,27,g,s12 p5 d4 f3 g3,yes,orbital name plus '-RI' plus declared suffix '-ccECP',by_element/H/H.cc-pVQZ-RI.cfour
H,1,recipes/H/ccECP,H.cc-pVTZ.AutoAuxC.orca,AutoAuxC.orca,library,ccECP,cc-pVTZ,cc-pVTZ,cc-pVTZ-RI-ccECP,-RI,-ccECP,H:cc-pVTZ-RI-ccECP,21,21,f,s12 p4 d3 f2,yes,orbital name plus '-RI' plus declared suffix '-ccECP',by_element/H/H.cc-pVTZ-RI.cfour
He,2,recipes/He/ccECP,He.aug-cc-pV5Z.AutoAuxC.orca,AutoAuxC.orca,library,ccECP,aug-cc-pV5Z,aug-cc-pV5Z,aug-cc-pV5Z-RI-ccECP,-RI,-ccECP,He:aug-cc-pV5Z-RI-ccECP,44,44,h,s12 p8 d7 f6 g6 h5,yes,orbital name plus '-RI' plus declared suffix '-ccECP',by_element/He/He.aug-cc-pV5Z-RI.cfour
He,2,recipes/He/ccECP,He.aug-cc-pV6Z.AutoAuxC.orca,AutoAuxC.orca,library,ccECP,aug-cc-pV6Z,aug-cc-pV6Z,aug-cc-pV6Z-RI-ccECP,-RI,-ccECP,He:aug-cc-pV6Z-RI-ccECP,52,52,i,s13 p9 d7 f7 g6 h6 i4,yes,orbital name plus '-RI' plus declared suffix '-ccECP',by_element/He/He.aug-cc-pV6Z-RI.cfour
He,2,recipes/He/ccECP,He.aug-cc-pVDZ.AutoAuxC.orca,AutoAuxC.orca,library,ccECP,aug-cc-pVDZ,aug-cc-pVDZ,aug-cc-pVDZ-RI-ccECP,-RI,-ccECP,He:aug-cc-pVDZ-RI-ccECP,19,19,d,s11 p4 d4,yes,orbital name plus '-RI' plus declared suffix '-ccECP',by_element/He/He.aug-cc-pVDZ-RI.cfour
He,2,recipes/He/ccECP,He.aug-cc-pVQZ.AutoAuxC.orca,AutoAuxC.orca,library,ccECP,aug-cc-pVQZ,aug-cc-pVQZ,aug-cc-pVQZ-RI-ccECP,-RI,-ccECP,He:aug-cc-pVQZ-RI-ccECP,35,35,g,s12 p7 d6 f5 g5,yes,orbital name plus '-RI' plus declared suffix '-ccECP',by_element/He/He.aug-cc-pVQZ-RI.cfour
He,2,recipes/He/ccECP,He.aug-cc-pVTZ.AutoAuxC.orca,AutoAuxC.orca,library,ccECP,aug-cc-pVTZ,aug-cc-pVTZ,aug-cc-pVTZ-RI-ccECP,-RI,-ccECP,He:aug-cc-pVTZ-RI-ccECP,27,27,f,s12 p6 d5 f4,yes,orbital name plus '-RI' plus declared suffix '-ccECP',by_element/He/He.aug-cc-pVTZ-RI.cfour
He,2,recipes/He/ccECP,He.cc-pV5Z.AutoAuxC.orca,AutoAuxC.orca,library,ccECP,cc-pV5Z,cc-pV5Z,cc-pV5Z-RI-ccECP,-RI,-ccECP,He:cc-pV5Z-RI-ccECP,36,36,h,s11 p7 d5 f5 g4 h4,yes,orbital name plus '-RI' plus declared suffix '-ccECP',by_element/He/He.cc-pV5Z-RI.cfour
He,2,recipes/He/ccECP,He.cc-pV6Z.AutoAuxC.orca,AutoAuxC.orca,library,ccECP,cc-pV6Z,cc-pV6Z,cc-pV6Z-RI-ccECP,-RI,-ccECP,He:cc-pV6Z-RI-ccECP,43,43,i,s11 p8 d6 f6 g5 h4 i3,yes,orbital name plus '-RI' plus declared suffix '-ccECP',by_element/He/He.cc-pV6Z-RI.cfour
He,2,recipes/He/ccECP,He.cc-pVDZ.AutoAuxC.orca,AutoAuxC.orca,library,ccECP,cc-pVDZ,cc-pVDZ,cc-pVDZ-RI-ccECP,-RI,-ccECP,He:cc-pVDZ-RI-ccECP,14,14,d,s11 p2 d1,yes,orbital name plus '-RI' plus declared suffix '-ccECP',by_element/He/He.cc-pVDZ-RI.cfour
He,2,recipes/He/ccECP,He.cc-pVQZ.AutoAuxC.orca,AutoAuxC.orca,library,ccECP,cc-pVQZ,cc-pVQZ,cc-pVQZ-RI-ccECP,-RI,-ccECP,He:cc-pVQZ-RI-ccECP,28,28,g,s11 p6 d4 f4 g3,yes,orbital name plus '-RI' plus declared suffix '-ccECP',by_element/He/He.cc-pVQZ-RI.cfour
He,2,recipes/He/ccECP,He.cc-pVTZ.AutoAuxC.orca,AutoAuxC.orca,library,ccECP,cc-pVTZ,cc-pVTZ,cc-pVTZ-RI-ccECP,-RI,-ccECP,He:cc-pVTZ-RI-ccECP,20,20,f,s11 p4 d3 f2,yes,orbital name plus '-RI' plus declared suffix '-ccECP',by_element/He/He.cc-pVTZ-RI.cfour
I,53,recipes/I/ccECP,I.aug-cc-pV5Z.AutoAuxC.orca,AutoAuxC.orca,library,ccECP,aug-cc-pV5Z,aug-cc-pV5Z,aug-cc-pV5Z-RI-ccECP,-RI,-ccECP,I:aug-cc-pV5Z-RI-ccECP,57,57,k,s13 p11 d10 f6 g5 h5 i4 k3,yes,orbital name plus '-RI' plus declared suffix '-ccECP',by_element/I/I.aug-cc-pV5Z-RI.cfour
I,53,recipes/I/ccECP,I.aug-cc-pV6Z.AutoAuxC.orca,AutoAuxC.orca,library,ccECP,aug-cc-pV6Z,aug-cc-pV6Z,aug-cc-pV6Z-RI-ccECP,-RI,-ccECP,I:aug-cc-pV6Z-RI-ccECP,67,67,k,s15 p13 d11 f7 g6 h6 i5 k4,yes,orbital name plus '-RI' plus declared suffix '-ccECP',by_element/I/I.aug-cc-pV6Z-RI.cfour
I,53,recipes/I/ccECP,I.aug-cc-pVDZ.AutoAuxC.orca,AutoAuxC.orca,library,ccECP,aug-cc-pVDZ,aug-cc-pVDZ,aug-cc-pVDZ-RI-ccECP,-RI,-ccECP,I:aug-cc-pVDZ-RI-ccECP,33,33,g,s11 p9 d7 f3 g3,yes,orbital name plus '-RI' plus declared suffix '-ccECP',by_element/I/I.aug-cc-pVDZ-RI.cfour
I,53,recipes/I/ccECP,I.aug-cc-pVQZ.AutoAuxC.orca,AutoAuxC.orca,library,ccECP,aug-cc-pVQZ,aug-cc-pVQZ,aug-cc-pVQZ-RI-ccECP,-RI,-ccECP,I:aug-cc-pVQZ-RI-ccECP,51,51,i,s13 p11 d10 f5 g5 h4 i3,yes,orbital name plus '-RI' plus declared suffix '-ccECP',by_element/I/I.aug-cc-pVQZ-RI.cfour
I,53,recipes/I/ccECP,I.aug-cc-pVTZ.AutoAuxC.orca,AutoAuxC.orca,library,ccECP,aug-cc-pVTZ,aug-cc-pVTZ,aug-cc-pVTZ-RI-ccECP,-RI,-ccECP,I:aug-cc-pVTZ-RI-ccECP,39,39,h,s11 p9 d8 f4 g4 h3,yes,orbital name plus '-RI' plus declared suffix '-ccECP',by_element/I/I.aug-cc-pVTZ-RI.cfour
I,53,recipes/I/ccECP,I.cc-pV5Z.AutoAuxC.orca,AutoAuxC.orca,library,ccECP,cc-pV5Z,cc-pV5Z,cc-pV5Z-RI-ccECP,-RI,-ccECP,I:cc-pV5Z-RI-ccECP,52,52,k,s12 p11 d10 f5 g4 h4 i3 k3,yes,orbital name plus '-RI' plus declared suffix '-ccECP',by_element/I/I.cc-pV5Z-RI.cfour
I,53,recipes/I/ccECP,I.cc-pV6Z.AutoAuxC.orca,AutoAuxC.orca,library,ccECP,cc-pV6Z,cc-pV6Z,cc-pV6Z-RI-ccECP,-RI,-ccECP,I:cc-pV6Z-RI-ccECP,60,60,k,s14 p12 d11 f6 g5 h5 i4 k3,yes,orbital name plus '-RI' plus declared suffix '-ccECP',by_element/I/I.cc-pV6Z-RI.cfour
I,53,recipes/I/ccECP,I.cc-pVDZ.AutoAuxC.orca,AutoAuxC.orca,library,ccECP,cc-pVDZ,cc-pVDZ,cc-pVDZ-RI-ccECP,-RI,-ccECP,I:cc-pVDZ-RI-ccECP,28,28,g,s10 p8 d7 f2 g1,yes,orbital name plus '-RI' plus declared suffix '-ccECP',by_element/I/I.cc-pVDZ-RI.cfour
I,53,recipes/I/ccECP,I.cc-pVQZ.AutoAuxC.orca,AutoAuxC.orca,library,ccECP,cc-pVQZ,cc-pVQZ,cc-pVQZ-RI-ccECP,-RI,-ccECP,I:cc-pVQZ-RI-ccECP,45,45,i,s12 p10 d9 f4 g4 h3 i3,yes,orbital name plus '-RI' plus declared suffix '-ccECP',by_element/I/I.cc-pVQZ-RI.cfour
I,53,recipes/I/ccECP,I.cc-pVTZ.AutoAuxC.orca,AutoAuxC.orca,library,ccECP,cc-pVTZ,cc-pVTZ,cc-pVTZ-RI-ccECP,-RI,-ccECP,I:cc-pVTZ-RI-ccECP,36,36,h,s11 p9 d8 f3 g3 h2,yes,orbital name plus '-RI' plus declared suffix '-ccECP',by_element/I/I.cc-pVTZ-RI.cfour
Ir,77,recipes/Ir/ccECP,Ir.aug-cc-pCV5Z.AutoAuxC.orca,AutoAuxC.orca,library,ccECP,aug-cc-pCV5Z,aug-cc-pCV5Z,aug-cc-pCV5Z-RI-ccECP,-RI,-ccECP,Ir:aug-cc-pCV5Z-RI-ccECP,90,90,k,s16 p15 d14 f14 g14 h7 i5 k5,yes,orbital name plus '-RI' plus declared suffix '-ccECP',by_element/Ir/Ir.aug-cc-pCV5Z-RI.cfour
Ir,77,recipes/Ir/ccECP,Ir.aug-cc-pCVDZ.AutoAuxC.orca,AutoAuxC.orca,library,ccECP,aug-cc-pCVDZ,aug-cc-pCVDZ,aug-cc-pCVDZ-RI-ccECP,-RI,-ccECP,Ir:aug-cc-pCVDZ-RI-ccECP,71,71,h,s15 p14 d13 f12 g12 h5,yes,orbital name plus '-RI' plus declared suffix '-ccECP',by_element/Ir/Ir.aug-cc-pCVDZ-RI.cfour
Ir,77,recipes/Ir/ccECP,Ir.aug-cc-pCVQZ.AutoAuxC.orca,AutoAuxC.orca,library,ccECP,aug-cc-pCVQZ,aug-cc-pCVQZ,aug-cc-pCVQZ-RI-ccECP,-RI,-ccECP,Ir:aug-cc-pCVQZ-RI-ccECP,84,84,k,s16 p14 d13 f13 g13 h6 i5 k4,yes,orbital name plus '-RI' plus declared suffix '-ccECP',by_element/Ir/Ir.aug-cc-pCVQZ-RI.cfour
Ir,77,recipes/Ir/ccECP,Ir.aug-cc-pCVTZ.AutoAuxC.orca,AutoAuxC.orca,library,ccECP,aug-cc-pCVTZ,aug-cc-pCVTZ,aug-cc-pCVTZ-RI-ccECP,-RI,-ccECP,Ir:aug-cc-pCVTZ-RI-ccECP,79,79,i,s16 p14 d13 f13 g13 h6 i4,yes,orbital name plus '-RI' plus declared suffix '-ccECP',by_element/Ir/Ir.aug-cc-pCVTZ-RI.cfour
Ir,77,recipes/Ir/ccECP,Ir.aug-cc-pV5Z.AutoAuxC.orca,AutoAuxC.orca,library,ccECP,aug-cc-pV5Z,aug-cc-pV5Z,aug-cc-pV5Z-RI-ccECP,-RI,-ccECP,Ir:aug-cc-pV5Z-RI-ccECP,81,81,k,s15 p14 d13 f13 g12 h6 i4 k4,yes,orbital name plus '-RI' plus declared suffix '-ccECP',by_element/Ir/Ir.aug-cc-pV5Z-RI.cfour
Ir,77,recipes/Ir/ccECP,Ir.aug-cc-pVDZ.AutoAuxC.orca,AutoAuxC.orca,library,ccECP,aug-cc-pVDZ,aug-cc-pVDZ,aug-cc-pVDZ-RI-ccECP,-RI,-ccECP,Ir:aug-cc-pVDZ-RI-ccECP,62,62,h,s14 p12 d11 f11 g11 h3,yes,orbital name plus '-RI' plus declared suffix '-ccECP',by_element/Ir/Ir.aug-cc-pVDZ-RI.cfour
Ir,77,recipes/Ir/ccECP,Ir.aug-cc-pVQZ.AutoAuxC.orca,AutoAuxC.orca,library,ccECP,aug-cc-pVQZ,aug-cc-pVQZ,aug-cc-pVQZ-RI-ccECP,-RI,-ccECP,Ir:aug-cc-pVQZ-RI-ccECP,77,77,k,s15 p13 d12 f12 g12 h5 i4 k4,yes,orbital name plus '-RI' plus declared suffix '-ccECP',by_element/Ir/Ir.aug-cc-pVQZ-RI.cfour
Ir,77,recipes/Ir/ccECP,Ir.aug-cc-pVTZ.AutoAuxC.orca,AutoAuxC.orca,library,ccECP,aug-cc-pVTZ,aug-cc-pVTZ,aug-cc-pVTZ-RI-ccECP,-RI,-ccECP,Ir:aug-cc-pVTZ-RI-ccECP,70,70,i,s14 p13 d12 f12 g11 h5 i3,yes,orbital name plus '-RI' plus declared suffix '-ccECP',by_element/Ir/Ir.aug-cc-pVTZ-RI.cfour
Ir,77,recipes/Ir/ccECP,Ir.cc-pCV5Z.AutoAuxC.orca,AutoAuxC.orca,library,ccECP,cc-pCV5Z,cc-pCV5Z,cc-pCV5Z-RI-ccECP,-RI,-ccECP,Ir:cc-pCV5Z-RI-ccECP,79,79,k,s15 p14 d12 f12 g12 h6 i4 k4,yes,orbital name plus '-RI' plus declared suffix '-ccECP',by_element/Ir/Ir.cc-pCV5Z-RI.cfour
Ir,77,recipes/Ir/ccECP,Ir.cc-pCVDZ.AutoAuxC.orca,AutoAuxC.orca,library,ccECP,cc-pCVDZ,cc-pCVDZ,cc-pCVDZ-RI-ccECP,-RI,-ccECP,Ir:cc-pCVDZ-RI-ccECP,62,62,h,s14 p12 d11 f11 g11 h3,yes,orbital name plus '-RI' plus declared suffix '-ccECP',by_element/Ir/Ir.cc-pCVDZ-RI.cfour
Ir,77,recipes/Ir/ccECP,Ir.cc-pCVQZ.AutoAuxC.orca,AutoAuxC.orca,library,ccECP,cc-pCVQZ,cc-pCVQZ,cc-pCVQZ-RI-ccECP,-RI,-ccECP,Ir:cc-pCVQZ-RI-ccECP,74,74,k,s14 p13 d12 f12 g11 h5 i4 k3,yes,orbital name plus '-RI' plus declared suffix '-ccECP',by_element/Ir/Ir.cc-pCVQZ-RI.cfour
Ir,77,recipes/Ir/ccECP,Ir.cc-pCVTZ.AutoAuxC.orca,AutoAuxC.orca,library,ccECP,cc-pCVTZ,cc-pCVTZ,cc-pCVTZ-RI-ccECP,-RI,-ccECP,Ir:cc-pCVTZ-RI-ccECP,70,70,i,s14 p13 d12 f12 g11 h5 i3,yes,orbital name plus '-RI' plus declared suffix '-ccECP',by_element/Ir/Ir.cc-pCVTZ-RI.cfour
Ir,77,recipes/Ir/ccECP,Ir.cc-pV5Z.AutoAuxC.orca,AutoAuxC.orca,library,ccECP,cc-pV5Z,cc-pV5Z,cc-pV5Z-RI-ccECP,-RI,-ccECP,Ir:cc-pV5Z-RI-ccECP,71,71,k,s14 p12 d11 f11 g11 h5 i4 k3,yes,orbital name plus '-RI' plus declared suffix '-ccECP',by_element/Ir/Ir.cc-pV5Z-RI.cfour
Ir,77,recipes/Ir/ccECP,Ir.cc-pVDZ.AutoAuxC.orca,AutoAuxC.orca,library,ccECP,cc-pVDZ,cc-pVDZ,cc-pVDZ-RI-ccECP,-RI,-ccECP,Ir:cc-pVDZ-RI-ccECP,51,51,h,s12 p10 d9 f9 g9 h2,yes,orbital name plus '-RI' plus declared suffix '-ccECP',by_element/Ir/Ir.cc-pVDZ-RI.cfour
Ir,77,recipes/Ir/ccECP,Ir.cc-pVQZ.AutoAuxC.orca,AutoAuxC.orca,library,ccECP,cc-pVQZ,cc-pVQZ,cc-pVQZ-RI-ccECP,-RI,-ccECP,Ir:cc-pVQZ-RI-ccECP,66,66,k,s13 p11 d11 f11 g10 h4 i3 k3,yes,orbital name plus '-RI' plus declared suffix '-ccECP',by_element/Ir/Ir.cc-pVQZ-RI.cfour
Ir,77,recipes/Ir/ccECP,Ir.cc-pVTZ.AutoAuxC.orca,AutoAuxC.orca,library,ccECP,cc-pVTZ,cc-pVTZ,cc-pVTZ-RI-ccECP,-RI,-ccECP,Ir:cc-pVTZ-RI-ccECP,60,60,i,s13 p11 d10 f10 g10 h4 i2,yes,orbital name plus '-RI' plus declared suffix '-ccECP',by_element/Ir/Ir.cc-pVTZ-RI.cfour
K,19,recipes/K/ccECP,K.aug-cc-pCV5Z.AutoAuxC.orca,AutoAuxC.orca,library,ccECP,aug-cc-pCV5Z,aug-cc-pCV5Z,aug-cc-pCV5Z-RI-ccECP,-RI,-ccECP,K:aug-cc-pCV5Z-RI-ccECP,90,90,k,s17 p17 d16 f11 g10 h8 i6 k5,yes,orbital name plus '-RI' plus declared suffix '-ccECP',by_element/K/K.aug-cc-pCV5Z-RI.cfour
K,19,recipes/K/ccECP,K.aug-cc-pCV6Z.AutoAuxC.orca,AutoAuxC.orca,library,ccECP,aug-cc-pCV6Z,aug-cc-pCV6Z,aug-cc-pCV6Z-RI-ccECP,-RI,-ccECP,K:aug-cc-pCV6Z-RI-ccECP,95,95,k,s17 p17 d17 f11 g11 h9 i7 k6,yes,orbital name plus '-RI' plus declared suffix '-ccECP',by_element/K/K.aug-cc-pCV6Z-RI.cfour
K,19,recipes/K/ccECP,K.aug-cc-pCVDZ.AutoAuxC.orca,AutoAuxC.orca,library,ccECP,aug-cc-pCVDZ,aug-cc-pCVDZ,aug-cc-pCVDZ-RI-ccECP,-RI,-ccECP,K:aug-cc-pCVDZ-RI-ccECP,58,58,g,s15 p14 d13 f8 g8,yes,orbital name plus '-RI' plus declared suffix '-ccECP',by_element/K/K.aug-cc-pCVDZ-RI.cfour
K,19,recipes/K/ccECP,K.aug-cc-pCVQZ.AutoAuxC.orca,AutoAuxC.orca,library,ccECP,aug-cc-pCVQZ,aug-cc-pCVQZ,aug-cc-pCVQZ-RI-ccECP,-RI,-ccECP,K:aug-cc-pCVQZ-RI-ccECP,84,84,i,s17 p16 d15 f10 g10 h9 i7,yes,orbital name plus '-RI' plus declared suffix '-ccECP',by_element/K/K.aug-cc-pCVQZ-RI.cfour
K,19,recipes/K/ccECP,K.aug-cc-pCVTZ.AutoAuxC.orca,AutoAuxC.orca,library,ccECP,aug-cc-pCVTZ,aug-cc-pCVTZ,aug-cc-pCVTZ-RI-ccECP,-RI,-ccECP,K:aug-cc-pCVTZ-RI-ccECP,70,70,h,s16 p15 d14 f9 g9 h7,yes,orbital name plus '-RI' plus declared suffix '-ccECP',by_element/K/K.aug-cc-pCVTZ-RI.cfour
K,19,recipes/K/ccECP,K.aug-cc-pV5Z.AutoAuxC.orca,AutoAuxC.orca,library,ccECP,aug-cc-pV5Z,aug-cc-pV5Z,aug-cc-pV5Z-RI-ccECP,-RI,-ccECP,K:aug-cc-pV5Z-RI-ccECP,66,66,k,s15 p13 d12 f7 g7 h5 i4 k3,yes,orbital name plus '-RI' plus declared suffix '-ccECP',by_element/K/K.aug-cc-pV5Z-RI.cfour
K,19,recipes/K/ccECP,K.aug-cc-pV6Z.AutoAuxC.orca,AutoAuxC.orca,library,ccECP,aug-cc-pV6Z,aug-cc-pV6Z,aug-cc-pV6Z-RI-ccECP,-RI,-ccECP,K:aug-cc-pV6Z-RI-ccECP,70,70,k,s15 p13 d12 f8 g8 h6 i4 k4,yes,orbital name plus '-RI' plus declared suffix '-ccECP',by_element/K/K.aug-cc-pV6Z-RI.cfour
K,19,recipes/K/ccECP,K.aug-cc-pVDZ.AutoAuxC.orca,AutoAuxC.orca,library,ccECP,aug-cc-pVDZ,aug-cc-pVDZ,aug-cc-pVDZ-RI-ccECP,-RI,-ccECP,K:aug-cc-pVDZ-RI-ccECP,46,46,g,s14 p12 d11 f6 g3,yes,orbital name plus '-RI' plus declared suffix '-ccECP',by_element/K/K.aug-cc-pVDZ-RI.cfour
K,19,recipes/K/ccECP,K.aug-cc-pVQZ.AutoAuxC.orca,AutoAuxC.orca,library,ccECP,aug-cc-pVQZ,aug-cc-pVQZ,aug-cc-pVQZ-RI-ccECP,-RI,-ccECP,K:aug-cc-pVQZ-RI-ccECP,64,64,i,s15 p13 d12 f7 g7 h6 i4,yes,orbital name plus '-RI' plus declared suffix '-ccECP',by_element/K/K.aug-cc-pVQZ-RI.cfour
K,19,recipes/K/ccECP,K.aug-cc-pVTZ.AutoAuxC.orca,AutoAuxC.orca,library,ccECP,aug-cc-pVTZ,aug-cc-pVTZ,aug-cc-pVTZ-RI-ccECP,-RI,-ccECP,K:aug-cc-pVTZ-RI-ccECP,56,56,h,s14 p13 d12 f7 g7 h3,yes,orbital name plus '-RI' plus declared suffix '-ccECP',by_element/K/K.aug-cc-pVTZ-RI.cfour
K,19,recipes/K/ccECP,K.cc-pCV5Z.AutoAuxC.orca,AutoAuxC.orca,library,ccECP,cc-pCV5Z,cc-pCV5Z,cc-pCV5Z-RI-ccECP,-RI,-ccECP,K:cc-pCV5Z-RI-ccECP,85,85,k,s16 p16 d15 f10 g10 h7 i6 k5,yes,orbital name plus '-RI' plus declared suffix '-ccECP',by_element/K/K.cc-pCV5Z-RI.cfour
K,19,recipes/K/ccECP,K.cc-pCV6Z.AutoAuxC.orca,AutoAuxC.orca,library,ccECP,cc-pCV6Z,cc-pCV6Z,cc-pCV6Z-RI-ccECP,-RI,-ccECP,K:cc-pCV6Z-RI-ccECP,90,90,k,s16 p16 d16 f11 g11 h8 i6 k6,yes,orbital name plus '-RI' plus declared suffix '-ccECP',by_element/K/K.cc-pCV6Z-RI.cfour
K,19,recipes/K/ccECP,K.cc-pCVDZ.AutoAuxC.orca,AutoAuxC.orca,library,ccECP,cc-pCVDZ,cc-pCVDZ,cc-pCVDZ-RI-ccECP,-RI,-ccECP,K:cc-pCVDZ-RI-ccECP,56,56,g,s15 p13 d12 f8 g8,yes,orbital name plus '-RI' plus declared suffix '-ccECP',by_element/K/K.cc-pCVDZ-RI.cfour
K,19,recipes/K/ccECP,K.cc-pCVQZ.AutoAuxC.orca,AutoAuxC.orca,library,ccECP,cc-pCVQZ,cc-pCVQZ,cc-pCVQZ-RI-ccECP,-RI,-ccECP,K:cc-pCVQZ-RI-ccECP,78,78,i,s16 p15 d15 f9 g9 h8 i6,yes,orbital name plus '-RI' plus declared suffix '-ccECP',by_element/K/K.cc-pCVQZ-RI.cfour
K,19,recipes/K/ccECP,K.cc-pCVTZ.AutoAuxC.orca,AutoAuxC.orca,library,ccECP,cc-pCVTZ,cc-pCVTZ,cc-pCVTZ-RI-ccECP,-RI,-ccECP,K:cc-pCVTZ-RI-ccECP,67,67,h,s16 p14 d13 f9 g9 h6,yes,orbital name plus '-RI' plus declared suffix '-ccECP',by_element/K/K.cc-pCVTZ-RI.cfour
K,19,recipes/K/ccECP,K.cc-pV5Z.AutoAuxC.orca,AutoAuxC.orca,library,ccECP,cc-pV5Z,cc-pV5Z,cc-pV5Z-RI-ccECP,-RI,-ccECP,K:cc-pV5Z-RI-ccECP,60,60,k,s14 p12 d11 f7 g7 h4 i3 k2,yes,orbital name plus '-RI' plus declared suffix '-ccECP',by_element/K/K.cc-pV5Z-RI.cfour
K,19,recipes/K/ccECP,K.cc-pV6Z.AutoAuxC.orca,AutoAuxC.orca,library,ccECP,cc-pV6Z,cc-pV6Z,cc-pV6Z-RI-ccECP,-RI,-ccECP,K:cc-pV6Z-RI-ccECP,63,63,k,s14 p12 d11 f7 g7 h5 i4 k3,yes,orbital name plus '-RI' plus declared suffix '-ccECP',by_element/K/K.cc-pV6Z-RI.cfour
K,19,recipes/K/ccECP,K.cc-pVDZ.AutoAuxC.orca,AutoAuxC.orca,library,ccECP,cc-pVDZ,cc-pVDZ,cc-pVDZ-RI-ccECP,-RI,-ccECP,K:cc-pVDZ-RI-ccECP,46,46,g,s14 p12 d11 f6 g3,yes,orbital name plus '-RI' plus declared suffix '-ccECP',by_element/K/K.cc-pVDZ-RI.cfour
K,19,recipes/K/ccECP,K.cc-pVQZ.AutoAuxC.orca,AutoAuxC.orca,library,ccECP,cc-pVQZ,cc-pVQZ,cc-pVQZ-RI-ccECP,-RI,-ccECP,K:cc-pVQZ-RI-ccECP,59,59,i,s14 p12 d11 f6 g6 h6 i4,yes,orbital name plus '-RI' plus declared suffix '-ccECP',by_element/K/K.cc-pVQZ-RI.cfour
K,19,recipes/K/ccECP,K.cc-pVTZ.AutoAuxC.orca,AutoAuxC.orca,library,ccECP,cc-pVTZ,cc-pVTZ,cc-pVTZ-RI-ccECP,-RI,-ccECP,K:cc-pVTZ-RI-ccECP,51,51,h,s14 p12 d11 f6 g6 h2,yes,orbital name plus '-RI' plus declared suffix '-ccECP',by_element/K/K.cc-pVTZ-RI.cfour
Kr,36,recipes/Kr/ccECP,Kr.aug-cc-pV5Z.AutoAuxC.orca,AutoAuxC.orca,library,ccECP,aug-cc-pV5Z,aug-cc-pV5Z,aug-cc-pV5Z-RI-ccECP,-RI,-ccECP,Kr:aug-cc-pV5Z-RI-ccECP,61,61,k,s13 p12 d11 f6 g6 h5 i4 k4,yes,orbital name plus '-RI' plus declared suffix '-ccECP',by_element/Kr/Kr.aug-cc-pV5Z-RI.cfour
Kr,36,recipes/Kr/ccECP,Kr.aug-cc-pV6Z.AutoAuxC.orca,AutoAuxC.orca,library,ccECP,aug-cc-pV6Z,aug-cc-pV6Z,aug-cc-pV6Z-RI-ccECP,-RI,-ccECP,Kr:aug-cc-pV6Z-RI-ccECP,62,62,k,s14 p12 d11 f6 g6 h5 i4 k4,yes,orbital name plus '-RI' plus declared suffix '-ccECP',by_element/Kr/Kr.aug-cc-pV6Z-RI.cfour
Kr,36,recipes/Kr/ccECP,Kr.aug-cc-pVDZ.AutoAuxC.orca,AutoAuxC.orca,library,ccECP,aug-cc-pVDZ,aug-cc-pVDZ,aug-cc-pVDZ-RI-ccECP,-RI,-ccECP,Kr:aug-cc-pVDZ-RI-ccECP,33,33,g,s11 p8 d8 f3 g3,yes,orbital name plus '-RI' plus declared suffix '-ccECP',by_element/Kr/Kr.aug-cc-pVDZ-RI.cfour
Kr,36,recipes/Kr/ccECP,Kr.aug-cc-pVQZ.AutoAuxC.orca,AutoAuxC.orca,library,ccECP,aug-cc-pVQZ,aug-cc-pVQZ,aug-cc-pVQZ-RI-ccECP,-RI,-ccECP,Kr:aug-cc-pVQZ-RI-ccECP,48,48,i,s12 p10 d9 f5 g5 h4 i3,yes,orbital name plus '-RI' plus declared suffix '-ccECP',by_element/Kr/Kr.aug-cc-pVQZ-RI.cfour
Kr,36,recipes/Kr/ccECP,Kr.aug-cc-pVTZ.AutoAuxC.orca,AutoAuxC.orca,library,ccECP,aug-cc-pVTZ,aug-cc-pVTZ,aug-cc-pVTZ-RI-ccECP,-RI,-ccECP,Kr:aug-cc-pVTZ-RI-ccECP,45,45,h,s13 p10 d10 f5 g4 h3,yes,orbital name plus '-RI' plus declared suffix '-ccECP',by_element/Kr/Kr.aug-cc-pVTZ-RI.cfour
Kr,36,recipes/Kr/ccECP,Kr.cc-pV5Z.AutoAuxC.orca,AutoAuxC.orca,library,ccECP,cc-pV5Z,cc-pV5Z,cc-pV5Z-RI-ccECP,-RI,-ccECP,Kr:cc-pV5Z-RI-ccECP,54,54,k,s13 p11 d10 f5 g5 h4 i3 k3,yes,orbital name plus '-RI' plus declared suffix '-ccECP',by_element/Kr/Kr.cc-pV5Z-RI.cfour
Kr,36,recipes/Kr/ccECP,Kr.cc-pV6Z.AutoAuxC.orca,AutoAuxC.orca,library,ccECP,cc-pV6Z,cc-pV6Z,cc-pV6Z-RI-ccECP,-RI,-ccECP,Kr:cc-pV6Z-RI-ccECP,54,54,k,s13 p11 d10 f5 g5 h4 i3 k3,yes,orbital name plus '-RI' plus declared suffix '-ccECP',by_element/Kr/Kr.cc-pV6Z-RI.cfour
Kr,36,recipes/Kr/ccECP,Kr.cc-pVDZ.AutoAuxC.orca,AutoAuxC.orca,library,ccECP,cc-pVDZ,cc-pVDZ,cc-pVDZ-RI-ccECP,-RI,-ccECP,Kr:cc-pVDZ-RI-ccECP,28,28,g,s10 p8 d7 f2 g1,yes,orbital name plus '-RI' plus declared suffix '-ccECP',by_element/Kr/Kr.cc-pVDZ-RI.cfour
Kr,36,recipes/Kr/ccECP,Kr.cc-pVQZ.AutoAuxC.orca,AutoAuxC.orca,library,ccECP,cc-pVQZ,cc-pVQZ,cc-pVQZ-RI-ccECP,-RI,-ccECP,Kr:cc-pVQZ-RI-ccECP,40,40,i,s11 p9 d8 f4 g3 h3 i2,yes,orbital name plus '-RI' plus declared suffix '-ccECP',by_element/Kr/Kr.cc-pVQZ-RI.cfour
Kr,36,recipes/Kr/ccECP,Kr.cc-pVTZ.AutoAuxC.orca,AutoAuxC.orca,library,ccECP,cc-pVTZ,cc-pVTZ,cc-pVTZ-RI-ccECP,-RI,-ccECP,Kr:cc-pVTZ-RI-ccECP,39,39,h,s12 p9 d9 f4 g3 h2,yes,orbital name plus '-RI' plus declared suffix '-ccECP',by_element/Kr/Kr.cc-pVTZ-RI.cfour
La,57,recipes/La/ccECP,La.aug-cc-pCVDZ.AutoAuxC.orca,AutoAuxC.orca,library,ccECP,aug-cc-pCVDZ,aug-cc-pCVDZ,aug-cc-pCVDZ-RI-ccECP,-RI,-ccECP,La:aug-cc-pCVDZ-RI-ccECP,114,114,i,s19 p17 d16 f16 g16 h15 i15,yes,orbital name plus '-RI' plus declared suffix '-ccECP',by_element/La/La.aug-cc-pCVDZ-RI.cfour
La,57,recipes/La/ccECP,La.aug-cc-pCVQZ.AutoAuxC.orca,AutoAuxC.orca,library,ccECP,aug-cc-pCVQZ,aug-cc-pCVQZ,aug-cc-pCVQZ-RI-ccECP,-RI,-ccECP,La:aug-cc-pCVQZ-RI-ccECP,119,119,k,s19 p17 d16 f16 g16 h15 i15 k5,yes,orbital name plus '-RI' plus declared suffix '-ccECP',by_element/La/La.aug-cc-pCVQZ-RI.cfour
La,57,recipes/La/ccECP,La.aug-cc-pCVTZ.AutoAuxC.orca,AutoAuxC.orca,library,ccECP,aug-cc-pCVTZ,aug-cc-pCVTZ,aug-cc-pCVTZ-RI-ccECP,-RI,-ccECP,La:aug-cc-pCVTZ-RI-ccECP,112,112,k,s18 p16 d15 f15 g15 h15 i14 k4,yes,orbital name plus '-RI' plus declared suffix '-ccECP',by_element/La/La.aug-cc-pCVTZ-RI.cfour
La,57,recipes/La/ccECP,La.aug-cc-pVDZ.AutoAuxC.orca,AutoAuxC.orca,library,ccECP,aug-cc-pVDZ,aug-cc-pVDZ,aug-cc-pVDZ-RI-ccECP,-RI,-ccECP,La:aug-cc-pVDZ-RI-ccECP,100,100,i,s17 p15 d14 f14 g14 h13 i13,yes,orbital name plus '-RI' plus declared suffix '-ccECP',by_element/La/La.aug-cc-pVDZ-RI.cfour
La,57,recipes/La/ccECP,La.aug-cc-pVQZ.AutoAuxC.orca,AutoAuxC.orca,library,ccECP,aug-cc-pVQZ,aug-cc-pVQZ,aug-cc-pVQZ-RI-ccECP,-RI,-ccECP,La:aug-cc-pVQZ-RI-ccECP,118,118,k,s19 p17 d16 f16 g16 h15 i15 k4,yes,orbital name plus '-RI' plus declared suffix '-ccECP',by_element/La/La.aug-cc-pVQZ-RI.cfour
La,57,recipes/La/ccECP,La.aug-cc-pVTZ.AutoAuxC.orca,AutoAuxC.orca,library,ccECP,aug-cc-pVTZ,aug-cc-pVTZ,aug-cc-pVTZ-RI-ccECP,-RI,-ccECP,La:aug-cc-pVTZ-RI-ccECP,112,112,k,s18 p16 d15 f15 g15 h15 i14 k4,yes,orbital name plus '-RI' plus declared suffix '-ccECP',by_element/La/La.aug-cc-pVTZ-RI.cfour
La,57,recipes/La/ccECP,La.cc-pCVDZ.AutoAuxC.orca,AutoAuxC.orca,library,ccECP,cc-pCVDZ,cc-pCVDZ,cc-pCVDZ-RI-ccECP,-RI,-ccECP,La:cc-pCVDZ-RI-ccECP,100,100,i,s17 p15 d14 f14 g14 h13 i13,yes,orbital name plus '-RI' plus declared suffix '-ccECP',by_element/La/La.cc-pCVDZ-RI.cfour
La,57,recipes/La/ccECP,La.cc-pCVQZ.AutoAuxC.orca,AutoAuxC.orca,library,ccECP,cc-pCVQZ,cc-pCVQZ,cc-pCVQZ-RI-ccECP,-RI,-ccECP,La:cc-pCVQZ-RI-ccECP,105,105,k,s17 p15 d14 f14 g14 h14 i13 k4,yes,orbital name plus '-RI' plus declared suffix '-ccECP',by_element/La/La.cc-pCVQZ-RI.cfour
La,57,recipes/La/ccECP,La.cc-pCVTZ.AutoAuxC.orca,AutoAuxC.orca,library,ccECP,cc-pCVTZ,cc-pCVTZ,cc-pCVTZ-RI-ccECP,-RI,-ccECP,La:cc-pCVTZ-RI-ccECP,104,104,k,s17 p15 d14 f14 g14 h13 i13 k4,yes,orbital name plus '-RI' plus declared suffix '-ccECP',by_element/La/La.cc-pCVTZ-RI.cfour
La,57,recipes/La/ccECP,La.cc-pVDZ.AutoAuxC.orca,AutoAuxC.orca,library,ccECP,cc-pVDZ,cc-pVDZ,cc-pVDZ-RI-ccECP,-RI,-ccECP,La:cc-pVDZ-RI-ccECP,92,92,i,s15 p14 d13 f13 g13 h12 i12,yes,orbital name plus '-RI' plus declared suffix '-ccECP',by_element/La/La.cc-pVDZ-RI.cfour
La,57,recipes/La/ccECP,La.cc-pVQZ.AutoAuxC.orca,AutoAuxC.orca,library,ccECP,cc-pVQZ,cc-pVQZ,cc-pVQZ-RI-ccECP,-RI,-ccECP,La:cc-pVQZ-RI-ccECP,105,105,k,s17 p15 d14 f14 g14 h14 i13 k4,yes,orbital name plus '-RI' plus declared suffix '-ccECP',by_element/La/La.cc-pVQZ-RI.cfour
La,57,recipes/La/ccECP,La.cc-pVTZ.AutoAuxC.orca,AutoAuxC.orca,library,ccECP,cc-pVTZ,cc-pVTZ,cc-pVTZ-RI-ccECP,-RI,-ccECP,La:cc-pVTZ-RI-ccECP,103,103,k,s17 p15 d14 f14 g14 h13 i13 k3,yes,orbital name plus '-RI' plus declared suffix '-ccECP',by_element/La/La.cc-pVTZ-RI.cfour
Li,3,recipes/Li/ccECP,Li.aug-cc-pV5Z.AutoAuxC.orca,AutoAuxC.orca,library,ccECP,aug-cc-pV5Z,aug-cc-pV5Z,aug-cc-pV5Z-RI-ccECP,-RI,-ccECP,Li:aug-cc-pV5Z-RI-ccECP,47,47,h,s14 p8 d7 f7 g6 h5,yes,orbital name plus '-RI' plus declared suffix '-ccECP',by_element/Li/Li.aug-cc-pV5Z-RI.cfour
Li,3,recipes/Li/ccECP,Li.aug-cc-pVDZ.AutoAuxC.orca,AutoAuxC.orca,library,ccECP,aug-cc-pVDZ,aug-cc-pVDZ,aug-cc-pVDZ-RI-ccECP,-RI,-ccECP,Li:aug-cc-pVDZ-RI-ccECP,22,22,f,s10 p5 d4 f3,yes,orbital name plus '-RI' plus declared suffix '-ccECP',by_element/Li/Li.aug-cc-pVDZ-RI.cfour
Li,3,recipes/Li/ccECP,Li.aug-cc-pVQZ.AutoAuxC.orca,AutoAuxC.orca,library,ccECP,aug-cc-pVQZ,aug-cc-pVQZ,aug-cc-pVQZ-RI-ccECP,-RI,-ccECP,Li:aug-cc-pVQZ-RI-ccECP,42,42,h,s13 p7 d6 f6 g6 h4,yes,orbital name plus '-RI' plus declared suffix '-ccECP',by_element/Li/Li.aug-cc-pVQZ-RI.cfour
Li,3,recipes/Li/ccECP,Li.aug-cc-pVTZ.AutoAuxC.orca,AutoAuxC.orca,library,ccECP,aug-cc-pVTZ,aug-cc-pVTZ,aug-cc-pVTZ-RI-ccECP,-RI,-ccECP,Li:aug-cc-pVTZ-RI-ccECP,30,30,g,s11 p6 d5 f4 g4,yes,orbital name plus '-RI' plus declared suffix '-ccECP',by_element/Li/Li.aug-cc-pVTZ-RI.cfour
Li,3,recipes/Li/ccECP,Li.cc-pV5Z.AutoAuxC.orca,AutoAuxC.orca,library,ccECP,cc-pV5Z,cc-pV5Z,cc-pV5Z-RI-ccECP,-RI,-ccECP,Li:cc-pV5Z-RI-ccECP,44,44,h,s14 p8 d7 f6 g5 h4,yes,orbital name plus '-RI' plus declared suffix '-ccECP',by_element/Li/Li.cc-pV5Z-RI.cfour
Li,3,recipes/Li/ccECP,Li.cc-pVDZ.AutoAuxC.orca,AutoAuxC.orca,library,ccECP,cc-pVDZ,cc-pVDZ,cc-pVDZ-RI-ccECP,-RI,-ccECP,Li:cc-pVDZ-RI-ccECP,21,21,f,s10 p5 d4 f2,yes,orbital name plus '-RI' plus declared suffix '-ccECP',by_element/Li/Li.cc-pVDZ-RI.cfour
Li,3,recipes/Li/ccECP,Li.cc-pVQZ.AutoAuxC.orca,AutoAuxC.orca,library,ccECP,cc-pVQZ,cc-pVQZ,cc-pVQZ-RI-ccECP,-RI,-ccECP,Li:cc-pVQZ-RI-ccECP,38,38,h,s13 p6 d6 f5 g5 h3,yes,orbital name plus '-RI' plus declared suffix '-ccECP',by_element/Li/Li.cc-pVQZ-RI.cfour
Li,3,recipes/Li/ccECP,Li.cc-pVTZ.AutoAuxC.orca,AutoAuxC.orca,library,ccECP,cc-pVTZ,cc-pVTZ,cc-pVTZ-RI-ccECP,-RI,-ccECP,Li:cc-pVTZ-RI-ccECP,27,27,g,s11 p5 d5 f3 g3,yes,orbital name plus '-RI' plus declared suffix '-ccECP',by_element/Li/Li.cc-pVTZ-RI.cfour
Mg,12,recipes/Mg/ccECP,Mg.aug-cc-pV5Z.AutoAuxC.orca,AutoAuxC.orca,library,ccECP,aug-cc-pV5Z,aug-cc-pV5Z,aug-cc-pV5Z-RI-ccECP,-RI,-ccECP,Mg:aug-cc-pV5Z-RI-ccECP,51,51,i,s15 p9 d8 f6 g5 h4 i4,yes,orbital name plus '-RI' plus declared suffix '-ccECP',by_element/Mg/Mg.aug-cc-pV5Z-RI.cfour
Mg,12,recipes/Mg/ccECP,Mg.aug-cc-pV6Z.AutoAuxC.orca,AutoAuxC.orca,library,ccECP,aug-cc-pV6Z,aug-cc-pV6Z,aug-cc-pV6Z-RI-ccECP,-RI,-ccECP,Mg:aug-cc-pV6Z-RI-ccECP,56,56,k,s15 p8 d7 f7 g6 h5 i4 k4,yes,orbital name plus '-RI' plus declared suffix '-ccECP',by_element/Mg/Mg.aug-cc-pV6Z-RI.cfour
Mg,12,recipes/Mg/ccECP,Mg.aug-cc-pVDZ.AutoAuxC.orca,AutoAuxC.orca,library,ccECP,aug-cc-pVDZ,aug-cc-pVDZ,aug-cc-pVDZ-RI-ccECP,-RI,-ccECP,Mg:aug-cc-pVDZ-RI-ccECP,23,23,f,s11 p5 d4 f3,yes,orbital name plus '-RI' plus declared suffix '-ccECP',by_element/Mg/Mg.aug-cc-pVDZ-RI.cfour
Mg,12,recipes/Mg/ccECP,Mg.aug-cc-pVQZ.AutoAuxC.orca,AutoAuxC.orca,library,ccECP,aug-cc-pVQZ,aug-cc-pVQZ,aug-cc-pVQZ-RI-ccECP,-RI,-ccECP,Mg:aug-cc-pVQZ-RI-ccECP,37,37,h,s12 p6 d6 f5 g4 h4,yes,orbital name plus '-RI' plus declared suffix '-ccECP',by_element/Mg/Mg.aug-cc-pVQZ-RI.cfour
Mg,12,recipes/Mg/ccECP,Mg.aug-cc-pVTZ.AutoAuxC.orca,AutoAuxC.orca,library,ccECP,aug-cc-pVTZ,aug-cc-pVTZ,aug-cc-pVTZ-RI-ccECP,-RI,-ccECP,Mg:aug-cc-pVTZ-RI-ccECP,29,29,g,s12 p5 d4 f4 g4,yes,orbital name plus '-RI' plus declared suffix '-ccECP',by_element/Mg/Mg.aug-cc-pVTZ-RI.cfour
Mg,12,recipes/Mg/ccECP,Mg.cc-pV5Z.AutoAuxC.orca,AutoAuxC.orca,library,ccECP,cc-pV5Z,cc-pV5Z,cc-pV5Z-RI-ccECP,-RI,-ccECP,Mg:cc-pV5Z-RI-ccECP,45,45,i,s14 p7 d7 f5 g5 h4 i3,yes,orbital name plus '-RI' plus declared suffix '-ccECP',by_element/Mg/Mg.cc-pV5Z-RI.cfour
Mg,12,recipes/Mg/ccECP,Mg.cc-pV6Z.AutoAuxC.orca,AutoAuxC.orca,library,ccECP,cc-pV6Z,cc-pV6Z,cc-pV6Z-RI-ccECP,-RI,-ccECP,Mg:cc-pV6Z-RI-ccECP,49,49,k,s14 p7 d7 f6 g5 h4 i3 k3,yes,orbital name plus '-RI' plus declared suffix '-ccECP',by_element/Mg/Mg.cc-pV6Z-RI.cfour
Mg,12,recipes/Mg/ccECP,Mg.cc-pVDZ.AutoAuxC.orca,AutoAuxC.orca,library,ccECP,cc-pVDZ,cc-pVDZ,cc-pVDZ-RI-ccECP,-RI,-ccECP,Mg:cc-pVDZ-RI-ccECP,20,20,f,s10 p4 d4 f2,yes,orbital name plus '-RI' plus declared suffix '-ccECP',by_element/Mg/Mg.cc-pVDZ-RI.cfour
Mg,12,recipes/Mg/ccECP,Mg.cc-pVQZ.AutoAuxC.orca,AutoAuxC.orca,library,ccECP,cc-pVQZ,cc-pVQZ,cc-pVQZ-RI-ccECP,-RI,-ccECP,Mg:cc-pVQZ-RI-ccECP,31,31,h,s11 p5 d5 f4 g3 h3,yes,orbital name plus '-RI' plus declared suffix '-ccECP',by_element/Mg/Mg.cc-pVQZ-RI.cfour
Mg,12,recipes/Mg/ccECP,Mg.cc-pVTZ.AutoAuxC.orca,AutoAuxC.orca,library,ccECP,cc-pVTZ,cc-pVTZ,cc-pVTZ-RI-ccECP,-RI,-ccECP,Mg:cc-pVTZ-RI-ccECP,25,25,g,s10 p5 d4 f3 g3,yes,orbital name plus '-RI' plus declared suffix '-ccECP',by_element/Mg/Mg.cc-pVTZ-RI.cfour
Mn,25,recipes/Mn/ccECP,Mn.aug-cc-pCV5Z.AutoAuxC.orca,AutoAuxC.orca,library,ccECP,aug-cc-pCV5Z,aug-cc-pCV5Z,aug-cc-pCV5Z-RI-ccECP,-RI,-ccECP,Mn:aug-cc-pCV5Z-RI-ccECP,91,91,k,s17 p16 d14 f14 g13 h7 i5 k5,yes,orbital name plus '-RI' plus declared suffix '-ccECP',by_element/Mn/Mn.aug-cc-pCV5Z-RI.cfour
Mn,25,recipes/Mn/ccECP,Mn.aug-cc-pCVDZ.AutoAuxC.orca,AutoAuxC.orca,library,ccECP,aug-cc-pCVDZ,aug-cc-pCVDZ,aug-cc-pCVDZ-RI-ccECP,-RI,-ccECP,Mn:aug-cc-pCVDZ-RI-ccECP,75,75,h,s17 p15 d13 f13 g12 h5,yes,orbital name plus '-RI' plus declared suffix '-ccECP',by_element/Mn/Mn.aug-cc-pCVDZ-RI.cfour
Mn,25,recipes/Mn/ccECP,Mn.aug-cc-pCVQZ.AutoAuxC.orca,AutoAuxC.orca,library,ccECP,aug-cc-pCVQZ,aug-cc-pCVQZ,aug-cc-pCVQZ-RI-ccECP,-RI,-ccECP,Mn:aug-cc-pCVQZ-RI-ccECP,89,89,k,s17 p15 d14 f13 g13 h7 i5 k5,yes,orbital name plus '-RI' plus declared suffix '-ccECP',by_element/Mn/Mn.aug-cc-pCVQZ-RI.cfour
Mn,25,recipes/Mn/ccECP,Mn.aug-cc-pCVTZ.AutoAuxC.orca,AutoAuxC.orca,library,ccECP,aug-cc-pCVTZ,aug-cc-pCVTZ,aug-cc-pCVTZ-RI-ccECP,-RI,-ccECP,Mn:aug-cc-pCVTZ-RI-ccECP,83,83,i,s17 p15 d14 f13 g13 h6 i5,yes,orbital name plus '-RI' plus declared suffix '-ccECP',by_element/Mn/Mn.aug-cc-pCVTZ-RI.cfour
Mn,25,recipes/Mn/ccECP,Mn.aug-cc-pV5Z.AutoAuxC.orca,AutoAuxC.orca,library,ccECP,aug-cc-pV5Z,aug-cc-pV5Z,aug-cc-pV5Z-RI-ccECP,-RI,-ccECP,Mn:aug-cc-pV5Z-RI-ccECP,89,89,k,s17 p15 d14 f13 g13 h7 i5 k5,yes,orbital name plus '-RI' plus declared suffix '-ccECP',by_element/Mn/Mn.aug-cc-pV5Z-RI.cfour
Mn,25,recipes/Mn/ccECP,Mn.aug-cc-pVDZ.AutoAuxC.orca,AutoAuxC.orca,library,ccECP,aug-cc-pVDZ,aug-cc-pVDZ,aug-cc-pVDZ-RI-ccECP,-RI,-ccECP,Mn:aug-cc-pVDZ-RI-ccECP,64,64,h,s15 p13 d11 f11 g10 h4,yes,orbital name plus '-RI' plus declared suffix '-ccECP',by_element/Mn/Mn.aug-cc-pVDZ-RI.cfour
Mn,25,recipes/Mn/ccECP,Mn.aug-cc-pVQZ.AutoAuxC.orca,AutoAuxC.orca,library,ccECP,aug-cc-pVQZ,aug-cc-pVQZ,aug-cc-pVQZ-RI-ccECP,-RI,-ccECP,Mn:aug-cc-pVQZ-RI-ccECP,85,85,k,s17 p15 d13 f13 g12 h6 i5 k4,yes,orbital name plus '-RI' plus declared suffix '-ccECP',by_element/Mn/Mn.aug-cc-pVQZ-RI.cfour
Mn,25,recipes/Mn/ccECP,Mn.aug-cc-pVTZ.AutoAuxC.orca,AutoAuxC.orca,library,ccECP,aug-cc-pVTZ,aug-cc-pVTZ,aug-cc-pVTZ-RI-ccECP,-RI,-ccECP,Mn:aug-cc-pVTZ-RI-ccECP,76,76,i,s16 p14 d13 f12 g11 h6 i4,yes,orbital name plus '-RI' plus declared suffix '-ccECP',by_element/Mn/Mn.aug-cc-pVTZ-RI.cfour
Mn,25,recipes/Mn/ccECP,Mn.cc-pCV5Z.AutoAuxC.orca,AutoAuxC.orca,library,ccECP,cc-pCV5Z,cc-pCV5Z,cc-pCV5Z-RI-ccECP,-RI,-ccECP,Mn:cc-pCV5Z-RI-ccECP,80,80,k,s16 p14 d13 f12 g11 h6 i4 k4,yes,orbital name plus '-RI' plus declared suffix '-ccECP',by_element/Mn/Mn.cc-pCV5Z-RI.cfour
Mn,25,recipes/Mn/ccECP,Mn.cc-pCVDZ.AutoAuxC.orca,AutoAuxC.orca,library,ccECP,cc-pCVDZ,cc-pCVDZ,cc-pCVDZ-RI-ccECP,-RI,-ccECP,Mn:cc-pCVDZ-RI-ccECP,66,66,h,s15 p13 d12 f11 g11 h4,yes,orbital name plus '-RI' plus declared suffix '-ccECP',by_element/Mn/Mn.cc-pCVDZ-RI.cfour
Mn,25,recipes/Mn/ccECP,Mn.cc-pCVQZ.AutoAuxC.orca,AutoAuxC.orca,library,ccECP,cc-pCVQZ,cc-pCVQZ,cc-pCVQZ-RI-ccECP,-RI,-ccECP,Mn:cc-pCVQZ-RI-ccECP,78,78,k,s16 p14 d13 f12 g11 h5 i4 k3,yes,orbital name plus '-RI' plus declared suffix '-ccECP',by_element/Mn/Mn.cc-pCVQZ-RI.cfour
Mn,25,recipes/Mn/ccECP,Mn.cc-pCVTZ.AutoAuxC.orca,AutoAuxC.orca,library,ccECP,cc-pCVTZ,cc-pCVTZ,cc-pCVTZ-RI-ccECP,-RI,-ccECP,Mn:cc-pCVTZ-RI-ccECP,75,75,i,s16 p14 d13 f12 g11 h5 i4,yes,orbital name plus '-RI' plus declared suffix '-ccECP',by_element/Mn/Mn.cc-pCVTZ-RI.cfour
Mn,25,recipes/Mn/ccECP,Mn.cc-pV5Z.AutoAuxC.orca,AutoAuxC.orca,library,ccECP,cc-pV5Z,cc-pV5Z,cc-pV5Z-RI-ccECP,-RI,-ccECP,Mn:cc-pV5Z-RI-ccECP,80,80,k,s16 p14 d13 f12 g11 h6 i4 k4,yes,orbital name plus '-RI' plus declared suffix '-ccECP',by_element/Mn/Mn.cc-pV5Z-RI.cfour
Mn,25,recipes/Mn/ccECP,Mn.cc-pVDZ.AutoAuxC.orca,AutoAuxC.orca,library,ccECP,cc-pVDZ,cc-pVDZ,cc-pVDZ-RI-ccECP,-RI,-ccECP,Mn:cc-pVDZ-RI-ccECP,54,54,h,s13 p11 d10 f9 g9 h2,yes,orbital name plus '-RI' plus declared suffix '-ccECP',by_element/Mn/Mn.cc-pVDZ-RI.cfour
Mn,25,recipes/Mn/ccECP,Mn.cc-pVQZ.AutoAuxC.orca,AutoAuxC.orca,library,ccECP,cc-pVQZ,cc-pVQZ,cc-pVQZ-RI-ccECP,-RI,-ccECP,Mn:cc-pVQZ-RI-ccECP,74,74,k,s15 p13 d12 f11 g11 h5 i4 k3,yes,orbital name plus '-RI' plus declared suffix '-ccECP',by_element/Mn/Mn.cc-pVQZ-RI.cfour
Mn,25,recipes/Mn/ccECP,Mn.cc-pVTZ.AutoAuxC.orca,AutoAuxC.orca,library,ccECP,cc-pVTZ,cc-pVTZ,cc-pVTZ-RI-ccECP,-RI,-ccECP,Mn:cc-pVTZ-RI-ccECP,67,67,i,s15 p13 d11 f11 g10 h4 i3,yes,orbital name plus '-RI' plus declared suffix '-ccECP',by_element/Mn/Mn.cc-pVTZ-RI.cfour
Mo,42,recipes/Mo/ccECP,Mo.aug-cc-pCV5Z.AutoAuxC.orca,AutoAuxC.orca,library,ccECP,aug-cc-pCV5Z,aug-cc-pCV5Z,aug-cc-pCV5Z-RI-ccECP,-RI,-ccECP,Mo:aug-cc-pCV5Z-RI-ccECP,91,91,k,s16 p15 d14 f14 g14 h7 i6 k5,yes,orbital name plus '-RI' plus declared suffix '-ccECP',by_element/Mo/Mo.aug-cc-pCV5Z-RI.cfour
Mo,42,recipes/Mo/ccECP,Mo.aug-cc-pCVDZ.AutoAuxC.orca,AutoAuxC.orca,library,ccECP,aug-cc-pCVDZ,aug-cc-pCVDZ,aug-cc-pCVDZ-RI-ccECP,-RI,-ccECP,Mo:aug-cc-pCVDZ-RI-ccECP,69,69,h,s15 p13 d12 f12 g12 h5,yes,orbital name plus '-RI' plus declared suffix '-ccECP',by_element/Mo/Mo.aug-cc-pCVDZ-RI.cfour
Mo,42,recipes/Mo/ccECP,Mo.aug-cc-pCVQZ.AutoAuxC.orca,AutoAuxC.orca,library,ccECP,aug-cc-pCVQZ,aug-cc-pCVQZ,aug-cc-pCVQZ-RI-ccECP,-RI,-ccECP,Mo:aug-cc-pCVQZ-RI-ccECP,87,87,k,s16 p14 d14 f14 g13 h7 i5 k4,yes,orbital name plus '-RI' plus declared suffix '-ccECP',by_element/Mo/Mo.aug-cc-pCVQZ-RI.cfour
Mo,42,recipes/Mo/ccECP,Mo.aug-cc-pCVTZ.AutoAuxC.orca,AutoAuxC.orca,library,ccECP,aug-cc-pCVTZ,aug-cc-pCVTZ,aug-cc-pCVTZ-RI-ccECP,-RI,-ccECP,Mo:aug-cc-pCVTZ-RI-ccECP,79,79,i,s16 p14 d13 f13 g13 h6 i4,yes,orbital name plus '-RI' plus declared suffix '-ccECP',by_element/Mo/Mo.aug-cc-pCVTZ-RI.cfour
Mo,42,recipes/Mo/ccECP,Mo.aug-cc-pV5Z.AutoAuxC.orca,AutoAuxC.orca,library,ccECP,aug-cc-pV5Z,aug-cc-pV5Z,aug-cc-pV5Z-RI-ccECP,-RI,-ccECP,Mo:aug-cc-pV5Z-RI-ccECP,89,89,k,s16 p15 d14 f14 g13 h7 i5 k5,yes,orbital name plus '-RI' plus declared suffix '-ccECP',by_element/Mo/Mo.aug-cc-pV5Z-RI.cfour
Mo,42,recipes/Mo/ccECP,Mo.aug-cc-pVDZ.AutoAuxC.orca,AutoAuxC.orca,library,ccECP,aug-cc-pVDZ,aug-cc-pVDZ,aug-cc-pVDZ-RI-ccECP,-RI,-ccECP,Mo:aug-cc-pVDZ-RI-ccECP,62,62,h,s14 p12 d11 f11 g10 h4,yes,orbital name plus '-RI' plus declared suffix '-ccECP',by_element/Mo/Mo.aug-cc-pVDZ-RI.cfour
Mo,42,recipes/Mo/ccECP,Mo.aug-cc-pVQZ.AutoAuxC.orca,AutoAuxC.orca,library,ccECP,aug-cc-pVQZ,aug-cc-pVQZ,aug-cc-pVQZ-RI-ccECP,-RI,-ccECP,Mo:aug-cc-pVQZ-RI-ccECP,82,82,k,s15 p14 d13 f13 g12 h6 i5 k4,yes,orbital name plus '-RI' plus declared suffix '-ccECP',by_element/Mo/Mo.aug-cc-pVQZ-RI.cfour
Mo,42,recipes/Mo/ccECP,Mo.aug-cc-pVTZ.AutoAuxC.orca,AutoAuxC.orca,library,ccECP,aug-cc-pVTZ,aug-cc-pVTZ,aug-cc-pVTZ-RI-ccECP,-RI,-ccECP,Mo:aug-cc-pVTZ-RI-ccECP,71,71,i,s14 p13 d12 f12 g11 h5 i4,yes,orbital name plus '-RI' plus declared suffix '-ccECP',by_element/Mo/Mo.aug-cc-pVTZ-RI.cfour
Mo,42,recipes/Mo/ccECP,Mo.cc-pCV5Z.AutoAuxC.orca,AutoAuxC.orca,library,ccECP,cc-pCV5Z,cc-pCV5Z,cc-pCV5Z-RI-ccECP,-RI,-ccECP,Mo:cc-pCV5Z-RI-ccECP,82,82,k,s15 p14 d13 f13 g12 h6 i5 k4,yes,orbital name plus '-RI' plus declared suffix '-ccECP',by_element/Mo/Mo.cc-pCV5Z-RI.cfour
Mo,42,recipes/Mo/ccECP,Mo.cc-pCVDZ.AutoAuxC.orca,AutoAuxC.orca,library,ccECP,cc-pCVDZ,cc-pCVDZ,cc-pCVDZ-RI-ccECP,-RI,-ccECP,Mo:cc-pCVDZ-RI-ccECP,63,63,h,s14 p12 d11 f11 g11 h4,yes,orbital name plus '-RI' plus declared suffix '-ccECP',by_element/Mo/Mo.cc-pCVDZ-RI.cfour
Mo,42,recipes/Mo/ccECP,Mo.cc-pCVQZ.AutoAuxC.orca,AutoAuxC.orca,library,ccECP,cc-pCVQZ,cc-pCVQZ,cc-pCVQZ-RI-ccECP,-RI,-ccECP,Mo:cc-pCVQZ-RI-ccECP,78,78,k,s15 p13 d12 f12 g12 h6 i4 k4,yes,orbital name plus '-RI' plus declared suffix '-ccECP',by_element/Mo/Mo.cc-pCVQZ-RI.cfour
Mo,42,recipes/Mo/ccECP,Mo.cc-pCVTZ.AutoAuxC.orca,AutoAuxC.orca,library,ccECP,cc-pCVTZ,cc-pCVTZ,cc-pCVTZ-RI-ccECP,-RI,-ccECP,Mo:cc-pCVTZ-RI-ccECP,67,67,i,s14 p12 d11 f11 g11 h5 i3,yes,orbital name plus '-RI' plus declared suffix '-ccECP',by_element/Mo/Mo.cc-pCVTZ-RI.cfour
Mo,42,recipes/Mo/ccECP,Mo.cc-pV5Z.AutoAuxC.orca,AutoAuxC.orca,library,ccECP,cc-pV5Z,cc-pV5Z,cc-pV5Z-RI-ccECP,-RI,-ccECP,Mo:cc-pV5Z-RI-ccECP,78,78,k,s15 p13 d12 f12 g12 h6 i4 k4,yes,orbital name plus '-RI' plus declared suffix '-ccECP',by_element/Mo/Mo.cc-pV5Z-RI.cfour
Mo,42,recipes/Mo/ccECP,Mo.cc-pVDZ.AutoAuxC.orca,AutoAuxC.orca,library,ccECP,cc-pVDZ,cc-pVDZ,cc-pVDZ-RI-ccECP,-RI,-ccECP,Mo:cc-pVDZ-RI-ccECP,51,51,h,s12 p10 d9 f9 g9 h2,yes,orbital name plus '-RI' plus declared suffix '-ccECP',by_element/Mo/Mo.cc-pVDZ-RI.cfour
Mo,42,recipes/Mo/ccECP,Mo.cc-pVQZ.AutoAuxC.orca,AutoAuxC.orca,library,ccECP,cc-pVQZ,cc-pVQZ,cc-pVQZ-RI-ccECP,-RI,-ccECP,Mo:cc-pVQZ-RI-ccECP,71,71,k,s14 p12 d11 f11 g11 h5 i4 k3,yes,orbital name plus '-RI' plus declared suffix '-ccECP',by_element/Mo/Mo.cc-pVQZ-RI.cfour
Mo,42,recipes/Mo/ccECP,Mo.cc-pVTZ.AutoAuxC.orca,AutoAuxC.orca,library,ccECP,cc-pVTZ,cc-pVTZ,cc-pVTZ-RI-ccECP,-RI,-ccECP,Mo:cc-pVTZ-RI-ccECP,61,61,i,s13 p11 d10 f10 g10 h4 i3,yes,orbital name plus '-RI' plus declared suffix '-ccECP',by_element/Mo/Mo.cc-pVTZ-RI.cfour
N,7,recipes/N/ccECP,N.aug-cc-pV5Z.AutoAuxC.orca,AutoAuxC.orca,library,ccECP,aug-cc-pV5Z,aug-cc-pV5Z,aug-cc-pV5Z-RI-ccECP,-RI,-ccECP,N:aug-cc-pV5Z-RI-ccECP,56,56,i,s13 p12 d11 f6 g5 h5 i4,yes,orbital name plus '-RI' plus declared suffix '-ccECP',by_element/N/N.aug-cc-pV5Z-RI.cfour
N,7,recipes/N/ccECP,N.aug-cc-pV6Z.AutoAuxC.orca,AutoAuxC.orca,library,ccECP,aug-cc-pV6Z,aug-cc-pV6Z,aug-cc-pV6Z-RI-ccECP,-RI,-ccECP,N:aug-cc-pV6Z-RI-ccECP,67,67,k,s13 p13 d12 f7 g7 h6 i5 k4,yes,orbital name plus '-RI' plus declared suffix '-ccECP',by_element/N/N.aug-cc-pV6Z-RI.cfour
N,7,recipes/N/ccECP,N.aug-cc-pVDZ.AutoAuxC.orca,AutoAuxC.orca,library,ccECP,aug-cc-pVDZ,aug-cc-pVDZ,aug-cc-pVDZ-RI-ccECP,-RI,-ccECP,N:aug-cc-pVDZ-RI-ccECP,31,31,f,s11 p9 d8 f3,yes,orbital name plus '-RI' plus declared suffix '-ccECP',by_element/N/N.aug-cc-pVDZ-RI.cfour
N,7,recipes/N/ccECP,N.aug-cc-pVQZ.AutoAuxC.orca,AutoAuxC.orca,library,ccECP,aug-cc-pVQZ,aug-cc-pVQZ,aug-cc-pVQZ-RI-ccECP,-RI,-ccECP,N:aug-cc-pVQZ-RI-ccECP,52,52,h,s13 p12 d11 f6 g5 h5,yes,orbital name plus '-RI' plus declared suffix '-ccECP',by_element/N/N.aug-cc-pVQZ-RI.cfour
N,7,recipes/N/ccECP,N.aug-cc-pVTZ.AutoAuxC.orca,AutoAuxC.orca,library,ccECP,aug-cc-pVTZ,aug-cc-pVTZ,aug-cc-pVTZ-RI-ccECP,-RI,-ccECP,N:aug-cc-pVTZ-RI-ccECP,40,40,g,s12 p10 d9 f5 g4,yes,orbital name plus '-RI' plus declared suffix '-ccECP',by_element/N/N.aug-cc-pVTZ-RI.cfour
N,7,recipes/N/ccECP,N.cc-pV5Z.AutoAuxC.orca,AutoAuxC.orca,library,ccECP,cc-pV5Z,cc-pV5Z,cc-pV5Z-RI-ccECP,-RI,-ccECP,N:cc-pV5Z-RI-ccECP,49,49,i,s12 p11 d10 f5 g4 h4 i3,yes,orbital name plus '-RI' plus declared suffix '-ccECP',by_element/N/N.cc-pV5Z-RI.cfour
N,7,recipes/N/ccECP,N.cc-pV6Z.AutoAuxC.orca,AutoAuxC.orca,library,ccECP,cc-pV6Z,cc-pV6Z,cc-pV6Z-RI-ccECP,-RI,-ccECP,N:cc-pV6Z-RI-ccECP,59,59,k,s12 p12 d11 f6 g6 h5 i4 k3,yes,orbital name plus '-RI' plus declared suffix '-ccECP',by_element/N/N.cc-pV6Z-RI.cfour
N,7,recipes/N/ccECP,N.cc-pVDZ.AutoAuxC.orca,AutoAuxC.orca,library,ccECP,cc-pVDZ,cc-pVDZ,cc-pVDZ-RI-ccECP,-RI,-ccECP,N:cc-pVDZ-RI-ccECP,30,30,f,s11 p9 d8 f2,yes,orbital name plus '-RI' plus declared suffix '-ccECP',by_element/N/N.cc-pVDZ-RI.cfour
N,7,recipes/N/ccECP,N.cc-pVQZ.AutoAuxC.orca,AutoAuxC.orca,library,ccECP,cc-pVQZ,cc-pVQZ,cc-pVQZ-RI-ccECP,-RI,-ccECP,N:cc-pVQZ-RI-ccECP,45,45,h,s12 p11 d10 f5 g4 h3,yes,orbital name plus '-RI' plus declared suffix '-ccECP',by_element/N/N.cc-pVQZ-RI.cfour
N,7,recipes/N/ccECP,N.cc-pVTZ.AutoAuxC.orca,AutoAuxC.orca,library,ccECP,cc-pVTZ,cc-pVTZ,cc-pVTZ-RI-ccECP,-RI,-ccECP,N:cc-pVTZ-RI-ccECP,38,38,g,s12 p10 d9 f4 g3,yes,orbital name plus '-RI' plus declared suffix '-ccECP',by_element/N/N.cc-pVTZ-RI.cfour
Na,11,recipes/Na/ccECP,Na.aug-cc-pV5Z.AutoAuxC.orca,AutoAuxC.orca,library,ccECP,aug-cc-pV5Z,aug-cc-pV5Z,aug-cc-pV5Z-RI-ccECP,-RI,-ccECP,Na:aug-cc-pV5Z-RI-ccECP,48,48,i,s14 p8 d7 f6 g5 h4 i4,yes,orbital name plus '-RI' plus declared suffix '-ccECP',by_element/Na/Na.aug-cc-pV5Z-RI.cfour
Na,11,recipes/Na/ccECP,Na.aug-cc-pVDZ.AutoAuxC.orca,AutoAuxC.orca,library,ccECP,aug-cc-pVDZ,aug-cc-pVDZ,aug-cc-pVDZ-RI-ccECP,-RI,-ccECP,Na:aug-cc-pVDZ-RI-ccECP,24,24,f,s11 p5 d5 f3,yes,orbital name plus '-RI' plus declared suffix '-ccECP',by_element/Na/Na.aug-cc-pVDZ-RI.cfour
Na,11,recipes/Na/ccECP,Na.aug-cc-pVQZ.AutoAuxC.orca,AutoAuxC.orca,library,ccECP,aug-cc-pVQZ,aug-cc-pVQZ,aug-cc-pVQZ-RI-ccECP,-RI,-ccECP,Na:aug-cc-pVQZ-RI-ccECP,35,35,h,s12 p6 d6 f4 g4 h3,yes,orbital name plus '-RI' plus declared suffix '-ccECP',by_element/Na/Na.aug-cc-pVQZ-RI.cfour
Na,11,recipes/Na/ccECP,Na.aug-cc-pVTZ.AutoAuxC.orca,AutoAuxC.orca,library,ccECP,aug-cc-pVTZ,aug-cc-pVTZ,aug-cc-pVTZ-RI-ccECP,-RI,-ccECP,Na:aug-cc-pVTZ-RI-ccECP,35,35,g,s13 p7 d6 f5 g4,yes,orbital name plus '-RI' plus declared suffix '-ccECP',by_element/Na/Na.aug-cc-pVTZ-RI.cfour
Na,11,recipes/Na/ccECP,Na.cc-pV5Z.AutoAuxC.orca,AutoAuxC.orca,library,ccECP,cc-pV5Z,cc-pV5Z,cc-pV5Z-RI-ccECP,-RI,-ccECP,Na:cc-pV5Z-RI-ccECP,43,43,i,s13 p7 d7 f5 g4 h4 i3,yes,orbital name plus '-RI' plus declared suffix '-ccECP',by_element/Na/Na.cc-pV5Z-RI.cfour
Na,11,recipes/Na/ccECP,Na.cc-pVDZ.AutoAuxC.orca,AutoAuxC.orca,library,ccECP,cc-pVDZ,cc-pVDZ,cc-pVDZ-RI-ccECP,-RI,-ccECP,Na:cc-pVDZ-RI-ccECP,23,23,f,s11 p5 d5 f2,yes,orbital name plus '-RI' plus declared suffix '-ccECP',by_element/Na/Na.cc-pVDZ-RI.cfour
Na,11,recipes/Na/ccECP,Na.cc-pVQZ.AutoAuxC.orca,AutoAuxC.orca,library,ccECP,cc-pVQZ,cc-pVQZ,cc-pVQZ-RI-ccECP,-RI,-ccECP,Na:cc-pVQZ-RI-ccECP,34,34,h,s12 p6 d6 f4 g3 h3,yes,orbital name plus '-RI' plus declared suffix '-ccECP',by_element/Na/Na.cc-pVQZ-RI.cfour
Na,11,recipes/Na/ccECP,Na.cc-pVTZ.AutoAuxC.orca,AutoAuxC.orca,library,ccECP,cc-pVTZ,cc-pVTZ,cc-pVTZ-RI-ccECP,-RI,-ccECP,Na:cc-pVTZ-RI-ccECP,33,33,g,s14 p7 d6 f4 g2,yes,orbital name plus '-RI' plus declared suffix '-ccECP',by_element/Na/Na.cc-pVTZ-RI.cfour
Nb,41,recipes/Nb/ccECP,Nb.aug-cc-pCV5Z.AutoAuxC.orca,AutoAuxC.orca,library,ccECP,aug-cc-pCV5Z,aug-cc-pCV5Z,aug-cc-pCV5Z-RI-ccECP,-RI,-ccECP,Nb:aug-cc-pCV5Z-RI-ccECP,92,92,k,s17 p15 d14 f14 g14 h7 i6 k5,yes,orbital name plus '-RI' plus declared suffix '-ccECP',by_element/Nb/Nb.aug-cc-pCV5Z-RI.cfour
Nb,41,recipes/Nb/ccECP,Nb.aug-cc-pCVDZ.AutoAuxC.orca,AutoAuxC.orca,library,ccECP,aug-cc-pCVDZ,aug-cc-pCVDZ,aug-cc-pCVDZ-RI-ccECP,-RI,-ccECP,Nb:aug-cc-pCVDZ-RI-ccECP,69,69,h,s15 p13 d12 f12 g12 h5,yes,orbital name plus '-RI' plus declared suffix '-ccECP',by_element/Nb/Nb.aug-cc-pCVDZ-RI.cfour
Nb,41,recipes/Nb/ccECP,Nb.aug-cc-pCVQZ.AutoAuxC.orca,AutoAuxC.orca,library,ccECP,aug-cc-pCVQZ,aug-cc-pCVQZ,aug-cc-pCVQZ-RI-ccECP,-RI,-ccECP,Nb:aug-cc-pCVQZ-RI-ccECP,85,85,k,s16 p14 d13 f13 g13 h7 i5 k4,yes,orbital name plus '-RI' plus declared suffix '-ccECP',by_element/Nb/Nb.aug-cc-pCVQZ-RI.cfour
Nb,41,recipes/Nb/ccECP,Nb.aug-cc-pCVTZ.AutoAuxC.orca,AutoAuxC.orca,library,ccECP,aug-cc-pCVTZ,aug-cc-pCVTZ,aug-cc-pCVTZ-RI-ccECP,-RI,-ccECP,Nb:aug-cc-pCVTZ-RI-ccECP,78,78,i,s16 p14 d13 f13 g12 h6 i4,yes,orbital name plus '-RI' plus declared suffix '-ccECP',by_element/Nb/Nb.aug-cc-pCVTZ-RI.cfour
Nb,41,recipes/Nb/ccECP,Nb.aug-cc-pV5Z.AutoAuxC.orca,AutoAuxC.orca,library,ccECP,aug-cc-pV5Z,aug-cc-pV5Z,aug-cc-pV5Z-RI-ccECP,-RI,-ccECP,Nb:aug-cc-pV5Z-RI-ccECP,86,86,k,s16 p14 d13 f13 g13 h7 i5 k5,yes,orbital name plus '-RI' plus declared suffix '-ccECP',by_element/Nb/Nb.aug-cc-pV5Z-RI.cfour
Nb,41,recipes/Nb/ccECP,Nb.aug-cc-pVDZ.AutoAuxC.orca,AutoAuxC.orca,library,ccECP,aug-cc-pVDZ,aug-cc-pVDZ,aug-cc-pVDZ-RI-ccECP,-RI,-ccECP,Nb:aug-cc-pVDZ-RI-ccECP,60,60,h,s13 p12 d11 f10 g10 h4,yes,orbital name plus '-RI' plus declared suffix '-ccECP',by_element/Nb/Nb.aug-cc-pVDZ-RI.cfour
Nb,41,recipes/Nb/ccECP,Nb.aug-cc-pVQZ.AutoAuxC.orca,AutoAuxC.orca,library,ccECP,aug-cc-pVQZ,aug-cc-pVQZ,aug-cc-pVQZ-RI-ccECP,-RI,-ccECP,Nb:aug-cc-pVQZ-RI-ccECP,79,79,k,s15 p13 d12 f12 g12 h6 i5 k4,yes,orbital name plus '-RI' plus declared suffix '-ccECP',by_element/Nb/Nb.aug-cc-pVQZ-RI.cfour
Nb,41,recipes/Nb/ccECP,Nb.aug-cc-pVTZ.AutoAuxC.orca,AutoAuxC.orca,library,ccECP,aug-cc-pVTZ,aug-cc-pVTZ,aug-cc-pVTZ-RI-ccECP,-RI,-ccECP,Nb:aug-cc-pVTZ-RI-ccECP,68,68,i,s14 p12 d11 f11 g11 h5 i4,yes,orbital name plus '-RI' plus declared suffix '-ccECP',by_element/Nb/Nb.aug-cc-pVTZ-RI.cfour
Nb,41,recipes/Nb/ccECP,Nb.cc-pCV5Z.AutoAuxC.orca,AutoAuxC.orca,library,ccECP,cc-pCV5Z,cc-pCV5Z,cc-pCV5Z-RI-ccECP,-RI,-ccECP,Nb:cc-pCV5Z-RI-ccECP,79,79,k,s15 p13 d12 f12 g12 h6 i5 k4,yes,orbital name plus '-RI' plus declared suffix '-ccECP',by_element/Nb/Nb.cc-pCV5Z-RI.cfour
Nb,41,recipes/Nb/ccECP,Nb.cc-pCVDZ.AutoAuxC.orca,AutoAuxC.orca,library,ccECP,cc-pCVDZ,cc-pCVDZ,cc-pCVDZ-RI-ccECP,-RI,-ccECP,Nb:cc-pCVDZ-RI-ccECP,61,61,h,s13 p12 d11 f11 g10 h4,yes,orbital name plus '-RI' plus declared suffix '-ccECP',by_element/Nb/Nb.cc-pCVDZ-RI.cfour
Nb,41,recipes/Nb/ccECP,Nb.cc-pCVQZ.AutoAuxC.orca,AutoAuxC.orca,library,ccECP,cc-pCVQZ,cc-pCVQZ,cc-pCVQZ-RI-ccECP,-RI,-ccECP,Nb:cc-pCVQZ-RI-ccECP,76,76,k,s15 p13 d12 f12 g11 h5 i4 k4,yes,orbital name plus '-RI' plus declared suffix '-ccECP',by_element/Nb/Nb.cc-pCVQZ-RI.cfour
Nb,41,recipes/Nb/ccECP,Nb.cc-pCVTZ.AutoAuxC.orca,AutoAuxC.orca,library,ccECP,cc-pCVTZ,cc-pCVTZ,cc-pCVTZ-RI-ccECP,-RI,-ccECP,Nb:cc-pCVTZ-RI-ccECP,67,67,i,s14 p12 d11 f11 g11 h5 i3,yes,orbital name plus '-RI' plus declared suffix '-ccECP',by_element/Nb/Nb.cc-pCVTZ-RI.cfour
Nb,41,recipes/Nb/ccECP,Nb.cc-pV5Z.AutoAuxC.orca,AutoAuxC.orca,library,ccECP,cc-pV5Z,cc-pV5Z,cc-pV5Z-RI-ccECP,-RI,-ccECP,Nb:cc-pV5Z-RI-ccECP,78,78,k,s15 p13 d12 f12 g12 h6 i4 k4,yes,orbital name plus '-RI' plus declared suffix '-ccECP',by_element/Nb/Nb.cc-pV5Z-RI.cfour
Nb,41,recipes/Nb/ccECP,Nb.cc-pVDZ.AutoAuxC.orca,AutoAuxC.orca,library,ccECP,cc-pVDZ,cc-pVDZ,cc-pVDZ-RI-ccECP,-RI,-ccECP,Nb:cc-pVDZ-RI-ccECP,51,51,h,s12 p10 d9 f9 g9 h2,yes,orbital name plus '-RI' plus declared suffix '-ccECP',by_element/Nb/Nb.cc-pVDZ-RI.cfour
Nb,41,recipes/Nb/ccECP,Nb.cc-pVQZ.AutoAuxC.orca,AutoAuxC.orca,library,ccECP,cc-pVQZ,cc-pVQZ,cc-pVQZ-RI-ccECP,-RI,-ccECP,Nb:cc-pVQZ-RI-ccECP,71,71,k,s14 p12 d11 f11 g11 h5 i4 k3,yes,orbital name plus '-RI' plus declared suffix '-ccECP',by_element/Nb/Nb.cc-pVQZ-RI.cfour
Nb,41,recipes/Nb/ccECP,Nb.cc-pVTZ.AutoAuxC.orca,AutoAuxC.orca,library,ccECP,cc-pVTZ,cc-pVTZ,cc-pVTZ-RI-ccECP,-RI,-ccECP,Nb:cc-pVTZ-RI-ccECP,61,61,i,s13 p11 d10 f10 g10 h4 i3,yes,orbital name plus '-RI' plus declared suffix '-ccECP',by_element/Nb/Nb.cc-pVTZ-RI.cfour
Ne,10,recipes/Ne/ccECP,Ne.cc-pV5Z.AutoAuxC.orca,AutoAuxC.orca,library,ccECP,cc-pV5Z,cc-pV5Z,cc-pV5Z-RI-ccECP,-RI,-ccECP,Ne:cc-pV5Z-RI-ccECP,55,55,i,s13 p12 d12 f6 g5 h4 i3,yes,orbital name plus '-RI' plus declared suffix '-ccECP',by_element/Ne/Ne.cc-pV5Z-RI.cfour
Ne,10,recipes/Ne/ccECP,Ne.cc-pV6Z.AutoAuxC.orca,AutoAuxC.orca,library,ccECP,cc-pV6Z,cc-pV6Z,cc-pV6Z-RI-ccECP,-RI,-ccECP,Ne:cc-pV6Z-RI-ccECP,62,62,k,s13 p12 d12 f6 g6 h5 i4 k4,yes,orbital name plus '-RI' plus declared suffix '-ccECP',by_element/Ne/Ne.cc-pV6Z-RI.cfour
Ne,10,recipes/Ne/ccECP,Ne.cc-pVDZ.AutoAuxC.orca,AutoAuxC.orca,library,ccECP,cc-pVDZ,cc-pVDZ,cc-pVDZ-RI-ccECP,-RI,-ccECP,Ne:cc-pVDZ-RI-ccECP,33,33,f,s12 p10 d9 f2,yes,orbital name plus '-RI' plus declared suffix '-ccECP',by_element/Ne/Ne.cc-pVDZ-RI.cfour
Ne,10,recipes/Ne/ccECP,Ne.cc-pVQZ.AutoAuxC.orca,AutoAuxC.orca,library,ccECP,cc-pVQZ,cc-pVQZ,cc-pVQZ-RI-ccECP,-RI,-ccECP,Ne:cc-pVQZ-RI-ccECP,48,48,h,s13 p12 d11 f5 g4 h3,yes,orbital name plus '-RI' plus declared suffix '-ccECP',by_element/Ne/Ne.cc-pVQZ-RI.cfour
Ne,10,recipes/Ne/ccECP,Ne.cc-pVTZ.AutoAuxC.orca,AutoAuxC.orca,library,ccECP,cc-pVTZ,cc-pVTZ,cc-pVTZ-RI-ccECP,-RI,-ccECP,Ne:cc-pVTZ-RI-ccECP,41,41,g,s13 p11 d10 f4 g3,yes,orbital name plus '-RI' plus declared suffix '-ccECP',by_element/Ne/Ne.cc-pVTZ-RI.cfour
Ni,28,recipes/Ni/ccECP,Ni.aug-cc-pCV5Z.AutoAuxC.orca,AutoAuxC.orca,library,ccECP,aug-cc-pCV5Z,aug-cc-pCV5Z,aug-cc-pCV5Z-RI-ccECP,-RI,-ccECP,Ni:aug-cc-pCV5Z-RI-ccECP,93,93,k,s18 p16 d15 f14 g13 h7 i5 k5,yes,orbital name plus '-RI' plus declared suffix '-ccECP',by_element/Ni/Ni.aug-cc-pCV5Z-RI.cfour
Ni,28,recipes/Ni/ccECP,Ni.aug-cc-pCVDZ.AutoAuxC.orca,AutoAuxC.orca,library,ccECP,aug-cc-pCVDZ,aug-cc-pCVDZ,aug-cc-pCVDZ-RI-ccECP,-RI,-ccECP,Ni:aug-cc-pCVDZ-RI-ccECP,76,76,h,s17 p15 d14 f13 g12 h5,yes,orbital name plus '-RI' plus declared suffix '-ccECP',by_element/Ni/Ni.aug-cc-pCVDZ-RI.cfour
Ni,28,recipes/Ni/ccECP,Ni.aug-cc-pCVQZ.AutoAuxC.orca,AutoAuxC.orca,library,ccECP,aug-cc-pCVQZ,aug-cc-pCVQZ,aug-cc-pCVQZ-RI-ccECP,-RI,-ccECP,Ni:aug-cc-pCVQZ-RI-ccECP,90,90,k,s18 p16 d14 f13 g13 h7 i5 k4,yes,orbital name plus '-RI' plus declared suffix '-ccECP',by_element/Ni/Ni.aug-cc-pCVQZ-RI.cfour
Ni,28,recipes/Ni/ccECP,Ni.aug-cc-pCVTZ.AutoAuxC.orca,AutoAuxC.orca,library,ccECP,aug-cc-pCVTZ,aug-cc-pCVTZ,aug-cc-pCVTZ-RI-ccECP,-RI,-ccECP,Ni:aug-cc-pCVTZ-RI-ccECP,85,85,i,s18 p16 d14 f13 g13 h6 i5,yes,orbital name plus '-RI' plus declared suffix '-ccECP',by_element/Ni/Ni.aug-cc-pCVTZ-RI.cfour
Ni,28,recipes/Ni/ccECP,Ni.aug-cc-pV5Z.AutoAuxC.orca,AutoAuxC.orca,library,ccECP,aug-cc-pV5Z,aug-cc-pV5Z,aug-cc-pV5Z-RI-ccECP,-RI,-ccECP,Ni:aug-cc-pV5Z-RI-ccECP,93,93,k,s18 p16 d15 f14 g13 h7 i5 k5,yes,orbital name plus '-RI' plus declared suffix '-ccECP',by_element/Ni/Ni.aug-cc-pV5Z-RI.cfour
Ni,28,recipes/Ni/ccECP,Ni.aug-cc-pVDZ.AutoAuxC.orca,AutoAuxC.orca,library,ccECP,aug-cc-pVDZ,aug-cc-pVDZ,aug-cc-pVDZ-RI-ccECP,-RI,-ccECP,Ni:aug-cc-pVDZ-RI-ccECP,65,65,h,s15 p13 d12 f11 g10 h4,yes,orbital name plus '-RI' plus declared suffix '-ccECP',by_element/Ni/Ni.aug-cc-pVDZ-RI.cfour
Ni,28,recipes/Ni/ccECP,Ni.aug-cc-pVQZ.AutoAuxC.orca,AutoAuxC.orca,library,ccECP,aug-cc-pVQZ,aug-cc-pVQZ,aug-cc-pVQZ-RI-ccECP,-RI,-ccECP,Ni:aug-cc-pVQZ-RI-ccECP,86,86,k,s17 p15 d14 f13 g12 h6 i5 k4,yes,orbital name plus '-RI' plus declared suffix '-ccECP',by_element/Ni/Ni.aug-cc-pVQZ-RI.cfour
Ni,28,recipes/Ni/ccECP,Ni.aug-cc-pVTZ.AutoAuxC.orca,AutoAuxC.orca,library,ccECP,aug-cc-pVTZ,aug-cc-pVTZ,aug-cc-pVTZ-RI-ccECP,-RI,-ccECP,Ni:aug-cc-pVTZ-RI-ccECP,76,76,i,s17 p14 d13 f12 g11 h5 i4,yes,orbital name plus '-RI' plus declared suffix '-ccECP',by_element/Ni/Ni.aug-cc-pVTZ-RI.cfour
Ni,28,recipes/Ni/ccECP,Ni.cc-pCV5Z.AutoAuxC.orca,AutoAuxC.orca,library,ccECP,cc-pCV5Z,cc-pCV5Z,cc-pCV5Z-RI-ccECP,-RI,-ccECP,Ni:cc-pCV5Z-RI-ccECP,82,82,k,s16 p15 d13 f12 g12 h6 i4 k4,yes,orbital name plus '-RI' plus declared suffix '-ccECP',by_element/Ni/Ni.cc-pCV5Z-RI.cfour
Ni,28,recipes/Ni/ccECP,Ni.cc-pCVDZ.AutoAuxC.orca,AutoAuxC.orca,library,ccECP,cc-pCVDZ,cc-pCVDZ,cc-pCVDZ-RI-ccECP,-RI,-ccECP,Ni:cc-pCVDZ-RI-ccECP,70,70,h,s16 p14 d13 f12 g11 h4,yes,orbital name plus '-RI' plus declared suffix '-ccECP',by_element/Ni/Ni.cc-pCVDZ-RI.cfour
Ni,28,recipes/Ni/ccECP,Ni.cc-pCVQZ.AutoAuxC.orca,AutoAuxC.orca,library,ccECP,cc-pCVQZ,cc-pCVQZ,cc-pCVQZ-RI-ccECP,-RI,-ccECP,Ni:cc-pCVQZ-RI-ccECP,78,78,k,s16 p14 d13 f12 g11 h5 i4 k3,yes,orbital name plus '-RI' plus declared suffix '-ccECP',by_element/Ni/Ni.cc-pCVQZ-RI.cfour
Ni,28,recipes/Ni/ccECP,Ni.cc-pCVTZ.AutoAuxC.orca,AutoAuxC.orca,library,ccECP,cc-pCVTZ,cc-pCVTZ,cc-pCVTZ-RI-ccECP,-RI,-ccECP,Ni:cc-pCVTZ-RI-ccECP,74,74,i,s16 p14 d13 f12 g11 h5 i3,yes,orbital name plus '-RI' plus declared suffix '-ccECP',by_element/Ni/Ni.cc-pCVTZ-RI.cfour
Ni,28,recipes/Ni/ccECP,Ni.cc-pV5Z.AutoAuxC.orca,AutoAuxC.orca,library,ccECP,cc-pV5Z,cc-pV5Z,cc-pV5Z-RI-ccECP,-RI,-ccECP,Ni:cc-pV5Z-RI-ccECP,82,82,k,s16 p15 d13 f12 g12 h6 i4 k4,yes,orbital name plus '-RI' plus declared suffix '-ccECP',by_element/Ni/Ni.cc-pV5Z-RI.cfour
Ni,28,recipes/Ni/ccECP,Ni.cc-pVDZ.AutoAuxC.orca,AutoAuxC.orca,library,ccECP,cc-pVDZ,cc-pVDZ,cc-pVDZ-RI-ccECP,-RI,-ccECP,Ni:cc-pVDZ-RI-ccECP,58,58,h,s14 p12 d11 f10 g9 h2,yes,orbital name plus '-RI' plus declared suffix '-ccECP',by_element/Ni/Ni.cc-pVDZ-RI.cfour
Ni,28,recipes/Ni/ccECP,Ni.cc-pVQZ.AutoAuxC.orca,AutoAuxC.orca,library,ccECP,cc-pVQZ,cc-pVQZ,cc-pVQZ-RI-ccECP,-RI,-ccECP,Ni:cc-pVQZ-RI-ccECP,78,78,k,s16 p14 d13 f12 g11 h5 i4 k3,yes,orbital name plus '-RI' plus declared suffix '-ccECP',by_element/Ni/Ni.cc-pVQZ-RI.cfour
Ni,28,recipes/Ni/ccECP,Ni.cc-pVTZ.AutoAuxC.orca,AutoAuxC.orca,library,ccECP,cc-pVTZ,cc-pVTZ,cc-pVTZ-RI-ccECP,-RI,-ccECP,Ni:cc-pVTZ-RI-ccECP,68,68,i,s15 p13 d12 f11 g10 h4 i3,yes,orbital name plus '-RI' plus declared suffix '-ccECP',by_element/Ni/Ni.cc-pVTZ-RI.cfour
O,8,recipes/O/ccECP,O.aug-cc-pV5Z.AutoAuxC.orca,AutoAuxC.orca,library,ccECP,aug-cc-pV5Z,aug-cc-pV5Z,aug-cc-pV5Z-RI-ccECP,-RI,-ccECP,O:aug-cc-pV5Z-RI-ccECP,57,57,i,s13 p12 d11 f6 g6 h5 i4,yes,orbital name plus '-RI' plus declared suffix '-ccECP',by_element/O/O.aug-cc-pV5Z-RI.cfour
O,8,recipes/O/ccECP,O.aug-cc-pV6Z.AutoAuxC.orca,AutoAuxC.orca,library,ccECP,aug-cc-pV6Z,aug-cc-pV6Z,aug-cc-pV6Z-RI-ccECP,-RI,-ccECP,O:aug-cc-pV6Z-RI-ccECP,69,69,k,s14 p13 d13 f7 g7 h6 i5 k4,yes,orbital name plus '-RI' plus declared suffix '-ccECP',by_element/O/O.aug-cc-pV6Z-RI.cfour
O,8,recipes/O/ccECP,O.aug-cc-pVDZ.AutoAuxC.orca,AutoAuxC.orca,library,ccECP,aug-cc-pVDZ,aug-cc-pVDZ,aug-cc-pVDZ-RI-ccECP,-RI,-ccECP,O:aug-cc-pVDZ-RI-ccECP,31,31,f,s11 p9 d8 f3,yes,orbital name plus '-RI' plus declared suffix '-ccECP',by_element/O/O.aug-cc-pVDZ-RI.cfour
O,8,recipes/O/ccECP,O.aug-cc-pVQZ.AutoAuxC.orca,AutoAuxC.orca,library,ccECP,aug-cc-pVQZ,aug-cc-pVQZ,aug-cc-pVQZ-RI-ccECP,-RI,-ccECP,O:aug-cc-pVQZ-RI-ccECP,52,52,h,s13 p12 d11 f6 g5 h5,yes,orbital name plus '-RI' plus declared suffix '-ccECP',by_element/O/O.aug-cc-pVQZ-RI.cfour
O,8,recipes/O/ccECP,O.aug-cc-pVTZ.AutoAuxC.orca,AutoAuxC.orca,library,ccECP,aug-cc-pVTZ,aug-cc-pVTZ,aug-cc-pVTZ-RI-ccECP,-RI,-ccECP,O:aug-cc-pVTZ-RI-ccECP,43,43,g,s13 p11 d10 f5 g4,yes,orbital name plus '-RI' plus declared suffix '-ccECP',by_element/O/O.aug-cc-pVTZ-RI.cfour
O,8,recipes/O/ccECP,O.cc-pV5Z.AutoAuxC.orca,AutoAuxC.orca,library,ccECP,cc-pV5Z,cc-pV5Z,cc-pV5Z-RI-ccECP,-RI,-ccECP,O:cc-pV5Z-RI-ccECP,53,53,i,s13 p12 d11 f5 g5 h4 i3,yes,orbital name plus '-RI' plus declared suffix '-ccECP',by_element/O/O.cc-pV5Z-RI.cfour
O,8,recipes/O/ccECP,O.cc-pV6Z.AutoAuxC.orca,AutoAuxC.orca,library,ccECP,cc-pV6Z,cc-pV6Z,cc-pV6Z-RI-ccECP,-RI,-ccECP,O:cc-pV6Z-RI-ccECP,62,62,k,s13 p12 d12 f6 g6 h5 i4 k4,yes,orbital name plus '-RI' plus declared suffix '-ccECP',by_element/O/O.cc-pV6Z-RI.cfour
O,8,recipes/O/ccECP,O.cc-pVDZ.AutoAuxC.orca,AutoAuxC.orca,library,ccECP,cc-pVDZ,cc-pVDZ,cc-pVDZ-RI-ccECP,-RI,-ccECP,O:cc-pVDZ-RI-ccECP,30,30,f,s11 p9 d8 f2,yes,orbital name plus '-RI' plus declared suffix '-ccECP',by_element/O/O.cc-pVDZ-RI.cfour
O,8,recipes/O/ccECP,O.cc-pVQZ.AutoAuxC.orca,AutoAuxC.orca,library,ccECP,cc-pVQZ,cc-pVQZ,cc-pVQZ-RI-ccECP,-RI,-ccECP,O:cc-pVQZ-RI-ccECP,46,46,h,s13 p11 d10 f5 g4 h3,yes,orbital name plus '-RI' plus declared suffix '-ccECP',by_element/O/O.cc-pVQZ-RI.cfour
O,8,recipes/O/ccECP,O.cc-pVTZ.AutoAuxC.orca,AutoAuxC.orca,library,ccECP,cc-pVTZ,cc-pVTZ,cc-pVTZ-RI-ccECP,-RI,-ccECP,O:cc-pVTZ-RI-ccECP,40,40,g,s12 p11 d10 f4 g3,yes,orbital name plus '-RI' plus declared suffix '-ccECP',by_element/O/O.cc-pVTZ-RI.cfour
P,15,recipes/P/ccECP,P.aug-cc-pV5Z.AutoAuxC.orca,AutoAuxC.orca,library,ccECP,aug-cc-pV5Z,aug-cc-pV5Z,aug-cc-pV5Z-RI-ccECP,-RI,-ccECP,P:aug-cc-pV5Z-RI-ccECP,55,55,i,s11 p11 d11 f7 g6 h5 i4,yes,orbital name plus '-RI' plus declared suffix '-ccECP',by_element/P/P.aug-cc-pV5Z-RI.cfour
P,15,recipes/P/ccECP,P.aug-cc-pV6Z.AutoAuxC.orca,AutoAuxC.orca,library,ccECP,aug-cc-pV6Z,aug-cc-pV6Z,aug-cc-pV6Z-RI-ccECP,-RI,-ccECP,P:aug-cc-pV6Z-RI-ccECP,60,60,k,s11 p11 d11 f7 g7 h5 i4 k4,yes,orbital name plus '-RI' plus declared suffix '-ccECP',by_element/P/P.aug-cc-pV6Z-RI.cfour
P,15,recipes/P/ccECP,P.aug-cc-pVDZ.AutoAuxC.orca,AutoAuxC.orca,library,ccECP,aug-cc-pVDZ,aug-cc-pVDZ,aug-cc-pVDZ-RI-ccECP,-RI,-ccECP,P:aug-cc-pVDZ-RI-ccECP,30,30,f,s10 p9 d8 f3,yes,orbital name plus '-RI' plus declared suffix '-ccECP',by_element/P/P.aug-cc-pVDZ-RI.cfour
P,15,recipes/P/ccECP,P.aug-cc-pVQZ.AutoAuxC.orca,AutoAuxC.orca,library,ccECP,aug-cc-pVQZ,aug-cc-pVQZ,aug-cc-pVQZ-RI-ccECP,-RI,-ccECP,P:aug-cc-pVQZ-RI-ccECP,46,46,h,s10 p10 d10 f6 g5 h5,yes,orbital name plus '-RI' plus declared suffix '-ccECP',by_element/P/P.aug-cc-pVQZ-RI.cfour
P,15,recipes/P/ccECP,P.aug-cc-pVTZ.AutoAuxC.orca,AutoAuxC.orca,library,ccECP,aug-cc-pVTZ,aug-cc-pVTZ,aug-cc-pVTZ-RI-ccECP,-RI,-ccECP,P:aug-cc-pVTZ-RI-ccECP,38,38,g,s10 p10 d9 f5 g4,yes,orbital name plus '-RI' plus declared suffix '-ccECP',by_element/P/P.aug-cc-pVTZ-RI.cfour
P,15,recipes/P/ccECP,P.cc-pV5Z.AutoAuxC.orca,AutoAuxC.orca,library,ccECP,cc-pV5Z,cc-pV5Z,cc-pV5Z-RI-ccECP,-RI,-ccECP,P:cc-pV5Z-RI-ccECP,48,48,i,s10 p10 d10 f6 g5 h4 i3,yes,orbital name plus '-RI' plus declared suffix '-ccECP',by_element/P/P.cc-pV5Z-RI.cfour
P,15,recipes/P/ccECP,P.cc-pV6Z.AutoAuxC.orca,AutoAuxC.orca,library,ccECP,cc-pV6Z,cc-pV6Z,cc-pV6Z-RI-ccECP,-RI,-ccECP,P:cc-pV6Z-RI-ccECP,54,54,k,s10 p10 d10 f6 g6 h5 i4 k3,yes,orbital name plus '-RI' plus declared suffix '-ccECP',by_element/P/P.cc-pV6Z-RI.cfour
P,15,recipes/P/ccECP,P.cc-pVDZ.AutoAuxC.orca,AutoAuxC.orca,library,ccECP,cc-pVDZ,cc-pVDZ,cc-pVDZ-RI-ccECP,-RI,-ccECP,P:cc-pVDZ-RI-ccECP,29,29,f,s10 p9 d8 f2,yes,orbital name plus '-RI' plus declared suffix '-ccECP',by_element/P/P.cc-pVDZ-RI.cfour
P,15,recipes/P/ccECP,P.cc-pVQZ.AutoAuxC.orca,AutoAuxC.orca,library,ccECP,cc-pVQZ,cc-pVQZ,cc-pVQZ-RI-ccECP,-RI,-ccECP,P:cc-pVQZ-RI-ccECP,42,42,h,s10 p10 d10 f5 g4 h3,yes,orbital name plus '-RI' plus declared suffix '-ccECP',by_element/P/P.cc-pVQZ-RI.cfour
P,15,recipes/P/ccECP,P.cc-pVTZ.AutoAuxC.orca,AutoAuxC.orca,library,ccECP,cc-pVTZ,cc-pVTZ,cc-pVTZ-RI-ccECP,-RI,-ccECP,P:cc-pVTZ-RI-ccECP,36,36,g,s10 p10 d9 f4 g3,yes,orbital name plus '-RI' plus declared suffix '-ccECP',by_element/P/P.cc-pVTZ-RI.cfour
Pb,82,recipes/Pb/ccECP,Pb.aug-cc-pV5Z.AutoAuxC.orca,AutoAuxC.orca,library,ccECP,aug-cc-pV5Z,aug-cc-pV5Z,aug-cc-pV5Z-RI-ccECP,-RI,-ccECP,Pb:aug-cc-pV5Z-RI-ccECP,66,66,k,s13 p13 d12 f7 g7 h6 i5 k3,yes,orbital name plus '-RI' plus declared suffix '-ccECP',by_element/Pb/Pb.aug-cc-pV5Z-RI.cfour
Pb,82,recipes/Pb/ccECP,Pb.aug-cc-pVDZ.AutoAuxC.orca,AutoAuxC.orca,library,ccECP,aug-cc-pVDZ,aug-cc-pVDZ,aug-cc-pVDZ-RI-ccECP,-RI,-ccECP,Pb:aug-cc-pVDZ-RI-ccECP,33,33,g,s11 p9 d7 f3 g3,yes,orbital name plus '-RI' plus declared suffix '-ccECP',by_element/Pb/Pb.aug-cc-pVDZ-RI.cfour
Pb,82,recipes/Pb/ccECP,Pb.aug-cc-pVQZ.AutoAuxC.orca,AutoAuxC.orca,library,ccECP,aug-cc-pVQZ,aug-cc-pVQZ,aug-cc-pVQZ-RI-ccECP,-RI,-ccECP,Pb:aug-cc-pVQZ-RI-ccECP,54,54,i,s13 p12 d10 f6 g5 h5 i3,yes,orbital name plus '-RI' plus declared suffix '-ccECP',by_element/Pb/Pb.aug-cc-pVQZ-RI.cfour
Pb,82,recipes/Pb/ccECP,Pb.aug-cc-pVTZ.AutoAuxC.orca,AutoAuxC.orca,library,ccECP,aug-cc-pVTZ,aug-cc-pVTZ,aug-cc-pVTZ-RI-ccECP,-RI,-ccECP,Pb:aug-cc-pVTZ-RI-ccECP,39,39,h,s11 p9 d8 f4 g4 h3,yes,orbital name plus '-RI' plus declared suffix '-ccECP',by_element/Pb/Pb.aug-cc-pVTZ-RI.cfour
Pb,82,recipes/Pb/ccECP,Pb.cc-pV5Z.AutoAuxC.orca,AutoAuxC.orca,library,ccECP,cc-pV5Z,cc-pV5Z,cc-pV5Z-RI-ccECP,-RI,-ccECP,Pb:cc-pV5Z-RI-ccECP,59,59,k,s12 p12 d12 f6 g6 h5 i4 k2,yes,orbital name plus '-RI' plus declared suffix '-ccECP',by_element/Pb/Pb.cc-pV5Z-RI.cfour
Pb,82,recipes/Pb/ccECP,Pb.cc-pVDZ.AutoAuxC.orca,AutoAuxC.orca,library,ccECP,cc-pVDZ,cc-pVDZ,cc-pVDZ-RI-ccECP,-RI,-ccECP,Pb:cc-pVDZ-RI-ccECP,27,27,g,s9 p8 d7 f2 g1,yes,orbital name plus '-RI' plus declared suffix '-ccECP',by_element/Pb/Pb.cc-pVDZ-RI.cfour
Pb,82,recipes/Pb/ccECP,Pb.cc-pVQZ.AutoAuxC.orca,AutoAuxC.orca,library,ccECP,cc-pVQZ,cc-pVQZ,cc-pVQZ-RI-ccECP,-RI,-ccECP,Pb:cc-pVQZ-RI-ccECP,47,47,i,s12 p11 d10 f5 g4 h3 i2,yes,orbital name plus '-RI' plus declared suffix '-ccECP',by_element/Pb/Pb.cc-pVQZ-RI.cfour
Pb,82,recipes/Pb/ccECP,Pb.cc-pVTZ.AutoAuxC.orca,AutoAuxC.orca,library,ccECP,cc-pVTZ,cc-pVTZ,cc-pVTZ-RI-ccECP,-RI,-ccECP,Pb:cc-pVTZ-RI-ccECP,35,35,h,s11 p9 d7 f3 g3 h2,yes,orbital name plus '-RI' plus declared suffix '-ccECP',by_element/Pb/Pb.cc-pVTZ-RI.cfour
Pd,46,recipes/Pd/ccECP,Pd.aug-cc-pCV5Z.AutoAuxC.orca,AutoAuxC.orca,library,ccECP,aug-cc-pCV5Z,aug-cc-pCV5Z,aug-cc-pCV5Z-RI-ccECP,-RI,-ccECP,Pd:aug-cc-pCV5Z-RI-ccECP,99,99,k,s18 p17 d16 f16 g15 h7 i5 k5,yes,orbital name plus '-RI' plus declared suffix '-ccECP',by_element/Pd/Pd.aug-cc-pCV5Z-RI.cfour
Pd,46,recipes/Pd/ccECP,Pd.aug-cc-pCVDZ.AutoAuxC.orca,AutoAuxC.orca,library,ccECP,aug-cc-pCVDZ,aug-cc-pCVDZ,aug-cc-pCVDZ-RI-ccECP,-RI,-ccECP,Pd:aug-cc-pCVDZ-RI-ccECP,79,79,h,s17 p15 d14 f14 g14 h5,yes,orbital name plus '-RI' plus declared suffix '-ccECP',by_element/Pd/Pd.aug-cc-pCVDZ-RI.cfour
Pd,46,recipes/Pd/ccECP,Pd.aug-cc-pCVQZ.AutoAuxC.orca,AutoAuxC.orca,library,ccECP,aug-cc-pCVQZ,aug-cc-pCVQZ,aug-cc-pCVQZ-RI-ccECP,-RI,-ccECP,Pd:aug-cc-pCVQZ-RI-ccECP,95,95,k,s18 p16 d15 f15 g15 h7 i5 k4,yes,orbital name plus '-RI' plus declared suffix '-ccECP',by_element/Pd/Pd.aug-cc-pCVQZ-RI.cfour
Pd,46,recipes/Pd/ccECP,Pd.aug-cc-pCVTZ.AutoAuxC.orca,AutoAuxC.orca,library,ccECP,aug-cc-pCVTZ,aug-cc-pCVTZ,aug-cc-pCVTZ-RI-ccECP,-RI,-ccECP,Pd:aug-cc-pCVTZ-RI-ccECP,84,84,i,s17 p15 d14 f14 g14 h6 i4,yes,orbital name plus '-RI' plus declared suffix '-ccECP',by_element/Pd/Pd.aug-cc-pCVTZ-RI.cfour
Pd,46,recipes/Pd/ccECP,Pd.aug-cc-pV5Z.AutoAuxC.orca,AutoAuxC.orca,library,ccECP,aug-cc-pV5Z,aug-cc-pV5Z,aug-cc-pV5Z-RI-ccECP,-RI,-ccECP,Pd:aug-cc-pV5Z-RI-ccECP,95,95,k,s18 p16 d15 f15 g15 h7 i5 k4,yes,orbital name plus '-RI' plus declared suffix '-ccECP',by_element/Pd/Pd.aug-cc-pV5Z-RI.cfour
Pd,46,recipes/Pd/ccECP,Pd.aug-cc-pVDZ.AutoAuxC.orca,AutoAuxC.orca,library,ccECP,aug-cc-pVDZ,aug-cc-pVDZ,aug-cc-pVDZ-RI-ccECP,-RI,-ccECP,Pd:aug-cc-pVDZ-RI-ccECP,68,68,h,s15 p13 d12 f12 g12 h4,yes,orbital name plus '-RI' plus declared suffix '-ccECP',by_element/Pd/Pd.aug-cc-pVDZ-RI.cfour
Pd,46,recipes/Pd/ccECP,Pd.aug-cc-pVQZ.AutoAuxC.orca,AutoAuxC.orca,library,ccECP,aug-cc-pVQZ,aug-cc-pVQZ,aug-cc-pVQZ-RI-ccECP,-RI,-ccECP,Pd:aug-cc-pVQZ-RI-ccECP,89,89,k,s17 p15 d14 f14 g14 h6 i5 k4,yes,orbital name plus '-RI' plus declared suffix '-ccECP',by_element/Pd/Pd.aug-cc-pVQZ-RI.cfour
Pd,46,recipes/Pd/ccECP,Pd.aug-cc-pVTZ.AutoAuxC.orca,AutoAuxC.orca,library,ccECP,aug-cc-pVTZ,aug-cc-pVTZ,aug-cc-pVTZ-RI-ccECP,-RI,-ccECP,Pd:aug-cc-pVTZ-RI-ccECP,78,78,i,s16 p14 d13 f13 g13 h5 i4,yes,orbital name plus '-RI' plus declared suffix '-ccECP',by_element/Pd/Pd.aug-cc-pVTZ-RI.cfour
Pd,46,recipes/Pd/ccECP,Pd.cc-pCV5Z.AutoAuxC.orca,AutoAuxC.orca,library,ccECP,cc-pCV5Z,cc-pCV5Z,cc-pCV5Z-RI-ccECP,-RI,-ccECP,Pd:cc-pCV5Z-RI-ccECP,89,89,k,s17 p15 d14 f14 g14 h6 i5 k4,yes,orbital name plus '-RI' plus declared suffix '-ccECP',by_element/Pd/Pd.cc-pCV5Z-RI.cfour
Pd,46,recipes/Pd/ccECP,Pd.cc-pCVDZ.AutoAuxC.orca,AutoAuxC.orca,library,ccECP,cc-pCVDZ,cc-pCVDZ,cc-pCVDZ-RI-ccECP,-RI,-ccECP,Pd:cc-pCVDZ-RI-ccECP,70,70,h,s15 p13 d13 f13 g12 h4,yes,orbital name plus '-RI' plus declared suffix '-ccECP',by_element/Pd/Pd.cc-pCVDZ-RI.cfour
Pd,46,recipes/Pd/ccECP,Pd.cc-pCVQZ.AutoAuxC.orca,AutoAuxC.orca,library,ccECP,cc-pCVQZ,cc-pCVQZ,cc-pCVQZ-RI-ccECP,-RI,-ccECP,Pd:cc-pCVQZ-RI-ccECP,81,81,k,s16 p14 d13 f13 g13 h5 i4 k3,yes,orbital name plus '-RI' plus declared suffix '-ccECP',by_element/Pd/Pd.cc-pCVQZ-RI.cfour
Pd,46,recipes/Pd/ccECP,Pd.cc-pCVTZ.AutoAuxC.orca,AutoAuxC.orca,library,ccECP,cc-pCVTZ,cc-pCVTZ,cc-pCVTZ-RI-ccECP,-RI,-ccECP,Pd:cc-pCVTZ-RI-ccECP,77,77,i,s16 p14 d13 f13 g13 h5 i3,yes,orbital name plus '-RI' plus declared suffix '-ccECP',by_element/Pd/Pd.cc-pCVTZ-RI.cfour
Pd,46,recipes/Pd/ccECP,Pd.cc-pV5Z.AutoAuxC.orca,AutoAuxC.orca,library,ccECP,cc-pV5Z,cc-pV5Z,cc-pV5Z-RI-ccECP,-RI,-ccECP,Pd:cc-pV5Z-RI-ccECP,83,83,k,s16 p14 d13 f13 g13 h6 i4 k4,yes,orbital name plus '-RI' plus declared suffix '-ccECP',by_element/Pd/Pd.cc-pV5Z-RI.cfour
Pd,46,recipes/Pd/ccECP,Pd.cc-pVDZ.AutoAuxC.orca,AutoAuxC.orca,library,ccECP,cc-pVDZ,cc-pVDZ,cc-pVDZ-RI-ccECP,-RI,-ccECP,Pd:cc-pVDZ-RI-ccECP,59,59,h,s13 p12 d11 f11 g10 h2,yes,orbital name plus '-RI' plus declared suffix '-ccECP',by_element/Pd/Pd.cc-pVDZ-RI.cfour
Pd,46,recipes/Pd/ccECP,Pd.cc-pVQZ.AutoAuxC.orca,AutoAuxC.orca,library,ccECP,cc-pVQZ,cc-pVQZ,cc-pVQZ-RI-ccECP,-RI,-ccECP,Pd:cc-pVQZ-RI-ccECP,79,79,k,s15 p14 d13 f13 g12 h5 i4 k3,yes,orbital name plus '-RI' plus declared suffix '-ccECP',by_element/Pd/Pd.cc-pVQZ-RI.cfour
Pd,46,recipes/Pd/ccECP,Pd.cc-pVTZ.AutoAuxC.orca,AutoAuxC.orca,library,ccECP,cc-pVTZ,cc-pVTZ,cc-pVTZ-RI-ccECP,-RI,-ccECP,Pd:cc-pVTZ-RI-ccECP,71,71,i,s15 p13 d12 f12 g12 h4 i3,yes,orbital name plus '-RI' plus declared suffix '-ccECP',by_element/Pd/Pd.cc-pVTZ-RI.cfour
Pt,78,recipes/Pt/ccECP,Pt.aug-cc-pCV5Z.AutoAuxC.orca,AutoAuxC.orca,library,ccECP,aug-cc-pCV5Z,aug-cc-pCV5Z,aug-cc-pCV5Z-RI-ccECP,-RI,-ccECP,Pt:aug-cc-pCV5Z-RI-ccECP,90,90,k,s16 p15 d14 f14 g14 h7 i5 k5,yes,orbital name plus '-RI' plus declared suffix '-ccECP',by_element/Pt/Pt.aug-cc-pCV5Z-RI.cfour
Pt,78,recipes/Pt/ccECP,Pt.aug-cc-pCVDZ.AutoAuxC.orca,AutoAuxC.orca,library,ccECP,aug-cc-pCVDZ,aug-cc-pCVDZ,aug-cc-pCVDZ-RI-ccECP,-RI,-ccECP,Pt:aug-cc-pCVDZ-RI-ccECP,69,69,h,s15 p13 d13 f12 g12 h4,yes,orbital name plus '-RI' plus declared suffix '-ccECP',by_element/Pt/Pt.aug-cc-pCVDZ-RI.cfour
Pt,78,recipes/Pt/ccECP,Pt.aug-cc-pCVQZ.AutoAuxC.orca,AutoAuxC.orca,library,ccECP,aug-cc-pCVQZ,aug-cc-pCVQZ,aug-cc-pCVQZ-RI-ccECP,-RI,-ccECP,Pt:aug-cc-pCVQZ-RI-ccECP,84,84,k,s16 p14 d13 f13 g13 h6 i5 k4,yes,orbital name plus '-RI' plus declared suffix '-ccECP',by_element/Pt/Pt.aug-cc-pCVQZ-RI.cfour
Pt,78,recipes/Pt/ccECP,Pt.aug-cc-pCVTZ.AutoAuxC.orca,AutoAuxC.orca,library,ccECP,aug-cc-pCVTZ,aug-cc-pCVTZ,aug-cc-pCVTZ-RI-ccECP,-RI,-ccECP,Pt:aug-cc-pCVTZ-RI-ccECP,79,79,i,s16 p14 d13 f13 g13 h6 i4,yes,orbital name plus '-RI' plus declared suffix '-ccECP',by_element/Pt/Pt.aug-cc-pCVTZ-RI.cfour
Pt,78,recipes/Pt/ccECP,Pt.aug-cc-pV5Z.AutoAuxC.orca,AutoAuxC.orca,library,ccECP,aug-cc-pV5Z,aug-cc-pV5Z,aug-cc-pV5Z-RI-ccECP,-RI,-ccECP,Pt:aug-cc-pV5Z-RI-ccECP,81,81,k,s15 p14 d13 f13 g12 h6 i4 k4,yes,orbital name plus '-RI' plus declared suffix '-ccECP',by_element/Pt/Pt.aug-cc-pV5Z-RI.cfour
Pt,78,recipes/Pt/ccECP,Pt.aug-cc-pVDZ.AutoAuxC.orca,AutoAuxC.orca,library,ccECP,aug-cc-pVDZ,aug-cc-pVDZ,aug-cc-pVDZ-RI-ccECP,-RI,-ccECP,Pt:aug-cc-pVDZ-RI-ccECP,62,62,h,s14 p12 d11 f11 g11 h3,yes,orbital name plus '-RI' plus declared suffix '-ccECP',by_element/Pt/Pt.aug-cc-pVDZ-RI.cfour
Pt,78,recipes/Pt/ccECP,Pt.aug-cc-pVQZ.AutoAuxC.orca,AutoAuxC.orca,library,ccECP,aug-cc-pVQZ,aug-cc-pVQZ,aug-cc-pVQZ-RI-ccECP,-RI,-ccECP,Pt:aug-cc-pVQZ-RI-ccECP,76,76,k,s15 p13 d12 f12 g12 h5 i4 k3,yes,orbital name plus '-RI' plus declared suffix '-ccECP',by_element/Pt/Pt.aug-cc-pVQZ-RI.cfour
Pt,78,recipes/Pt/ccECP,Pt.aug-cc-pVTZ.AutoAuxC.orca,AutoAuxC.orca,library,ccECP,aug-cc-pVTZ,aug-cc-pVTZ,aug-cc-pVTZ-RI-ccECP,-RI,-ccECP,Pt:aug-cc-pVTZ-RI-ccECP,70,70,i,s14 p13 d12 f12 g11 h5 i3,yes,orbital name plus '-RI' plus declared suffix '-ccECP',by_element/Pt/Pt.aug-cc-pVTZ-RI.cfour
Pt,78,recipes/Pt/ccECP,Pt.cc-pCV5Z.AutoAuxC.orca,AutoAuxC.orca,library,ccECP,cc-pCV5Z,cc-pCV5Z,cc-pCV5Z-RI-ccECP,-RI,-ccECP,Pt:cc-pCV5Z-RI-ccECP,81,81,k,s15 p14 d13 f13 g12 h6 i4 k4,yes,orbital name plus '-RI' plus declared suffix '-ccECP',by_element/Pt/Pt.cc-pCV5Z-RI.cfour
Pt,78,recipes/Pt/ccECP,Pt.cc-pCVDZ.AutoAuxC.orca,AutoAuxC.orca,library,ccECP,cc-pCVDZ,cc-pCVDZ,cc-pCVDZ-RI-ccECP,-RI,-ccECP,Pt:cc-pCVDZ-RI-ccECP,62,62,h,s14 p12 d11 f11 g11 h3,yes,orbital name plus '-RI' plus declared suffix '-ccECP',by_element/Pt/Pt.cc-pCVDZ-RI.cfour
Pt,78,recipes/Pt/ccECP,Pt.cc-pCVQZ.AutoAuxC.orca,AutoAuxC.orca,library,ccECP,cc-pCVQZ,cc-pCVQZ,cc-pCVQZ-RI-ccECP,-RI,-ccECP,Pt:cc-pCVQZ-RI-ccECP,76,76,k,s15 p13 d12 f12 g12 h5 i4 k3,yes,orbital name plus '-RI' plus declared suffix '-ccECP',by_element/Pt/Pt.cc-pCVQZ-RI.cfour
Pt,78,recipes/Pt/ccECP,Pt.cc-pCVTZ.AutoAuxC.orca,AutoAuxC.orca,library,ccECP,cc-pCVTZ,cc-pCVTZ,cc-pCVTZ-RI-ccECP,-RI,-ccECP,Pt:cc-pCVTZ-RI-ccECP,69,69,i,s14 p13 d12 f12 g11 h4 i3,yes,orbital name plus '-RI' plus declared suffix '-ccECP',by_element/Pt/Pt.cc-pCVTZ-RI.cfour
Pt,78,recipes/Pt/ccECP,Pt.cc-pV5Z.AutoAuxC.orca,AutoAuxC.orca,library,ccECP,cc-pV5Z,cc-pV5Z,cc-pV5Z-RI-ccECP,-RI,-ccECP,Pt:cc-pV5Z-RI-ccECP,71,71,k,s14 p12 d11 f11 g11 h5 i4 k3,yes,orbital name plus '-RI' plus declared suffix '-ccECP',by_element/Pt/Pt.cc-pV5Z-RI.cfour
Pt,78,recipes/Pt/ccECP,Pt.cc-pVDZ.AutoAuxC.orca,AutoAuxC.orca,library,ccECP,cc-pVDZ,cc-pVDZ,cc-pVDZ-RI-ccECP,-RI,-ccECP,Pt:cc-pVDZ-RI-ccECP,51,51,h,s12 p10 d9 f9 g9 h2,yes,orbital name plus '-RI' plus declared suffix '-ccECP',by_element/Pt/Pt.cc-pVDZ-RI.cfour
Pt,78,recipes/Pt/ccECP,Pt.cc-pVQZ.AutoAuxC.orca,AutoAuxC.orca,library,ccECP,cc-pVQZ,cc-pVQZ,cc-pVQZ-RI-ccECP,-RI,-ccECP,Pt:cc-pVQZ-RI-ccECP,67,67,k,s13 p12 d11 f11 g10 h4 i3 k3,yes,orbital name plus '-RI' plus declared suffix '-ccECP',by_element/Pt/Pt.cc-pVQZ-RI.cfour
Pt,78,recipes/Pt/ccECP,Pt.cc-pVTZ.AutoAuxC.orca,AutoAuxC.orca,library,ccECP,cc-pVTZ,cc-pVTZ,cc-pVTZ-RI-ccECP,-RI,-ccECP,Pt:cc-pVTZ-RI-ccECP,61,61,i,s13 p11 d10 f10 g10 h4 i3,yes,orbital name plus '-RI' plus declared suffix '-ccECP',by_element/Pt/Pt.cc-pVTZ-RI.cfour
Rb,37,recipes/Rb/ccECP,Rb.aug-cc-pCV5Z.AutoAuxC.orca,AutoAuxC.orca,library,ccECP,aug-cc-pCV5Z,aug-cc-pCV5Z,aug-cc-pCV5Z-RI-ccECP,-RI,-ccECP,Rb:aug-cc-pCV5Z-RI-ccECP,77,77,k,s16 p16 d15 f8 g7 h6 i5 k4,yes,orbital name plus '-RI' plus declared suffix '-ccECP',by_element/Rb/Rb.aug-cc-pCV5Z-RI.cfour
Rb,37,recipes/Rb/ccECP,Rb.aug-cc-pCV6Z.AutoAuxC.orca,AutoAuxC.orca,library,ccECP,aug-cc-pCV6Z,aug-cc-pCV6Z,aug-cc-pCV6Z-RI-ccECP,-RI,-ccECP,Rb:aug-cc-pCV6Z-RI-ccECP,84,84,k,s18 p16 d16 f9 g8 h7 i5 k5,yes,orbital name plus '-RI' plus declared suffix '-ccECP',by_element/Rb/Rb.aug-cc-pCV6Z-RI.cfour
Rb,37,recipes/Rb/ccECP,Rb.aug-cc-pCVDZ.AutoAuxC.orca,AutoAuxC.orca,library,ccECP,aug-cc-pCVDZ,aug-cc-pCVDZ,aug-cc-pCVDZ-RI-ccECP,-RI,-ccECP,Rb:aug-cc-pCVDZ-RI-ccECP,44,44,g,s14 p12 d11 f4 g3,yes,orbital name plus '-RI' plus declared suffix '-ccECP',by_element/Rb/Rb.aug-cc-pCVDZ-RI.cfour
Rb,37,recipes/Rb/ccECP,Rb.aug-cc-pCVQZ.AutoAuxC.orca,AutoAuxC.orca,library,ccECP,aug-cc-pCVQZ,aug-cc-pCVQZ,aug-cc-pCVQZ-RI-ccECP,-RI,-ccECP,Rb:aug-cc-pCVQZ-RI-ccECP,71,71,i,s18 p16 d15 f7 g6 h5 i4,yes,orbital name plus '-RI' plus declared suffix '-ccECP',by_element/Rb/Rb.aug-cc-pCVQZ-RI.cfour
Rb,37,recipes/Rb/ccECP,Rb.aug-cc-pCVTZ.AutoAuxC.orca,AutoAuxC.orca,library,ccECP,aug-cc-pCVTZ,aug-cc-pCVTZ,aug-cc-pCVTZ-RI-ccECP,-RI,-ccECP,Rb:aug-cc-pCVTZ-RI-ccECP,58,58,h,s16 p14 d13 f6 g5 h4,yes,orbital name plus '-RI' plus declared suffix '-ccECP',by_element/Rb/Rb.aug-cc-pCVTZ-RI.cfour
Rb,37,recipes/Rb/ccECP,Rb.aug-cc-pV5Z.AutoAuxC.orca,AutoAuxC.orca,library,ccECP,aug-cc-pV5Z,aug-cc-pV5Z,aug-cc-pV5Z-RI-ccECP,-RI,-ccECP,Rb:aug-cc-pV5Z-RI-ccECP,68,68,k,s16 p14 d13 f6 g6 h5 i4 k4,yes,orbital name plus '-RI' plus declared suffix '-ccECP',by_element/Rb/Rb.aug-cc-pV5Z-RI.cfour
Rb,37,recipes/Rb/ccECP,Rb.aug-cc-pV6Z.AutoAuxC.orca,AutoAuxC.orca,library,ccECP,aug-cc-pV6Z,aug-cc-pV6Z,aug-cc-pV6Z-RI-ccECP,-RI,-ccECP,Rb:aug-cc-pV6Z-RI-ccECP,72,72,k,s18 p15 d13 f7 g6 h5 i4 k4,yes,orbital name plus '-RI' plus declared suffix '-ccECP',by_element/Rb/Rb.aug-cc-pV6Z-RI.cfour
Rb,37,recipes/Rb/ccECP,Rb.aug-cc-pVDZ.AutoAuxC.orca,AutoAuxC.orca,library,ccECP,aug-cc-pVDZ,aug-cc-pVDZ,aug-cc-pVDZ-RI-ccECP,-RI,-ccECP,Rb:aug-cc-pVDZ-RI-ccECP,42,42,g,s14 p12 d10 f3 g3,yes,orbital name plus '-RI' plus declared suffix '-ccECP',by_element/Rb/Rb.aug-cc-pVDZ-RI.cfour
Rb,37,recipes/Rb/ccECP,Rb.aug-cc-pVQZ.AutoAuxC.orca,AutoAuxC.orca,library,ccECP,aug-cc-pVQZ,aug-cc-pVQZ,aug-cc-pVQZ-RI-ccECP,-RI,-ccECP,Rb:aug-cc-pVQZ-RI-ccECP,61,61,i,s17 p14 d13 f5 g5 h4 i3,yes,orbital name plus '-RI' plus declared suffix '-ccECP',by_element/Rb/Rb.aug-cc-pVQZ-RI.cfour
Rb,37,recipes/Rb/ccECP,Rb.aug-cc-pVTZ.AutoAuxC.orca,AutoAuxC.orca,library,ccECP,aug-cc-pVTZ,aug-cc-pVTZ,aug-cc-pVTZ-RI-ccECP,-RI,-ccECP,Rb:aug-cc-pVTZ-RI-ccECP,50,50,h,s15 p12 d11 f5 g4 h3,yes,orbital name plus '-RI' plus declared suffix '-ccECP',by_element/Rb/Rb.aug-cc-pVTZ-RI.cfour
Rb,37,recipes/Rb/ccECP,Rb.cc-pCV5Z.AutoAuxC.orca,AutoAuxC.orca,library,ccECP,cc-pCV5Z,cc-pCV5Z,cc-pCV5Z-RI-ccECP,-RI,-ccECP,Rb:cc-pCV5Z-RI-ccECP,72,72,k,s16 p16 d15 f7 g6 h5 i4 k3,yes,orbital name plus '-RI' plus declared suffix '-ccECP',by_element/Rb/Rb.cc-pCV5Z-RI.cfour
Rb,37,recipes/Rb/ccECP,Rb.cc-pCV6Z.AutoAuxC.orca,AutoAuxC.orca,library,ccECP,cc-pCV6Z,cc-pCV6Z,cc-pCV6Z-RI-ccECP,-RI,-ccECP,Rb:cc-pCV6Z-RI-ccECP,78,78,k,s16 p16 d16 f8 g7 h6 i5 k4,yes,orbital name plus '-RI' plus declared suffix '-ccECP',by_element/Rb/Rb.cc-pCV6Z-RI.cfour
Rb,37,recipes/Rb/ccECP,Rb.cc-pCVDZ.AutoAuxC.orca,AutoAuxC.orca,library,ccECP,cc-pCVDZ,cc-pCVDZ,cc-pCVDZ-RI-ccECP,-RI,-ccECP,Rb:cc-pCVDZ-RI-ccECP,42,42,g,s14 p12 d11 f3 g2,yes,orbital name plus '-RI' plus declared suffix '-ccECP',by_element/Rb/Rb.cc-pCVDZ-RI.cfour
Rb,37,recipes/Rb/ccECP,Rb.cc-pCVQZ.AutoAuxC.orca,AutoAuxC.orca,library,ccECP,cc-pCVQZ,cc-pCVQZ,cc-pCVQZ-RI-ccECP,-RI,-ccECP,Rb:cc-pCVQZ-RI-ccECP,62,62,i,s16 p15 d13 f6 g5 h4 i3,yes,orbital name plus '-RI' plus declared suffix '-ccECP',by_element/Rb/Rb.cc-pCVQZ-RI.cfour
Rb,37,recipes/Rb/ccECP,Rb.cc-pCVTZ.AutoAuxC.orca,AutoAuxC.orca,library,ccECP,cc-pCVTZ,cc-pCVTZ,cc-pCVTZ-RI-ccECP,-RI,-ccECP,Rb:cc-pCVTZ-RI-ccECP,55,55,h,s16 p14 d13 f5 g4 h3,yes,orbital name plus '-RI' plus declared suffix '-ccECP',by_element/Rb/Rb.cc-pCVTZ-RI.cfour
Rb,37,recipes/Rb/ccECP,Rb.cc-pV5Z.AutoAuxC.orca,AutoAuxC.orca,library,ccECP,cc-pV5Z,cc-pV5Z,cc-pV5Z-RI-ccECP,-RI,-ccECP,Rb:cc-pV5Z-RI-ccECP,63,63,k,s16 p14 d13 f5 g5 h4 i3 k3,yes,orbital name plus '-RI' plus declared suffix '-ccECP',by_element/Rb/Rb.cc-pV5Z-RI.cfour
Rb,37,recipes/Rb/ccECP,Rb.cc-pV6Z.AutoAuxC.orca,AutoAuxC.orca,library,ccECP,cc-pV6Z,cc-pV6Z,cc-pV6Z-RI-ccECP,-RI,-ccECP,Rb:cc-pV6Z-RI-ccECP,64,64,k,s16 p14 d13 f6 g5 h4 i3 k3,yes,orbital name plus '-RI' plus declared suffix '-ccECP',by_element/Rb/Rb.cc-pV6Z-RI.cfour
Rb,37,recipes/Rb/ccECP,Rb.cc-pVDZ.AutoAuxC.orca,AutoAuxC.orca,library,ccECP,cc-pVDZ,cc-pVDZ,cc-pVDZ-RI-ccECP,-RI,-ccECP,Rb:cc-pVDZ-RI-ccECP,37,37,g,s13 p11 d10 f2 g1,yes,orbital name plus '-RI' plus declared suffix '-ccECP',by_element/Rb/Rb.cc-pVDZ-RI.cfour
Rb,37,recipes/Rb/ccECP,Rb.cc-pVQZ.AutoAuxC.orca,AutoAuxC.orca,library,ccECP,cc-pVQZ,cc-pVQZ,cc-pVQZ-RI-ccECP,-RI,-ccECP,Rb:cc-pVQZ-RI-ccECP,52,52,i,s15 p13 d12 f4 g3 h3 i2,yes,orbital name plus '-RI' plus declared suffix '-ccECP',by_element/Rb/Rb.cc-pVQZ-RI.cfour
Rb,37,recipes/Rb/ccECP,Rb.cc-pVTZ.AutoAuxC.orca,AutoAuxC.orca,library,ccECP,cc-pVTZ,cc-pVTZ,cc-pVTZ-RI-ccECP,-RI,-ccECP,Rb:cc-pVTZ-RI-ccECP,46,46,h,s14 p12 d11 f4 g3 h2,yes,orbital name plus '-RI' plus declared suffix '-ccECP',by_element/Rb/Rb.cc-pVTZ-RI.cfour
Re,75,recipes/Re/ccECP,Re.aug-cc-pCV5Z.AutoAuxC.orca,AutoAuxC.orca,library,ccECP,aug-cc-pCV5Z,aug-cc-pCV5Z,aug-cc-pCV5Z-RI-ccECP,-RI,-ccECP,Re:aug-cc-pCV5Z-RI-ccECP,91,91,k,s17 p15 d14 f14 g14 h7 i5 k5,yes,orbital name plus '-RI' plus declared suffix '-ccECP',by_element/Re/Re.aug-cc-pCV5Z-RI.cfour
Re,75,recipes/Re/ccECP,Re.aug-cc-pCVDZ.AutoAuxC.orca,AutoAuxC.orca,library,ccECP,aug-cc-pCVDZ,aug-cc-pCVDZ,aug-cc-pCVDZ-RI-ccECP,-RI,-ccECP,Re:aug-cc-pCVDZ-RI-ccECP,69,69,h,s15 p13 d12 f12 g12 h5,yes,orbital name plus '-RI' plus declared suffix '-ccECP',by_element/Re/Re.aug-cc-pCVDZ-RI.cfour
Re,75,recipes/Re/ccECP,Re.aug-cc-pCVQZ.AutoAuxC.orca,AutoAuxC.orca,library,ccECP,aug-cc-pCVQZ,aug-cc-pCVQZ,aug-cc-pCVQZ-RI-ccECP,-RI,-ccECP,Re:aug-cc-pCVQZ-RI-ccECP,84,84,k,s16 p14 d13 f13 g13 h6 i5 k4,yes,orbital name plus '-RI' plus declared suffix '-ccECP',by_element/Re/Re.aug-cc-pCVQZ-RI.cfour
Re,75,recipes/Re/ccECP,Re.aug-cc-pCVTZ.AutoAuxC.orca,AutoAuxC.orca,library,ccECP,aug-cc-pCVTZ,aug-cc-pCVTZ,aug-cc-pCVTZ-RI-ccECP,-RI,-ccECP,Re:aug-cc-pCVTZ-RI-ccECP,79,79,i,s16 p14 d13 f13 g13 h6 i4,yes,orbital name plus '-RI' plus declared suffix '-ccECP',by_element/Re/Re.aug-cc-pCVTZ-RI.cfour
Re,75,recipes/Re/ccECP,Re.aug-cc-pV5Z.AutoAuxC.orca,AutoAuxC.orca,library,ccECP,aug-cc-pV5Z,aug-cc-pV5Z,aug-cc-pV5Z-RI-ccECP,-RI,-ccECP,Re:aug-cc-pV5Z-RI-ccECP,79,79,k,s15 p13 d12 f12 g12 h6 i5 k4,yes,orbital name plus '-RI' plus declared suffix '-ccECP',by_element/Re/Re.aug-cc-pV5Z-RI.cfour
Re,75,recipes/Re/ccECP,Re.aug-cc-pVDZ.AutoAuxC.orca,AutoAuxC.orca,library,ccECP,aug-cc-pVDZ,aug-cc-pVDZ,aug-cc-pVDZ-RI-ccECP,-RI,-ccECP,Re:aug-cc-pVDZ-RI-ccECP,61,61,h,s14 p12 d11 f11 g10 h3,yes,orbital name plus '-RI' plus declared suffix '-ccECP',by_element/Re/Re.aug-cc-pVDZ-RI.cfour
Re,75,recipes/Re/ccECP,Re.aug-cc-pVQZ.AutoAuxC.orca,AutoAuxC.orca,library,ccECP,aug-cc-pVQZ,aug-cc-pVQZ,aug-cc-pVQZ-RI-ccECP,-RI,-ccECP,Re:aug-cc-pVQZ-RI-ccECP,78,78,k,s15 p13 d12 f12 g12 h6 i4 k4,yes,orbital name plus '-RI' plus declared suffix '-ccECP',by_element/Re/Re.aug-cc-pVQZ-RI.cfour
Re,75,recipes/Re/ccECP,Re.aug-cc-pVTZ.AutoAuxC.orca,AutoAuxC.orca,library,ccECP,aug-cc-pVTZ,aug-cc-pVTZ,aug-cc-pVTZ-RI-ccECP,-RI,-ccECP,Re:aug-cc-pVTZ-RI-ccECP,67,67,i,s14 p12 d11 f11 g11 h5 i3,yes,orbital name plus '-RI' plus declared suffix '-ccECP',by_element/Re/Re.aug-cc-pVTZ-RI.cfour
Re,75,recipes/Re/ccECP,Re.cc-pCV5Z.AutoAuxC.orca,AutoAuxC.orca,library,ccECP,cc-pCV5Z,cc-pCV5Z,cc-pCV5Z-RI-ccECP,-RI,-ccECP,Re:cc-pCV5Z-RI-ccECP,80,80,k,s15 p14 d13 f12 g12 h6 i4 k4,yes,orbital name plus '-RI' plus declared suffix '-ccECP',by_element/Re/Re.cc-pCV5Z-RI.cfour
Re,75,recipes/Re/ccECP,Re.cc-pCVDZ.AutoAuxC.orca,AutoAuxC.orca,library,ccECP,cc-pCVDZ,cc-pCVDZ,cc-pCVDZ-RI-ccECP,-RI,-ccECP,Re:cc-pCVDZ-RI-ccECP,61,61,h,s14 p12 d11 f11 g10 h3,yes,orbital name plus '-RI' plus declared suffix '-ccECP',by_element/Re/Re.cc-pCVDZ-RI.cfour
Re,75,recipes/Re/ccECP,Re.cc-pCVQZ.AutoAuxC.orca,AutoAuxC.orca,library,ccECP,cc-pCVQZ,cc-pCVQZ,cc-pCVQZ-RI-ccECP,-RI,-ccECP,Re:cc-pCVQZ-RI-ccECP,74,74,k,s14 p13 d12 f12 g11 h5 i4 k3,yes,orbital name plus '-RI' plus declared suffix '-ccECP',by_element/Re/Re.cc-pCVQZ-RI.cfour
Re,75,recipes/Re/ccECP,Re.cc-pCVTZ.AutoAuxC.orca,AutoAuxC.orca,library,ccECP,cc-pCVTZ,cc-pCVTZ,cc-pCVTZ-RI-ccECP,-RI,-ccECP,Re:cc-pCVTZ-RI-ccECP,67,67,i,s14 p12 d11 f11 g11 h5 i3,yes,orbital name plus '-RI' plus declared suffix '-ccECP',by_element/Re/Re.cc-pCVTZ-RI.cfour
Re,75,recipes/Re/ccECP,Re.cc-pV5Z.AutoAuxC.orca,AutoAuxC.orca,library,ccECP,cc-pV5Z,cc-pV5Z,cc-pV5Z-RI-ccECP,-RI,-ccECP,Re:cc-pV5Z-RI-ccECP,71,71,k,s14 p12 d11 f11 g11 h5 i4 k3,yes,orbital name plus '-RI' plus declared suffix '-ccECP',by_element/Re/Re.cc-pV5Z-RI.cfour
Re,75,recipes/Re/ccECP,Re.cc-pVDZ.AutoAuxC.orca,AutoAuxC.orca,library,ccECP,cc-pVDZ,cc-pVDZ,cc-pVDZ-RI-ccECP,-RI,-ccECP,Re:cc-pVDZ-RI-ccECP,51,51,h,s12 p10 d9 f9 g9 h2,yes,orbital name plus '-RI' plus declared suffix '-ccECP',by_element/Re/Re.cc-pVDZ-RI.cfour
Re,75,recipes/Re/ccECP,Re.cc-pVQZ.AutoAuxC.orca,AutoAuxC.orca,library,ccECP,cc-pVQZ,cc-pVQZ,cc-pVQZ-RI-ccECP,-RI,-ccECP,Re:cc-pVQZ-RI-ccECP,64,64,k,s13 p11 d10 f10 g10 h4 i3 k3,yes,orbital name plus '-RI' plus declared suffix '-ccECP',by_element/Re/Re.cc-pVQZ-RI.cfour
Re,75,recipes/Re/ccECP,Re.cc-pVTZ.AutoAuxC.orca,AutoAuxC.orca,library,ccECP,cc-pVTZ,cc-pVTZ,cc-pVTZ-RI-ccECP,-RI,-ccECP,Re:cc-pVTZ-RI-ccECP,61,61,i,s13 p11 d10 f10 g10 h4 i3,yes,orbital name plus '-RI' plus declared suffix '-ccECP',by_element/Re/Re.cc-pVTZ-RI.cfour
Rh,45,recipes/Rh/ccECP,Rh.aug-cc-pCV5Z.AutoAuxC.orca,AutoAuxC.orca,library,ccECP,aug-cc-pCV5Z,aug-cc-pCV5Z,aug-cc-pCV5Z-RI-ccECP,-RI,-ccECP,Rh:aug-cc-pCV5Z-RI-ccECP,95,95,k,s17 p16 d15 f15 g15 h7 i5 k5,yes,orbital name plus '-RI' plus declared suffix '-ccECP',by_element/Rh/Rh.aug-cc-pCV5Z-RI.cfour
Rh,45,recipes/Rh/ccECP,Rh.aug-cc-pCVDZ.AutoAuxC.orca,AutoAuxC.orca,library,ccECP,aug-cc-pCVDZ,aug-cc-pCVDZ,aug-cc-pCVDZ-RI-ccECP,-RI,-ccECP,Rh:aug-cc-pCVDZ-RI-ccECP,74,74,h,s16 p14 d13 f13 g13 h5,yes,orbital name plus '-RI' plus declared suffix '-ccECP',by_element/Rh/Rh.aug-cc-pCVDZ-RI.cfour
Rh,45,recipes/Rh/ccECP,Rh.aug-cc-pCVQZ.AutoAuxC.orca,AutoAuxC.orca,library,ccECP,aug-cc-pCVQZ,aug-cc-pCVQZ,aug-cc-pCVQZ-RI-ccECP,-RI,-ccECP,Rh:aug-cc-pCVQZ-RI-ccECP,90,90,k,s17 p15 d14 f14 g14 h7 i5 k4,yes,orbital name plus '-RI' plus declared suffix '-ccECP',by_element/Rh/Rh.aug-cc-pCVQZ-RI.cfour
Rh,45,recipes/Rh/ccECP,Rh.aug-cc-pCVTZ.AutoAuxC.orca,AutoAuxC.orca,library,ccECP,aug-cc-pCVTZ,aug-cc-pCVTZ,aug-cc-pCVTZ-RI-ccECP,-RI,-ccECP,Rh:aug-cc-pCVTZ-RI-ccECP,83,83,i,s16 p15 d14 f14 g14 h6 i4,yes,orbital name plus '-RI' plus declared suffix '-ccECP',by_element/Rh/Rh.aug-cc-pCVTZ-RI.cfour
Rh,45,recipes/Rh/ccECP,Rh.aug-cc-pV5Z.AutoAuxC.orca,AutoAuxC.orca,library,ccECP,aug-cc-pV5Z,aug-cc-pV5Z,aug-cc-pV5Z-RI-ccECP,-RI,-ccECP,Rh:aug-cc-pV5Z-RI-ccECP,91,91,k,s17 p15 d14 f14 g14 h7 i5 k5,yes,orbital name plus '-RI' plus declared suffix '-ccECP',by_element/Rh/Rh.aug-cc-pV5Z-RI.cfour
Rh,45,recipes/Rh/ccECP,Rh.aug-cc-pVDZ.AutoAuxC.orca,AutoAuxC.orca,library,ccECP,aug-cc-pVDZ,aug-cc-pVDZ,aug-cc-pVDZ-RI-ccECP,-RI,-ccECP,Rh:aug-cc-pVDZ-RI-ccECP,63,63,h,s14 p12 d11 f11 g11 h4,yes,orbital name plus '-RI' plus declared suffix '-ccECP',by_element/Rh/Rh.aug-cc-pVDZ-RI.cfour
Rh,45,recipes/Rh/ccECP,Rh.aug-cc-pVQZ.AutoAuxC.orca,AutoAuxC.orca,library,ccECP,aug-cc-pVQZ,aug-cc-pVQZ,aug-cc-pVQZ-RI-ccECP,-RI,-ccECP,Rh:aug-cc-pVQZ-RI-ccECP,83,83,k,s16 p14 d13 f13 g13 h6 i4 k4,yes,orbital name plus '-RI' plus declared suffix '-ccECP',by_element/Rh/Rh.aug-cc-pVQZ-RI.cfour
Rh,45,recipes/Rh/ccECP,Rh.aug-cc-pVTZ.AutoAuxC.orca,AutoAuxC.orca,library,ccECP,aug-cc-pVTZ,aug-cc-pVTZ,aug-cc-pVTZ-RI-ccECP,-RI,-ccECP,Rh:aug-cc-pVTZ-RI-ccECP,76,76,i,s15 p14 d13 f13 g12 h5 i4,yes,orbital name plus '-RI' plus declared suffix '-ccECP',by_element/Rh/Rh.aug-cc-pVTZ-RI.cfour
Rh,45,recipes/Rh/ccECP,Rh.cc-pCV5Z.AutoAuxC.orca,AutoAuxC.orca,library,ccECP,cc-pCV5Z,cc-pCV5Z,cc-pCV5Z-RI-ccECP,-RI,-ccECP,Rh:cc-pCV5Z-RI-ccECP,83,83,k,s15 p14 d13 f13 g13 h6 i5 k4,yes,orbital name plus '-RI' plus declared suffix '-ccECP',by_element/Rh/Rh.cc-pCV5Z-RI.cfour
Rh,45,recipes/Rh/ccECP,Rh.cc-pCVDZ.AutoAuxC.orca,AutoAuxC.orca,library,ccECP,cc-pCVDZ,cc-pCVDZ,cc-pCVDZ-RI-ccECP,-RI,-ccECP,Rh:cc-pCVDZ-RI-ccECP,68,68,h,s15 p13 d12 f12 g12 h4,yes,orbital name plus '-RI' plus declared suffix '-ccECP',by_element/Rh/Rh.cc-pCVDZ-RI.cfour
Rh,45,recipes/Rh/ccECP,Rh.cc-pCVQZ.AutoAuxC.orca,AutoAuxC.orca,library,ccECP,cc-pCVQZ,cc-pCVQZ,cc-pCVQZ-RI-ccECP,-RI,-ccECP,Rh:cc-pCVQZ-RI-ccECP,80,80,k,s15 p14 d13 f13 g13 h5 i4 k3,yes,orbital name plus '-RI' plus declared suffix '-ccECP',by_element/Rh/Rh.cc-pCVQZ-RI.cfour
Rh,45,recipes/Rh/ccECP,Rh.cc-pCVTZ.AutoAuxC.orca,AutoAuxC.orca,library,ccECP,cc-pCVTZ,cc-pCVTZ,cc-pCVTZ-RI-ccECP,-RI,-ccECP,Rh:cc-pCVTZ-RI-ccECP,72,72,i,s15 p13 d12 f12 g12 h5 i3,yes,orbital name plus '-RI' plus declared suffix '-ccECP',by_element/Rh/Rh.cc-pCVTZ-RI.cfour
Rh,45,recipes/Rh/ccECP,Rh.cc-pV5Z.AutoAuxC.orca,AutoAuxC.orca,library,ccECP,cc-pV5Z,cc-pV5Z,cc-pV5Z-RI-ccECP,-RI,-ccECP,Rh:cc-pV5Z-RI-ccECP,82,82,k,s15 p14 d13 f13 g13 h6 i4 k4,yes,orbital name plus '-RI' plus declared suffix '-ccECP',by_element/Rh/Rh.cc-pV5Z-RI.cfour
Rh,45,recipes/Rh/ccECP,Rh.cc-pVDZ.AutoAuxC.orca,AutoAuxC.orca,library,ccECP,cc-pVDZ,cc-pVDZ,cc-pVDZ-RI-ccECP,-RI,-ccECP,Rh:cc-pVDZ-RI-ccECP,56,56,h,s13 p11 d10 f10 g10 h2,yes,orbital name plus '-RI' plus declared suffix '-ccECP',by_element/Rh/Rh.cc-pVDZ-RI.cfour
Rh,45,recipes/Rh/ccECP,Rh.cc-pVQZ.AutoAuxC.orca,AutoAuxC.orca,library,ccECP,cc-pVQZ,cc-pVQZ,cc-pVQZ-RI-ccECP,-RI,-ccECP,Rh:cc-pVQZ-RI-ccECP,76,76,k,s15 p13 d12 f12 g12 h5 i4 k3,yes,orbital name plus '-RI' plus declared suffix '-ccECP',by_element/Rh/Rh.cc-pVQZ-RI.cfour
Rh,45,recipes/Rh/ccECP,Rh.cc-pVTZ.AutoAuxC.orca,AutoAuxC.orca,library,ccECP,cc-pVTZ,cc-pVTZ,cc-pVTZ-RI-ccECP,-RI,-ccECP,Rh:cc-pVTZ-RI-ccECP,66,66,i,s14 p12 d11 f11 g11 h4 i3,yes,orbital name plus '-RI' plus declared suffix '-ccECP',by_element/Rh/Rh.cc-pVTZ-RI.cfour
Ru,44,recipes/Ru/ccECP,Ru.aug-cc-pCV5Z.AutoAuxC.orca,AutoAuxC.orca,library,ccECP,aug-cc-pCV5Z,aug-cc-pCV5Z,aug-cc-pCV5Z-RI-ccECP,-RI,-ccECP,Ru:aug-cc-pCV5Z-RI-ccECP,95,95,k,s17 p16 d15 f15 g15 h7 i5 k5,yes,orbital name plus '-RI' plus declared suffix '-ccECP',by_element/Ru/Ru.aug-cc-pCV5Z-RI.cfour
Ru,44,recipes/Ru/ccECP,Ru.aug-cc-pCVDZ.AutoAuxC.orca,AutoAuxC.orca,library,ccECP,aug-cc-pCVDZ,aug-cc-pCVDZ,aug-cc-pCVDZ-RI-ccECP,-RI,-ccECP,Ru:aug-cc-pCVDZ-RI-ccECP,74,74,h,s16 p14 d13 f13 g13 h5,yes,orbital name plus '-RI' plus declared suffix '-ccECP',by_element/Ru/Ru.aug-cc-pCVDZ-RI.cfour
Ru,44,recipes/Ru/ccECP,Ru.aug-cc-pCVQZ.AutoAuxC.orca,AutoAuxC.orca,library,ccECP,aug-cc-pCVQZ,aug-cc-pCVQZ,aug-cc-pCVQZ-RI-ccECP,-RI,-ccECP,Ru:aug-cc-pCVQZ-RI-ccECP,89,89,k,s17 p15 d14 f14 g14 h6 i5 k4,yes,orbital name plus '-RI' plus declared suffix '-ccECP',by_element/Ru/Ru.aug-cc-pCVQZ-RI.cfour
Ru,44,recipes/Ru/ccECP,Ru.aug-cc-pCVTZ.AutoAuxC.orca,AutoAuxC.orca,library,ccECP,aug-cc-pCVTZ,aug-cc-pCVTZ,aug-cc-pCVTZ-RI-ccECP,-RI,-ccECP,Ru:aug-cc-pCVTZ-RI-ccECP,82,82,i,s16 p15 d14 f14 g13 h6 i4,yes,orbital name plus '-RI' plus declared suffix '-ccECP',by_element/Ru/Ru.aug-cc-pCVTZ-RI.cfour
Ru,44,recipes/Ru/ccECP,Ru.aug-cc-pV5Z.AutoAuxC.orca,AutoAuxC.orca,library,ccECP,aug-cc-pV5Z,aug-cc-pV5Z,aug-cc-pV5Z-RI-ccECP,-RI,-ccECP,Ru:aug-cc-pV5Z-RI-ccECP,88,88,k,s16 p15 d14 f14 g13 h7 i5 k4,yes,orbital name plus '-RI' plus declared suffix '-ccECP',by_element/Ru/Ru.aug-cc-pV5Z-RI.cfour
Ru,44,recipes/Ru/ccECP,Ru.aug-cc-pVDZ.AutoAuxC.orca,AutoAuxC.orca,library,ccECP,aug-cc-pVDZ,aug-cc-pVDZ,aug-cc-pVDZ-RI-ccECP,-RI,-ccECP,Ru:aug-cc-pVDZ-RI-ccECP,62,62,h,s14 p12 d11 f11 g11 h3,yes,orbital name plus '-RI' plus declared suffix '-ccECP',by_element/Ru/Ru.aug-cc-pVDZ-RI.cfour
Ru,44,recipes/Ru/ccECP,Ru.aug-cc-pVQZ.AutoAuxC.orca,AutoAuxC.orca,library,ccECP,aug-cc-pVQZ,aug-cc-pVQZ,aug-cc-pVQZ-RI-ccECP,-RI,-ccECP,Ru:aug-cc-pVQZ-RI-ccECP,83,83,k,s16 p14 d13 f13 g13 h6 i4 k4,yes,orbital name plus '-RI' plus declared suffix '-ccECP',by_element/Ru/Ru.aug-cc-pVQZ-RI.cfour
Ru,44,recipes/Ru/ccECP,Ru.aug-cc-pVTZ.AutoAuxC.orca,AutoAuxC.orca,library,ccECP,aug-cc-pVTZ,aug-cc-pVTZ,aug-cc-pVTZ-RI-ccECP,-RI,-ccECP,Ru:aug-cc-pVTZ-RI-ccECP,72,72,i,s15 p13 d12 f12 g12 h5 i3,yes,orbital name plus '-RI' plus declared suffix '-ccECP',by_element/Ru/Ru.aug-cc-pVTZ-RI.cfour
Ru,44,recipes/Ru/ccECP,Ru.cc-pCV5Z.AutoAuxC.orca,AutoAuxC.orca,library,ccECP,cc-pCV5Z,cc-pCV5Z,cc-pCV5Z-RI-ccECP,-RI,-ccECP,Ru:cc-pCV5Z-RI-ccECP,83,83,k,s15 p14 d13 f13 g13 h6 i5 k4,yes,orbital name plus '-RI' plus declared suffix '-ccECP',by_element/Ru/Ru.cc-pCV5Z-RI.cfour
Ru,44,recipes/Ru/ccECP,Ru.cc-pCVDZ.AutoAuxC.orca,AutoAuxC.orca,library,ccECP,cc-pCVDZ,cc-pCVDZ,cc-pCVDZ-RI-ccECP,-RI,-ccECP,Ru:cc-pCVDZ-RI-ccECP,63,63,h,s14 p12 d11 f11 g11 h4,yes,orbital name plus '-RI' plus declared suffix '-ccECP',by_element/Ru/Ru.cc-pCVDZ-RI.cfour
Ru,44,recipes/Ru/ccECP,Ru.cc-pCVQZ.AutoAuxC.orca,AutoAuxC.orca,library,ccECP,cc-pCVQZ,cc-pCVQZ,cc-pCVQZ-RI-ccECP,-RI,-ccECP,Ru:cc-pCVQZ-RI-ccECP,76,76,k,s15 p13 d12 f12 g12 h5 i4 k3,yes,orbital name plus '-RI' plus declared suffix '-ccECP',by_element/Ru/Ru.cc-pCVQZ-RI.cfour
Ru,44,recipes/Ru/ccECP,Ru.cc-pCVTZ.AutoAuxC.orca,AutoAuxC.orca,library,ccECP,cc-pCVTZ,cc-pCVTZ,cc-pCVTZ-RI-ccECP,-RI,-ccECP,Ru:cc-pCVTZ-RI-ccECP,72,72,i,s15 p13 d12 f12 g12 h5 i3,yes,orbital name plus '-RI' plus declared suffix '-ccECP',by_element/Ru/Ru.cc-pCVTZ-RI.cfour
Ru,44,recipes/Ru/ccECP,Ru.cc-pV5Z.AutoAuxC.orca,AutoAuxC.orca,library,ccECP,cc-pV5Z,cc-pV5Z,cc-pV5Z-RI-ccECP,-RI,-ccECP,Ru:cc-pV5Z-RI-ccECP,77,77,k,s15 p13 d12 f12 g12 h5 i4 k4,yes,orbital name plus '-RI' plus declared suffix '-ccECP',by_element/Ru/Ru.cc-pV5Z-RI.cfour
Ru,44,recipes/Ru/ccECP,Ru.cc-pVDZ.AutoAuxC.orca,AutoAuxC.orca,library,ccECP,cc-pVDZ,cc-pVDZ,cc-pVDZ-RI-ccECP,-RI,-ccECP,Ru:cc-pVDZ-RI-ccECP,54,54,h,s12 p11 d10 f10 g9 h2,yes,orbital name plus '-RI' plus declared suffix '-ccECP',by_element/Ru/Ru.cc-pVDZ-RI.cfour
Ru,44,recipes/Ru/ccECP,Ru.cc-pVQZ.AutoAuxC.orca,AutoAuxC.orca,library,ccECP,cc-pVQZ,cc-pVQZ,cc-pVQZ-RI-ccECP,-RI,-ccECP,Ru:cc-pVQZ-RI-ccECP,72,72,k,s14 p12 d12 f12 g11 h5 i3 k3,yes,orbital name plus '-RI' plus declared suffix '-ccECP',by_element/Ru/Ru.cc-pVQZ-RI.cfour
Ru,44,recipes/Ru/ccECP,Ru.cc-pVTZ.AutoAuxC.orca,AutoAuxC.orca,library,ccECP,cc-pVTZ,cc-pVTZ,cc-pVTZ-RI-ccECP,-RI,-ccECP,Ru:cc-pVTZ-RI-ccECP,66,66,i,s14 p12 d11 f11 g11 h4 i3,yes,orbital name plus '-RI' plus declared suffix '-ccECP',by_element/Ru/Ru.cc-pVTZ-RI.cfour
S,16,recipes/S/ccECP,S.aug-cc-pV5Z.AutoAuxC.orca,AutoAuxC.orca,library,ccECP,aug-cc-pV5Z,aug-cc-pV5Z,aug-cc-pV5Z-RI-ccECP,-RI,-ccECP,S:aug-cc-pV5Z-RI-ccECP,53,53,i,s11 p11 d10 f6 g6 h5 i4,yes,orbital name plus '-RI' plus declared suffix '-ccECP',by_element/S/S.aug-cc-pV5Z-RI.cfour
S,16,recipes/S/ccECP,S.aug-cc-pV6Z.AutoAuxC.orca,AutoAuxC.orca,library,ccECP,aug-cc-pV6Z,aug-cc-pV6Z,aug-cc-pV6Z-RI-ccECP,-RI,-ccECP,S:aug-cc-pV6Z-RI-ccECP,61,61,k,s12 p11 d11 f7 g6 h6 i4 k4,yes,orbital name plus '-RI' plus declared suffix '-ccECP',by_element/S/S.aug-cc-pV6Z-RI.cfour
S,16,recipes/S/ccECP,S.aug-cc-pVDZ.AutoAuxC.orca,AutoAuxC.orca,library,ccECP,aug-cc-pVDZ,aug-cc-pVDZ,aug-cc-pVDZ-RI-ccECP,-RI,-ccECP,S:aug-cc-pVDZ-RI-ccECP,31,31,f,s11 p9 d8 f3,yes,orbital name plus '-RI' plus declared suffix '-ccECP',by_element/S/S.aug-cc-pVDZ-RI.cfour
S,16,recipes/S/ccECP,S.aug-cc-pVQZ.AutoAuxC.orca,AutoAuxC.orca,library,ccECP,aug-cc-pVQZ,aug-cc-pVQZ,aug-cc-pVQZ-RI-ccECP,-RI,-ccECP,S:aug-cc-pVQZ-RI-ccECP,47,47,h,s11 p11 d10 f6 g5 h4,yes,orbital name plus '-RI' plus declared suffix '-ccECP',by_element/S/S.aug-cc-pVQZ-RI.cfour
S,16,recipes/S/ccECP,S.aug-cc-pVTZ.AutoAuxC.orca,AutoAuxC.orca,library,ccECP,aug-cc-pVTZ,aug-cc-pVTZ,aug-cc-pVTZ-RI-ccECP,-RI,-ccECP,S:aug-cc-pVTZ-RI-ccECP,39,39,g,s11 p10 d9 f5 g4,yes,orbital name plus '-RI' plus declared suffix '-ccECP',by_element/S/S.aug-cc-pVTZ-RI.cfour
S,16,recipes/S/ccECP,S.cc-pV5Z.AutoAuxC.orca,AutoAuxC.orca,library,ccECP,cc-pV5Z,cc-pV5Z,cc-pV5Z-RI-ccECP,-RI,-ccECP,S:cc-pV5Z-RI-ccECP,50,50,i,s11 p11 d10 f6 g5 h4 i3,yes,orbital name plus '-RI' plus declared suffix '-ccECP',by_element/S/S.cc-pV5Z-RI.cfour
S,16,recipes/S/ccECP,S.cc-pV6Z.AutoAuxC.orca,AutoAuxC.orca,library,ccECP,cc-pV6Z,cc-pV6Z,cc-pV6Z-RI-ccECP,-RI,-ccECP,S:cc-pV6Z-RI-ccECP,56,56,k,s11 p11 d10 f6 g6 h5 i4 k3,yes,orbital name plus '-RI' plus declared suffix '-ccECP',by_element/S/S.cc-pV6Z-RI.cfour
S,16,recipes/S/ccECP,S.cc-pVDZ.AutoAuxC.orca,AutoAuxC.orca,library,ccECP,cc-pVDZ,cc-pVDZ,cc-pVDZ-RI-ccECP,-RI,-ccECP,S:cc-pVDZ-RI-ccECP,30,30,f,s11 p9 d8 f2,yes,orbital name plus '-RI' plus declared suffix '-ccECP',by_element/S/S.cc-pVDZ-RI.cfour
S,16,recipes/S/ccECP,S.cc-pVQZ.AutoAuxC.orca,AutoAuxC.orca,library,ccECP,cc-pVQZ,cc-pVQZ,cc-pVQZ-RI-ccECP,-RI,-ccECP,S:cc-pVQZ-RI-ccECP,44,44,h,s11 p11 d10 f5 g4 h3,yes,orbital name plus '-RI' plus declared suffix '-ccECP',by_element/S/S.cc-pVQZ-RI.cfour
S,16,recipes/S/ccECP,S.cc-pVTZ.AutoAuxC.orca,AutoAuxC.orca,library,ccECP,cc-pVTZ,cc-pVTZ,cc-pVTZ-RI-ccECP,-RI,-ccECP,S:cc-pVTZ-RI-ccECP,37,37,g,s11 p10 d9 f4 g3,yes,orbital name plus '-RI' plus declared suffix '-ccECP',by_element/S/S.cc-pVTZ-RI.cfour
Sb,51,recipes/Sb/ccECP,Sb.aug-cc-pV5Z.AutoAuxC.orca,AutoAuxC.orca,library,ccECP,aug-cc-pV5Z,aug-cc-pV5Z,aug-cc-pV5Z-RI-ccECP,-RI,-ccECP,Sb:aug-cc-pV5Z-RI-ccECP,57,57,k,s13 p11 d10 f6 g5 h5 i4 k3,yes,orbital name plus '-RI' plus declared suffix '-ccECP',by_element/Sb/Sb.aug-cc-pV5Z-RI.cfour
Sb,51,recipes/Sb/ccECP,Sb.aug-cc-pV6Z.AutoAuxC.orca,AutoAuxC.orca,library,ccECP,aug-cc-pV6Z,aug-cc-pV6Z,aug-cc-pV6Z-RI-ccECP,-RI,-ccECP,Sb:aug-cc-pV6Z-RI-ccECP,63,63,k,s14 p12 d11 f7 g6 h5 i4 k4,yes,orbital name plus '-RI' plus declared suffix '-ccECP',by_element/Sb/Sb.aug-cc-pV6Z-RI.cfour
Sb,51,recipes/Sb/ccECP,Sb.aug-cc-pVDZ.AutoAuxC.orca,AutoAuxC.orca,library,ccECP,aug-cc-pVDZ,aug-cc-pVDZ,aug-cc-pVDZ-RI-ccECP,-RI,-ccECP,Sb:aug-cc-pVDZ-RI-ccECP,33,33,g,s11 p9 d7 f3 g3,yes,orbital name plus '-RI' plus declared suffix '-ccECP',by_element/Sb/Sb.aug-cc-pVDZ-RI.cfour
Sb,51,recipes/Sb/ccECP,Sb.aug-cc-pVQZ.AutoAuxC.orca,AutoAuxC.orca,library,ccECP,aug-cc-pVQZ,aug-cc-pVQZ,aug-cc-pVQZ-RI-ccECP,-RI,-ccECP,Sb:aug-cc-pVQZ-RI-ccECP,50,50,i,s12 p11 d10 f5 g5 h4 i3,yes,orbital name plus '-RI' plus declared suffix '-ccECP',by_element/Sb/Sb.aug-cc-pVQZ-RI.cfour
Sb,51,recipes/Sb/ccECP,Sb.aug-cc-pVTZ.AutoAuxC.orca,AutoAuxC.orca,library,ccECP,aug-cc-pVTZ,aug-cc-pVTZ,aug-cc-pVTZ-RI-ccECP,-RI,-ccECP,Sb:aug-cc-pVTZ-RI-ccECP,44,44,h,s12 p10 d9 f5 g5 h3,yes,orbital name plus '-RI' plus declared suffix '-ccECP',by_element/Sb/Sb.aug-cc-pVTZ-RI.cfour
Sb,51,recipes/Sb/ccECP,Sb.cc-pV5Z.AutoAuxC.orca,AutoAuxC.orca,library,ccECP,cc-pV5Z,cc-pV5Z,cc-pV5Z-RI-ccECP,-RI,-ccECP,Sb:cc-pV5Z-RI-ccECP,52,52,k,s12 p11 d10 f5 g4 h4 i3 k3,yes,orbital name plus '-RI' plus declared suffix '-ccECP',by_element/Sb/Sb.cc-pV5Z-RI.cfour
Sb,51,recipes/Sb/ccECP,Sb.cc-pV6Z.AutoAuxC.orca,AutoAuxC.orca,library,ccECP,cc-pV6Z,cc-pV6Z,cc-pV6Z-RI-ccECP,-RI,-ccECP,Sb:cc-pV6Z-RI-ccECP,55,55,k,s13 p11 d10 f6 g5 h4 i3 k3,yes,orbital name plus '-RI' plus declared suffix '-ccECP',by_element/Sb/Sb.cc-pV6Z-RI.cfour
Sb,51,recipes/Sb/ccECP,Sb.cc-pVDZ.AutoAuxC.orca,AutoAuxC.orca,library,ccECP,cc-pVDZ,cc-pVDZ,cc-pVDZ-RI-ccECP,-RI,-ccECP,Sb:cc-pVDZ-RI-ccECP,27,27,g,s9 p8 d7 f2 g1,yes,orbital name plus '-RI' plus declared suffix '-ccECP',by_element/Sb/Sb.cc-pVDZ-RI.cfour
Sb,51,recipes/Sb/ccECP,Sb.cc-pVQZ.AutoAuxC.orca,AutoAuxC.orca,library,ccECP,cc-pVQZ,cc-pVQZ,cc-pVQZ-RI-ccECP,-RI,-ccECP,Sb:cc-pVQZ-RI-ccECP,45,45,i,s12 p10 d9 f4 g4 h3 i3,yes,orbital name plus '-RI' plus declared suffix '-ccECP',by_element/Sb/Sb.cc-pVQZ-RI.cfour
Sb,51,recipes/Sb/ccECP,Sb.cc-pVTZ.AutoAuxC.orca,AutoAuxC.orca,library,ccECP,cc-pVTZ,cc-pVTZ,cc-pVTZ-RI-ccECP,-RI,-ccECP,Sb:cc-pVTZ-RI-ccECP,41,41,h,s12 p10 d9 f4 g4 h2,yes,orbital name plus '-RI' plus declared suffix '-ccECP',by_element/Sb/Sb.cc-pVTZ-RI.cfour
Sc,21,recipes/Sc/ccECP,Sc.aug-cc-pCV5Z.AutoAuxC.orca,AutoAuxC.orca,library,ccECP,aug-cc-pCV5Z,aug-cc-pCV5Z,aug-cc-pCV5Z-RI-ccECP,-RI,-ccECP,Sc:aug-cc-pCV5Z-RI-ccECP,94,94,k,s17 p15 d14 f14 g14 h8 i6 k6,yes,orbital name plus '-RI' plus declared suffix '-ccECP',by_element/Sc/Sc.aug-cc-pCV5Z-RI.cfour
Sc,21,recipes/Sc/ccECP,Sc.aug-cc-pCVDZ.AutoAuxC.orca,AutoAuxC.orca,library,ccECP,aug-cc-pCVDZ,aug-cc-pCVDZ,aug-cc-pCVDZ-RI-ccECP,-RI,-ccECP,Sc:aug-cc-pCVDZ-RI-ccECP,80,80,h,s17 p15 d14 f14 g14 h6,yes,orbital name plus '-RI' plus declared suffix '-ccECP',by_element/Sc/Sc.aug-cc-pCVDZ-RI.cfour
Sc,21,recipes/Sc/ccECP,Sc.aug-cc-pCVQZ.AutoAuxC.orca,AutoAuxC.orca,library,ccECP,aug-cc-pCVQZ,aug-cc-pCVQZ,aug-cc-pCVQZ-RI-ccECP,-RI,-ccECP,Sc:aug-cc-pCVQZ-RI-ccECP,93,93,k,s17 p15 d14 f14 g14 h8 i6 k5,yes,orbital name plus '-RI' plus declared suffix '-ccECP',by_element/Sc/Sc.aug-cc-pCVQZ-RI.cfour
Sc,21,recipes/Sc/ccECP,Sc.aug-cc-pCVTZ.AutoAuxC.orca,AutoAuxC.orca,library,ccECP,aug-cc-pCVTZ,aug-cc-pCVTZ,aug-cc-pCVTZ-RI-ccECP,-RI,-ccECP,Sc:aug-cc-pCVTZ-RI-ccECP,83,83,i,s16 p15 d14 f13 g13 h7 i5,yes,orbital name plus '-RI' plus declared suffix '-ccECP',by_element/Sc/Sc.aug-cc-pCVTZ-RI.cfour
Sc,21,recipes/Sc/ccECP,Sc.aug-cc-pV5Z.AutoAuxC.orca,AutoAuxC.orca,library,ccECP,aug-cc-pV5Z,aug-cc-pV5Z,aug-cc-pV5Z-RI-ccECP,-RI,-ccECP,Sc:aug-cc-pV5Z-RI-ccECP,87,87,k,s16 p14 d13 f13 g13 h7 i6 k5,yes,orbital name plus '-RI' plus declared suffix '-ccECP',by_element/Sc/Sc.aug-cc-pV5Z-RI.cfour
Sc,21,recipes/Sc/ccECP,Sc.aug-cc-pVDZ.AutoAuxC.orca,AutoAuxC.orca,library,ccECP,aug-cc-pVDZ,aug-cc-pVDZ,aug-cc-pVDZ-RI-ccECP,-RI,-ccECP,Sc:aug-cc-pVDZ-RI-ccECP,62,62,h,s14 p12 d11 f11 g10 h4,yes,orbital name plus '-RI' plus declared suffix '-ccECP',by_element/Sc/Sc.aug-cc-pVDZ-RI.cfour
Sc,21,recipes/Sc/ccECP,Sc.aug-cc-pVQZ.AutoAuxC.orca,AutoAuxC.orca,library,ccECP,aug-cc-pVQZ,aug-cc-pVQZ,aug-cc-pVQZ-RI-ccECP,-RI,-ccECP,Sc:aug-cc-pVQZ-RI-ccECP,90,90,k,s16 p15 d14 f14 g13 h7 i6 k5,yes,orbital name plus '-RI' plus declared suffix '-ccECP',by_element/Sc/Sc.aug-cc-pVQZ-RI.cfour
Sc,21,recipes/Sc/ccECP,Sc.aug-cc-pVTZ.AutoAuxC.orca,AutoAuxC.orca,library,ccECP,aug-cc-pVTZ,aug-cc-pVTZ,aug-cc-pVTZ-RI-ccECP,-RI,-ccECP,Sc:aug-cc-pVTZ-RI-ccECP,69,69,i,s14 p12 d11 f11 g11 h6 i4,yes,orbital name plus '-RI' plus declared suffix '-ccECP',by_element/Sc/Sc.aug-cc-pVTZ-RI.cfour
Sc,21,recipes/Sc/ccECP,Sc.cc-pCV5Z.AutoAuxC.orca,AutoAuxC.orca,library,ccECP,cc-pCV5Z,cc-pCV5Z,cc-pCV5Z-RI-ccECP,-RI,-ccECP,Sc:cc-pCV5Z-RI-ccECP,84,84,k,s15 p14 d13 f13 g12 h7 i5 k5,yes,orbital name plus '-RI' plus declared suffix '-ccECP',by_element/Sc/Sc.cc-pCV5Z-RI.cfour
Sc,21,recipes/Sc/ccECP,Sc.cc-pCVDZ.AutoAuxC.orca,AutoAuxC.orca,library,ccECP,cc-pCVDZ,cc-pCVDZ,cc-pCVDZ-RI-ccECP,-RI,-ccECP,Sc:cc-pCVDZ-RI-ccECP,73,73,h,s15 p14 d13 f13 g13 h5,yes,orbital name plus '-RI' plus declared suffix '-ccECP',by_element/Sc/Sc.cc-pCVDZ-RI.cfour
Sc,21,recipes/Sc/ccECP,Sc.cc-pCVQZ.AutoAuxC.orca,AutoAuxC.orca,library,ccECP,cc-pCVQZ,cc-pCVQZ,cc-pCVQZ-RI-ccECP,-RI,-ccECP,Sc:cc-pCVQZ-RI-ccECP,81,81,k,s15 p14 d13 f12 g12 h6 i5 k4,yes,orbital name plus '-RI' plus declared suffix '-ccECP',by_element/Sc/Sc.cc-pCVQZ-RI.cfour
Sc,21,recipes/Sc/ccECP,Sc.cc-pCVTZ.AutoAuxC.orca,AutoAuxC.orca,library,ccECP,cc-pCVTZ,cc-pCVTZ,cc-pCVTZ-RI-ccECP,-RI,-ccECP,Sc:cc-pCVTZ-RI-ccECP,73,73,i,s15 p13 d12 f12 g12 h5 i4,yes,orbital name plus '-RI' plus declared suffix '-ccECP',by_element/Sc/Sc.cc-pCVTZ-RI.cfour
Sc,21,recipes/Sc/ccECP,Sc.cc-pV5Z.AutoAuxC.orca,AutoAuxC.orca,library,ccECP,cc-pV5Z,cc-pV5Z,cc-pV5Z-RI-ccECP,-RI,-ccECP,Sc:cc-pV5Z-RI-ccECP,79,79,k,s15 p13 d12 f12 g12 h6 i5 k4,yes,orbital name plus '-RI' plus declared suffix '-ccECP',by_element/Sc/Sc.cc-pV5Z-RI.cfour
Sc,21,recipes/Sc/ccECP,Sc.cc-pVDZ.AutoAuxC.orca,AutoAuxC.orca,library,ccECP,cc-pVDZ,cc-pVDZ,cc-pVDZ-RI-ccECP,-RI,-ccECP,Sc:cc-pVDZ-RI-ccECP,54,54,h,s13 p11 d10 f9 g9 h2,yes,orbital name plus '-RI' plus declared suffix '-ccECP',by_element/Sc/Sc.cc-pVDZ-RI.cfour
Sc,21,recipes/Sc/ccECP,Sc.cc-pVQZ.AutoAuxC.orca,AutoAuxC.orca,library,ccECP,cc-pVQZ,cc-pVQZ,cc-pVQZ-RI-ccECP,-RI,-ccECP,Sc:cc-pVQZ-RI-ccECP,78,78,k,s15 p13 d12 f12 g12 h6 i4 k4,yes,orbital name plus '-RI' plus declared suffix '-ccECP',by_element/Sc/Sc.cc-pVQZ-RI.cfour
Sc,21,recipes/Sc/ccECP,Sc.cc-pVTZ.AutoAuxC.orca,AutoAuxC.orca,library,ccECP,cc-pVTZ,cc-pVTZ,cc-pVTZ-RI-ccECP,-RI,-ccECP,Sc:cc-pVTZ-RI-ccECP,61,61,i,s13 p11 d10 f10 g10 h4 i3,yes,orbital name plus '-RI' plus declared suffix '-ccECP',by_element/Sc/Sc.cc-pVTZ-RI.cfour
Se,34,recipes/Se/ccECP,Se.aug-cc-pV5Z.AutoAuxC.orca,AutoAuxC.orca,library,ccECP,aug-cc-pV5Z,aug-cc-pV5Z,aug-cc-pV5Z-RI-ccECP,-RI,-ccECP,Se:aug-cc-pV5Z-RI-ccECP,61,61,k,s13 p12 d11 f6 g6 h5 i4 k4,yes,orbital name plus '-RI' plus declared suffix '-ccECP',by_element/Se/Se.aug-cc-pV5Z-RI.cfour
Se,34,recipes/Se/ccECP,Se.aug-cc-pV6Z.AutoAuxC.orca,AutoAuxC.orca,library,ccECP,aug-cc-pV6Z,aug-cc-pV6Z,aug-cc-pV6Z-RI-ccECP,-RI,-ccECP,Se:aug-cc-pV6Z-RI-ccECP,62,62,k,s14 p12 d11 f6 g6 h5 i4 k4,yes,orbital name plus '-RI' plus declared suffix '-ccECP',by_element/Se/Se.aug-cc-pV6Z-RI.cfour
Se,34,recipes/Se/ccECP,Se.aug-cc-pVDZ.AutoAuxC.orca,AutoAuxC.orca,library,ccECP,aug-cc-pVDZ,aug-cc-pVDZ,aug-cc-pVDZ-RI-ccECP,-RI,-ccECP,Se:aug-cc-pVDZ-RI-ccECP,34,34,g,s11 p9 d8 f3 g3,yes,orbital name plus '-RI' plus declared suffix '-ccECP',by_element/Se/Se.aug-cc-pVDZ-RI.cfour
Se,34,recipes/Se/ccECP,Se.aug-cc-pVQZ.AutoAuxC.orca,AutoAuxC.orca,library,ccECP,aug-cc-pVQZ,aug-cc-pVQZ,aug-cc-pVQZ-RI-ccECP,-RI,-ccECP,Se:aug-cc-pVQZ-RI-ccECP,51,51,i,s13 p11 d10 f5 g5 h4 i3,yes,orbital name plus '-RI' plus declared suffix '-ccECP',by_element/Se/Se.aug-cc-pVQZ-RI.cfour
Se,34,recipes/Se/ccECP,Se.aug-cc-pVTZ.AutoAuxC.orca,AutoAuxC.orca,library,ccECP,aug-cc-pVTZ,aug-cc-pVTZ,aug-cc-pVTZ-RI-ccECP,-RI,-ccECP,Se:aug-cc-pVTZ-RI-ccECP,42,42,h,s12 p10 d9 f4 g4 h3,yes,orbital name plus '-RI' plus declared suffix '-ccECP',by_element/Se/Se.aug-cc-pVTZ-RI.cfour
Se,34,recipes/Se/ccECP,Se.cc-pV5Z.AutoAuxC.orca,AutoAuxC.orca,library,ccECP,cc-pV5Z,cc-pV5Z,cc-pV5Z-RI-ccECP,-RI,-ccECP,Se:cc-pV5Z-RI-ccECP,52,52,k,s12 p10 d10 f5 g5 h4 i3 k3,yes,orbital name plus '-RI' plus declared suffix '-ccECP',by_element/Se/Se.cc-pV5Z-RI.cfour
Se,34,recipes/Se/ccECP,Se.cc-pV6Z.AutoAuxC.orca,AutoAuxC.orca,library,ccECP,cc-pV6Z,cc-pV6Z,cc-pV6Z-RI-ccECP,-RI,-ccECP,Se:cc-pV6Z-RI-ccECP,54,54,k,s13 p11 d10 f5 g5 h4 i3 k3,yes,orbital name plus '-RI' plus declared suffix '-ccECP',by_element/Se/Se.cc-pV6Z-RI.cfour
Se,34,recipes/Se/ccECP,Se.cc-pVDZ.AutoAuxC.orca,AutoAuxC.orca,library,ccECP,cc-pVDZ,cc-pVDZ,cc-pVDZ-RI-ccECP,-RI,-ccECP,Se:cc-pVDZ-RI-ccECP,28,28,g,s10 p8 d7 f2 g1,yes,orbital name plus '-RI' plus declared suffix '-ccECP',by_element/Se/Se.cc-pVDZ-RI.cfour
Se,34,recipes/Se/ccECP,Se.cc-pVQZ.AutoAuxC.orca,AutoAuxC.orca,library,ccECP,cc-pVQZ,cc-pVQZ,cc-pVQZ-RI-ccECP,-RI,-ccECP,Se:cc-pVQZ-RI-ccECP,45,45,i,s12 p10 d9 f4 g4 h3 i3,yes,orbital name plus '-RI' plus declared suffix '-ccECP',by_element/Se/Se.cc-pVQZ-RI.cfour
Se,34,recipes/Se/ccECP,Se.cc-pVTZ.AutoAuxC.orca,AutoAuxC.orca,library,ccECP,cc-pVTZ,cc-pVTZ,cc-pVTZ-RI-ccECP,-RI,-ccECP,Se:cc-pVTZ-RI-ccECP,36,36,h,s11 p9 d8 f3 g3 h2,yes,orbital name plus '-RI' plus declared suffix '-ccECP',by_element/Se/Se.cc-pVTZ-RI.cfour
Si,14,recipes/Si/ccECP,Si.aug-cc-pV5Z.AutoAuxC.orca,AutoAuxC.orca,library,ccECP,aug-cc-pV5Z,aug-cc-pV5Z,aug-cc-pV5Z-RI-ccECP,-RI,-ccECP,Si:aug-cc-pV5Z-RI-ccECP,54,54,i,s11 p11 d10 f7 g6 h5 i4,yes,orbital name plus '-RI' plus declared suffix '-ccECP',by_element/Si/Si.aug-cc-pV5Z-RI.cfour
Si,14,recipes/Si/ccECP,Si.aug-cc-pV6Z.AutoAuxC.orca,AutoAuxC.orca,library,ccECP,aug-cc-pV6Z,aug-cc-pV6Z,aug-cc-pV6Z-RI-ccECP,-RI,-ccECP,Si:aug-cc-pV6Z-RI-ccECP,63,63,k,s12 p12 d11 f7 g7 h6 i4 k4,yes,orbital name plus '-RI' plus declared suffix '-ccECP',by_element/Si/Si.aug-cc-pV6Z-RI.cfour
Si,14,recipes/Si/ccECP,Si.aug-cc-pVDZ.AutoAuxC.orca,AutoAuxC.orca,library,ccECP,aug-cc-pVDZ,aug-cc-pVDZ,aug-cc-pVDZ-RI-ccECP,-RI,-ccECP,Si:aug-cc-pVDZ-RI-ccECP,31,31,f,s11 p9 d8 f3,yes,orbital name plus '-RI' plus declared suffix '-ccECP',by_element/Si/Si.aug-cc-pVDZ-RI.cfour
Si,14,recipes/Si/ccECP,Si.aug-cc-pVQZ.AutoAuxC.orca,AutoAuxC.orca,library,ccECP,aug-cc-pVQZ,aug-cc-pVQZ,aug-cc-pVQZ-RI-ccECP,-RI,-ccECP,Si:aug-cc-pVQZ-RI-ccECP,49,49,h,s12 p11 d10 f6 g5 h5,yes,orbital name plus '-RI' plus declared suffix '-ccECP',by_element/Si/Si.aug-cc-pVQZ-RI.cfour
Si,14,recipes/Si/ccECP,Si.aug-cc-pVTZ.AutoAuxC.orca,AutoAuxC.orca,library,ccECP,aug-cc-pVTZ,aug-cc-pVTZ,aug-cc-pVTZ-RI-ccECP,-RI,-ccECP,Si:aug-cc-pVTZ-RI-ccECP,40,40,g,s12 p10 d9 f5 g4,yes,orbital name plus '-RI' plus declared suffix '-ccECP',by_element/Si/Si.aug-cc-pVTZ-RI.cfour
Si,14,recipes/Si/ccECP,Si.cc-pV5Z.AutoAuxC.orca,AutoAuxC.orca,library,ccECP,cc-pV5Z,cc-pV5Z,cc-pV5Z-RI-ccECP,-RI,-ccECP,Si:cc-pV5Z-RI-ccECP,50,50,i,s11 p11 d10 f6 g5 h4 i3,yes,orbital name plus '-RI' plus declared suffix '-ccECP',by_element/Si/Si.cc-pV5Z-RI.cfour
Si,14,recipes/Si/ccECP,Si.cc-pV6Z.AutoAuxC.orca,AutoAuxC.orca,library,ccECP,cc-pV6Z,cc-pV6Z,cc-pV6Z-RI-ccECP,-RI,-ccECP,Si:cc-pV6Z-RI-ccECP,56,56,k,s11 p11 d10 f6 g6 h5 i4 k3,yes,orbital name plus '-RI' plus declared suffix '-ccECP',by_element/Si/Si.cc-pV6Z-RI.cfour
Si,14,recipes/Si/ccECP,Si.cc-pVDZ.AutoAuxC.orca,AutoAuxC.orca,library,ccECP,cc-pVDZ,cc-pVDZ,cc-pVDZ-RI-ccECP,-RI,-ccECP,Si:cc-pVDZ-RI-ccECP,30,30,f,s11 p9 d8 f2,yes,orbital name plus '-RI' plus declared suffix '-ccECP',by_element/Si/Si.cc-pVDZ-RI.cfour
Si,14,recipes/Si/ccECP,Si.cc-pVQZ.AutoAuxC.orca,AutoAuxC.orca,library,ccECP,cc-pVQZ,cc-pVQZ,cc-pVQZ-RI-ccECP,-RI,-ccECP,Si:cc-pVQZ-RI-ccECP,44,44,h,s11 p11 d10 f5 g4 h3,yes,orbital name plus '-RI' plus declared suffix '-ccECP',by_element/Si/Si.cc-pVQZ-RI.cfour
Si,14,recipes/Si/ccECP,Si.cc-pVTZ.AutoAuxC.orca,AutoAuxC.orca,library,ccECP,cc-pVTZ,cc-pVTZ,cc-pVTZ-RI-ccECP,-RI,-ccECP,Si:cc-pVTZ-RI-ccECP,37,37,g,s11 p10 d9 f4 g3,yes,orbital name plus '-RI' plus declared suffix '-ccECP',by_element/Si/Si.cc-pVTZ-RI.cfour
Sn,50,recipes/Sn/ccECP,Sn.aug-cc-pV5Z.AutoAuxC.orca,AutoAuxC.orca,library,ccECP,aug-cc-pV5Z,aug-cc-pV5Z,aug-cc-pV5Z-RI-ccECP,-RI,-ccECP,Sn:aug-cc-pV5Z-RI-ccECP,68,68,k,s13 p13 d12 f8 g7 h7 i5 k3,yes,orbital name plus '-RI' plus declared suffix '-ccECP',by_element/Sn/Sn.aug-cc-pV5Z-RI.cfour
Sn,50,recipes/Sn/ccECP,Sn.aug-cc-pV6Z.AutoAuxC.orca,AutoAuxC.orca,library,ccECP,aug-cc-pV6Z,aug-cc-pV6Z,aug-cc-pV6Z-RI-ccECP,-RI,-ccECP,Sn:aug-cc-pV6Z-RI-ccECP,82,82,k,s14 p14 d14 f9 g9 h9 i7 k6,yes,orbital name plus '-RI' plus declared suffix '-ccECP',by_element/Sn/Sn.aug-cc-pV6Z-RI.cfour
Sn,50,recipes/Sn/ccECP,Sn.aug-cc-pVDZ.AutoAuxC.orca,AutoAuxC.orca,library,ccECP,aug-cc-pVDZ,aug-cc-pVDZ,aug-cc-pVDZ-RI-ccECP,-RI,-ccECP,Sn:aug-cc-pVDZ-RI-ccECP,33,33,g,s11 p9 d7 f3 g3,yes,orbital name plus '-RI' plus declared suffix '-ccECP',by_element/Sn/Sn.aug-cc-pVDZ-RI.cfour
Sn,50,recipes/Sn/ccECP,Sn.aug-cc-pVQZ.AutoAuxC.orca,AutoAuxC.orca,library,ccECP,aug-cc-pVQZ,aug-cc-pVQZ,aug-cc-pVQZ-RI-ccECP,-RI,-ccECP,Sn:aug-cc-pVQZ-RI-ccECP,55,55,i,s13 p12 d11 f6 g5 h5 i3,yes,orbital name plus '-RI' plus declared suffix '-ccECP',by_element/Sn/Sn.aug-cc-pVQZ-RI.cfour
Sn,50,recipes/Sn/ccECP,Sn.aug-cc-pVTZ.AutoAuxC.orca,AutoAuxC.orca,library,ccECP,aug-cc-pVTZ,aug-cc-pVTZ,aug-cc-pVTZ-RI-ccECP,-RI,-ccECP,Sn:aug-cc-pVTZ-RI-ccECP,39,39,h,s11 p9 d8 f4 g4 h3,yes,orbital name plus '-RI' plus declared suffix '-ccECP',by_element/Sn/Sn.aug-cc-pVTZ-RI.cfour
Sn,50,recipes/Sn/ccECP,Sn.cc-pV5Z.AutoAuxC.orca,AutoAuxC.orca,library,ccECP,cc-pV5Z,cc-pV5Z,cc-pV5Z-RI-ccECP,-RI,-ccECP,Sn:cc-pV5Z-RI-ccECP,62,62,k,s13 p12 d12 f7 g6 h6 i4 k2,yes,orbital name plus '-RI' plus declared suffix '-ccECP',by_element/Sn/Sn.cc-pV5Z-RI.cfour
Sn,50,recipes/Sn/ccECP,Sn.cc-pV6Z.AutoAuxC.orca,AutoAuxC.orca,library,ccECP,cc-pV6Z,cc-pV6Z,cc-pV6Z-RI-ccECP,-RI,-ccECP,Sn:cc-pV6Z-RI-ccECP,75,75,k,s13 p13 d13 f9 g8 h7 i6 k6,yes,orbital name plus '-RI' plus declared suffix '-ccECP',by_element/Sn/Sn.cc-pV6Z-RI.cfour
Sn,50,recipes/Sn/ccECP,Sn.cc-pVDZ.AutoAuxC.orca,AutoAuxC.orca,library,ccECP,cc-pVDZ,cc-pVDZ,cc-pVDZ-RI-ccECP,-RI,-ccECP,Sn:cc-pVDZ-RI-ccECP,28,28,g,s10 p8 d7 f2 g1,yes,orbital name plus '-RI' plus declared suffix '-ccECP',by_element/Sn/Sn.cc-pVDZ-RI.cfour
Sn,50,recipes/Sn/ccECP,Sn.cc-pVQZ.AutoAuxC.orca,AutoAuxC.orca,library,ccECP,cc-pVQZ,cc-pVQZ,cc-pVQZ-RI-ccECP,-RI,-ccECP,Sn:cc-pVQZ-RI-ccECP,50,50,i,s13 p11 d10 f5 g4 h4 i3,yes,orbital name plus '-RI' plus declared suffix '-ccECP',by_element/Sn/Sn.cc-pVQZ-RI.cfour
Sn,50,recipes/Sn/ccECP,Sn.cc-pVTZ.AutoAuxC.orca,AutoAuxC.orca,library,ccECP,cc-pVTZ,cc-pVTZ,cc-pVTZ-RI-ccECP,-RI,-ccECP,Sn:cc-pVTZ-RI-ccECP,36,36,h,s11 p9 d8 f3 g3 h2,yes,orbital name plus '-RI' plus declared suffix '-ccECP',by_element/Sn/Sn.cc-pVTZ-RI.cfour
Ta,73,recipes/Ta/ccECP,Ta.aug-cc-pCV5Z.AutoAuxC.orca,AutoAuxC.orca,library,ccECP,aug-cc-pCV5Z,aug-cc-pCV5Z,aug-cc-pCV5Z-RI-ccECP,-RI,-ccECP,Ta:aug-cc-pCV5Z-RI-ccECP,91,91,k,s17 p15 d14 f14 g13 h7 i6 k5,yes,orbital name plus '-RI' plus declared suffix '-ccECP',by_element/Ta/Ta.aug-cc-pCV5Z-RI.cfour
Ta,73,recipes/Ta/ccECP,Ta.aug-cc-pCVDZ.AutoAuxC.orca,AutoAuxC.orca,library,ccECP,aug-cc-pCVDZ,aug-cc-pCVDZ,aug-cc-pCVDZ-RI-ccECP,-RI,-ccECP,Ta:aug-cc-pCVDZ-RI-ccECP,72,72,h,s16 p14 d13 f12 g12 h5,yes,orbital name plus '-RI' plus declared suffix '-ccECP',by_element/Ta/Ta.aug-cc-pCVDZ-RI.cfour
Ta,73,recipes/Ta/ccECP,Ta.aug-cc-pCVQZ.AutoAuxC.orca,AutoAuxC.orca,library,ccECP,aug-cc-pCVQZ,aug-cc-pCVQZ,aug-cc-pCVQZ-RI-ccECP,-RI,-ccECP,Ta:aug-cc-pCVQZ-RI-ccECP,85,85,k,s16 p14 d13 f13 g13 h7 i5 k4,yes,orbital name plus '-RI' plus declared suffix '-ccECP',by_element/Ta/Ta.aug-cc-pCVQZ-RI.cfour
Ta,73,recipes/Ta/ccECP,Ta.aug-cc-pCVTZ.AutoAuxC.orca,AutoAuxC.orca,library,ccECP,aug-cc-pCVTZ,aug-cc-pCVTZ,aug-cc-pCVTZ-RI-ccECP,-RI,-ccECP,Ta:aug-cc-pCVTZ-RI-ccECP,79,79,i,s16 p14 d13 f13 g13 h6 i4,yes,orbital name plus '-RI' plus declared suffix '-ccECP',by_element/Ta/Ta.aug-cc-pCVTZ-RI.cfour
Ta,73,recipes/Ta/ccECP,Ta.aug-cc-pV5Z.AutoAuxC.orca,AutoAuxC.orca,library,ccECP,aug-cc-pV5Z,aug-cc-pV5Z,aug-cc-pV5Z-RI-ccECP,-RI,-ccECP,Ta:aug-cc-pV5Z-RI-ccECP,79,79,k,s15 p13 d12 f12 g12 h6 i5 k4,yes,orbital name plus '-RI' plus declared suffix '-ccECP',by_element/Ta/Ta.aug-cc-pV5Z-RI.cfour
Ta,73,recipes/Ta/ccECP,Ta.aug-cc-pVDZ.AutoAuxC.orca,AutoAuxC.orca,library,ccECP,aug-cc-pVDZ,aug-cc-pVDZ,aug-cc-pVDZ-RI-ccECP,-RI,-ccECP,Ta:aug-cc-pVDZ-RI-ccECP,61,61,h,s14 p12 d11 f10 g10 h4,yes,orbital name plus '-RI' plus declared suffix '-ccECP',by_element/Ta/Ta.aug-cc-pVDZ-RI.cfour
Ta,73,recipes/Ta/ccECP,Ta.aug-cc-pVQZ.AutoAuxC.orca,AutoAuxC.orca,library,ccECP,aug-cc-pVQZ,aug-cc-pVQZ,aug-cc-pVQZ-RI-ccECP,-RI,-ccECP,Ta:aug-cc-pVQZ-RI-ccECP,74,74,k,s14 p12 d12 f11 g11 h6 i4 k4,yes,orbital name plus '-RI' plus declared suffix '-ccECP',by_element/Ta/Ta.aug-cc-pVQZ-RI.cfour
Ta,73,recipes/Ta/ccECP,Ta.aug-cc-pVTZ.AutoAuxC.orca,AutoAuxC.orca,library,ccECP,aug-cc-pVTZ,aug-cc-pVTZ,aug-cc-pVTZ-RI-ccECP,-RI,-ccECP,Ta:aug-cc-pVTZ-RI-ccECP,68,68,i,s14 p12 d11 f11 g11 h5 i4,yes,orbital name plus '-RI' plus declared suffix '-ccECP',by_element/Ta/Ta.aug-cc-pVTZ-RI.cfour
Ta,73,recipes/Ta/ccECP,Ta.cc-pCV5Z.AutoAuxC.orca,AutoAuxC.orca,library,ccECP,cc-pCV5Z,cc-pCV5Z,cc-pCV5Z-RI-ccECP,-RI,-ccECP,Ta:cc-pCV5Z-RI-ccECP,81,81,k,s15 p14 d13 f12 g12 h6 i5 k4,yes,orbital name plus '-RI' plus declared suffix '-ccECP',by_element/Ta/Ta.cc-pCV5Z-RI.cfour
Ta,73,recipes/Ta/ccECP,Ta.cc-pCVDZ.AutoAuxC.orca,AutoAuxC.orca,library,ccECP,cc-pCVDZ,cc-pCVDZ,cc-pCVDZ-RI-ccECP,-RI,-ccECP,Ta:cc-pCVDZ-RI-ccECP,62,62,h,s14 p12 d11 f11 g10 h4,yes,orbital name plus '-RI' plus declared suffix '-ccECP',by_element/Ta/Ta.cc-pCVDZ-RI.cfour
Ta,73,recipes/Ta/ccECP,Ta.cc-pCVQZ.AutoAuxC.orca,AutoAuxC.orca,library,ccECP,cc-pCVQZ,cc-pCVQZ,cc-pCVQZ-RI-ccECP,-RI,-ccECP,Ta:cc-pCVQZ-RI-ccECP,74,74,k,s14 p12 d12 f12 g11 h5 i4 k4,yes,orbital name plus '-RI' plus declared suffix '-ccECP',by_element/Ta/Ta.cc-pCVQZ-RI.cfour
Ta,73,recipes/Ta/ccECP,Ta.cc-pCVTZ.AutoAuxC.orca,AutoAuxC.orca,library,ccECP,cc-pCVTZ,cc-pCVTZ,cc-pCVTZ-RI-ccECP,-RI,-ccECP,Ta:cc-pCVTZ-RI-ccECP,67,67,i,s14 p12 d11 f11 g11 h5 i3,yes,orbital name plus '-RI' plus declared suffix '-ccECP',by_element/Ta/Ta.cc-pCVTZ-RI.cfour
Ta,73,recipes/Ta/ccECP,Ta.cc-pV5Z.AutoAuxC.orca,AutoAuxC.orca,library,ccECP,cc-pV5Z,cc-pV5Z,cc-pV5Z-RI-ccECP,-RI,-ccECP,Ta:cc-pV5Z-RI-ccECP,67,67,k,s13 p11 d11 f10 g10 h5 i4 k3,yes,orbital name plus '-RI' plus declared suffix '-ccECP',by_element/Ta/Ta.cc-pV5Z-RI.cfour
Ta,73,recipes/Ta/ccECP,Ta.cc-pVDZ.AutoAuxC.orca,AutoAuxC.orca,library,ccECP,cc-pVDZ,cc-pVDZ,cc-pVDZ-RI-ccECP,-RI,-ccECP,Ta:cc-pVDZ-RI-ccECP,51,51,h,s12 p10 d9 f9 g9 h2,yes,orbital name plus '-RI' plus declared suffix '-ccECP',by_element/Ta/Ta.cc-pVDZ-RI.cfour
Ta,73,recipes/Ta/ccECP,Ta.cc-pVQZ.AutoAuxC.orca,AutoAuxC.orca,library,ccECP,cc-pVQZ,cc-pVQZ,cc-pVQZ-RI-ccECP,-RI,-ccECP,Ta:cc-pVQZ-RI-ccECP,64,64,k,s13 p11 d10 f10 g10 h4 i3 k3,yes,orbital name plus '-RI' plus declared suffix '-ccECP',by_element/Ta/Ta.cc-pVQZ-RI.cfour
Ta,73,recipes/Ta/ccECP,Ta.cc-pVTZ.AutoAuxC.orca,AutoAuxC.orca,library,ccECP,cc-pVTZ,cc-pVTZ,cc-pVTZ-RI-ccECP,-RI,-ccECP,Ta:cc-pVTZ-RI-ccECP,56,56,i,s12 p10 d9 f9 g9 h4 i3,yes,orbital name plus '-RI' plus declared suffix '-ccECP',by_element/Ta/Ta.cc-pVTZ-RI.cfour
Tb,65,recipes/Tb/ccECP,Tb.aug-cc-pCVDZ.AutoAuxC.orca,AutoAuxC.orca,library,ccECP,aug-cc-pCVDZ,aug-cc-pCVDZ,aug-cc-pCVDZ-RI-ccECP,-RI,-ccECP,Tb:aug-cc-pCVDZ-RI-ccECP,109,109,i,s17 p17 d16 f16 g16 h14 i13,yes,orbital name plus '-RI' plus declared suffix '-ccECP',by_element/Tb/Tb.aug-cc-pCVDZ-RI.cfour
Tb,65,recipes/Tb/ccECP,Tb.aug-cc-pCVQZ.AutoAuxC.orca,AutoAuxC.orca,library,ccECP,aug-cc-pCVQZ,aug-cc-pCVQZ,aug-cc-pCVQZ-RI-ccECP,-RI,-ccECP,Tb:aug-cc-pCVQZ-RI-ccECP,115,115,k,s17 p17 d16 f16 g16 h14 i13 k6,yes,orbital name plus '-RI' plus declared suffix '-ccECP',by_element/Tb/Tb.aug-cc-pCVQZ-RI.cfour
Tb,65,recipes/Tb/ccECP,Tb.aug-cc-pCVTZ.AutoAuxC.orca,AutoAuxC.orca,library,ccECP,aug-cc-pCVTZ,aug-cc-pCVTZ,aug-cc-pCVTZ-RI-ccECP,-RI,-ccECP,Tb:aug-cc-pCVTZ-RI-ccECP,113,113,k,s17 p17 d16 f16 g15 h14 i13 k5,yes,orbital name plus '-RI' plus declared suffix '-ccECP',by_element/Tb/Tb.aug-cc-pCVTZ-RI.cfour
Tb,65,recipes/Tb/ccECP,Tb.aug-cc-pVDZ.AutoAuxC.orca,AutoAuxC.orca,library,ccECP,aug-cc-pVDZ,aug-cc-pVDZ,aug-cc-pVDZ-RI-ccECP,-RI,-ccECP,Tb:aug-cc-pVDZ-RI-ccECP,99,99,i,s17 p15 d14 f14 g14 h13 i12,yes,orbital name plus '-RI' plus declared suffix '-ccECP',by_element/Tb/Tb.aug-cc-pVDZ-RI.cfour
Tb,65,recipes/Tb/ccECP,Tb.aug-cc-pVQZ.AutoAuxC.orca,AutoAuxC.orca,library,ccECP,aug-cc-pVQZ,aug-cc-pVQZ,aug-cc-pVQZ-RI-ccECP,-RI,-ccECP,Tb:aug-cc-pVQZ-RI-ccECP,111,111,k,s17 p16 d15 f15 g15 h14 i13 k6,yes,orbital name plus '-RI' plus declared suffix '-ccECP',by_element/Tb/Tb.aug-cc-pVQZ-RI.cfour
Tb,65,recipes/Tb/ccECP,Tb.aug-cc-pVTZ.AutoAuxC.orca,AutoAuxC.orca,library,ccECP,aug-cc-pVTZ,aug-cc-pVTZ,aug-cc-pVTZ-RI-ccECP,-RI,-ccECP,Tb:aug-cc-pVTZ-RI-ccECP,109,109,k,s17 p16 d15 f15 g15 h13 i13 k5,yes,orbital name plus '-RI' plus declared suffix '-ccECP',by_element/Tb/Tb.aug-cc-pVTZ-RI.cfour
Tb,65,recipes/Tb/ccECP,Tb.cc-pCVDZ.AutoAuxC.orca,AutoAuxC.orca,library,ccECP,cc-pCVDZ,cc-pCVDZ,cc-pCVDZ-RI-ccECP,-RI,-ccECP,Tb:cc-pCVDZ-RI-ccECP,98,98,i,s16 p15 d14 f14 g14 h13 i12,yes,orbital name plus '-RI' plus declared suffix '-ccECP',by_element/Tb/Tb.cc-pCVDZ-RI.cfour
Tb,65,recipes/Tb/ccECP,Tb.cc-pCVQZ.AutoAuxC.orca,AutoAuxC.orca,library,ccECP,cc-pCVQZ,cc-pCVQZ,cc-pCVQZ-RI-ccECP,-RI,-ccECP,Tb:cc-pCVQZ-RI-ccECP,103,103,k,s16 p15 d14 f14 g14 h13 i12 k5,yes,orbital name plus '-RI' plus declared suffix '-ccECP',by_element/Tb/Tb.cc-pCVQZ-RI.cfour
Tb,65,recipes/Tb/ccECP,Tb.cc-pCVTZ.AutoAuxC.orca,AutoAuxC.orca,library,ccECP,cc-pCVTZ,cc-pCVTZ,cc-pCVTZ-RI-ccECP,-RI,-ccECP,Tb:cc-pCVTZ-RI-ccECP,102,102,k,s16 p15 d14 f14 g14 h13 i12 k4,yes,orbital name plus '-RI' plus declared suffix '-ccECP',by_element/Tb/Tb.cc-pCVTZ-RI.cfour
Tb,65,recipes/Tb/ccECP,Tb.cc-pVDZ.AutoAuxC.orca,AutoAuxC.orca,library,ccECP,cc-pVDZ,cc-pVDZ,cc-pVDZ-RI-ccECP,-RI,-ccECP,Tb:cc-pVDZ-RI-ccECP,88,88,i,s15 p14 d13 f13 g12 h11 i10,yes,orbital name plus '-RI' plus declared suffix '-ccECP',by_element/Tb/Tb.cc-pVDZ-RI.cfour
Tb,65,recipes/Tb/ccECP,Tb.cc-pVQZ.AutoAuxC.orca,AutoAuxC.orca,library,ccECP,cc-pVQZ,cc-pVQZ,cc-pVQZ-RI-ccECP,-RI,-ccECP,Tb:cc-pVQZ-RI-ccECP,100,100,k,s16 p15 d14 f14 g14 h12 i11 k4,yes,orbital name plus '-RI' plus declared suffix '-ccECP',by_element/Tb/Tb.cc-pVQZ-RI.cfour
Tb,65,recipes/Tb/ccECP,Tb.cc-pVTZ.AutoAuxC.orca,AutoAuxC.orca,library,ccECP,cc-pVTZ,cc-pVTZ,cc-pVTZ-RI-ccECP,-RI,-ccECP,Tb:cc-pVTZ-RI-ccECP,98,98,k,s16 p15 d14 f14 g13 h12 i11 k3,yes,orbital name plus '-RI' plus declared suffix '-ccECP',by_element/Tb/Tb.cc-pVTZ-RI.cfour
Te,52,recipes/Te/ccECP,Te.aug-cc-pV5Z.AutoAuxC.orca,AutoAuxC.orca,library,ccECP,aug-cc-pV5Z,aug-cc-pV5Z,aug-cc-pV5Z-RI-ccECP,-RI,-ccECP,Te:aug-cc-pV5Z-RI-ccECP,57,57,k,s13 p11 d10 f6 g5 h5 i4 k3,yes,orbital name plus '-RI' plus declared suffix '-ccECP',by_element/Te/Te.aug-cc-pV5Z-RI.cfour
Te,52,recipes/Te/ccECP,Te.aug-cc-pV6Z.AutoAuxC.orca,AutoAuxC.orca,library,ccECP,aug-cc-pV6Z,aug-cc-pV6Z,aug-cc-pV6Z-RI-ccECP,-RI,-ccECP,Te:aug-cc-pV6Z-RI-ccECP,62,62,k,s14 p12 d11 f6 g6 h5 i4 k4,yes,orbital name plus '-RI' plus declared suffix '-ccECP',by_element/Te/Te.aug-cc-pV6Z-RI.cfour
Te,52,recipes/Te/ccECP,Te.aug-cc-pVDZ.AutoAuxC.orca,AutoAuxC.orca,library,ccECP,aug-cc-pVDZ,aug-cc-pVDZ,aug-cc-pVDZ-RI-ccECP,-RI,-ccECP,Te:aug-cc-pVDZ-RI-ccECP,33,33,g,s11 p9 d7 f3 g3,yes,orbital name plus '-RI' plus declared suffix '-ccECP',by_element/Te/Te.aug-cc-pVDZ-RI.cfour
Te,52,recipes/Te/ccECP,Te.aug-cc-pVQZ.AutoAuxC.orca,AutoAuxC.orca,library,ccECP,aug-cc-pVQZ,aug-cc-pVQZ,aug-cc-pVQZ-RI-ccECP,-RI,-ccECP,Te:aug-cc-pVQZ-RI-ccECP,50,50,i,s12 p11 d10 f5 g5 h4 i3,yes,orbital name plus '-RI' plus declared suffix '-ccECP',by_element/Te/Te.aug-cc-pVQZ-RI.cfour
Te,52,recipes/Te/ccECP,Te.aug-cc-pVTZ.AutoAuxC.orca,AutoAuxC.orca,library,ccECP,aug-cc-pVTZ,aug-cc-pVTZ,aug-cc-pVTZ-RI-ccECP,-RI,-ccECP,Te:aug-cc-pVTZ-RI-ccECP,39,39,h,s11 p9 d8 f4 g4 h3,yes,orbital name plus '-RI' plus declared suffix '-ccECP',by_element/Te/Te.aug-cc-pVTZ-RI.cfour
Te,52,recipes/Te/ccECP,Te.cc-pV5Z.AutoAuxC.orca,AutoAuxC.orca,library,ccECP,cc-pV5Z,cc-pV5Z,cc-pV5Z-RI-ccECP,-RI,-ccECP,Te:cc-pV5Z-RI-ccECP,52,52,k,s12 p11 d10 f5 g4 h4 i3 k3,yes,orbital name plus '-RI' plus declared suffix '-ccECP',by_element/Te/Te.cc-pV5Z-RI.cfour
Te,52,recipes/Te/ccECP,Te.cc-pV6Z.AutoAuxC.orca,AutoAuxC.orca,library,ccECP,cc-pV6Z,cc-pV6Z,cc-pV6Z-RI-ccECP,-RI,-ccECP,Te:cc-pV6Z-RI-ccECP,54,54,k,s13 p11 d10 f5 g5 h4 i3 k3,yes,orbital name plus '-RI' plus declared suffix '-ccECP',by_element/Te/Te.cc-pV6Z-RI.cfour
Te,52,recipes/Te/ccECP,Te.cc-pVDZ.AutoAuxC.orca,AutoAuxC.orca,library,ccECP,cc-pVDZ,cc-pVDZ,cc-pVDZ-RI-ccECP,-RI,-ccECP,Te:cc-pVDZ-RI-ccECP,28,28,g,s10 p8 d7 f2 g1,yes,orbital name plus '-RI' plus declared suffix '-ccECP',by_element/Te/Te.cc-pVDZ-RI.cfour
Te,52,recipes/Te/ccECP,Te.cc-pVQZ.AutoAuxC.orca,AutoAuxC.orca,library,ccECP,cc-pVQZ,cc-pVQZ,cc-pVQZ-RI-ccECP,-RI,-ccECP,Te:cc-pVQZ-RI-ccECP,45,45,i,s12 p10 d9 f4 g4 h3 i3,yes,orbital name plus '-RI' plus declared suffix '-ccECP',by_element/Te/Te.cc-pVQZ-RI.cfour
Te,52,recipes/Te/ccECP,Te.cc-pVTZ.AutoAuxC.orca,AutoAuxC.orca,library,ccECP,cc-pVTZ,cc-pVTZ,cc-pVTZ-RI-ccECP,-RI,-ccECP,Te:cc-pVTZ-RI-ccECP,36,36,h,s11 p9 d8 f3 g3 h2,yes,orbital name plus '-RI' plus declared suffix '-ccECP',by_element/Te/Te.cc-pVTZ-RI.cfour
Ti,22,recipes/Ti/ccECP,Ti.aug-cc-pCV5Z.AutoAuxC.orca,AutoAuxC.orca,library,ccECP,aug-cc-pCV5Z,aug-cc-pCV5Z,aug-cc-pCV5Z-RI-ccECP,-RI,-ccECP,Ti:aug-cc-pCV5Z-RI-ccECP,91,91,k,s17 p15 d14 f14 g13 h7 i6 k5,yes,orbital name plus '-RI' plus declared suffix '-ccECP',by_element/Ti/Ti.aug-cc-pCV5Z-RI.cfour
Ti,22,recipes/Ti/ccECP,Ti.aug-cc-pCVDZ.AutoAuxC.orca,AutoAuxC.orca,library,ccECP,aug-cc-pCVDZ,aug-cc-pCVDZ,aug-cc-pCVDZ-RI-ccECP,-RI,-ccECP,Ti:aug-cc-pCVDZ-RI-ccECP,80,80,h,s17 p15 d14 f14 g14 h6,yes,orbital name plus '-RI' plus declared suffix '-ccECP',by_element/Ti/Ti.aug-cc-pCVDZ-RI.cfour
Ti,22,recipes/Ti/ccECP,Ti.aug-cc-pCVQZ.AutoAuxC.orca,AutoAuxC.orca,library,ccECP,aug-cc-pCVQZ,aug-cc-pCVQZ,aug-cc-pCVQZ-RI-ccECP,-RI,-ccECP,Ti:aug-cc-pCVQZ-RI-ccECP,90,90,k,s17 p15 d14 f14 g13 h7 i5 k5,yes,orbital name plus '-RI' plus declared suffix '-ccECP',by_element/Ti/Ti.aug-cc-pCVQZ-RI.cfour
Ti,22,recipes/Ti/ccECP,Ti.aug-cc-pCVTZ.AutoAuxC.orca,AutoAuxC.orca,library,ccECP,aug-cc-pCVTZ,aug-cc-pCVTZ,aug-cc-pCVTZ-RI-ccECP,-RI,-ccECP,Ti:aug-cc-pCVTZ-RI-ccECP,86,86,i,s17 p15 d14 f14 g14 h7 i5,yes,orbital name plus '-RI' plus declared suffix '-ccECP',by_element/Ti/Ti.aug-cc-pCVTZ-RI.cfour
Ti,22,recipes/Ti/ccECP,Ti.aug-cc-pV5Z.AutoAuxC.orca,AutoAuxC.orca,library,ccECP,aug-cc-pV5Z,aug-cc-pV5Z,aug-cc-pV5Z-RI-ccECP,-RI,-ccECP,Ti:aug-cc-pV5Z-RI-ccECP,89,89,k,s17 p15 d14 f13 g13 h7 i5 k5,yes,orbital name plus '-RI' plus declared suffix '-ccECP',by_element/Ti/Ti.aug-cc-pV5Z-RI.cfour
Ti,22,recipes/Ti/ccECP,Ti.aug-cc-pVDZ.AutoAuxC.orca,AutoAuxC.orca,library,ccECP,aug-cc-pVDZ,aug-cc-pVDZ,aug-cc-pVDZ-RI-ccECP,-RI,-ccECP,Ti:aug-cc-pVDZ-RI-ccECP,62,62,h,s14 p12 d11 f11 g10 h4,yes,orbital name plus '-RI' plus declared suffix '-ccECP',by_element/Ti/Ti.aug-cc-pVDZ-RI.cfour
Ti,22,recipes/Ti/ccECP,Ti.aug-cc-pVQZ.AutoAuxC.orca,AutoAuxC.orca,library,ccECP,aug-cc-pVQZ,aug-cc-pVQZ,aug-cc-pVQZ-RI-ccECP,-RI,-ccECP,Ti:aug-cc-pVQZ-RI-ccECP,84,84,k,s16 p14 d13 f13 g12 h7 i5 k4,yes,orbital name plus '-RI' plus declared suffix '-ccECP',by_element/Ti/Ti.aug-cc-pVQZ-RI.cfour
Ti,22,recipes/Ti/ccECP,Ti.aug-cc-pVTZ.AutoAuxC.orca,AutoAuxC.orca,library,ccECP,aug-cc-pVTZ,aug-cc-pVTZ,aug-cc-pVTZ-RI-ccECP,-RI,-ccECP,Ti:aug-cc-pVTZ-RI-ccECP,73,73,i,s15 p13 d12 f12 g11 h6 i4,yes,orbital name plus '-RI' plus declared suffix '-ccECP',by_element/Ti/Ti.aug-cc-pVTZ-RI.cfour
Ti,22,recipes/Ti/ccECP,Ti.cc-pCV5Z.AutoAuxC.orca,AutoAuxC.orca,library,ccECP,cc-pCV5Z,cc-pCV5Z,cc-pCV5Z-RI-ccECP,-RI,-ccECP,Ti:cc-pCV5Z-RI-ccECP,82,82,k,s16 p14 d13 f12 g12 h6 i5 k4,yes,orbital name plus '-RI' plus declared suffix '-ccECP',by_element/Ti/Ti.cc-pCV5Z-RI.cfour
Ti,22,recipes/Ti/ccECP,Ti.cc-pCVDZ.AutoAuxC.orca,AutoAuxC.orca,library,ccECP,cc-pCVDZ,cc-pCVDZ,cc-pCVDZ-RI-ccECP,-RI,-ccECP,Ti:cc-pCVDZ-RI-ccECP,73,73,h,s16 p14 d13 f13 g12 h5,yes,orbital name plus '-RI' plus declared suffix '-ccECP',by_element/Ti/Ti.cc-pCVDZ-RI.cfour
Ti,22,recipes/Ti/ccECP,Ti.cc-pCVQZ.AutoAuxC.orca,AutoAuxC.orca,library,ccECP,cc-pCVQZ,cc-pCVQZ,cc-pCVQZ-RI-ccECP,-RI,-ccECP,Ti:cc-pCVQZ-RI-ccECP,81,81,k,s16 p14 d13 f12 g12 h6 i4 k4,yes,orbital name plus '-RI' plus declared suffix '-ccECP',by_element/Ti/Ti.cc-pCVQZ-RI.cfour
Ti,22,recipes/Ti/ccECP,Ti.cc-pCVTZ.AutoAuxC.orca,AutoAuxC.orca,library,ccECP,cc-pCVTZ,cc-pCVTZ,cc-pCVTZ-RI-ccECP,-RI,-ccECP,Ti:cc-pCVTZ-RI-ccECP,78,78,i,s16 p14 d13 f13 g13 h5 i4,yes,orbital name plus '-RI' plus declared suffix '-ccECP',by_element/Ti/Ti.cc-pCVTZ-RI.cfour
Ti,22,recipes/Ti/ccECP,Ti.cc-pV5Z.AutoAuxC.orca,AutoAuxC.orca,library,ccECP,cc-pV5Z,cc-pV5Z,cc-pV5Z-RI-ccECP,-RI,-ccECP,Ti:cc-pV5Z-RI-ccECP,78,78,k,s15 p13 d12 f12 g12 h6 i4 k4,yes,orbital name plus '-RI' plus declared suffix '-ccECP',by_element/Ti/Ti.cc-pV5Z-RI.cfour
Ti,22,recipes/Ti/ccECP,Ti.cc-pVDZ.AutoAuxC.orca,AutoAuxC.orca,library,ccECP,cc-pVDZ,cc-pVDZ,cc-pVDZ-RI-ccECP,-RI,-ccECP,Ti:cc-pVDZ-RI-ccECP,55,55,h,s13 p11 d10 f10 g9 h2,yes,orbital name plus '-RI' plus declared suffix '-ccECP',by_element/Ti/Ti.cc-pVDZ-RI.cfour
Ti,22,recipes/Ti/ccECP,Ti.cc-pVQZ.AutoAuxC.orca,AutoAuxC.orca,library,ccECP,cc-pVQZ,cc-pVQZ,cc-pVQZ-RI-ccECP,-RI,-ccECP,Ti:cc-pVQZ-RI-ccECP,74,74,k,s15 p13 d12 f11 g11 h5 i4 k3,yes,orbital name plus '-RI' plus declared suffix '-ccECP',by_element/Ti/Ti.cc-pVQZ-RI.cfour
Ti,22,recipes/Ti/ccECP,Ti.cc-pVTZ.AutoAuxC.orca,AutoAuxC.orca,library,ccECP,cc-pVTZ,cc-pVTZ,cc-pVTZ-RI-ccECP,-RI,-ccECP,Ti:cc-pVTZ-RI-ccECP,64,64,i,s14 p12 d11 f10 g10 h4 i3,yes,orbital name plus '-RI' plus declared suffix '-ccECP',by_element/Ti/Ti.cc-pVTZ-RI.cfour
V,23,recipes/V/ccECP,V.aug-cc-pCV5Z.AutoAuxC.orca,AutoAuxC.orca,library,ccECP,aug-cc-pCV5Z,aug-cc-pCV5Z,aug-cc-pCV5Z-RI-ccECP,-RI,-ccECP,V:aug-cc-pCV5Z-RI-ccECP,89,89,k,s17 p15 d14 f13 g13 h7 i5 k5,yes,orbital name plus '-RI' plus declared suffix '-ccECP',by_element/V/V.aug-cc-pCV5Z-RI.cfour
V,23,recipes/V/ccECP,V.aug-cc-pCVDZ.AutoAuxC.orca,AutoAuxC.orca,library,ccECP,aug-cc-pCVDZ,aug-cc-pCVDZ,aug-cc-pCVDZ-RI-ccECP,-RI,-ccECP,V:aug-cc-pCVDZ-RI-ccECP,73,73,h,s16 p14 d13 f13 g12 h5,yes,orbital name plus '-RI' plus declared suffix '-ccECP',by_element/V/V.aug-cc-pCVDZ-RI.cfour
V,23,recipes/V/ccECP,V.aug-cc-pCVQZ.AutoAuxC.orca,AutoAuxC.orca,library,ccECP,aug-cc-pCVQZ,aug-cc-pCVQZ,aug-cc-pCVQZ-RI-ccECP,-RI,-ccECP,V:aug-cc-pCVQZ-RI-ccECP,88,88,k,s17 p15 d14 f13 g13 h7 i5 k4,yes,orbital name plus '-RI' plus declared suffix '-ccECP',by_element/V/V.aug-cc-pCVQZ-RI.cfour
V,23,recipes/V/ccECP,V.aug-cc-pCVTZ.AutoAuxC.orca,AutoAuxC.orca,library,ccECP,aug-cc-pCVTZ,aug-cc-pCVTZ,aug-cc-pCVTZ-RI-ccECP,-RI,-ccECP,V:aug-cc-pCVTZ-RI-ccECP,82,82,i,s17 p15 d14 f13 g12 h6 i5,yes,orbital name plus '-RI' plus declared suffix '-ccECP',by_element/V/V.aug-cc-pCVTZ-RI.cfour
V,23,recipes/V/ccECP,V.aug-cc-pV5Z.AutoAuxC.orca,AutoAuxC.orca,library,ccECP,aug-cc-pV5Z,aug-cc-pV5Z,aug-cc-pV5Z-RI-ccECP,-RI,-ccECP,V:aug-cc-pV5Z-RI-ccECP,89,89,k,s17 p15 d14 f13 g13 h7 i5 k5,yes,orbital name plus '-RI' plus declared suffix '-ccECP',by_element/V/V.aug-cc-pV5Z-RI.cfour
V,23,recipes/V/ccECP,V.aug-cc-pVDZ.AutoAuxC.orca,AutoAuxC.orca,library,ccECP,aug-cc-pVDZ,aug-cc-pVDZ,aug-cc-pVDZ-RI-ccECP,-RI,-ccECP,V:aug-cc-pVDZ-RI-ccECP,62,62,h,s14 p12 d11 f11 g10 h4,yes,orbital name plus '-RI' plus declared suffix '-ccECP',by_element/V/V.aug-cc-pVDZ-RI.cfour
V,23,recipes/V/ccECP,V.aug-cc-pVQZ.AutoAuxC.orca,AutoAuxC.orca,library,ccECP,aug-cc-pVQZ,aug-cc-pVQZ,aug-cc-pVQZ-RI-ccECP,-RI,-ccECP,V:aug-cc-pVQZ-RI-ccECP,82,82,k,s16 p14 d13 f12 g12 h6 i5 k4,yes,orbital name plus '-RI' plus declared suffix '-ccECP',by_element/V/V.aug-cc-pVQZ-RI.cfour
V,23,recipes/V/ccECP,V.aug-cc-pVTZ.AutoAuxC.orca,AutoAuxC.orca,library,ccECP,aug-cc-pVTZ,aug-cc-pVTZ,aug-cc-pVTZ-RI-ccECP,-RI,-ccECP,V:aug-cc-pVTZ-RI-ccECP,75,75,i,s16 p14 d12 f12 g11 h6 i4,yes,orbital name plus '-RI' plus declared suffix '-ccECP',by_element/V/V.aug-cc-pVTZ-RI.cfour
V,23,recipes/V/ccECP,V.cc-pCV5Z.AutoAuxC.orca,AutoAuxC.orca,library,ccECP,cc-pCV5Z,cc-pCV5Z,cc-pCV5Z-RI-ccECP,-RI,-ccECP,V:cc-pCV5Z-RI-ccECP,79,79,k,s16 p14 d12 f12 g11 h6 i4 k4,yes,orbital name plus '-RI' plus declared suffix '-ccECP',by_element/V/V.cc-pCV5Z-RI.cfour
V,23,recipes/V/ccECP,V.cc-pCVDZ.AutoAuxC.orca,AutoAuxC.orca,library,ccECP,cc-pCVDZ,cc-pCVDZ,cc-pCVDZ-RI-ccECP,-RI,-ccECP,V:cc-pCVDZ-RI-ccECP,66,66,h,s15 p13 d12 f11 g11 h4,yes,orbital name plus '-RI' plus declared suffix '-ccECP',by_element/V/V.cc-pCVDZ-RI.cfour
V,23,recipes/V/ccECP,V.cc-pCVQZ.AutoAuxC.orca,AutoAuxC.orca,library,ccECP,cc-pCVQZ,cc-pCVQZ,cc-pCVQZ-RI-ccECP,-RI,-ccECP,V:cc-pCVQZ-RI-ccECP,79,79,k,s16 p14 d13 f12 g11 h6 i4 k3,yes,orbital name plus '-RI' plus declared suffix '-ccECP',by_element/V/V.cc-pCVQZ-RI.cfour
V,23,recipes/V/ccECP,V.cc-pCVTZ.AutoAuxC.orca,AutoAuxC.orca,library,ccECP,cc-pCVTZ,cc-pCVTZ,cc-pCVTZ-RI-ccECP,-RI,-ccECP,V:cc-pCVTZ-RI-ccECP,73,73,i,s16 p14 d12 f12 g11 h5 i3,yes,orbital name plus '-RI' plus declared suffix '-ccECP',by_element/V/V.cc-pCVTZ-RI.cfour
V,23,recipes/V/ccECP,V.cc-pV5Z.AutoAuxC.orca,AutoAuxC.orca,library,ccECP,cc-pV5Z,cc-pV5Z,cc-pV5Z-RI-ccECP,-RI,-ccECP,V:cc-pV5Z-RI-ccECP,79,79,k,s16 p14 d12 f12 g11 h6 i4 k4,yes,orbital name plus '-RI' plus declared suffix '-ccECP',by_element/V/V.cc-pV5Z-RI.cfour
V,23,recipes/V/ccECP,V.cc-pVDZ.AutoAuxC.orca,AutoAuxC.orca,library,ccECP,cc-pVDZ,cc-pVDZ,cc-pVDZ-RI-ccECP,-RI,-ccECP,V:cc-pVDZ-RI-ccECP,54,54,h,s13 p11 d10 f9 g9 h2,yes,orbital name plus '-RI' plus declared suffix '-ccECP',by_element/V/V.cc-pVDZ-RI.cfour
V,23,recipes/V/ccECP,V.cc-pVQZ.AutoAuxC.orca,AutoAuxC.orca,library,ccECP,cc-pVQZ,cc-pVQZ,cc-pVQZ-RI-ccECP,-RI,-ccECP,V:cc-pVQZ-RI-ccECP,74,74,k,s15 p13 d12 f11 g11 h5 i4 k3,yes,orbital name plus '-RI' plus declared suffix '-ccECP',by_element/V/V.cc-pVQZ-RI.cfour
V,23,recipes/V/ccECP,V.cc-pVTZ.AutoAuxC.orca,AutoAuxC.orca,library,ccECP,cc-pVTZ,cc-pVTZ,cc-pVTZ-RI-ccECP,-RI,-ccECP,V:cc-pVTZ-RI-ccECP,65,65,i,s14 p12 d11 f11 g10 h4 i3,yes,orbital name plus '-RI' plus declared suffix '-ccECP',by_element/V/V.cc-pVTZ-RI.cfour
W,74,recipes/W/ccECP,W.aug-cc-pCV5Z.AutoAuxC.orca,AutoAuxC.orca,library,ccECP,aug-cc-pCV5Z,aug-cc-pCV5Z,aug-cc-pCV5Z-RI-ccECP,-RI,-ccECP,W:aug-cc-pCV5Z-RI-ccECP,90,90,k,s16 p15 d14 f14 g14 h7 i5 k5,yes,orbital name plus '-RI' plus declared suffix '-ccECP',by_element/W/W.aug-cc-pCV5Z-RI.cfour
W,74,recipes/W/ccECP,W.aug-cc-pCVDZ.AutoAuxC.orca,AutoAuxC.orca,library,ccECP,aug-cc-pCVDZ,aug-cc-pCVDZ,aug-cc-pCVDZ-RI-ccECP,-RI,-ccECP,W:aug-cc-pCVDZ-RI-ccECP,71,71,h,s15 p14 d13 f12 g12 h5,yes,orbital name plus '-RI' plus declared suffix '-ccECP',by_element/W/W.aug-cc-pCVDZ-RI.cfour
W,74,recipes/W/ccECP,W.aug-cc-pCVQZ.AutoAuxC.orca,AutoAuxC.orca,library,ccECP,aug-cc-pCVQZ,aug-cc-pCVQZ,aug-cc-pCVQZ-RI-ccECP,-RI,-ccECP,W:aug-cc-pCVQZ-RI-ccECP,84,84,k,s16 p14 d13 f13 g13 h6 i5 k4,yes,orbital name plus '-RI' plus declared suffix '-ccECP',by_element/W/W.aug-cc-pCVQZ-RI.cfour
W,74,recipes/W/ccECP,W.aug-cc-pCVTZ.AutoAuxC.orca,AutoAuxC.orca,library,ccECP,aug-cc-pCVTZ,aug-cc-pCVTZ,aug-cc-pCVTZ-RI-ccECP,-RI,-ccECP,W:aug-cc-pCVTZ-RI-ccECP,79,79,i,s16 p14 d13 f13 g13 h6 i4,yes,orbital name plus '-RI' plus declared suffix '-ccECP',by_element/W/W.aug-cc-pCVTZ-RI.cfour
W,74,recipes/W/ccECP,W.aug-cc-pV5Z.AutoAuxC.orca,AutoAuxC.orca,library,ccECP,aug-cc-pV5Z,aug-cc-pV5Z,aug-cc-pV5Z-RI-ccECP,-RI,-ccECP,W:aug-cc-pV5Z-RI-ccECP,79,79,k,s15 p13 d12 f12 g12 h6 i5 k4,yes,orbital name plus '-RI' plus declared suffix '-ccECP',by_element/W/W.aug-cc-pV5Z-RI.cfour
W,74,recipes/W/ccECP,W.aug-cc-pVDZ.AutoAuxC.orca,AutoAuxC.orca,library,ccECP,aug-cc-pVDZ,aug-cc-pVDZ,aug-cc-pVDZ-RI-ccECP,-RI,-ccECP,W:aug-cc-pVDZ-RI-ccECP,61,61,h,s14 p12 d11 f11 g10 h3,yes,orbital name plus '-RI' plus declared suffix '-ccECP',by_element/W/W.aug-cc-pVDZ-RI.cfour
W,74,recipes/W/ccECP,W.aug-cc-pVQZ.AutoAuxC.orca,AutoAuxC.orca,library,ccECP,aug-cc-pVQZ,aug-cc-pVQZ,aug-cc-pVQZ-RI-ccECP,-RI,-ccECP,W:aug-cc-pVQZ-RI-ccECP,76,76,k,s14 p13 d12 f12 g11 h6 i4 k4,yes,orbital name plus '-RI' plus declared suffix '-ccECP',by_element/W/W.aug-cc-pVQZ-RI.cfour
W,74,recipes/W/ccECP,W.aug-cc-pVTZ.AutoAuxC.orca,AutoAuxC.orca,library,ccECP,aug-cc-pVTZ,aug-cc-pVTZ,aug-cc-pVTZ-RI-ccECP,-RI,-ccECP,W:aug-cc-pVTZ-RI-ccECP,68,68,i,s14 p12 d11 f11 g11 h5 i4,yes,orbital name plus '-RI' plus declared suffix '-ccECP',by_element/W/W.aug-cc-pVTZ-RI.cfour
W,74,recipes/W/ccECP,W.cc-pCV5Z.AutoAuxC.orca,AutoAuxC.orca,library,ccECP,cc-pCV5Z,cc-pCV5Z,cc-pCV5Z-RI-ccECP,-RI,-ccECP,W:cc-pCV5Z-RI-ccECP,80,80,k,s15 p14 d13 f12 g12 h6 i4 k4,yes,orbital name plus '-RI' plus declared suffix '-ccECP',by_element/W/W.cc-pCV5Z-RI.cfour
W,74,recipes/W/ccECP,W.cc-pCVDZ.AutoAuxC.orca,AutoAuxC.orca,library,ccECP,cc-pCVDZ,cc-pCVDZ,cc-pCVDZ-RI-ccECP,-RI,-ccECP,W:cc-pCVDZ-RI-ccECP,62,62,h,s14 p12 d11 f11 g11 h3,yes,orbital name plus '-RI' plus declared suffix '-ccECP',by_element/W/W.cc-pCVDZ-RI.cfour
W,74,recipes/W/ccECP,W.cc-pCVQZ.AutoAuxC.orca,AutoAuxC.orca,library,ccECP,cc-pCVQZ,cc-pCVQZ,cc-pCVQZ-RI-ccECP,-RI,-ccECP,W:cc-pCVQZ-RI-ccECP,74,74,k,s14 p13 d12 f12 g11 h5 i4 k3,yes,orbital name plus '-RI' plus declared suffix '-ccECP',by_element/W/W.cc-pCVQZ-RI.cfour
W,74,recipes/W/ccECP,W.cc-pCVTZ.AutoAuxC.orca,AutoAuxC.orca,library,ccECP,cc-pCVTZ,cc-pCVTZ,cc-pCVTZ-RI-ccECP,-RI,-ccECP,W:cc-pCVTZ-RI-ccECP,67,67,i,s14 p12 d11 f11 g11 h5 i3,yes,orbital name plus '-RI' plus declared suffix '-ccECP',by_element/W/W.cc-pCVTZ-RI.cfour
W,74,recipes/W/ccECP,W.cc-pV5Z.AutoAuxC.orca,AutoAuxC.orca,library,ccECP,cc-pV5Z,cc-pV5Z,cc-pV5Z-RI-ccECP,-RI,-ccECP,W:cc-pV5Z-RI-ccECP,69,69,k,s13 p12 d11 f11 g10 h5 i4 k3,yes,orbital name plus '-RI' plus declared suffix '-ccECP',by_element/W/W.cc-pV5Z-RI.cfour
W,74,recipes/W/ccECP,W.cc-pVDZ.AutoAuxC.orca,AutoAuxC.orca,library,ccECP,cc-pVDZ,cc-pVDZ,cc-pVDZ-RI-ccECP,-RI,-ccECP,W:cc-pVDZ-RI-ccECP,51,51,h,s12 p10 d9 f9 g9 h2,yes,orbital name plus '-RI' plus declared suffix '-ccECP',by_element/W/W.cc-pVDZ-RI.cfour
W,74,recipes/W/ccECP,W.cc-pVQZ.AutoAuxC.orca,AutoAuxC.orca,library,ccECP,cc-pVQZ,cc-pVQZ,cc-pVQZ-RI-ccECP,-RI,-ccECP,W:cc-pVQZ-RI-ccECP,64,64,k,s13 p11 d10 f10 g10 h4 i3 k3,yes,orbital name plus '-RI' plus declared suffix '-ccECP',by_element/W/W.cc-pVQZ-RI.cfour
W,74,recipes/W/ccECP,W.cc-pVTZ.AutoAuxC.orca,AutoAuxC.orca,library,ccECP,cc-pVTZ,cc-pVTZ,cc-pVTZ-RI-ccECP,-RI,-ccECP,W:cc-pVTZ-RI-ccECP,59,59,i,s12 p11 d10 f10 g9 h4 i3,yes,orbital name plus '-RI' plus declared suffix '-ccECP',by_element/W/W.cc-pVTZ-RI.cfour
Y,39,recipes/Y/ccECP,Y.aug-cc-pCV5Z.AutoAuxC.orca,AutoAuxC.orca,library,ccECP,aug-cc-pCV5Z,aug-cc-pCV5Z,aug-cc-pCV5Z-RI-ccECP,-RI,-ccECP,Y:aug-cc-pCV5Z-RI-ccECP,87,87,k,s16 p14 d13 f13 g13 h7 i6 k5,yes,orbital name plus '-RI' plus declared suffix '-ccECP',by_element/Y/Y.aug-cc-pCV5Z-RI.cfour
Y,39,recipes/Y/ccECP,Y.aug-cc-pCVDZ.AutoAuxC.orca,AutoAuxC.orca,library,ccECP,aug-cc-pCVDZ,aug-cc-pCVDZ,aug-cc-pCVDZ-RI-ccECP,-RI,-ccECP,Y:aug-cc-pCVDZ-RI-ccECP,67,67,h,s14 p13 d12 f11 g11 h6,yes,orbital name plus '-RI' plus declared suffix '-ccECP',by_element/Y/Y.aug-cc-pCVDZ-RI.cfour
Y,39,recipes/Y/ccECP,Y.aug-cc-pCVQZ.AutoAuxC.orca,AutoAuxC.orca,library,ccECP,aug-cc-pCVQZ,aug-cc-pCVQZ,aug-cc-pCVQZ-RI-ccECP,-RI,-ccECP,Y:aug-cc-pCVQZ-RI-ccECP,86,86,k,s16 p14 d13 f13 g13 h7 i5 k5,yes,orbital name plus '-RI' plus declared suffix '-ccECP',by_element/Y/Y.aug-cc-pCVQZ-RI.cfour
Y,39,recipes/Y/ccECP,Y.aug-cc-pCVTZ.AutoAuxC.orca,AutoAuxC.orca,library,ccECP,aug-cc-pCVTZ,aug-cc-pCVTZ,aug-cc-pCVTZ-RI-ccECP,-RI,-ccECP,Y:aug-cc-pCVTZ-RI-ccECP,75,75,i,s15 p13 d12 f12 g12 h6 i5,yes,orbital name plus '-RI' plus declared suffix '-ccECP',by_element/Y/Y.aug-cc-pCVTZ-RI.cfour
Y,39,recipes/Y/ccECP,Y.aug-cc-pV5Z.AutoAuxC.orca,AutoAuxC.orca,library,ccECP,aug-cc-pV5Z,aug-cc-pV5Z,aug-cc-pV5Z-RI-ccECP,-RI,-ccECP,Y:aug-cc-pV5Z-RI-ccECP,81,81,k,s15 p13 d12 f12 g12 h7 i5 k5,yes,orbital name plus '-RI' plus declared suffix '-ccECP',by_element/Y/Y.aug-cc-pV5Z-RI.cfour
Y,39,recipes/Y/ccECP,Y.aug-cc-pVDZ.AutoAuxC.orca,AutoAuxC.orca,library,ccECP,aug-cc-pVDZ,aug-cc-pVDZ,aug-cc-pVDZ-RI-ccECP,-RI,-ccECP,Y:aug-cc-pVDZ-RI-ccECP,57,57,h,s13 p11 d10 f10 g9 h4,yes,orbital name plus '-RI' plus declared suffix '-ccECP',by_element/Y/Y.aug-cc-pVDZ-RI.cfour
Y,39,recipes/Y/ccECP,Y.aug-cc-pVQZ.AutoAuxC.orca,AutoAuxC.orca,library,ccECP,aug-cc-pVQZ,aug-cc-pVQZ,aug-cc-pVQZ-RI-ccECP,-RI,-ccECP,Y:aug-cc-pVQZ-RI-ccECP,74,74,k,s14 p12 d11 f11 g11 h6 i5 k4,yes,orbital name plus '-RI' plus declared suffix '-ccECP',by_element/Y/Y.aug-cc-pVQZ-RI.cfour
Y,39,recipes/Y/ccECP,Y.aug-cc-pVTZ.AutoAuxC.orca,AutoAuxC.orca,library,ccECP,aug-cc-pVTZ,aug-cc-pVTZ,aug-cc-pVTZ-RI-ccECP,-RI,-ccECP,Y:aug-cc-pVTZ-RI-ccECP,63,63,i,s13 p11 d10 f10 g10 h5 i4,yes,orbital name plus '-RI' plus declared suffix '-ccECP',by_element/Y/Y.aug-cc-pVTZ-RI.cfour
Y,39,recipes/Y/ccECP,Y.cc-pCV5Z.AutoAuxC.orca,AutoAuxC.orca,library,ccECP,cc-pCV5Z,cc-pCV5Z,cc-pCV5Z-RI-ccECP,-RI,-ccECP,Y:cc-pCV5Z-RI-ccECP,75,75,k,s14 p12 d12 f11 g11 h6 i5 k4,yes,orbital name plus '-RI' plus declared suffix '-ccECP',by_element/Y/Y.cc-pCV5Z-RI.cfour
Y,39,recipes/Y/ccECP,Y.cc-pCVDZ.AutoAuxC.orca,AutoAuxC.orca,library,ccECP,cc-pCVDZ,cc-pCVDZ,cc-pCVDZ-RI-ccECP,-RI,-ccECP,Y:cc-pCVDZ-RI-ccECP,58,58,h,s13 p11 d10 f10 g10 h4,yes,orbital name plus '-RI' plus declared suffix '-ccECP',by_element/Y/Y.cc-pCVDZ-RI.cfour
Y,39,recipes/Y/ccECP,Y.cc-pCVQZ.AutoAuxC.orca,AutoAuxC.orca,library,ccECP,cc-pCVQZ,cc-pCVQZ,cc-pCVQZ-RI-ccECP,-RI,-ccECP,Y:cc-pCVQZ-RI-ccECP,75,75,k,s15 p13 d11 f11 g11 h6 i4 k4,yes,orbital name plus '-RI' plus declared suffix '-ccECP',by_element/Y/Y.cc-pCVQZ-RI.cfour
Y,39,recipes/Y/ccECP,Y.cc-pCVTZ.AutoAuxC.orca,AutoAuxC.orca,library,ccECP,cc-pCVTZ,cc-pCVTZ,cc-pCVTZ-RI-ccECP,-RI,-ccECP,Y:cc-pCVTZ-RI-ccECP,67,67,i,s14 p12 d11 f11 g10 h5 i4,yes,orbital name plus '-RI' plus declared suffix '-ccECP',by_element/Y/Y.cc-pCVTZ-RI.cfour
Y,39,recipes/Y/ccECP,Y.cc-pV5Z.AutoAuxC.orca,AutoAuxC.orca,library,ccECP,cc-pV5Z,cc-pV5Z,cc-pV5Z-RI-ccECP,-RI,-ccECP,Y:cc-pV5Z-RI-ccECP,72,72,k,s14 p12 d11 f11 g10 h6 i4 k4,yes,orbital name plus '-RI' plus declared suffix '-ccECP',by_element/Y/Y.cc-pV5Z-RI.cfour
Y,39,recipes/Y/ccECP,Y.cc-pVDZ.AutoAuxC.orca,AutoAuxC.orca,library,ccECP,cc-pVDZ,cc-pVDZ,cc-pVDZ-RI-ccECP,-RI,-ccECP,Y:cc-pVDZ-RI-ccECP,49,49,h,s12 p10 d9 f8 g8 h2,yes,orbital name plus '-RI' plus declared suffix '-ccECP',by_element/Y/Y.cc-pVDZ-RI.cfour
Y,39,recipes/Y/ccECP,Y.cc-pVQZ.AutoAuxC.orca,AutoAuxC.orca,library,ccECP,cc-pVQZ,cc-pVQZ,cc-pVQZ-RI-ccECP,-RI,-ccECP,Y:cc-pVQZ-RI-ccECP,65,65,k,s13 p11 d10 f10 g9 h5 i4 k3,yes,orbital name plus '-RI' plus declared suffix '-ccECP',by_element/Y/Y.cc-pVQZ-RI.cfour
Y,39,recipes/Y/ccECP,Y.cc-pVTZ.AutoAuxC.orca,AutoAuxC.orca,library,ccECP,cc-pVTZ,cc-pVTZ,cc-pVTZ-RI-ccECP,-RI,-ccECP,Y:cc-pVTZ-RI-ccECP,55,55,i,s12 p10 d9 f9 g8 h4 i3,yes,orbital name plus '-RI' plus declared suffix '-ccECP',by_element/Y/Y.cc-pVTZ-RI.cfour
Zn,30,recipes/Zn/ccECP,Zn.aug-cc-pCV5Z.AutoAuxC.orca,AutoAuxC.orca,library,ccECP,aug-cc-pCV5Z,aug-cc-pCV5Z,aug-cc-pCV5Z-RI-ccECP,-RI,-ccECP,Zn:aug-cc-pCV5Z-RI-ccECP,93,93,k,s18 p16 d15 f14 g13 h7 i5 k5,yes,orbital name plus '-RI' plus declared suffix '-ccECP',by_element/Zn/Zn.aug-cc-pCV5Z-RI.cfour
Zn,30,recipes/Zn/ccECP,Zn.aug-cc-pCVDZ.AutoAuxC.orca,AutoAuxC.orca,library,ccECP,aug-cc-pCVDZ,aug-cc-pCVDZ,aug-cc-pCVDZ-RI-ccECP,-RI,-ccECP,Zn:aug-cc-pCVDZ-RI-ccECP,76,76,h,s17 p15 d14 f13 g12 h5,yes,orbital name plus '-RI' plus declared suffix '-ccECP',by_element/Zn/Zn.aug-cc-pCVDZ-RI.cfour
Zn,30,recipes/Zn/ccECP,Zn.aug-cc-pCVQZ.AutoAuxC.orca,AutoAuxC.orca,library,ccECP,aug-cc-pCVQZ,aug-cc-pCVQZ,aug-cc-pCVQZ-RI-ccECP,-RI,-ccECP,Zn:aug-cc-pCVQZ-RI-ccECP,88,88,k,s18 p16 d14 f13 g12 h6 i5 k4,yes,orbital name plus '-RI' plus declared suffix '-ccECP',by_element/Zn/Zn.aug-cc-pCVQZ-RI.cfour
Zn,30,recipes/Zn/ccECP,Zn.aug-cc-pCVTZ.AutoAuxC.orca,AutoAuxC.orca,library,ccECP,aug-cc-pCVTZ,aug-cc-pCVTZ,aug-cc-pCVTZ-RI-ccECP,-RI,-ccECP,Zn:aug-cc-pCVTZ-RI-ccECP,85,85,i,s18 p16 d14 f13 g13 h6 i5,yes,orbital name plus '-RI' plus declared suffix '-ccECP',by_element/Zn/Zn.aug-cc-pCVTZ-RI.cfour
Zn,30,recipes/Zn/ccECP,Zn.aug-cc-pV5Z.AutoAuxC.orca,AutoAuxC.orca,library,ccECP,aug-cc-pV5Z,aug-cc-pV5Z,aug-cc-pV5Z-RI-ccECP,-RI,-ccECP,Zn:aug-cc-pV5Z-RI-ccECP,93,93,k,s18 p16 d15 f14 g13 h7 i5 k5,yes,orbital name plus '-RI' plus declared suffix '-ccECP',by_element/Zn/Zn.aug-cc-pV5Z-RI.cfour
Zn,30,recipes/Zn/ccECP,Zn.aug-cc-pVDZ.AutoAuxC.orca,AutoAuxC.orca,library,ccECP,aug-cc-pVDZ,aug-cc-pVDZ,aug-cc-pVDZ-RI-ccECP,-RI,-ccECP,Zn:aug-cc-pVDZ-RI-ccECP,66,66,h,s16 p13 d12 f11 g10 h4,yes,orbital name plus '-RI' plus declared suffix '-ccECP',by_element/Zn/Zn.aug-cc-pVDZ-RI.cfour
Zn,30,recipes/Zn/ccECP,Zn.aug-cc-pVQZ.AutoAuxC.orca,AutoAuxC.orca,library,ccECP,aug-cc-pVQZ,aug-cc-pVQZ,aug-cc-pVQZ-RI-ccECP,-RI,-ccECP,Zn:aug-cc-pVQZ-RI-ccECP,87,87,k,s18 p15 d14 f13 g12 h6 i5 k4,yes,orbital name plus '-RI' plus declared suffix '-ccECP',by_element/Zn/Zn.aug-cc-pVQZ-RI.cfour
Zn,30,recipes/Zn/ccECP,Zn.aug-cc-pVTZ.AutoAuxC.orca,AutoAuxC.orca,library,ccECP,aug-cc-pVTZ,aug-cc-pVTZ,aug-cc-pVTZ-RI-ccECP,-RI,-ccECP,Zn:aug-cc-pVTZ-RI-ccECP,77,77,i,s17 p15 d13 f12 g11 h5 i4,yes,orbital name plus '-RI' plus declared suffix '-ccECP',by_element/Zn/Zn.aug-cc-pVTZ-RI.cfour
Zn,30,recipes/Zn/ccECP,Zn.cc-pCV5Z.AutoAuxC.orca,AutoAuxC.orca,library,ccECP,cc-pCV5Z,cc-pCV5Z,cc-pCV5Z-RI-ccECP,-RI,-ccECP,Zn:cc-pCV5Z-RI-ccECP,82,82,k,s17 p15 d13 f12 g11 h6 i4 k4,yes,orbital name plus '-RI' plus declared suffix '-ccECP',by_element/Zn/Zn.cc-pCV5Z-RI.cfour
Zn,30,recipes/Zn/ccECP,Zn.cc-pCVDZ.AutoAuxC.orca,AutoAuxC.orca,library,ccECP,cc-pCVDZ,cc-pCVDZ,cc-pCVDZ-RI-ccECP,-RI,-ccECP,Zn:cc-pCVDZ-RI-ccECP,70,70,h,s16 p14 d13 f12 g11 h4,yes,orbital name plus '-RI' plus declared suffix '-ccECP',by_element/Zn/Zn.cc-pCVDZ-RI.cfour
Zn,30,recipes/Zn/ccECP,Zn.cc-pCVQZ.AutoAuxC.orca,AutoAuxC.orca,library,ccECP,cc-pCVQZ,cc-pCVQZ,cc-pCVQZ-RI-ccECP,-RI,-ccECP,Zn:cc-pCVQZ-RI-ccECP,79,79,k,s17 p14 d13 f12 g11 h5 i4 k3,yes,orbital name plus '-RI' plus declared suffix '-ccECP',by_element/Zn/Zn.cc-pCVQZ-RI.cfour
Zn,30,recipes/Zn/ccECP,Zn.cc-pCVTZ.AutoAuxC.orca,AutoAuxC.orca,library,ccECP,cc-pCVTZ,cc-pCVTZ,cc-pCVTZ-RI-ccECP,-RI,-ccECP,Zn:cc-pCVTZ-RI-ccECP,75,75,i,s17 p14 d13 f12 g11 h5 i3,yes,orbital name plus '-RI' plus declared suffix '-ccECP',by_element/Zn/Zn.cc-pCVTZ-RI.cfour
Zn,30,recipes/Zn/ccECP,Zn.cc-pV5Z.AutoAuxC.orca,AutoAuxC.orca,library,ccECP,cc-pV5Z,cc-pV5Z,cc-pV5Z-RI-ccECP,-RI,-ccECP,Zn:cc-pV5Z-RI-ccECP,82,82,k,s17 p15 d13 f12 g11 h6 i4 k4,yes,orbital name plus '-RI' plus declared suffix '-ccECP',by_element/Zn/Zn.cc-pV5Z-RI.cfour
Zn,30,recipes/Zn/ccECP,Zn.cc-pVDZ.AutoAuxC.orca,AutoAuxC.orca,library,ccECP,cc-pVDZ,cc-pVDZ,cc-pVDZ-RI-ccECP,-RI,-ccECP,Zn:cc-pVDZ-RI-ccECP,58,58,h,s14 p12 d11 f10 g9 h2,yes,orbital name plus '-RI' plus declared suffix '-ccECP',by_element/Zn/Zn.cc-pVDZ-RI.cfour
Zn,30,recipes/Zn/ccECP,Zn.cc-pVQZ.AutoAuxC.orca,AutoAuxC.orca,library,ccECP,cc-pVQZ,cc-pVQZ,cc-pVQZ-RI-ccECP,-RI,-ccECP,Zn:cc-pVQZ-RI-ccECP,78,78,k,s16 p14 d13 f12 g11 h5 i4 k3,yes,orbital name plus '-RI' plus declared suffix '-ccECP',by_element/Zn/Zn.cc-pVQZ-RI.cfour
Zn,30,recipes/Zn/ccECP,Zn.cc-pVTZ.AutoAuxC.orca,AutoAuxC.orca,library,ccECP,cc-pVTZ,cc-pVTZ,cc-pVTZ-RI-ccECP,-RI,-ccECP,Zn:cc-pVTZ-RI-ccECP,69,69,i,s16 p13 d12 f11 g10 h4 i3,yes,orbital name plus '-RI' plus declared suffix '-ccECP',by_element/Zn/Zn.cc-pVTZ-RI.cfour
Zr,40,recipes/Zr/ccECP,Zr.aug-cc-pCV5Z.AutoAuxC.orca,AutoAuxC.orca,library,ccECP,aug-cc-pCV5Z,aug-cc-pCV5Z,aug-cc-pCV5Z-RI-ccECP,-RI,-ccECP,Zr:aug-cc-pCV5Z-RI-ccECP,90,90,k,s16 p15 d14 f14 g13 h7 i6 k5,yes,orbital name plus '-RI' plus declared suffix '-ccECP',by_element/Zr/Zr.aug-cc-pCV5Z-RI.cfour
Zr,40,recipes/Zr/ccECP,Zr.aug-cc-pCVDZ.AutoAuxC.orca,AutoAuxC.orca,library,ccECP,aug-cc-pCVDZ,aug-cc-pCVDZ,aug-cc-pCVDZ-RI-ccECP,-RI,-ccECP,Zr:aug-cc-pCVDZ-RI-ccECP,68,68,h,s15 p13 d12 f12 g11 h5,yes,orbital name plus '-RI' plus declared suffix '-ccECP',by_element/Zr/Zr.aug-cc-pCVDZ-RI.cfour
Zr,40,recipes/Zr/ccECP,Zr.aug-cc-pCVQZ.AutoAuxC.orca,AutoAuxC.orca,library,ccECP,aug-cc-pCVQZ,aug-cc-pCVQZ,aug-cc-pCVQZ-RI-ccECP,-RI,-ccECP,Zr:aug-cc-pCVQZ-RI-ccECP,86,86,k,s16 p14 d13 f13 g13 h7 i5 k5,yes,orbital name plus '-RI' plus declared suffix '-ccECP',by_element/Zr/Zr.aug-cc-pCVQZ-RI.cfour
Zr,40,recipes/Zr/ccECP,Zr.aug-cc-pCVTZ.AutoAuxC.orca,AutoAuxC.orca,library,ccECP,aug-cc-pCVTZ,aug-cc-pCVTZ,aug-cc-pCVTZ-RI-ccECP,-RI,-ccECP,Zr:aug-cc-pCVTZ-RI-ccECP,77,77,i,s15 p14 d13 f12 g12 h6 i5,yes,orbital name plus '-RI' plus declared suffix '-ccECP',by_element/Zr/Zr.aug-cc-pCVTZ-RI.cfour
Zr,40,recipes/Zr/ccECP,Zr.aug-cc-pV5Z.AutoAuxC.orca,AutoAuxC.orca,library,ccECP,aug-cc-pV5Z,aug-cc-pV5Z,aug-cc-pV5Z-RI-ccECP,-RI,-ccECP,Zr:aug-cc-pV5Z-RI-ccECP,86,86,k,s16 p14 d13 f13 g13 h7 i5 k5,yes,orbital name plus '-RI' plus declared suffix '-ccECP',by_element/Zr/Zr.aug-cc-pV5Z-RI.cfour
Zr,40,recipes/Zr/ccECP,Zr.aug-cc-pVDZ.AutoAuxC.orca,AutoAuxC.orca,library,ccECP,aug-cc-pVDZ,aug-cc-pVDZ,aug-cc-pVDZ-RI-ccECP,-RI,-ccECP,Zr:aug-cc-pVDZ-RI-ccECP,60,60,h,s13 p12 d11 f10 g10 h4,yes,orbital name plus '-RI' plus declared suffix '-ccECP',by_element/Zr/Zr.aug-cc-pVDZ-RI.cfour
Zr,40,recipes/Zr/ccECP,Zr.aug-cc-pVQZ.AutoAuxC.orca,AutoAuxC.orca,library,ccECP,aug-cc-pVQZ,aug-cc-pVQZ,aug-cc-pVQZ-RI-ccECP,-RI,-ccECP,Zr:aug-cc-pVQZ-RI-ccECP,79,79,k,s15 p13 d12 f12 g12 h6 i5 k4,yes,orbital name plus '-RI' plus declared suffix '-ccECP',by_element/Zr/Zr.aug-cc-pVQZ-RI.cfour
Zr,40,recipes/Zr/ccECP,Zr.aug-cc-pVTZ.AutoAuxC.orca,AutoAuxC.orca,library,ccECP,aug-cc-pVTZ,aug-cc-pVTZ,aug-cc-pVTZ-RI-ccECP,-RI,-ccECP,Zr:aug-cc-pVTZ-RI-ccECP,68,68,i,s14 p12 d11 f11 g11 h5 i4,yes,orbital name plus '-RI' plus declared suffix '-ccECP',by_element/Zr/Zr.aug-cc-pVTZ-RI.cfour
Zr,40,recipes/Zr/ccECP,Zr.cc-pCV5Z.AutoAuxC.orca,AutoAuxC.orca,library,ccECP,cc-pCV5Z,cc-pCV5Z,cc-pCV5Z-RI-ccECP,-RI,-ccECP,Zr:cc-pCV5Z-RI-ccECP,79,79,k,s15 p13 d12 f12 g12 h6 i5 k4,yes,orbital name plus '-RI' plus declared suffix '-ccECP',by_element/Zr/Zr.cc-pCV5Z-RI.cfour
Zr,40,recipes/Zr/ccECP,Zr.cc-pCVDZ.AutoAuxC.orca,AutoAuxC.orca,library,ccECP,cc-pCVDZ,cc-pCVDZ,cc-pCVDZ-RI-ccECP,-RI,-ccECP,Zr:cc-pCVDZ-RI-ccECP,58,58,h,s13 p11 d10 f10 g10 h4,yes,orbital name plus '-RI' plus declared suffix '-ccECP',by_element/Zr/Zr.cc-pCVDZ-RI.cfour
Zr,40,recipes/Zr/ccECP,Zr.cc-pCVQZ.AutoAuxC.orca,AutoAuxC.orca,library,ccECP,cc-pCVQZ,cc-pCVQZ,cc-pCVQZ-RI-ccECP,-RI,-ccECP,Zr:cc-pCVQZ-RI-ccECP,72,72,k,s14 p12 d11 f11 g11 h5 i4 k4,yes,orbital name plus '-RI' plus declared suffix '-ccECP',by_element/Zr/Zr.cc-pCVQZ-RI.cfour
Zr,40,recipes/Zr/ccECP,Zr.cc-pCVTZ.AutoAuxC.orca,AutoAuxC.orca,library,ccECP,cc-pCVTZ,cc-pCVTZ,cc-pCVTZ-RI-ccECP,-RI,-ccECP,Zr:cc-pCVTZ-RI-ccECP,67,67,i,s14 p12 d11 f11 g11 h5 i3,yes,orbital name plus '-RI' plus declared suffix '-ccECP',by_element/Zr/Zr.cc-pCVTZ-RI.cfour
Zr,40,recipes/Zr/ccECP,Zr.cc-pV5Z.AutoAuxC.orca,AutoAuxC.orca,library,ccECP,cc-pV5Z,cc-pV5Z,cc-pV5Z-RI-ccECP,-RI,-ccECP,Zr:cc-pV5Z-RI-ccECP,73,73,k,s14 p12 d11 f11 g11 h6 i4 k4,yes,orbital name plus '-RI' plus declared suffix '-ccECP',by_element/Zr/Zr.cc-pV5Z-RI.cfour
Zr,40,recipes/Zr/ccECP,Zr.cc-pVDZ.AutoAuxC.orca,AutoAuxC.orca,library,ccECP,cc-pVDZ,cc-pVDZ,cc-pVDZ-RI-ccECP,-RI,-ccECP,Zr:cc-pVDZ-RI-ccECP,50,50,h,s12 p10 d9 f9 g8 h2,yes,orbital name plus '-RI' plus declared suffix '-ccECP',by_element/Zr/Zr.cc-pVDZ-RI.cfour
Zr,40,recipes/Zr/ccECP,Zr.cc-pVQZ.AutoAuxC.orca,AutoAuxC.orca,library,ccECP,cc-pVQZ,cc-pVQZ,cc-pVQZ-RI-ccECP,-RI,-ccECP,Zr:cc-pVQZ-RI-ccECP,66,66,k,s13 p11 d10 f10 g10 h5 i4 k3,yes,orbital name plus '-RI' plus declared suffix '-ccECP',by_element/Zr/Zr.cc-pVQZ-RI.cfour
Zr,40,recipes/Zr/ccECP,Zr.cc-pVTZ.AutoAuxC.orca,AutoAuxC.orca,library,ccECP,cc-pVTZ,cc-pVTZ,cc-pVTZ-RI-ccECP,-RI,-ccECP,Zr:cc-pVTZ-RI-ccECP,56,56,i,s12 p10 d9 f9 g9 h4 i3,yes,orbital name plus '-RI' plus declared suffix '-ccECP',by_element/Zr/Zr.cc-pVTZ-RI.cfour
