
Ca:aug-cc-pCV5Z-ccECP
ccECP aug-cc-pCV5Z for Ca | source recipes/Ca/ccECP/Ca.aug-cc-pCV5Z.gamess | ccECP from Guangming Wang et al. Journal of Chemical Physics 151, 144110 (2019) https://doi.org/10.1063/1.5121006

  6
    0    1    2    3    4    5
   13   13   10    7    5    3
   24   23   20    7    5    3

   38.909972   20.573489   10.878148    7.012966    5.751777
    4.484960    3.041228    2.868240    1.834308    1.608037
    1.173084    0.850243    0.449563    0.327434    0.237704
    0.142435    0.125685    0.079140    0.066456    0.037693
    0.035138    0.018579    0.018160    0.006500

    0.00094450   -0.00018310    0.00000000    0.00000000    0.00000000
    0.00000000    0.00000000    0.00000000    0.00000000    0.00000000
    0.00000000    0.00000000    0.00000000
   -0.01770900    0.00425520    0.00000000    0.00000000    0.00000000
    0.00000000    0.00000000    0.00000000    0.00000000    0.00000000
    0.00000000    0.00000000    0.00000000
    0.14349340   -0.03727720    0.00000000    0.00000000    0.00000000
    0.00000000    0.00000000    0.00000000    0.00000000    0.00000000
    0.00000000    0.00000000    0.00000000
    0.00000000    0.00000000    1.00000000    0.00000000    0.00000000
    0.00000000    0.00000000    0.00000000    0.00000000    0.00000000
    0.00000000    0.00000000    0.00000000
   -0.28035140    0.07704740    0.00000000    0.00000000    0.00000000
    0.00000000    0.00000000    0.00000000    0.00000000    0.00000000
    0.00000000    0.00000000    0.00000000
    0.00000000    0.00000000    0.00000000    1.00000000    0.00000000
    0.00000000    0.00000000    0.00000000    0.00000000    0.00000000
    0.00000000    0.00000000    0.00000000
   -0.28847700    0.07822310    0.00000000    0.00000000    0.00000000
    0.00000000    0.00000000    0.00000000    0.00000000    0.00000000
    0.00000000    0.00000000    0.00000000
    0.00000000    0.00000000    0.00000000    0.00000000    1.00000000
    0.00000000    0.00000000    0.00000000    0.00000000    0.00000000
    0.00000000    0.00000000    0.00000000
    0.00000000    0.00000000    0.00000000    0.00000000    0.00000000
    1.00000000    0.00000000    0.00000000    0.00000000    0.00000000
    0.00000000    0.00000000    0.00000000
    0.17248640   -0.05175260    0.00000000    0.00000000    0.00000000
    0.00000000    0.00000000    0.00000000    0.00000000    0.00000000
    0.00000000    0.00000000    0.00000000
    0.00000000    0.00000000    0.00000000    0.00000000    0.00000000
    0.00000000    1.00000000    0.00000000    0.00000000    0.00000000
    0.00000000    0.00000000    0.00000000
    0.55290080   -0.17462310    0.00000000    0.00000000    0.00000000
    0.00000000    0.00000000    0.00000000    0.00000000    0.00000000
    0.00000000    0.00000000    0.00000000
    0.46769880   -0.25326320    0.00000000    0.00000000    0.00000000
    0.00000000    0.00000000    0.00000000    0.00000000    0.00000000
    0.00000000    0.00000000    0.00000000
    0.00000000    0.00000000    0.00000000    0.00000000    0.00000000
    0.00000000    0.00000000    1.00000000    0.00000000    0.00000000
    0.00000000    0.00000000    0.00000000
    0.09929150   -0.16061050    0.00000000    0.00000000    0.00000000
    0.00000000    0.00000000    0.00000000    0.00000000    0.00000000
    0.00000000    0.00000000    0.00000000
    0.00000000    0.00000000    0.00000000    0.00000000    0.00000000
    0.00000000    0.00000000    0.00000000    1.00000000    0.00000000
    0.00000000    0.00000000    0.00000000
    0.00665130    0.12654760    0.00000000    0.00000000    0.00000000
    0.00000000    0.00000000    0.00000000    0.00000000    0.00000000
    0.00000000    0.00000000    0.00000000
    0.00000000    0.00000000    0.00000000    0.00000000    0.00000000
    0.00000000    0.00000000    0.00000000    0.00000000    1.00000000
    0.00000000    0.00000000    0.00000000
   -0.00192570    0.46487670    0.00000000    0.00000000    0.00000000
    0.00000000    0.00000000    0.00000000    0.00000000    0.00000000
    0.00000000    0.00000000    0.00000000
    0.00000000    0.00000000    0.00000000    0.00000000    0.00000000
    0.00000000    0.00000000    0.00000000    0.00000000    0.00000000
    1.00000000    0.00000000    0.00000000
    0.00096120    0.47840060    0.00000000    0.00000000    0.00000000
    0.00000000    0.00000000    0.00000000    0.00000000    0.00000000
    0.00000000    0.00000000    0.00000000
   -0.00024390    0.15642960    0.00000000    0.00000000    0.00000000
    0.00000000    0.00000000    0.00000000    0.00000000    0.00000000
    0.00000000    0.00000000    0.00000000
    0.00000000    0.00000000    0.00000000    0.00000000    0.00000000
    0.00000000    0.00000000    0.00000000    0.00000000    0.00000000
    0.00000000    1.00000000    0.00000000
    0.00000000    0.00000000    0.00000000    0.00000000    0.00000000
    0.00000000    0.00000000    0.00000000    0.00000000    0.00000000
    0.00000000    0.00000000    1.00000000

   31.519451   15.831494    7.951795    7.065700    4.206360
    3.994003    2.504134    2.006096    1.490764    1.007616
    0.887483    0.506102    0.467685    0.254203    0.233432
    0.127681    0.093217    0.064131    0.041977    0.032211
    0.018692    0.016179    0.004800

   -0.00013110    0.00002060    0.00000000    0.00000000    0.00000000
    0.00000000    0.00000000    0.00000000    0.00000000    0.00000000
    0.00000000    0.00000000    0.00000000
    0.00581110   -0.00124550    0.00000000    0.00000000    0.00000000
    0.00000000    0.00000000    0.00000000    0.00000000    0.00000000
    0.00000000    0.00000000    0.00000000
   -0.04461000    0.01011140    0.00000000    0.00000000    0.00000000
    0.00000000    0.00000000    0.00000000    0.00000000    0.00000000
    0.00000000    0.00000000    0.00000000
    0.00000000    0.00000000    1.00000000    0.00000000    0.00000000
    0.00000000    0.00000000    0.00000000    0.00000000    0.00000000
    0.00000000    0.00000000    0.00000000
    0.00000000    0.00000000    0.00000000    1.00000000    0.00000000
    0.00000000    0.00000000    0.00000000    0.00000000    0.00000000
    0.00000000    0.00000000    0.00000000
   -0.04239180    0.00894270    0.00000000    0.00000000    0.00000000
    0.00000000    0.00000000    0.00000000    0.00000000    0.00000000
    0.00000000    0.00000000    0.00000000
    0.00000000    0.00000000    0.00000000    0.00000000    1.00000000
    0.00000000    0.00000000    0.00000000    0.00000000    0.00000000
    0.00000000    0.00000000    0.00000000
    0.18028850   -0.04458680    0.00000000    0.00000000    0.00000000
    0.00000000    0.00000000    0.00000000    0.00000000    0.00000000
    0.00000000    0.00000000    0.00000000
    0.00000000    0.00000000    0.00000000    0.00000000    0.00000000
    1.00000000    0.00000000    0.00000000    0.00000000    0.00000000
    0.00000000    0.00000000    0.00000000
    0.40747440   -0.09627520    0.00000000    0.00000000    0.00000000
    0.00000000    0.00000000    0.00000000    0.00000000    0.00000000
    0.00000000    0.00000000    0.00000000
    0.00000000    0.00000000    0.00000000    0.00000000    0.00000000
    0.00000000    1.00000000    0.00000000    0.00000000    0.00000000
    0.00000000    0.00000000    0.00000000
    0.38646720   -0.11300730    0.00000000    0.00000000    0.00000000
    0.00000000    0.00000000    0.00000000    0.00000000    0.00000000
    0.00000000    0.00000000    0.00000000
    0.00000000    0.00000000    0.00000000    0.00000000    0.00000000
    0.00000000    0.00000000    1.00000000    0.00000000    0.00000000
    0.00000000    0.00000000    0.00000000
    0.15452190   -0.06533320    0.00000000    0.00000000    0.00000000
    0.00000000    0.00000000    0.00000000    0.00000000    0.00000000
    0.00000000    0.00000000    0.00000000
    0.00000000    0.00000000    0.00000000    0.00000000    0.00000000
    0.00000000    0.00000000    0.00000000    1.00000000    0.00000000
    0.00000000    0.00000000    0.00000000
    0.01706770    0.14680910    0.00000000    0.00000000    0.00000000
    0.00000000    0.00000000    0.00000000    0.00000000    0.00000000
    0.00000000    0.00000000    0.00000000
    0.00000000    0.00000000    0.00000000    0.00000000    0.00000000
    0.00000000    0.00000000    0.00000000    0.00000000    1.00000000
    0.00000000    0.00000000    0.00000000
    0.00315970    0.44119800    0.00000000    0.00000000    0.00000000
    0.00000000    0.00000000    0.00000000    0.00000000    0.00000000
    0.00000000    0.00000000    0.00000000
    0.00000000    0.00000000    0.00000000    0.00000000    0.00000000
    0.00000000    0.00000000    0.00000000    0.00000000    0.00000000
    1.00000000    0.00000000    0.00000000
   -0.00022470    0.42763180    0.00000000    0.00000000    0.00000000
    0.00000000    0.00000000    0.00000000    0.00000000    0.00000000
    0.00000000    0.00000000    0.00000000
    0.00000000    0.00000000    0.00000000    0.00000000    0.00000000
    0.00000000    0.00000000    0.00000000    0.00000000    0.00000000
    0.00000000    1.00000000    0.00000000
    0.00016830    0.12519670    0.00000000    0.00000000    0.00000000
    0.00000000    0.00000000    0.00000000    0.00000000    0.00000000
    0.00000000    0.00000000    0.00000000
    0.00000000    0.00000000    0.00000000    0.00000000    0.00000000
    0.00000000    0.00000000    0.00000000    0.00000000    0.00000000
    0.00000000    0.00000000    1.00000000

   28.997930   13.712713    6.484549    3.644940    3.066452
    2.350849    1.516209    1.450082    0.977898    0.685723
    0.502634    0.324269    0.189583    0.153342    0.072513
    0.070604    0.034291    0.025792    0.016216    0.004100

    0.00227830    0.00000000    0.00000000    0.00000000    0.00000000
    0.00000000    0.00000000    0.00000000    0.00000000    0.00000000
    0.01197270    0.00000000    0.00000000    0.00000000    0.00000000
    0.00000000    0.00000000    0.00000000    0.00000000    0.00000000
    0.02273230    0.00000000    0.00000000    0.00000000    0.00000000
    0.00000000    0.00000000    0.00000000    0.00000000    0.00000000
    0.00000000    1.00000000    0.00000000    0.00000000    0.00000000
    0.00000000    0.00000000    0.00000000    0.00000000    0.00000000
    0.06997740    0.00000000    0.00000000    0.00000000    0.00000000
    0.00000000    0.00000000    0.00000000    0.00000000    0.00000000
    0.00000000    0.00000000    1.00000000    0.00000000    0.00000000
    0.00000000    0.00000000    0.00000000    0.00000000    0.00000000
    0.00000000    0.00000000    0.00000000    1.00000000    0.00000000
    0.00000000    0.00000000    0.00000000    0.00000000    0.00000000
    0.12588700    0.00000000    0.00000000    0.00000000    0.00000000
    0.00000000    0.00000000    0.00000000    0.00000000    0.00000000
    0.00000000    0.00000000    0.00000000    0.00000000    1.00000000
    0.00000000    0.00000000    0.00000000    0.00000000    0.00000000
    0.17597110    0.00000000    0.00000000    0.00000000    0.00000000
    0.00000000    0.00000000    0.00000000    0.00000000    0.00000000
    0.00000000    0.00000000    0.00000000    0.00000000    0.00000000
    1.00000000    0.00000000    0.00000000    0.00000000    0.00000000
    0.20962750    0.00000000    0.00000000    0.00000000    0.00000000
    0.00000000    0.00000000    0.00000000    0.00000000    0.00000000
    0.00000000    0.00000000    0.00000000    0.00000000    0.00000000
    0.00000000    1.00000000    0.00000000    0.00000000    0.00000000
    0.25661550    0.00000000    0.00000000    0.00000000    0.00000000
    0.00000000    0.00000000    0.00000000    0.00000000    0.00000000
    0.28874140    0.00000000    0.00000000    0.00000000    0.00000000
    0.00000000    0.00000000    0.00000000    0.00000000    0.00000000
    0.00000000    0.00000000    0.00000000    0.00000000    0.00000000
    0.00000000    0.00000000    1.00000000    0.00000000    0.00000000
    0.22477940    0.00000000    0.00000000    0.00000000    0.00000000
    0.00000000    0.00000000    0.00000000    0.00000000    0.00000000
    0.00000000    0.00000000    0.00000000    0.00000000    0.00000000
    0.00000000    0.00000000    0.00000000    1.00000000    0.00000000
    0.08294810    0.00000000    0.00000000    0.00000000    0.00000000
    0.00000000    0.00000000    0.00000000    0.00000000    0.00000000
    0.00000000    0.00000000    0.00000000    0.00000000    0.00000000
    0.00000000    0.00000000    0.00000000    0.00000000    1.00000000

    3.578437    2.436365    1.658789    0.736000    0.247100
    0.083000    0.027700

    1.00000000    0.00000000    0.00000000    0.00000000    0.00000000
    0.00000000    0.00000000
    0.00000000    1.00000000    0.00000000    0.00000000    0.00000000
    0.00000000    0.00000000
    0.00000000    0.00000000    1.00000000    0.00000000    0.00000000
    0.00000000    0.00000000
    0.00000000    0.00000000    0.00000000    1.00000000    0.00000000
    0.00000000    0.00000000
    0.00000000    0.00000000    0.00000000    0.00000000    1.00000000
    0.00000000    0.00000000
    0.00000000    0.00000000    0.00000000    0.00000000    0.00000000
    1.00000000    0.00000000
    0.00000000    0.00000000    0.00000000    0.00000000    0.00000000
    0.00000000    1.00000000

    2.548467    1.178412    0.290200    0.096300    0.032200

    1.00000000    0.00000000    0.00000000    0.00000000    0.00000000
    0.00000000    1.00000000    0.00000000    0.00000000    0.00000000
    0.00000000    0.00000000    1.00000000    0.00000000    0.00000000
    0.00000000    0.00000000    0.00000000    1.00000000    0.00000000
    0.00000000    0.00000000    0.00000000    0.00000000    1.00000000

    2.041245    0.278500    0.057600

    1.00000000    0.00000000    0.00000000
    0.00000000    1.00000000    0.00000000
    0.00000000    0.00000000    1.00000000

Ca:aug-cc-pCV6Z-ccECP
ccECP aug-cc-pCV6Z for Ca | source recipes/Ca/ccECP/Ca.aug-cc-pCV6Z.gamess | ccECP from Guangming Wang et al. Journal of Chemical Physics 151, 144110 (2019) https://doi.org/10.1063/1.5121006

  7
    0    1    2    3    4    5    6
   15   15   12    9    7    5    3
   26   25   22    9    7    5    3

   38.909972   20.573489   10.878148    8.455681    5.751777
    5.671684    3.804306    3.041228    2.551754    1.711600
    1.608037    1.148063    0.850243    0.449563    0.355000
    0.287300    0.237704    0.219600    0.151900    0.125685
    0.084200    0.066456    0.035138    0.018579    0.016500
    0.005906

    0.00094450   -0.00018310    0.00000000    0.00000000    0.00000000
    0.00000000    0.00000000    0.00000000    0.00000000    0.00000000
    0.00000000    0.00000000    0.00000000    0.00000000    0.00000000
   -0.01770900    0.00425520    0.00000000    0.00000000    0.00000000
    0.00000000    0.00000000    0.00000000    0.00000000    0.00000000
    0.00000000    0.00000000    0.00000000    0.00000000    0.00000000
    0.14349340   -0.03727720    0.00000000    0.00000000    0.00000000
    0.00000000    0.00000000    0.00000000    0.00000000    0.00000000
    0.00000000    0.00000000    0.00000000    0.00000000    0.00000000
    0.00000000    0.00000000    1.00000000    0.00000000    0.00000000
    0.00000000    0.00000000    0.00000000    0.00000000    0.00000000
    0.00000000    0.00000000    0.00000000    0.00000000    0.00000000
   -0.28035140    0.07704740    0.00000000    0.00000000    0.00000000
    0.00000000    0.00000000    0.00000000    0.00000000    0.00000000
    0.00000000    0.00000000    0.00000000    0.00000000    0.00000000
    0.00000000    0.00000000    0.00000000    1.00000000    0.00000000
    0.00000000    0.00000000    0.00000000    0.00000000    0.00000000
    0.00000000    0.00000000    0.00000000    0.00000000    0.00000000
    0.00000000    0.00000000    0.00000000    0.00000000    1.00000000
    0.00000000    0.00000000    0.00000000    0.00000000    0.00000000
    0.00000000    0.00000000    0.00000000    0.00000000    0.00000000
   -0.28847700    0.07822310    0.00000000    0.00000000    0.00000000
    0.00000000    0.00000000    0.00000000    0.00000000    0.00000000
    0.00000000    0.00000000    0.00000000    0.00000000    0.00000000
    0.00000000    0.00000000    0.00000000    0.00000000    0.00000000
    1.00000000    0.00000000    0.00000000    0.00000000    0.00000000
    0.00000000    0.00000000    0.00000000    0.00000000    0.00000000
    0.00000000    0.00000000    0.00000000    0.00000000    0.00000000
    0.00000000    1.00000000    0.00000000    0.00000000    0.00000000
    0.00000000    0.00000000    0.00000000    0.00000000    0.00000000
    0.17248640   -0.05175260    0.00000000    0.00000000    0.00000000
    0.00000000    0.00000000    0.00000000    0.00000000    0.00000000
    0.00000000    0.00000000    0.00000000    0.00000000    0.00000000
    0.00000000    0.00000000    0.00000000    0.00000000    0.00000000
    0.00000000    0.00000000    1.00000000    0.00000000    0.00000000
    0.00000000    0.00000000    0.00000000    0.00000000    0.00000000
    0.55290080   -0.17462310    0.00000000    0.00000000    0.00000000
    0.00000000    0.00000000    0.00000000    0.00000000    0.00000000
    0.00000000    0.00000000    0.00000000    0.00000000    0.00000000
    0.46769880   -0.25326320    0.00000000    0.00000000    0.00000000
    0.00000000    0.00000000    0.00000000    0.00000000    0.00000000
    0.00000000    0.00000000    0.00000000    0.00000000    0.00000000
    0.00000000    0.00000000    0.00000000    0.00000000    0.00000000
    0.00000000    0.00000000    0.00000000    1.00000000    0.00000000
    0.00000000    0.00000000    0.00000000    0.00000000    0.00000000
    0.00000000    0.00000000    0.00000000    0.00000000    0.00000000
    0.00000000    0.00000000    0.00000000    0.00000000    1.00000000
    0.00000000    0.00000000    0.00000000    0.00000000    0.00000000
    0.09929150   -0.16061050    0.00000000    0.00000000    0.00000000
    0.00000000    0.00000000    0.00000000    0.00000000    0.00000000
    0.00000000    0.00000000    0.00000000    0.00000000    0.00000000
    0.00000000    0.00000000    0.00000000    0.00000000    0.00000000
    0.00000000    0.00000000    0.00000000    0.00000000    0.00000000
    1.00000000    0.00000000    0.00000000    0.00000000    0.00000000
    0.00000000    0.00000000    0.00000000    0.00000000    0.00000000
    0.00000000    0.00000000    0.00000000    0.00000000    0.00000000
    0.00000000    1.00000000    0.00000000    0.00000000    0.00000000
    0.00665130    0.12654760    0.00000000    0.00000000    0.00000000
    0.00000000    0.00000000    0.00000000    0.00000000    0.00000000
    0.00000000    0.00000000    0.00000000    0.00000000    0.00000000
    0.00000000    0.00000000    0.00000000    0.00000000    0.00000000
    0.00000000    0.00000000    0.00000000    0.00000000    0.00000000
    0.00000000    0.00000000    1.00000000    0.00000000    0.00000000
   -0.00192570    0.46487670    0.00000000    0.00000000    0.00000000
    0.00000000    0.00000000    0.00000000    0.00000000    0.00000000
    0.00000000    0.00000000    0.00000000    0.00000000    0.00000000
    0.00096120    0.47840060    0.00000000    0.00000000    0.00000000
    0.00000000    0.00000000    0.00000000    0.00000000    0.00000000
    0.00000000    0.00000000    0.00000000    0.00000000    0.00000000
   -0.00024390    0.15642960    0.00000000    0.00000000    0.00000000
    0.00000000    0.00000000    0.00000000    0.00000000    0.00000000
    0.00000000    0.00000000    0.00000000    0.00000000    0.00000000
    0.00000000    0.00000000    0.00000000    0.00000000    0.00000000
    0.00000000    0.00000000    0.00000000    0.00000000    0.00000000
    0.00000000    0.00000000    0.00000000    1.00000000    0.00000000
    0.00000000    0.00000000    0.00000000    0.00000000    0.00000000
    0.00000000    0.00000000    0.00000000    0.00000000    0.00000000
    0.00000000    0.00000000    0.00000000    0.00000000    1.00000000

   31.519451   15.831494   15.591034    8.853436    7.951795
    5.027462    3.994003    2.854866    2.006096    1.621148
    1.007616    0.920576    0.707100    0.569200    0.506102
    0.431400    0.293600    0.254203    0.155800    0.127681
    0.064131    0.032211    0.018000    0.016179    0.004622

   -0.00013110    0.00002060    0.00000000    0.00000000    0.00000000
    0.00000000    0.00000000    0.00000000    0.00000000    0.00000000
    0.00000000    0.00000000    0.00000000    0.00000000    0.00000000
    0.00581110   -0.00124550    0.00000000    0.00000000    0.00000000
    0.00000000    0.00000000    0.00000000    0.00000000    0.00000000
    0.00000000    0.00000000    0.00000000    0.00000000    0.00000000
    0.00000000    0.00000000    1.00000000    0.00000000    0.00000000
    0.00000000    0.00000000    0.00000000    0.00000000    0.00000000
    0.00000000    0.00000000    0.00000000    0.00000000    0.00000000
    0.00000000    0.00000000    0.00000000    1.00000000    0.00000000
    0.00000000    0.00000000    0.00000000    0.00000000    0.00000000
    0.00000000    0.00000000    0.00000000    0.00000000    0.00000000
   -0.04461000    0.01011140    0.00000000    0.00000000    0.00000000
    0.00000000    0.00000000    0.00000000    0.00000000    0.00000000
    0.00000000    0.00000000    0.00000000    0.00000000    0.00000000
    0.00000000    0.00000000    0.00000000    0.00000000    1.00000000
    0.00000000    0.00000000    0.00000000    0.00000000    0.00000000
    0.00000000    0.00000000    0.00000000    0.00000000    0.00000000
   -0.04239180    0.00894270    0.00000000    0.00000000    0.00000000
    0.00000000    0.00000000    0.00000000    0.00000000    0.00000000
    0.00000000    0.00000000    0.00000000    0.00000000    0.00000000
    0.00000000    0.00000000    0.00000000    0.00000000    0.00000000
    1.00000000    0.00000000    0.00000000    0.00000000    0.00000000
    0.00000000    0.00000000    0.00000000    0.00000000    0.00000000
    0.18028850   -0.04458680    0.00000000    0.00000000    0.00000000
    0.00000000    0.00000000    0.00000000    0.00000000    0.00000000
    0.00000000    0.00000000    0.00000000    0.00000000    0.00000000
    0.00000000    0.00000000    0.00000000    0.00000000    0.00000000
    0.00000000    1.00000000    0.00000000    0.00000000    0.00000000
    0.00000000    0.00000000    0.00000000    0.00000000    0.00000000
    0.40747440   -0.09627520    0.00000000    0.00000000    0.00000000
    0.00000000    0.00000000    0.00000000    0.00000000    0.00000000
    0.00000000    0.00000000    0.00000000    0.00000000    0.00000000
    0.00000000    0.00000000    0.00000000    0.00000000    0.00000000
    0.00000000    0.00000000    1.00000000    0.00000000    0.00000000
    0.00000000    0.00000000    0.00000000    0.00000000    0.00000000
    0.00000000    0.00000000    0.00000000    0.00000000    0.00000000
    0.00000000    0.00000000    0.00000000    1.00000000    0.00000000
    0.00000000    0.00000000    0.00000000    0.00000000    0.00000000
    0.00000000    0.00000000    0.00000000    0.00000000    0.00000000
    0.00000000    0.00000000    0.00000000    0.00000000    1.00000000
    0.00000000    0.00000000    0.00000000    0.00000000    0.00000000
    0.38646720   -0.11300730    0.00000000    0.00000000    0.00000000
    0.00000000    0.00000000    0.00000000    0.00000000    0.00000000
    0.00000000    0.00000000    0.00000000    0.00000000    0.00000000
    0.00000000    0.00000000    0.00000000    0.00000000    0.00000000
    0.00000000    0.00000000    0.00000000    0.00000000    0.00000000
    1.00000000    0.00000000    0.00000000    0.00000000    0.00000000
    0.00000000    0.00000000    0.00000000    0.00000000    0.00000000
    0.00000000    0.00000000    0.00000000    0.00000000    0.00000000
    0.00000000    1.00000000    0.00000000    0.00000000    0.00000000
    0.15452190   -0.06533320    0.00000000    0.00000000    0.00000000
    0.00000000    0.00000000    0.00000000    0.00000000    0.00000000
    0.00000000    0.00000000    0.00000000    0.00000000    0.00000000
    0.00000000    0.00000000    0.00000000    0.00000000    0.00000000
    0.00000000    0.00000000    0.00000000    0.00000000    0.00000000
    0.00000000    0.00000000    1.00000000    0.00000000    0.00000000
    0.01706770    0.14680910    0.00000000    0.00000000    0.00000000
    0.00000000    0.00000000    0.00000000    0.00000000    0.00000000
    0.00000000    0.00000000    0.00000000    0.00000000    0.00000000
    0.00315970    0.44119800    0.00000000    0.00000000    0.00000000
    0.00000000    0.00000000    0.00000000    0.00000000    0.00000000
    0.00000000    0.00000000    0.00000000    0.00000000    0.00000000
   -0.00022470    0.42763180    0.00000000    0.00000000    0.00000000
    0.00000000    0.00000000    0.00000000    0.00000000    0.00000000
    0.00000000    0.00000000    0.00000000    0.00000000    0.00000000
    0.00000000    0.00000000    0.00000000    0.00000000    0.00000000
    0.00000000    0.00000000    0.00000000    0.00000000    0.00000000
    0.00000000    0.00000000    0.00000000    1.00000000    0.00000000
    0.00016830    0.12519670    0.00000000    0.00000000    0.00000000
    0.00000000    0.00000000    0.00000000    0.00000000    0.00000000
    0.00000000    0.00000000    0.00000000    0.00000000    0.00000000
    0.00000000    0.00000000    0.00000000    0.00000000    0.00000000
    0.00000000    0.00000000    0.00000000    0.00000000    0.00000000
    0.00000000    0.00000000    0.00000000    0.00000000    1.00000000

   28.997930   17.252108   13.712713    8.905343    6.484549
    4.596838    3.066452    2.372836    1.450082    1.224831
    0.737500    0.685723    0.558700    0.380000    0.324269
    0.201200    0.153342    0.072513    0.034291    0.022500
    0.016216    0.003577

    0.00227830    0.00000000    0.00000000    0.00000000    0.00000000
    0.00000000    0.00000000    0.00000000    0.00000000    0.00000000
    0.00000000    0.00000000
    0.00000000    1.00000000    0.00000000    0.00000000    0.00000000
    0.00000000    0.00000000    0.00000000    0.00000000    0.00000000
    0.00000000    0.00000000
    0.01197270    0.00000000    0.00000000    0.00000000    0.00000000
    0.00000000    0.00000000    0.00000000    0.00000000    0.00000000
    0.00000000    0.00000000
    0.00000000    0.00000000    0.00000000    1.00000000    0.00000000
    0.00000000    0.00000000    0.00000000    0.00000000    0.00000000
    0.00000000    0.00000000
    0.02273230    0.00000000    0.00000000    0.00000000    0.00000000
    0.00000000    0.00000000    0.00000000    0.00000000    0.00000000
    0.00000000    0.00000000
    0.00000000    0.00000000    1.00000000    0.00000000    0.00000000
    0.00000000    0.00000000    0.00000000    0.00000000    0.00000000
    0.00000000    0.00000000
    0.06997740    0.00000000    0.00000000    0.00000000    0.00000000
    0.00000000    0.00000000    0.00000000    0.00000000    0.00000000
    0.00000000    0.00000000
    0.00000000    0.00000000    0.00000000    0.00000000    1.00000000
    0.00000000    0.00000000    0.00000000    0.00000000    0.00000000
    0.00000000    0.00000000
    0.12588700    0.00000000    0.00000000    0.00000000    0.00000000
    0.00000000    0.00000000    0.00000000    0.00000000    0.00000000
    0.00000000    0.00000000
    0.00000000    0.00000000    0.00000000    0.00000000    0.00000000
    1.00000000    0.00000000    0.00000000    0.00000000    0.00000000
    0.00000000    0.00000000
    0.00000000    0.00000000    0.00000000    0.00000000    0.00000000
    0.00000000    1.00000000    0.00000000    0.00000000    0.00000000
    0.00000000    0.00000000
    0.17597110    0.00000000    0.00000000    0.00000000    0.00000000
    0.00000000    0.00000000    0.00000000    0.00000000    0.00000000
    0.00000000    0.00000000
    0.00000000    0.00000000    0.00000000    0.00000000    0.00000000
    0.00000000    0.00000000    1.00000000    0.00000000    0.00000000
    0.00000000    0.00000000
    0.00000000    0.00000000    0.00000000    0.00000000    0.00000000
    0.00000000    0.00000000    0.00000000    1.00000000    0.00000000
    0.00000000    0.00000000
    0.20962750    0.00000000    0.00000000    0.00000000    0.00000000
    0.00000000    0.00000000    0.00000000    0.00000000    0.00000000
    0.00000000    0.00000000
    0.00000000    0.00000000    0.00000000    0.00000000    0.00000000
    0.00000000    0.00000000    0.00000000    0.00000000    1.00000000
    0.00000000    0.00000000
    0.25661550    0.00000000    0.00000000    0.00000000    0.00000000
    0.00000000    0.00000000    0.00000000    0.00000000    0.00000000
    0.00000000    0.00000000
    0.28874140    0.00000000    0.00000000    0.00000000    0.00000000
    0.00000000    0.00000000    0.00000000    0.00000000    0.00000000
    0.00000000    0.00000000
    0.22477940    0.00000000    0.00000000    0.00000000    0.00000000
    0.00000000    0.00000000    0.00000000    0.00000000    0.00000000
    0.00000000    0.00000000
    0.00000000    0.00000000    0.00000000    0.00000000    0.00000000
    0.00000000    0.00000000    0.00000000    0.00000000    0.00000000
    1.00000000    0.00000000
    0.08294810    0.00000000    0.00000000    0.00000000    0.00000000
    0.00000000    0.00000000    0.00000000    0.00000000    0.00000000
    0.00000000    0.00000000
    0.00000000    0.00000000    0.00000000    0.00000000    0.00000000
    0.00000000    0.00000000    0.00000000    0.00000000    0.00000000
    0.00000000    1.00000000

    5.379697    3.625448    2.443237    1.646529    0.970900
    0.663900    0.356900    0.050000    0.016687

    1.00000000    0.00000000    0.00000000    0.00000000    0.00000000
    0.00000000    0.00000000    0.00000000    0.00000000
    0.00000000    1.00000000    0.00000000    0.00000000    0.00000000
    0.00000000    0.00000000    0.00000000    0.00000000
    0.00000000    0.00000000    1.00000000    0.00000000    0.00000000
    0.00000000    0.00000000    0.00000000    0.00000000
    0.00000000    0.00000000    0.00000000    1.00000000    0.00000000
    0.00000000    0.00000000    0.00000000    0.00000000
    0.00000000    0.00000000    0.00000000    0.00000000    1.00000000
    0.00000000    0.00000000    0.00000000    0.00000000
    0.00000000    0.00000000    0.00000000    0.00000000    0.00000000
    1.00000000    0.00000000    0.00000000    0.00000000
    0.00000000    0.00000000    0.00000000    0.00000000    0.00000000
    0.00000000    1.00000000    0.00000000    0.00000000
    0.00000000    0.00000000    0.00000000    0.00000000    0.00000000
    0.00000000    0.00000000    1.00000000    0.00000000
    0.00000000    0.00000000    0.00000000    0.00000000    0.00000000
    0.00000000    0.00000000    0.00000000    1.00000000

    3.360313    1.977922    1.164229    0.382800    0.220400
    0.058000    0.019394

    1.00000000    0.00000000    0.00000000    0.00000000    0.00000000
    0.00000000    0.00000000
    0.00000000    1.00000000    0.00000000    0.00000000    0.00000000
    0.00000000    0.00000000
    0.00000000    0.00000000    1.00000000    0.00000000    0.00000000
    0.00000000    0.00000000
    0.00000000    0.00000000    0.00000000    1.00000000    0.00000000
    0.00000000    0.00000000
    0.00000000    0.00000000    0.00000000    0.00000000    1.00000000
    0.00000000    0.00000000
    0.00000000    0.00000000    0.00000000    0.00000000    0.00000000
    1.00000000    0.00000000
    0.00000000    0.00000000    0.00000000    0.00000000    0.00000000
    0.00000000    1.00000000

    3.116489    1.686147    0.564700    0.187400    0.038758

    1.00000000    0.00000000    0.00000000    0.00000000    0.00000000
    0.00000000    1.00000000    0.00000000    0.00000000    0.00000000
    0.00000000    0.00000000    1.00000000    0.00000000    0.00000000
    0.00000000    0.00000000    0.00000000    1.00000000    0.00000000
    0.00000000    0.00000000    0.00000000    0.00000000    1.00000000

    2.486037    0.600000    0.124093

    1.00000000    0.00000000    0.00000000
    0.00000000    1.00000000    0.00000000
    0.00000000    0.00000000    1.00000000

Ca:aug-cc-pCVDZ-ccECP
ccECP aug-cc-pCVDZ for Ca | source recipes/Ca/ccECP/Ca.aug-cc-pCVDZ.gamess | ccECP from Guangming Wang et al. Journal of Chemical Physics 151, 144110 (2019) https://doi.org/10.1063/1.5121006

  3
    0    1    2
    7    7    4
   18   17   14

   38.909972   20.573489   10.878148    5.751777    3.041228
    1.608037    1.383790    0.850243    0.701508    0.449563
    0.237704    0.125685    0.066456    0.066369    0.035138
    0.026432    0.018579    0.006700

    0.00094450   -0.00018310    0.00000000    0.00000000    0.00000000
    0.00000000    0.00000000
   -0.01770900    0.00425520    0.00000000    0.00000000    0.00000000
    0.00000000    0.00000000
    0.14349340   -0.03727720    0.00000000    0.00000000    0.00000000
    0.00000000    0.00000000
   -0.28035140    0.07704740    0.00000000    0.00000000    0.00000000
    0.00000000    0.00000000
   -0.28847700    0.07822310    0.00000000    0.00000000    0.00000000
    0.00000000    0.00000000
    0.17248640   -0.05175260    0.00000000    0.00000000    0.00000000
    0.00000000    0.00000000
    0.00000000    0.00000000    1.00000000    0.00000000    0.00000000
    0.00000000    0.00000000
    0.55290080   -0.17462310    0.00000000    0.00000000    0.00000000
    0.00000000    0.00000000
    0.00000000    0.00000000    0.00000000    1.00000000    0.00000000
    0.00000000    0.00000000
    0.46769880   -0.25326320    0.00000000    0.00000000    0.00000000
    0.00000000    0.00000000
    0.09929150   -0.16061050    0.00000000    0.00000000    0.00000000
    0.00000000    0.00000000
    0.00665130    0.12654760    0.00000000    0.00000000    0.00000000
    0.00000000    0.00000000
   -0.00192570    0.46487670    0.00000000    0.00000000    0.00000000
    0.00000000    0.00000000
    0.00000000    0.00000000    0.00000000    0.00000000    1.00000000
    0.00000000    0.00000000
    0.00096120    0.47840060    0.00000000    0.00000000    0.00000000
    0.00000000    0.00000000
    0.00000000    0.00000000    0.00000000    0.00000000    0.00000000
    1.00000000    0.00000000
   -0.00024390    0.15642960    0.00000000    0.00000000    0.00000000
    0.00000000    0.00000000
    0.00000000    0.00000000    0.00000000    0.00000000    0.00000000
    0.00000000    1.00000000

   31.519451   15.831494    7.951795    3.994003    2.006096
    1.007616    0.563426    0.506102    0.261483    0.254203
    0.127681    0.076223    0.064131    0.032211    0.027633
    0.016179    0.005400

   -0.00013110    0.00002060    0.00000000    0.00000000    0.00000000
    0.00000000    0.00000000
    0.00581110   -0.00124550    0.00000000    0.00000000    0.00000000
    0.00000000    0.00000000
   -0.04461000    0.01011140    0.00000000    0.00000000    0.00000000
    0.00000000    0.00000000
   -0.04239180    0.00894270    0.00000000    0.00000000    0.00000000
    0.00000000    0.00000000
    0.18028850   -0.04458680    0.00000000    0.00000000    0.00000000
    0.00000000    0.00000000
    0.40747440   -0.09627520    0.00000000    0.00000000    0.00000000
    0.00000000    0.00000000
    0.00000000    0.00000000    1.00000000    0.00000000    0.00000000
    0.00000000    0.00000000
    0.38646720   -0.11300730    0.00000000    0.00000000    0.00000000
    0.00000000    0.00000000
    0.00000000    0.00000000    0.00000000    1.00000000    0.00000000
    0.00000000    0.00000000
    0.15452190   -0.06533320    0.00000000    0.00000000    0.00000000
    0.00000000    0.00000000
    0.01706770    0.14680910    0.00000000    0.00000000    0.00000000
    0.00000000    0.00000000
    0.00000000    0.00000000    0.00000000    0.00000000    1.00000000
    0.00000000    0.00000000
    0.00315970    0.44119800    0.00000000    0.00000000    0.00000000
    0.00000000    0.00000000
   -0.00022470    0.42763180    0.00000000    0.00000000    0.00000000
    0.00000000    0.00000000
    0.00000000    0.00000000    0.00000000    0.00000000    0.00000000
    1.00000000    0.00000000
    0.00016830    0.12519670    0.00000000    0.00000000    0.00000000
    0.00000000    0.00000000
    0.00000000    0.00000000    0.00000000    0.00000000    0.00000000
    0.00000000    1.00000000

   28.997930   13.712713    6.484549    3.066452    1.493098
    1.450082    0.685723    0.324269    0.153342    0.072513
    0.050522    0.034291    0.016216    0.008800

    0.00227830    0.00000000    0.00000000    0.00000000
    0.01197270    0.00000000    0.00000000    0.00000000
    0.02273230    0.00000000    0.00000000    0.00000000
    0.06997740    0.00000000    0.00000000    0.00000000
    0.00000000    1.00000000    0.00000000    0.00000000
    0.12588700    0.00000000    0.00000000    0.00000000
    0.17597110    0.00000000    0.00000000    0.00000000
    0.20962750    0.00000000    0.00000000    0.00000000
    0.25661550    0.00000000    0.00000000    0.00000000
    0.28874140    0.00000000    0.00000000    0.00000000
    0.00000000    0.00000000    1.00000000    0.00000000
    0.22477940    0.00000000    0.00000000    0.00000000
    0.08294810    0.00000000    0.00000000    0.00000000
    0.00000000    0.00000000    0.00000000    1.00000000

Ca:aug-cc-pCVQZ-ccECP
ccECP aug-cc-pCVQZ for Ca | source recipes/Ca/ccECP/Ca.aug-cc-pCVQZ.gamess | ccECP from Guangming Wang et al. Journal of Chemical Physics 151, 144110 (2019) https://doi.org/10.1063/1.5121006

  5
    0    1    2    3    4
   11   11    8    5    3
   22   21   18    5    3

   38.909972   20.573489   10.878148    5.751777    4.502074
    3.041228    2.275854    1.608037    1.150472    0.850243
    0.581578    0.449563    0.299840    0.237704    0.125685
    0.087500    0.066456    0.042030    0.035138    0.019731
    0.018579    0.007000

    0.00094450   -0.00018310    0.00000000    0.00000000    0.00000000
    0.00000000    0.00000000    0.00000000    0.00000000    0.00000000
    0.00000000
   -0.01770900    0.00425520    0.00000000    0.00000000    0.00000000
    0.00000000    0.00000000    0.00000000    0.00000000    0.00000000
    0.00000000
    0.14349340   -0.03727720    0.00000000    0.00000000    0.00000000
    0.00000000    0.00000000    0.00000000    0.00000000    0.00000000
    0.00000000
   -0.28035140    0.07704740    0.00000000    0.00000000    0.00000000
    0.00000000    0.00000000    0.00000000    0.00000000    0.00000000
    0.00000000
    0.00000000    0.00000000    1.00000000    0.00000000    0.00000000
    0.00000000    0.00000000    0.00000000    0.00000000    0.00000000
    0.00000000
   -0.28847700    0.07822310    0.00000000    0.00000000    0.00000000
    0.00000000    0.00000000    0.00000000    0.00000000    0.00000000
    0.00000000
    0.00000000    0.00000000    0.00000000    1.00000000    0.00000000
    0.00000000    0.00000000    0.00000000    0.00000000    0.00000000
    0.00000000
    0.17248640   -0.05175260    0.00000000    0.00000000    0.00000000
    0.00000000    0.00000000    0.00000000    0.00000000    0.00000000
    0.00000000
    0.00000000    0.00000000    0.00000000    0.00000000    1.00000000
    0.00000000    0.00000000    0.00000000    0.00000000    0.00000000
    0.00000000
    0.55290080   -0.17462310    0.00000000    0.00000000    0.00000000
    0.00000000    0.00000000    0.00000000    0.00000000    0.00000000
    0.00000000
    0.00000000    0.00000000    0.00000000    0.00000000    0.00000000
    1.00000000    0.00000000    0.00000000    0.00000000    0.00000000
    0.00000000
    0.46769880   -0.25326320    0.00000000    0.00000000    0.00000000
    0.00000000    0.00000000    0.00000000    0.00000000    0.00000000
    0.00000000
    0.00000000    0.00000000    0.00000000    0.00000000    0.00000000
    0.00000000    1.00000000    0.00000000    0.00000000    0.00000000
    0.00000000
    0.09929150   -0.16061050    0.00000000    0.00000000    0.00000000
    0.00000000    0.00000000    0.00000000    0.00000000    0.00000000
    0.00000000
    0.00665130    0.12654760    0.00000000    0.00000000    0.00000000
    0.00000000    0.00000000    0.00000000    0.00000000    0.00000000
    0.00000000
    0.00000000    0.00000000    0.00000000    0.00000000    0.00000000
    0.00000000    0.00000000    1.00000000    0.00000000    0.00000000
    0.00000000
   -0.00192570    0.46487670    0.00000000    0.00000000    0.00000000
    0.00000000    0.00000000    0.00000000    0.00000000    0.00000000
    0.00000000
    0.00000000    0.00000000    0.00000000    0.00000000    0.00000000
    0.00000000    0.00000000    0.00000000    1.00000000    0.00000000
    0.00000000
    0.00096120    0.47840060    0.00000000    0.00000000    0.00000000
    0.00000000    0.00000000    0.00000000    0.00000000    0.00000000
    0.00000000
    0.00000000    0.00000000    0.00000000    0.00000000    0.00000000
    0.00000000    0.00000000    0.00000000    0.00000000    1.00000000
    0.00000000
   -0.00024390    0.15642960    0.00000000    0.00000000    0.00000000
    0.00000000    0.00000000    0.00000000    0.00000000    0.00000000
    0.00000000
    0.00000000    0.00000000    0.00000000    0.00000000    0.00000000
    0.00000000    0.00000000    0.00000000    0.00000000    0.00000000
    1.00000000

   31.519451   15.831494    7.951795    3.994003    3.909234
    2.021526    2.006096    1.045362    1.007616    0.540573
    0.506102    0.254203    0.228266    0.127681    0.092361
    0.064131    0.041625    0.032211    0.018573    0.016179
    0.004800

   -0.00013110    0.00002060    0.00000000    0.00000000    0.00000000
    0.00000000    0.00000000    0.00000000    0.00000000    0.00000000
    0.00000000
    0.00581110   -0.00124550    0.00000000    0.00000000    0.00000000
    0.00000000    0.00000000    0.00000000    0.00000000    0.00000000
    0.00000000
   -0.04461000    0.01011140    0.00000000    0.00000000    0.00000000
    0.00000000    0.00000000    0.00000000    0.00000000    0.00000000
    0.00000000
   -0.04239180    0.00894270    0.00000000    0.00000000    0.00000000
    0.00000000    0.00000000    0.00000000    0.00000000    0.00000000
    0.00000000
    0.00000000    0.00000000    1.00000000    0.00000000    0.00000000
    0.00000000    0.00000000    0.00000000    0.00000000    0.00000000
    0.00000000
    0.00000000    0.00000000    0.00000000    1.00000000    0.00000000
    0.00000000    0.00000000    0.00000000    0.00000000    0.00000000
    0.00000000
    0.18028850   -0.04458680    0.00000000    0.00000000    0.00000000
    0.00000000    0.00000000    0.00000000    0.00000000    0.00000000
    0.00000000
    0.00000000    0.00000000    0.00000000    0.00000000    1.00000000
    0.00000000    0.00000000    0.00000000    0.00000000    0.00000000
    0.00000000
    0.40747440   -0.09627520    0.00000000    0.00000000    0.00000000
    0.00000000    0.00000000    0.00000000    0.00000000    0.00000000
    0.00000000
    0.00000000    0.00000000    0.00000000    0.00000000    0.00000000
    1.00000000    0.00000000    0.00000000    0.00000000    0.00000000
    0.00000000
    0.38646720   -0.11300730    0.00000000    0.00000000    0.00000000
    0.00000000    0.00000000    0.00000000    0.00000000    0.00000000
    0.00000000
    0.15452190   -0.06533320    0.00000000    0.00000000    0.00000000
    0.00000000    0.00000000    0.00000000    0.00000000    0.00000000
    0.00000000
    0.00000000    0.00000000    0.00000000    0.00000000    0.00000000
    0.00000000    1.00000000    0.00000000    0.00000000    0.00000000
    0.00000000
    0.01706770    0.14680910    0.00000000    0.00000000    0.00000000
    0.00000000    0.00000000    0.00000000    0.00000000    0.00000000
    0.00000000
    0.00000000    0.00000000    0.00000000    0.00000000    0.00000000
    0.00000000    0.00000000    1.00000000    0.00000000    0.00000000
    0.00000000
    0.00315970    0.44119800    0.00000000    0.00000000    0.00000000
    0.00000000    0.00000000    0.00000000    0.00000000    0.00000000
    0.00000000
    0.00000000    0.00000000    0.00000000    0.00000000    0.00000000
    0.00000000    0.00000000    0.00000000    1.00000000    0.00000000
    0.00000000
   -0.00022470    0.42763180    0.00000000    0.00000000    0.00000000
    0.00000000    0.00000000    0.00000000    0.00000000    0.00000000
    0.00000000
    0.00000000    0.00000000    0.00000000    0.00000000    0.00000000
    0.00000000    0.00000000    0.00000000    0.00000000    1.00000000
    0.00000000
    0.00016830    0.12519670    0.00000000    0.00000000    0.00000000
    0.00000000    0.00000000    0.00000000    0.00000000    0.00000000
    0.00000000
    0.00000000    0.00000000    0.00000000    0.00000000    0.00000000
    0.00000000    0.00000000    0.00000000    0.00000000    0.00000000
    1.00000000

   28.997930   13.712713    6.484549    3.066452    2.531844
    1.450082    1.361957    0.732638    0.685723    0.324269
    0.267718    0.153342    0.091527    0.072513    0.034291
    0.030733    0.016216    0.006000

    0.00227830    0.00000000    0.00000000    0.00000000    0.00000000
    0.00000000    0.00000000    0.00000000
    0.01197270    0.00000000    0.00000000    0.00000000    0.00000000
    0.00000000    0.00000000    0.00000000
    0.02273230    0.00000000    0.00000000    0.00000000    0.00000000
    0.00000000    0.00000000    0.00000000
    0.06997740    0.00000000    0.00000000    0.00000000    0.00000000
    0.00000000    0.00000000    0.00000000
    0.00000000    1.00000000    0.00000000    0.00000000    0.00000000
    0.00000000    0.00000000    0.00000000
    0.12588700    0.00000000    0.00000000    0.00000000    0.00000000
    0.00000000    0.00000000    0.00000000
    0.00000000    0.00000000    1.00000000    0.00000000    0.00000000
    0.00000000    0.00000000    0.00000000
    0.00000000    0.00000000    0.00000000    1.00000000    0.00000000
    0.00000000    0.00000000    0.00000000
    0.17597110    0.00000000    0.00000000    0.00000000    0.00000000
    0.00000000    0.00000000    0.00000000
    0.20962750    0.00000000    0.00000000    0.00000000    0.00000000
    0.00000000    0.00000000    0.00000000
    0.00000000    0.00000000    0.00000000    0.00000000    1.00000000
    0.00000000    0.00000000    0.00000000
    0.25661550    0.00000000    0.00000000    0.00000000    0.00000000
    0.00000000    0.00000000    0.00000000
    0.00000000    0.00000000    0.00000000    0.00000000    0.00000000
    1.00000000    0.00000000    0.00000000
    0.28874140    0.00000000    0.00000000    0.00000000    0.00000000
    0.00000000    0.00000000    0.00000000
    0.22477940    0.00000000    0.00000000    0.00000000    0.00000000
    0.00000000    0.00000000    0.00000000
    0.00000000    0.00000000    0.00000000    0.00000000    0.00000000
    0.00000000    1.00000000    0.00000000
    0.08294810    0.00000000    0.00000000    0.00000000    0.00000000
    0.00000000    0.00000000    0.00000000
    0.00000000    0.00000000    0.00000000    0.00000000    0.00000000
    0.00000000    0.00000000    1.00000000

    2.643539    1.288079    0.501100    0.116000    0.025400

    1.00000000    0.00000000    0.00000000    0.00000000    0.00000000
    0.00000000    1.00000000    0.00000000    0.00000000    0.00000000
    0.00000000    0.00000000    1.00000000    0.00000000    0.00000000
    0.00000000    0.00000000    0.00000000    1.00000000    0.00000000
    0.00000000    0.00000000    0.00000000    0.00000000    1.00000000

    1.638534    0.143100    0.046500

    1.00000000    0.00000000    0.00000000
    0.00000000    1.00000000    0.00000000
    0.00000000    0.00000000    1.00000000

Ca:aug-cc-pCVTZ-ccECP
ccECP aug-cc-pCVTZ for Ca | source recipes/Ca/ccECP/Ca.aug-cc-pCVTZ.gamess | ccECP from Guangming Wang et al. Journal of Chemical Physics 151, 144110 (2019) https://doi.org/10.1063/1.5121006

  4
    0    1    2    3
    9    9    6    3
   20   19   16    3

   38.909972   20.573489   10.878148    5.751777    3.041228
    1.633930    1.608037    0.957624    0.850243    0.561250
    0.449563    0.237704    0.125685    0.090426    0.066456
    0.042935    0.035138    0.019981    0.018579    0.007400

    0.00094450   -0.00018310    0.00000000    0.00000000    0.00000000
    0.00000000    0.00000000    0.00000000    0.00000000
   -0.01770900    0.00425520    0.00000000    0.00000000    0.00000000
    0.00000000    0.00000000    0.00000000    0.00000000
    0.14349340   -0.03727720    0.00000000    0.00000000    0.00000000
    0.00000000    0.00000000    0.00000000    0.00000000
   -0.28035140    0.07704740    0.00000000    0.00000000    0.00000000
    0.00000000    0.00000000    0.00000000    0.00000000
   -0.28847700    0.07822310    0.00000000    0.00000000    0.00000000
    0.00000000    0.00000000    0.00000000    0.00000000
    0.00000000    0.00000000    1.00000000    0.00000000    0.00000000
    0.00000000    0.00000000    0.00000000    0.00000000
    0.17248640   -0.05175260    0.00000000    0.00000000    0.00000000
    0.00000000    0.00000000    0.00000000    0.00000000
    0.00000000    0.00000000    0.00000000    1.00000000    0.00000000
    0.00000000    0.00000000    0.00000000    0.00000000
    0.55290080   -0.17462310    0.00000000    0.00000000    0.00000000
    0.00000000    0.00000000    0.00000000    0.00000000
    0.00000000    0.00000000    0.00000000    0.00000000    1.00000000
    0.00000000    0.00000000    0.00000000    0.00000000
    0.46769880   -0.25326320    0.00000000    0.00000000    0.00000000
    0.00000000    0.00000000    0.00000000    0.00000000
    0.09929150   -0.16061050    0.00000000    0.00000000    0.00000000
    0.00000000    0.00000000    0.00000000    0.00000000
    0.00665130    0.12654760    0.00000000    0.00000000    0.00000000
    0.00000000    0.00000000    0.00000000    0.00000000
    0.00000000    0.00000000    0.00000000    0.00000000    0.00000000
    1.00000000    0.00000000    0.00000000    0.00000000
   -0.00192570    0.46487670    0.00000000    0.00000000    0.00000000
    0.00000000    0.00000000    0.00000000    0.00000000
    0.00000000    0.00000000    0.00000000    0.00000000    0.00000000
    0.00000000    1.00000000    0.00000000    0.00000000
    0.00096120    0.47840060    0.00000000    0.00000000    0.00000000
    0.00000000    0.00000000    0.00000000    0.00000000
    0.00000000    0.00000000    0.00000000    0.00000000    0.00000000
    0.00000000    0.00000000    1.00000000    0.00000000
   -0.00024390    0.15642960    0.00000000    0.00000000    0.00000000
    0.00000000    0.00000000    0.00000000    0.00000000
    0.00000000    0.00000000    0.00000000    0.00000000    0.00000000
    0.00000000    0.00000000    0.00000000    1.00000000

   31.519451   15.831494    7.951795    3.994003    2.317268
    2.006096    1.045363    1.007616    0.506102    0.471583
    0.254203    0.127681    0.125510    0.064131    0.053549
    0.032211    0.022081    0.016179    0.004900

   -0.00013110    0.00002060    0.00000000    0.00000000    0.00000000
    0.00000000    0.00000000    0.00000000    0.00000000
    0.00581110   -0.00124550    0.00000000    0.00000000    0.00000000
    0.00000000    0.00000000    0.00000000    0.00000000
   -0.04461000    0.01011140    0.00000000    0.00000000    0.00000000
    0.00000000    0.00000000    0.00000000    0.00000000
   -0.04239180    0.00894270    0.00000000    0.00000000    0.00000000
    0.00000000    0.00000000    0.00000000    0.00000000
    0.00000000    0.00000000    1.00000000    0.00000000    0.00000000
    0.00000000    0.00000000    0.00000000    0.00000000
    0.18028850   -0.04458680    0.00000000    0.00000000    0.00000000
    0.00000000    0.00000000    0.00000000    0.00000000
    0.00000000    0.00000000    0.00000000    1.00000000    0.00000000
    0.00000000    0.00000000    0.00000000    0.00000000
    0.40747440   -0.09627520    0.00000000    0.00000000    0.00000000
    0.00000000    0.00000000    0.00000000    0.00000000
    0.38646720   -0.11300730    0.00000000    0.00000000    0.00000000
    0.00000000    0.00000000    0.00000000    0.00000000
    0.00000000    0.00000000    0.00000000    0.00000000    1.00000000
    0.00000000    0.00000000    0.00000000    0.00000000
    0.15452190   -0.06533320    0.00000000    0.00000000    0.00000000
    0.00000000    0.00000000    0.00000000    0.00000000
    0.01706770    0.14680910    0.00000000    0.00000000    0.00000000
    0.00000000    0.00000000    0.00000000    0.00000000
    0.00000000    0.00000000    0.00000000    0.00000000    0.00000000
    1.00000000    0.00000000    0.00000000    0.00000000
    0.00315970    0.44119800    0.00000000    0.00000000    0.00000000
    0.00000000    0.00000000    0.00000000    0.00000000
    0.00000000    0.00000000    0.00000000    0.00000000    0.00000000
    0.00000000    1.00000000    0.00000000    0.00000000
   -0.00022470    0.42763180    0.00000000    0.00000000    0.00000000
    0.00000000    0.00000000    0.00000000    0.00000000
    0.00000000    0.00000000    0.00000000    0.00000000    0.00000000
    0.00000000    0.00000000    1.00000000    0.00000000
    0.00016830    0.12519670    0.00000000    0.00000000    0.00000000
    0.00000000    0.00000000    0.00000000    0.00000000
    0.00000000    0.00000000    0.00000000    0.00000000    0.00000000
    0.00000000    0.00000000    0.00000000    1.00000000

   28.997930   13.712713    6.484549    3.066452    1.450082
    1.277696    0.685723    0.475378    0.324269    0.153342
    0.127163    0.072513    0.038262    0.034291    0.016216
    0.007100

    0.00227830    0.00000000    0.00000000    0.00000000    0.00000000
    0.00000000
    0.01197270    0.00000000    0.00000000    0.00000000    0.00000000
    0.00000000
    0.02273230    0.00000000    0.00000000    0.00000000    0.00000000
    0.00000000
    0.06997740    0.00000000    0.00000000    0.00000000    0.00000000
    0.00000000
    0.12588700    0.00000000    0.00000000    0.00000000    0.00000000
    0.00000000
    0.00000000    1.00000000    0.00000000    0.00000000    0.00000000
    0.00000000
    0.17597110    0.00000000    0.00000000    0.00000000    0.00000000
    0.00000000
    0.00000000    0.00000000    1.00000000    0.00000000    0.00000000
    0.00000000
    0.20962750    0.00000000    0.00000000    0.00000000    0.00000000
    0.00000000
    0.25661550    0.00000000    0.00000000    0.00000000    0.00000000
    0.00000000
    0.00000000    0.00000000    0.00000000    1.00000000    0.00000000
    0.00000000
    0.28874140    0.00000000    0.00000000    0.00000000    0.00000000
    0.00000000
    0.00000000    0.00000000    0.00000000    0.00000000    1.00000000
    0.00000000
    0.22477940    0.00000000    0.00000000    0.00000000    0.00000000
    0.00000000
    0.08294810    0.00000000    0.00000000    0.00000000    0.00000000
    0.00000000
    0.00000000    0.00000000    0.00000000    0.00000000    0.00000000
    1.00000000

    1.454974    0.136800    0.036400

    1.00000000    0.00000000    0.00000000
    0.00000000    1.00000000    0.00000000
    0.00000000    0.00000000    1.00000000

Ca:aug-cc-pV5Z-ccECP
ccECP aug-cc-pV5Z for Ca | source recipes/Ca/ccECP/Ca.aug-cc-pV5Z.gamess | ccECP from Guangming Wang et al. Journal of Chemical Physics 151, 144110 (2019) https://doi.org/10.1063/1.5121006

  6
    0    1    2    3    4    5
    8    8    6    4    3    2
   19   18   16    4    3    2

   38.909972   20.573489   10.878148    5.751777    3.041228
    1.608037    0.850243    0.449563    0.327434    0.237704
    0.142435    0.125685    0.079140    0.066456    0.037693
    0.035138    0.018579    0.018160    0.006500

    0.00094450   -0.00018310    0.00000000    0.00000000    0.00000000
    0.00000000    0.00000000    0.00000000
   -0.01770900    0.00425520    0.00000000    0.00000000    0.00000000
    0.00000000    0.00000000    0.00000000
    0.14349340   -0.03727720    0.00000000    0.00000000    0.00000000
    0.00000000    0.00000000    0.00000000
   -0.28035140    0.07704740    0.00000000    0.00000000    0.00000000
    0.00000000    0.00000000    0.00000000
   -0.28847700    0.07822310    0.00000000    0.00000000    0.00000000
    0.00000000    0.00000000    0.00000000
    0.17248640   -0.05175260    0.00000000    0.00000000    0.00000000
    0.00000000    0.00000000    0.00000000
    0.55290080   -0.17462310    0.00000000    0.00000000    0.00000000
    0.00000000    0.00000000    0.00000000
    0.46769880   -0.25326320    0.00000000    0.00000000    0.00000000
    0.00000000    0.00000000    0.00000000
    0.00000000    0.00000000    1.00000000    0.00000000    0.00000000
    0.00000000    0.00000000    0.00000000
    0.09929150   -0.16061050    0.00000000    0.00000000    0.00000000
    0.00000000    0.00000000    0.00000000
    0.00000000    0.00000000    0.00000000    1.00000000    0.00000000
    0.00000000    0.00000000    0.00000000
    0.00665130    0.12654760    0.00000000    0.00000000    0.00000000
    0.00000000    0.00000000    0.00000000
    0.00000000    0.00000000    0.00000000    0.00000000    1.00000000
    0.00000000    0.00000000    0.00000000
   -0.00192570    0.46487670    0.00000000    0.00000000    0.00000000
    0.00000000    0.00000000    0.00000000
    0.00000000    0.00000000    0.00000000    0.00000000    0.00000000
    1.00000000    0.00000000    0.00000000
    0.00096120    0.47840060    0.00000000    0.00000000    0.00000000
    0.00000000    0.00000000    0.00000000
   -0.00024390    0.15642960    0.00000000    0.00000000    0.00000000
    0.00000000    0.00000000    0.00000000
    0.00000000    0.00000000    0.00000000    0.00000000    0.00000000
    0.00000000    1.00000000    0.00000000
    0.00000000    0.00000000    0.00000000    0.00000000    0.00000000
    0.00000000    0.00000000    1.00000000

   31.519451   15.831494    7.951795    3.994003    2.006096
    1.007616    0.506102    0.467685    0.254203    0.233432
    0.127681    0.093217    0.064131    0.041977    0.032211
    0.018692    0.016179    0.004800

   -0.00013110    0.00002060    0.00000000    0.00000000    0.00000000
    0.00000000    0.00000000    0.00000000
    0.00581110   -0.00124550    0.00000000    0.00000000    0.00000000
    0.00000000    0.00000000    0.00000000
   -0.04461000    0.01011140    0.00000000    0.00000000    0.00000000
    0.00000000    0.00000000    0.00000000
   -0.04239180    0.00894270    0.00000000    0.00000000    0.00000000
    0.00000000    0.00000000    0.00000000
    0.18028850   -0.04458680    0.00000000    0.00000000    0.00000000
    0.00000000    0.00000000    0.00000000
    0.40747440   -0.09627520    0.00000000    0.00000000    0.00000000
    0.00000000    0.00000000    0.00000000
    0.38646720   -0.11300730    0.00000000    0.00000000    0.00000000
    0.00000000    0.00000000    0.00000000
    0.00000000    0.00000000    1.00000000    0.00000000    0.00000000
    0.00000000    0.00000000    0.00000000
    0.15452190   -0.06533320    0.00000000    0.00000000    0.00000000
    0.00000000    0.00000000    0.00000000
    0.00000000    0.00000000    0.00000000    1.00000000    0.00000000
    0.00000000    0.00000000    0.00000000
    0.01706770    0.14680910    0.00000000    0.00000000    0.00000000
    0.00000000    0.00000000    0.00000000
    0.00000000    0.00000000    0.00000000    0.00000000    1.00000000
    0.00000000    0.00000000    0.00000000
    0.00315970    0.44119800    0.00000000    0.00000000    0.00000000
    0.00000000    0.00000000    0.00000000
    0.00000000    0.00000000    0.00000000    0.00000000    0.00000000
    1.00000000    0.00000000    0.00000000
   -0.00022470    0.42763180    0.00000000    0.00000000    0.00000000
    0.00000000    0.00000000    0.00000000
    0.00000000    0.00000000    0.00000000    0.00000000    0.00000000
    0.00000000    1.00000000    0.00000000
    0.00016830    0.12519670    0.00000000    0.00000000    0.00000000
    0.00000000    0.00000000    0.00000000
    0.00000000    0.00000000    0.00000000    0.00000000    0.00000000
    0.00000000    0.00000000    1.00000000

   28.997930   13.712713    6.484549    3.066452    1.450082
    0.685723    0.502634    0.324269    0.189583    0.153342
    0.072513    0.070604    0.034291    0.025792    0.016216
    0.004100

    0.00227830    0.00000000    0.00000000    0.00000000    0.00000000
    0.00000000
    0.01197270    0.00000000    0.00000000    0.00000000    0.00000000
    0.00000000
    0.02273230    0.00000000    0.00000000    0.00000000    0.00000000
    0.00000000
    0.06997740    0.00000000    0.00000000    0.00000000    0.00000000
    0.00000000
    0.12588700    0.00000000    0.00000000    0.00000000    0.00000000
    0.00000000
    0.17597110    0.00000000    0.00000000    0.00000000    0.00000000
    0.00000000
    0.00000000    1.00000000    0.00000000    0.00000000    0.00000000
    0.00000000
    0.20962750    0.00000000    0.00000000    0.00000000    0.00000000
    0.00000000
    0.00000000    0.00000000    1.00000000    0.00000000    0.00000000
    0.00000000
    0.25661550    0.00000000    0.00000000    0.00000000    0.00000000
    0.00000000
    0.28874140    0.00000000    0.00000000    0.00000000    0.00000000
    0.00000000
    0.00000000    0.00000000    0.00000000    1.00000000    0.00000000
    0.00000000
    0.22477940    0.00000000    0.00000000    0.00000000    0.00000000
    0.00000000
    0.00000000    0.00000000    0.00000000    0.00000000    1.00000000
    0.00000000
    0.08294810    0.00000000    0.00000000    0.00000000    0.00000000
    0.00000000
    0.00000000    0.00000000    0.00000000    0.00000000    0.00000000
    1.00000000

    0.736000    0.247100    0.083000    0.027700

    1.00000000    0.00000000    0.00000000    0.00000000
    0.00000000    1.00000000    0.00000000    0.00000000
    0.00000000    0.00000000    1.00000000    0.00000000
    0.00000000    0.00000000    0.00000000    1.00000000

    0.290200    0.096300    0.032200

    1.00000000    0.00000000    0.00000000
    0.00000000    1.00000000    0.00000000
    0.00000000    0.00000000    1.00000000

    0.278500    0.057600

    1.00000000    0.00000000
    0.00000000    1.00000000

Ca:aug-cc-pV6Z-ccECP
ccECP aug-cc-pV6Z for Ca | source recipes/Ca/ccECP/Ca.aug-cc-pV6Z.gamess | ccECP from Guangming Wang et al. Journal of Chemical Physics 151, 144110 (2019) https://doi.org/10.1063/1.5121006

  7
    0    1    2    3    4    5    6
    9    9    7    5    4    3    2
   20   19   17    5    4    3    2

   38.909972   20.573489   10.878148    5.751777    3.041228
    1.608037    0.850243    0.449563    0.355000    0.287300
    0.237704    0.219600    0.151900    0.125685    0.084200
    0.066456    0.035138    0.018579    0.016500    0.005906

    0.00094450   -0.00018310    0.00000000    0.00000000    0.00000000
    0.00000000    0.00000000    0.00000000    0.00000000
   -0.01770900    0.00425520    0.00000000    0.00000000    0.00000000
    0.00000000    0.00000000    0.00000000    0.00000000
    0.14349340   -0.03727720    0.00000000    0.00000000    0.00000000
    0.00000000    0.00000000    0.00000000    0.00000000
   -0.28035140    0.07704740    0.00000000    0.00000000    0.00000000
    0.00000000    0.00000000    0.00000000    0.00000000
   -0.28847700    0.07822310    0.00000000    0.00000000    0.00000000
    0.00000000    0.00000000    0.00000000    0.00000000
    0.17248640   -0.05175260    0.00000000    0.00000000    0.00000000
    0.00000000    0.00000000    0.00000000    0.00000000
    0.55290080   -0.17462310    0.00000000    0.00000000    0.00000000
    0.00000000    0.00000000    0.00000000    0.00000000
    0.46769880   -0.25326320    0.00000000    0.00000000    0.00000000
    0.00000000    0.00000000    0.00000000    0.00000000
    0.00000000    0.00000000    1.00000000    0.00000000    0.00000000
    0.00000000    0.00000000    0.00000000    0.00000000
    0.00000000    0.00000000    0.00000000    1.00000000    0.00000000
    0.00000000    0.00000000    0.00000000    0.00000000
    0.09929150   -0.16061050    0.00000000    0.00000000    0.00000000
    0.00000000    0.00000000    0.00000000    0.00000000
    0.00000000    0.00000000    0.00000000    0.00000000    1.00000000
    0.00000000    0.00000000    0.00000000    0.00000000
    0.00000000    0.00000000    0.00000000    0.00000000    0.00000000
    1.00000000    0.00000000    0.00000000    0.00000000
    0.00665130    0.12654760    0.00000000    0.00000000    0.00000000
    0.00000000    0.00000000    0.00000000    0.00000000
    0.00000000    0.00000000    0.00000000    0.00000000    0.00000000
    0.00000000    1.00000000    0.00000000    0.00000000
   -0.00192570    0.46487670    0.00000000    0.00000000    0.00000000
    0.00000000    0.00000000    0.00000000    0.00000000
    0.00096120    0.47840060    0.00000000    0.00000000    0.00000000
    0.00000000    0.00000000    0.00000000    0.00000000
   -0.00024390    0.15642960    0.00000000    0.00000000    0.00000000
    0.00000000    0.00000000    0.00000000    0.00000000
    0.00000000    0.00000000    0.00000000    0.00000000    0.00000000
    0.00000000    0.00000000    1.00000000    0.00000000
    0.00000000    0.00000000    0.00000000    0.00000000    0.00000000
    0.00000000    0.00000000    0.00000000    1.00000000

   31.519451   15.831494    7.951795    3.994003    2.006096
    1.007616    0.707100    0.569200    0.506102    0.431400
    0.293600    0.254203    0.155800    0.127681    0.064131
    0.032211    0.018000    0.016179    0.004622

   -0.00013110    0.00002060    0.00000000    0.00000000    0.00000000
    0.00000000    0.00000000    0.00000000    0.00000000
    0.00581110   -0.00124550    0.00000000    0.00000000    0.00000000
    0.00000000    0.00000000    0.00000000    0.00000000
   -0.04461000    0.01011140    0.00000000    0.00000000    0.00000000
    0.00000000    0.00000000    0.00000000    0.00000000
   -0.04239180    0.00894270    0.00000000    0.00000000    0.00000000
    0.00000000    0.00000000    0.00000000    0.00000000
    0.18028850   -0.04458680    0.00000000    0.00000000    0.00000000
    0.00000000    0.00000000    0.00000000    0.00000000
    0.40747440   -0.09627520    0.00000000    0.00000000    0.00000000
    0.00000000    0.00000000    0.00000000    0.00000000
    0.00000000    0.00000000    1.00000000    0.00000000    0.00000000
    0.00000000    0.00000000    0.00000000    0.00000000
    0.00000000    0.00000000    0.00000000    1.00000000    0.00000000
    0.00000000    0.00000000    0.00000000    0.00000000
    0.38646720   -0.11300730    0.00000000    0.00000000    0.00000000
    0.00000000    0.00000000    0.00000000    0.00000000
    0.00000000    0.00000000    0.00000000    0.00000000    1.00000000
    0.00000000    0.00000000    0.00000000    0.00000000
    0.00000000    0.00000000    0.00000000    0.00000000    0.00000000
    1.00000000    0.00000000    0.00000000    0.00000000
    0.15452190   -0.06533320    0.00000000    0.00000000    0.00000000
    0.00000000    0.00000000    0.00000000    0.00000000
    0.00000000    0.00000000    0.00000000    0.00000000    0.00000000
    0.00000000    1.00000000    0.00000000    0.00000000
    0.01706770    0.14680910    0.00000000    0.00000000    0.00000000
    0.00000000    0.00000000    0.00000000    0.00000000
    0.00315970    0.44119800    0.00000000    0.00000000    0.00000000
    0.00000000    0.00000000    0.00000000    0.00000000
   -0.00022470    0.42763180    0.00000000    0.00000000    0.00000000
    0.00000000    0.00000000    0.00000000    0.00000000
    0.00000000    0.00000000    0.00000000    0.00000000    0.00000000
    0.00000000    0.00000000    1.00000000    0.00000000
    0.00016830    0.12519670    0.00000000    0.00000000    0.00000000
    0.00000000    0.00000000    0.00000000    0.00000000
    0.00000000    0.00000000    0.00000000    0.00000000    0.00000000
    0.00000000    0.00000000    0.00000000    1.00000000

   28.997930   13.712713    6.484549    3.066452    1.450082
    0.737500    0.685723    0.558700    0.380000    0.324269
    0.201200    0.153342    0.072513    0.034291    0.022500
    0.016216    0.003577

    0.00227830    0.00000000    0.00000000    0.00000000    0.00000000
    0.00000000    0.00000000
    0.01197270    0.00000000    0.00000000    0.00000000    0.00000000
    0.00000000    0.00000000
    0.02273230    0.00000000    0.00000000    0.00000000    0.00000000
    0.00000000    0.00000000
    0.06997740    0.00000000    0.00000000    0.00000000    0.00000000
    0.00000000    0.00000000
    0.12588700    0.00000000    0.00000000    0.00000000    0.00000000
    0.00000000    0.00000000
    0.00000000    1.00000000    0.00000000    0.00000000    0.00000000
    0.00000000    0.00000000
    0.17597110    0.00000000    0.00000000    0.00000000    0.00000000
    0.00000000    0.00000000
    0.00000000    0.00000000    1.00000000    0.00000000    0.00000000
    0.00000000    0.00000000
    0.00000000    0.00000000    0.00000000    1.00000000    0.00000000
    0.00000000    0.00000000
    0.20962750    0.00000000    0.00000000    0.00000000    0.00000000
    0.00000000    0.00000000
    0.00000000    0.00000000    0.00000000    0.00000000    1.00000000
    0.00000000    0.00000000
    0.25661550    0.00000000    0.00000000    0.00000000    0.00000000
    0.00000000    0.00000000
    0.28874140    0.00000000    0.00000000    0.00000000    0.00000000
    0.00000000    0.00000000
    0.22477940    0.00000000    0.00000000    0.00000000    0.00000000
    0.00000000    0.00000000
    0.00000000    0.00000000    0.00000000    0.00000000    0.00000000
    1.00000000    0.00000000
    0.08294810    0.00000000    0.00000000    0.00000000    0.00000000
    0.00000000    0.00000000
    0.00000000    0.00000000    0.00000000    0.00000000    0.00000000
    0.00000000    1.00000000

    0.970900    0.663900    0.356900    0.050000    0.016687

    1.00000000    0.00000000    0.00000000    0.00000000    0.00000000
    0.00000000    1.00000000    0.00000000    0.00000000    0.00000000
    0.00000000    0.00000000    1.00000000    0.00000000    0.00000000
    0.00000000    0.00000000    0.00000000    1.00000000    0.00000000
    0.00000000    0.00000000    0.00000000    0.00000000    1.00000000

    0.382800    0.220400    0.058000    0.019394

    1.00000000    0.00000000    0.00000000    0.00000000
    0.00000000    1.00000000    0.00000000    0.00000000
    0.00000000    0.00000000    1.00000000    0.00000000
    0.00000000    0.00000000    0.00000000    1.00000000

    0.564700    0.187400    0.038758

    1.00000000    0.00000000    0.00000000
    0.00000000    1.00000000    0.00000000
    0.00000000    0.00000000    1.00000000

    0.600000    0.124093

    1.00000000    0.00000000
    0.00000000    1.00000000

Ca:aug-cc-pVDZ-ccECP
ccECP aug-cc-pVDZ for Ca | source recipes/Ca/ccECP/Ca.aug-cc-pVDZ.gamess | ccECP from Guangming Wang et al. Journal of Chemical Physics 151, 144110 (2019) https://doi.org/10.1063/1.5121006

  3
    0    1    2
    5    5    3
   16   15   13

   38.909972   20.573489   10.878148    5.751777    3.041228
    1.608037    0.850243    0.449563    0.237704    0.125685
    0.066456    0.066369    0.035138    0.026432    0.018579
    0.006700

    0.00094450   -0.00018310    0.00000000    0.00000000    0.00000000
   -0.01770900    0.00425520    0.00000000    0.00000000    0.00000000
    0.14349340   -0.03727720    0.00000000    0.00000000    0.00000000
   -0.28035140    0.07704740    0.00000000    0.00000000    0.00000000
   -0.28847700    0.07822310    0.00000000    0.00000000    0.00000000
    0.17248640   -0.05175260    0.00000000    0.00000000    0.00000000
    0.55290080   -0.17462310    0.00000000    0.00000000    0.00000000
    0.46769880   -0.25326320    0.00000000    0.00000000    0.00000000
    0.09929150   -0.16061050    0.00000000    0.00000000    0.00000000
    0.00665130    0.12654760    0.00000000    0.00000000    0.00000000
   -0.00192570    0.46487670    0.00000000    0.00000000    0.00000000
    0.00000000    0.00000000    1.00000000    0.00000000    0.00000000
    0.00096120    0.47840060    0.00000000    0.00000000    0.00000000
    0.00000000    0.00000000    0.00000000    1.00000000    0.00000000
   -0.00024390    0.15642960    0.00000000    0.00000000    0.00000000
    0.00000000    0.00000000    0.00000000    0.00000000    1.00000000

   31.519451   15.831494    7.951795    3.994003    2.006096
    1.007616    0.506102    0.254203    0.127681    0.076223
    0.064131    0.032211    0.027633    0.016179    0.005400

   -0.00013110    0.00002060    0.00000000    0.00000000    0.00000000
    0.00581110   -0.00124550    0.00000000    0.00000000    0.00000000
   -0.04461000    0.01011140    0.00000000    0.00000000    0.00000000
   -0.04239180    0.00894270    0.00000000    0.00000000    0.00000000
    0.18028850   -0.04458680    0.00000000    0.00000000    0.00000000
    0.40747440   -0.09627520    0.00000000    0.00000000    0.00000000
    0.38646720   -0.11300730    0.00000000    0.00000000    0.00000000
    0.15452190   -0.06533320    0.00000000    0.00000000    0.00000000
    0.01706770    0.14680910    0.00000000    0.00000000    0.00000000
    0.00000000    0.00000000    1.00000000    0.00000000    0.00000000
    0.00315970    0.44119800    0.00000000    0.00000000    0.00000000
   -0.00022470    0.42763180    0.00000000    0.00000000    0.00000000
    0.00000000    0.00000000    0.00000000    1.00000000    0.00000000
    0.00016830    0.12519670    0.00000000    0.00000000    0.00000000
    0.00000000    0.00000000    0.00000000    0.00000000    1.00000000

   28.997930   13.712713    6.484549    3.066452    1.450082
    0.685723    0.324269    0.153342    0.072513    0.050522
    0.034291    0.016216    0.008800

    0.00227830    0.00000000    0.00000000
    0.01197270    0.00000000    0.00000000
    0.02273230    0.00000000    0.00000000
    0.06997740    0.00000000    0.00000000
    0.12588700    0.00000000    0.00000000
    0.17597110    0.00000000    0.00000000
    0.20962750    0.00000000    0.00000000
    0.25661550    0.00000000    0.00000000
    0.28874140    0.00000000    0.00000000
    0.00000000    1.00000000    0.00000000
    0.22477940    0.00000000    0.00000000
    0.08294810    0.00000000    0.00000000
    0.00000000    0.00000000    1.00000000

Ca:aug-cc-pVQZ-ccECP
ccECP aug-cc-pVQZ for Ca | source recipes/Ca/ccECP/Ca.aug-cc-pVQZ.gamess | ccECP from Guangming Wang et al. Journal of Chemical Physics 151, 144110 (2019) https://doi.org/10.1063/1.5121006

  5
    0    1    2    3    4
    7    7    5    3    2
   18   17   15    3    2

   38.909972   20.573489   10.878148    5.751777    3.041228
    1.608037    0.850243    0.449563    0.299840    0.237704
    0.125685    0.087500    0.066456    0.042030    0.035138
    0.019731    0.018579    0.007000

    0.00094450   -0.00018310    0.00000000    0.00000000    0.00000000
    0.00000000    0.00000000
   -0.01770900    0.00425520    0.00000000    0.00000000    0.00000000
    0.00000000    0.00000000
    0.14349340   -0.03727720    0.00000000    0.00000000    0.00000000
    0.00000000    0.00000000
   -0.28035140    0.07704740    0.00000000    0.00000000    0.00000000
    0.00000000    0.00000000
   -0.28847700    0.07822310    0.00000000    0.00000000    0.00000000
    0.00000000    0.00000000
    0.17248640   -0.05175260    0.00000000    0.00000000    0.00000000
    0.00000000    0.00000000
    0.55290080   -0.17462310    0.00000000    0.00000000    0.00000000
    0.00000000    0.00000000
    0.46769880   -0.25326320    0.00000000    0.00000000    0.00000000
    0.00000000    0.00000000
    0.00000000    0.00000000    1.00000000    0.00000000    0.00000000
    0.00000000    0.00000000
    0.09929150   -0.16061050    0.00000000    0.00000000    0.00000000
    0.00000000    0.00000000
    0.00665130    0.12654760    0.00000000    0.00000000    0.00000000
    0.00000000    0.00000000
    0.00000000    0.00000000    0.00000000    1.00000000    0.00000000
    0.00000000    0.00000000
   -0.00192570    0.46487670    0.00000000    0.00000000    0.00000000
    0.00000000    0.00000000
    0.00000000    0.00000000    0.00000000    0.00000000    1.00000000
    0.00000000    0.00000000
    0.00096120    0.47840060    0.00000000    0.00000000    0.00000000
    0.00000000    0.00000000
    0.00000000    0.00000000    0.00000000    0.00000000    0.00000000
    1.00000000    0.00000000
   -0.00024390    0.15642960    0.00000000    0.00000000    0.00000000
    0.00000000    0.00000000
    0.00000000    0.00000000    0.00000000    0.00000000    0.00000000
    0.00000000    1.00000000

   31.519451   15.831494    7.951795    3.994003    2.006096
    1.007616    0.506102    0.254203    0.228266    0.127681
    0.092361    0.064131    0.041625    0.032211    0.018573
    0.016179    0.004800

   -0.00013110    0.00002060    0.00000000    0.00000000    0.00000000
    0.00000000    0.00000000
    0.00581110   -0.00124550    0.00000000    0.00000000    0.00000000
    0.00000000    0.00000000
   -0.04461000    0.01011140    0.00000000    0.00000000    0.00000000
    0.00000000    0.00000000
   -0.04239180    0.00894270    0.00000000    0.00000000    0.00000000
    0.00000000    0.00000000
    0.18028850   -0.04458680    0.00000000    0.00000000    0.00000000
    0.00000000    0.00000000
    0.40747440   -0.09627520    0.00000000    0.00000000    0.00000000
    0.00000000    0.00000000
    0.38646720   -0.11300730    0.00000000    0.00000000    0.00000000
    0.00000000    0.00000000
    0.15452190   -0.06533320    0.00000000    0.00000000    0.00000000
    0.00000000    0.00000000
    0.00000000    0.00000000    1.00000000    0.00000000    0.00000000
    0.00000000    0.00000000
    0.01706770    0.14680910    0.00000000    0.00000000    0.00000000
    0.00000000    0.00000000
    0.00000000    0.00000000    0.00000000    1.00000000    0.00000000
    0.00000000    0.00000000
    0.00315970    0.44119800    0.00000000    0.00000000    0.00000000
    0.00000000    0.00000000
    0.00000000    0.00000000    0.00000000    0.00000000    1.00000000
    0.00000000    0.00000000
   -0.00022470    0.42763180    0.00000000    0.00000000    0.00000000
    0.00000000    0.00000000
    0.00000000    0.00000000    0.00000000    0.00000000    0.00000000
    1.00000000    0.00000000
    0.00016830    0.12519670    0.00000000    0.00000000    0.00000000
    0.00000000    0.00000000
    0.00000000    0.00000000    0.00000000    0.00000000    0.00000000
    0.00000000    1.00000000

   28.997930   13.712713    6.484549    3.066452    1.450082
    0.685723    0.324269    0.267718    0.153342    0.091527
    0.072513    0.034291    0.030733    0.016216    0.006000

    0.00227830    0.00000000    0.00000000    0.00000000    0.00000000
    0.01197270    0.00000000    0.00000000    0.00000000    0.00000000
    0.02273230    0.00000000    0.00000000    0.00000000    0.00000000
    0.06997740    0.00000000    0.00000000    0.00000000    0.00000000
    0.12588700    0.00000000    0.00000000    0.00000000    0.00000000
    0.17597110    0.00000000    0.00000000    0.00000000    0.00000000
    0.20962750    0.00000000    0.00000000    0.00000000    0.00000000
    0.00000000    1.00000000    0.00000000    0.00000000    0.00000000
    0.25661550    0.00000000    0.00000000    0.00000000    0.00000000
    0.00000000    0.00000000    1.00000000    0.00000000    0.00000000
    0.28874140    0.00000000    0.00000000    0.00000000    0.00000000
    0.22477940    0.00000000    0.00000000    0.00000000    0.00000000
    0.00000000    0.00000000    0.00000000    1.00000000    0.00000000
    0.08294810    0.00000000    0.00000000    0.00000000    0.00000000
    0.00000000    0.00000000    0.00000000    0.00000000    1.00000000

    0.501100    0.116000    0.025400

    1.00000000    0.00000000    0.00000000
    0.00000000    1.00000000    0.00000000
    0.00000000    0.00000000    1.00000000

    0.143100    0.046500

    1.00000000    0.00000000
    0.00000000    1.00000000

Ca:aug-cc-pVTZ-ccECP
ccECP aug-cc-pVTZ for Ca | source recipes/Ca/ccECP/Ca.aug-cc-pVTZ.gamess | ccECP from Guangming Wang et al. Journal of Chemical Physics 151, 144110 (2019) https://doi.org/10.1063/1.5121006

  4
    0    1    2    3
    6    6    4    2
   17   16   14    2

   38.909972   20.573489   10.878148    5.751777    3.041228
    1.608037    0.850243    0.449563    0.237704    0.125685
    0.090426    0.066456    0.042935    0.035138    0.019981
    0.018579    0.007400

    0.00094450   -0.00018310    0.00000000    0.00000000    0.00000000
    0.00000000
   -0.01770900    0.00425520    0.00000000    0.00000000    0.00000000
    0.00000000
    0.14349340   -0.03727720    0.00000000    0.00000000    0.00000000
    0.00000000
   -0.28035140    0.07704740    0.00000000    0.00000000    0.00000000
    0.00000000
   -0.28847700    0.07822310    0.00000000    0.00000000    0.00000000
    0.00000000
    0.17248640   -0.05175260    0.00000000    0.00000000    0.00000000
    0.00000000
    0.55290080   -0.17462310    0.00000000    0.00000000    0.00000000
    0.00000000
    0.46769880   -0.25326320    0.00000000    0.00000000    0.00000000
    0.00000000
    0.09929150   -0.16061050    0.00000000    0.00000000    0.00000000
    0.00000000
    0.00665130    0.12654760    0.00000000    0.00000000    0.00000000
    0.00000000
    0.00000000    0.00000000    1.00000000    0.00000000    0.00000000
    0.00000000
   -0.00192570    0.46487670    0.00000000    0.00000000    0.00000000
    0.00000000
    0.00000000    0.00000000    0.00000000    1.00000000    0.00000000
    0.00000000
    0.00096120    0.47840060    0.00000000    0.00000000    0.00000000
    0.00000000
    0.00000000    0.00000000    0.00000000    0.00000000    1.00000000
    0.00000000
   -0.00024390    0.15642960    0.00000000    0.00000000    0.00000000
    0.00000000
    0.00000000    0.00000000    0.00000000    0.00000000    0.00000000
    1.00000000

   31.519451   15.831494    7.951795    3.994003    2.006096
    1.007616    0.506102    0.254203    0.127681    0.125510
    0.064131    0.053549    0.032211    0.022081    0.016179
    0.004900

   -0.00013110    0.00002060    0.00000000    0.00000000    0.00000000
    0.00000000
    0.00581110   -0.00124550    0.00000000    0.00000000    0.00000000
    0.00000000
   -0.04461000    0.01011140    0.00000000    0.00000000    0.00000000
    0.00000000
   -0.04239180    0.00894270    0.00000000    0.00000000    0.00000000
    0.00000000
    0.18028850   -0.04458680    0.00000000    0.00000000    0.00000000
    0.00000000
    0.40747440   -0.09627520    0.00000000    0.00000000    0.00000000
    0.00000000
    0.38646720   -0.11300730    0.00000000    0.00000000    0.00000000
    0.00000000
    0.15452190   -0.06533320    0.00000000    0.00000000    0.00000000
    0.00000000
    0.01706770    0.14680910    0.00000000    0.00000000    0.00000000
    0.00000000
    0.00000000    0.00000000    1.00000000    0.00000000    0.00000000
    0.00000000
    0.00315970    0.44119800    0.00000000    0.00000000    0.00000000
    0.00000000
    0.00000000    0.00000000    0.00000000    1.00000000    0.00000000
    0.00000000
   -0.00022470    0.42763180    0.00000000    0.00000000    0.00000000
    0.00000000
    0.00000000    0.00000000    0.00000000    0.00000000    1.00000000
    0.00000000
    0.00016830    0.12519670    0.00000000    0.00000000    0.00000000
    0.00000000
    0.00000000    0.00000000    0.00000000    0.00000000    0.00000000
    1.00000000

   28.997930   13.712713    6.484549    3.066452    1.450082
    0.685723    0.324269    0.153342    0.127163    0.072513
    0.038262    0.034291    0.016216    0.007100

    0.00227830    0.00000000    0.00000000    0.00000000
    0.01197270    0.00000000    0.00000000    0.00000000
    0.02273230    0.00000000    0.00000000    0.00000000
    0.06997740    0.00000000    0.00000000    0.00000000
    0.12588700    0.00000000    0.00000000    0.00000000
    0.17597110    0.00000000    0.00000000    0.00000000
    0.20962750    0.00000000    0.00000000    0.00000000
    0.25661550    0.00000000    0.00000000    0.00000000
    0.00000000    1.00000000    0.00000000    0.00000000
    0.28874140    0.00000000    0.00000000    0.00000000
    0.00000000    0.00000000    1.00000000    0.00000000
    0.22477940    0.00000000    0.00000000    0.00000000
    0.08294810    0.00000000    0.00000000    0.00000000
    0.00000000    0.00000000    0.00000000    1.00000000

    0.136800    0.036400

    1.00000000    0.00000000
    0.00000000    1.00000000

Ca:cc-pCV5Z-ccECP
ccECP cc-pCV5Z for Ca | source recipes/Ca/ccECP/Ca.cc-pCV5Z.gamess | ccECP from Guangming Wang et al. Journal of Chemical Physics 151, 144110 (2019) https://doi.org/10.1063/1.5121006

  6
    0    1    2    3    4    5
   12   12    9    6    4    2
   23   22   19    6    4    2

   38.909972   20.573489   10.878148    7.012966    5.751777
    4.484960    3.041228    2.868240    1.834308    1.608037
    1.173084    0.850243    0.449563    0.327434    0.237704
    0.142435    0.125685    0.079140    0.066456    0.037693
    0.035138    0.018579    0.018160

    0.00094450   -0.00018310    0.00000000    0.00000000    0.00000000
    0.00000000    0.00000000    0.00000000    0.00000000    0.00000000
    0.00000000    0.00000000
   -0.01770900    0.00425520    0.00000000    0.00000000    0.00000000
    0.00000000    0.00000000    0.00000000    0.00000000    0.00000000
    0.00000000    0.00000000
    0.14349340   -0.03727720    0.00000000    0.00000000    0.00000000
    0.00000000    0.00000000    0.00000000    0.00000000    0.00000000
    0.00000000    0.00000000
    0.00000000    0.00000000    1.00000000    0.00000000    0.00000000
    0.00000000    0.00000000    0.00000000    0.00000000    0.00000000
    0.00000000    0.00000000
   -0.28035140    0.07704740    0.00000000    0.00000000    0.00000000
    0.00000000    0.00000000    0.00000000    0.00000000    0.00000000
    0.00000000    0.00000000
    0.00000000    0.00000000    0.00000000    1.00000000    0.00000000
    0.00000000    0.00000000    0.00000000    0.00000000    0.00000000
    0.00000000    0.00000000
   -0.28847700    0.07822310    0.00000000    0.00000000    0.00000000
    0.00000000    0.00000000    0.00000000    0.00000000    0.00000000
    0.00000000    0.00000000
    0.00000000    0.00000000    0.00000000    0.00000000    1.00000000
    0.00000000    0.00000000    0.00000000    0.00000000    0.00000000
    0.00000000    0.00000000
    0.00000000    0.00000000    0.00000000    0.00000000    0.00000000
    1.00000000    0.00000000    0.00000000    0.00000000    0.00000000
    0.00000000    0.00000000
    0.17248640   -0.05175260    0.00000000    0.00000000    0.00000000
    0.00000000    0.00000000    0.00000000    0.00000000    0.00000000
    0.00000000    0.00000000
    0.00000000    0.00000000    0.00000000    0.00000000    0.00000000
    0.00000000    1.00000000    0.00000000    0.00000000    0.00000000
    0.00000000    0.00000000
    0.55290080   -0.17462310    0.00000000    0.00000000    0.00000000
    0.00000000    0.00000000    0.00000000    0.00000000    0.00000000
    0.00000000    0.00000000
    0.46769880   -0.25326320    0.00000000    0.00000000    0.00000000
    0.00000000    0.00000000    0.00000000    0.00000000    0.00000000
    0.00000000    0.00000000
    0.00000000    0.00000000    0.00000000    0.00000000    0.00000000
    0.00000000    0.00000000    1.00000000    0.00000000    0.00000000
    0.00000000    0.00000000
    0.09929150   -0.16061050    0.00000000    0.00000000    0.00000000
    0.00000000    0.00000000    0.00000000    0.00000000    0.00000000
    0.00000000    0.00000000
    0.00000000    0.00000000    0.00000000    0.00000000    0.00000000
    0.00000000    0.00000000    0.00000000    1.00000000    0.00000000
    0.00000000    0.00000000
    0.00665130    0.12654760    0.00000000    0.00000000    0.00000000
    0.00000000    0.00000000    0.00000000    0.00000000    0.00000000
    0.00000000    0.00000000
    0.00000000    0.00000000    0.00000000    0.00000000    0.00000000
    0.00000000    0.00000000    0.00000000    0.00000000    1.00000000
    0.00000000    0.00000000
   -0.00192570    0.46487670    0.00000000    0.00000000    0.00000000
    0.00000000    0.00000000    0.00000000    0.00000000    0.00000000
    0.00000000    0.00000000
    0.00000000    0.00000000    0.00000000    0.00000000    0.00000000
    0.00000000    0.00000000    0.00000000    0.00000000    0.00000000
    1.00000000    0.00000000
    0.00096120    0.47840060    0.00000000    0.00000000    0.00000000
    0.00000000    0.00000000    0.00000000    0.00000000    0.00000000
    0.00000000    0.00000000
   -0.00024390    0.15642960    0.00000000    0.00000000    0.00000000
    0.00000000    0.00000000    0.00000000    0.00000000    0.00000000
    0.00000000    0.00000000
    0.00000000    0.00000000    0.00000000    0.00000000    0.00000000
    0.00000000    0.00000000    0.00000000    0.00000000    0.00000000
    0.00000000    1.00000000

   31.519451   15.831494    7.951795    7.065700    4.206360
    3.994003    2.504134    2.006096    1.490764    1.007616
    0.887483    0.506102    0.467685    0.254203    0.233432
    0.127681    0.093217    0.064131    0.041977    0.032211
    0.018692    0.016179

   -0.00013110    0.00002060    0.00000000    0.00000000    0.00000000
    0.00000000    0.00000000    0.00000000    0.00000000    0.00000000
    0.00000000    0.00000000
    0.00581110   -0.00124550    0.00000000    0.00000000    0.00000000
    0.00000000    0.00000000    0.00000000    0.00000000    0.00000000
    0.00000000    0.00000000
   -0.04461000    0.01011140    0.00000000    0.00000000    0.00000000
    0.00000000    0.00000000    0.00000000    0.00000000    0.00000000
    0.00000000    0.00000000
    0.00000000    0.00000000    1.00000000    0.00000000    0.00000000
    0.00000000    0.00000000    0.00000000    0.00000000    0.00000000
    0.00000000    0.00000000
    0.00000000    0.00000000    0.00000000    1.00000000    0.00000000
    0.00000000    0.00000000    0.00000000    0.00000000    0.00000000
    0.00000000    0.00000000
   -0.04239180    0.00894270    0.00000000    0.00000000    0.00000000
    0.00000000    0.00000000    0.00000000    0.00000000    0.00000000
    0.00000000    0.00000000
    0.00000000    0.00000000    0.00000000    0.00000000    1.00000000
    0.00000000    0.00000000    0.00000000    0.00000000    0.00000000
    0.00000000    0.00000000
    0.18028850   -0.04458680    0.00000000    0.00000000    0.00000000
    0.00000000    0.00000000    0.00000000    0.00000000    0.00000000
    0.00000000    0.00000000
    0.00000000    0.00000000    0.00000000    0.00000000    0.00000000
    1.00000000    0.00000000    0.00000000    0.00000000    0.00000000
    0.00000000    0.00000000
    0.40747440   -0.09627520    0.00000000    0.00000000    0.00000000
    0.00000000    0.00000000    0.00000000    0.00000000    0.00000000
    0.00000000    0.00000000
    0.00000000    0.00000000    0.00000000    0.00000000    0.00000000
    0.00000000    1.00000000    0.00000000    0.00000000    0.00000000
    0.00000000    0.00000000
    0.38646720   -0.11300730    0.00000000    0.00000000    0.00000000
    0.00000000    0.00000000    0.00000000    0.00000000    0.00000000
    0.00000000    0.00000000
    0.00000000    0.00000000    0.00000000    0.00000000    0.00000000
    0.00000000    0.00000000    1.00000000    0.00000000    0.00000000
    0.00000000    0.00000000
    0.15452190   -0.06533320    0.00000000    0.00000000    0.00000000
    0.00000000    0.00000000    0.00000000    0.00000000    0.00000000
    0.00000000    0.00000000
    0.00000000    0.00000000    0.00000000    0.00000000    0.00000000
    0.00000000    0.00000000    0.00000000    1.00000000    0.00000000
    0.00000000    0.00000000
    0.01706770    0.14680910    0.00000000    0.00000000    0.00000000
    0.00000000    0.00000000    0.00000000    0.00000000    0.00000000
    0.00000000    0.00000000
    0.00000000    0.00000000    0.00000000    0.00000000    0.00000000
    0.00000000    0.00000000    0.00000000    0.00000000    1.00000000
    0.00000000    0.00000000
    0.00315970    0.44119800    0.00000000    0.00000000    0.00000000
    0.00000000    0.00000000    0.00000000    0.00000000    0.00000000
    0.00000000    0.00000000
    0.00000000    0.00000000    0.00000000    0.00000000    0.00000000
    0.00000000    0.00000000    0.00000000    0.00000000    0.00000000
    1.00000000    0.00000000
   -0.00022470    0.42763180    0.00000000    0.00000000    0.00000000
    0.00000000    0.00000000    0.00000000    0.00000000    0.00000000
    0.00000000    0.00000000
    0.00000000    0.00000000    0.00000000    0.00000000    0.00000000
    0.00000000    0.00000000    0.00000000    0.00000000    0.00000000
    0.00000000    1.00000000
    0.00016830    0.12519670    0.00000000    0.00000000    0.00000000
    0.00000000    0.00000000    0.00000000    0.00000000    0.00000000
    0.00000000    0.00000000

   28.997930   13.712713    6.484549    3.644940    3.066452
    2.350849    1.516209    1.450082    0.977898    0.685723
    0.502634    0.324269    0.189583    0.153342    0.072513
    0.070604    0.034291    0.025792    0.016216

    0.00227830    0.00000000    0.00000000    0.00000000    0.00000000
    0.00000000    0.00000000    0.00000000    0.00000000
    0.01197270    0.00000000    0.00000000    0.00000000    0.00000000
    0.00000000    0.00000000    0.00000000    0.00000000
    0.02273230    0.00000000    0.00000000    0.00000000    0.00000000
    0.00000000    0.00000000    0.00000000    0.00000000
    0.00000000    1.00000000    0.00000000    0.00000000    0.00000000
    0.00000000    0.00000000    0.00000000    0.00000000
    0.06997740    0.00000000    0.00000000    0.00000000    0.00000000
    0.00000000    0.00000000    0.00000000    0.00000000
    0.00000000    0.00000000    1.00000000    0.00000000    0.00000000
    0.00000000    0.00000000    0.00000000    0.00000000
    0.00000000    0.00000000    0.00000000    1.00000000    0.00000000
    0.00000000    0.00000000    0.00000000    0.00000000
    0.12588700    0.00000000    0.00000000    0.00000000    0.00000000
    0.00000000    0.00000000    0.00000000    0.00000000
    0.00000000    0.00000000    0.00000000    0.00000000    1.00000000
    0.00000000    0.00000000    0.00000000    0.00000000
    0.17597110    0.00000000    0.00000000    0.00000000    0.00000000
    0.00000000    0.00000000    0.00000000    0.00000000
    0.00000000    0.00000000    0.00000000    0.00000000    0.00000000
    1.00000000    0.00000000    0.00000000    0.00000000
    0.20962750    0.00000000    0.00000000    0.00000000    0.00000000
    0.00000000    0.00000000    0.00000000    0.00000000
    0.00000000    0.00000000    0.00000000    0.00000000    0.00000000
    0.00000000    1.00000000    0.00000000    0.00000000
    0.25661550    0.00000000    0.00000000    0.00000000    0.00000000
    0.00000000    0.00000000    0.00000000    0.00000000
    0.28874140    0.00000000    0.00000000    0.00000000    0.00000000
    0.00000000    0.00000000    0.00000000    0.00000000
    0.00000000    0.00000000    0.00000000    0.00000000    0.00000000
    0.00000000    0.00000000    1.00000000    0.00000000
    0.22477940    0.00000000    0.00000000    0.00000000    0.00000000
    0.00000000    0.00000000    0.00000000    0.00000000
    0.00000000    0.00000000    0.00000000    0.00000000    0.00000000
    0.00000000    0.00000000    0.00000000    1.00000000
    0.08294810    0.00000000    0.00000000    0.00000000    0.00000000
    0.00000000    0.00000000    0.00000000    0.00000000

    3.578437    2.436365    1.658789    0.736000    0.247100
    0.083000

    1.00000000    0.00000000    0.00000000    0.00000000    0.00000000
    0.00000000
    0.00000000    1.00000000    0.00000000    0.00000000    0.00000000
    0.00000000
    0.00000000    0.00000000    1.00000000    0.00000000    0.00000000
    0.00000000
    0.00000000    0.00000000    0.00000000    1.00000000    0.00000000
    0.00000000
    0.00000000    0.00000000    0.00000000    0.00000000    1.00000000
    0.00000000
    0.00000000    0.00000000    0.00000000    0.00000000    0.00000000
    1.00000000

    2.548467    1.178412    0.290200    0.096300

    1.00000000    0.00000000    0.00000000    0.00000000
    0.00000000    1.00000000    0.00000000    0.00000000
    0.00000000    0.00000000    1.00000000    0.00000000
    0.00000000    0.00000000    0.00000000    1.00000000

    2.041245    0.278500

    1.00000000    0.00000000
    0.00000000    1.00000000

Ca:cc-pCV6Z-ccECP
ccECP cc-pCV6Z for Ca | source recipes/Ca/ccECP/Ca.cc-pCV6Z.gamess | ccECP from Guangming Wang et al. Journal of Chemical Physics 151, 144110 (2019) https://doi.org/10.1063/1.5121006

  7
    0    1    2    3    4    5    6
   14   14   11    8    6    4    2
   25   24   21    8    6    4    2

   38.909972   20.573489   10.878148    8.455681    5.751777
    5.671684    3.804306    3.041228    2.551754    1.711600
    1.608037    1.148063    0.850243    0.449563    0.355000
    0.287300    0.237704    0.219600    0.151900    0.125685
    0.084200    0.066456    0.035138    0.018579    0.016500

    0.00094450   -0.00018310    0.00000000    0.00000000    0.00000000
    0.00000000    0.00000000    0.00000000    0.00000000    0.00000000
    0.00000000    0.00000000    0.00000000    0.00000000
   -0.01770900    0.00425520    0.00000000    0.00000000    0.00000000
    0.00000000    0.00000000    0.00000000    0.00000000    0.00000000
    0.00000000    0.00000000    0.00000000    0.00000000
    0.14349340   -0.03727720    0.00000000    0.00000000    0.00000000
    0.00000000    0.00000000    0.00000000    0.00000000    0.00000000
    0.00000000    0.00000000    0.00000000    0.00000000
    0.00000000    0.00000000    1.00000000    0.00000000    0.00000000
    0.00000000    0.00000000    0.00000000    0.00000000    0.00000000
    0.00000000    0.00000000    0.00000000    0.00000000
   -0.28035140    0.07704740    0.00000000    0.00000000    0.00000000
    0.00000000    0.00000000    0.00000000    0.00000000    0.00000000
    0.00000000    0.00000000    0.00000000    0.00000000
    0.00000000    0.00000000    0.00000000    1.00000000    0.00000000
    0.00000000    0.00000000    0.00000000    0.00000000    0.00000000
    0.00000000    0.00000000    0.00000000    0.00000000
    0.00000000    0.00000000    0.00000000    0.00000000    1.00000000
    0.00000000    0.00000000    0.00000000    0.00000000    0.00000000
    0.00000000    0.00000000    0.00000000    0.00000000
   -0.28847700    0.07822310    0.00000000    0.00000000    0.00000000
    0.00000000    0.00000000    0.00000000    0.00000000    0.00000000
    0.00000000    0.00000000    0.00000000    0.00000000
    0.00000000    0.00000000    0.00000000    0.00000000    0.00000000
    1.00000000    0.00000000    0.00000000    0.00000000    0.00000000
    0.00000000    0.00000000    0.00000000    0.00000000
    0.00000000    0.00000000    0.00000000    0.00000000    0.00000000
    0.00000000    1.00000000    0.00000000    0.00000000    0.00000000
    0.00000000    0.00000000    0.00000000    0.00000000
    0.17248640   -0.05175260    0.00000000    0.00000000    0.00000000
    0.00000000    0.00000000    0.00000000    0.00000000    0.00000000
    0.00000000    0.00000000    0.00000000    0.00000000
    0.00000000    0.00000000    0.00000000    0.00000000    0.00000000
    0.00000000    0.00000000    1.00000000    0.00000000    0.00000000
    0.00000000    0.00000000    0.00000000    0.00000000
    0.55290080   -0.17462310    0.00000000    0.00000000    0.00000000
    0.00000000    0.00000000    0.00000000    0.00000000    0.00000000
    0.00000000    0.00000000    0.00000000    0.00000000
    0.46769880   -0.25326320    0.00000000    0.00000000    0.00000000
    0.00000000    0.00000000    0.00000000    0.00000000    0.00000000
    0.00000000    0.00000000    0.00000000    0.00000000
    0.00000000    0.00000000    0.00000000    0.00000000    0.00000000
    0.00000000    0.00000000    0.00000000    1.00000000    0.00000000
    0.00000000    0.00000000    0.00000000    0.00000000
    0.00000000    0.00000000    0.00000000    0.00000000    0.00000000
    0.00000000    0.00000000    0.00000000    0.00000000    1.00000000
    0.00000000    0.00000000    0.00000000    0.00000000
    0.09929150   -0.16061050    0.00000000    0.00000000    0.00000000
    0.00000000    0.00000000    0.00000000    0.00000000    0.00000000
    0.00000000    0.00000000    0.00000000    0.00000000
    0.00000000    0.00000000    0.00000000    0.00000000    0.00000000
    0.00000000    0.00000000    0.00000000    0.00000000    0.00000000
    1.00000000    0.00000000    0.00000000    0.00000000
    0.00000000    0.00000000    0.00000000    0.00000000    0.00000000
    0.00000000    0.00000000    0.00000000    0.00000000    0.00000000
    0.00000000    1.00000000    0.00000000    0.00000000
    0.00665130    0.12654760    0.00000000    0.00000000    0.00000000
    0.00000000    0.00000000    0.00000000    0.00000000    0.00000000
    0.00000000    0.00000000    0.00000000    0.00000000
    0.00000000    0.00000000    0.00000000    0.00000000    0.00000000
    0.00000000    0.00000000    0.00000000    0.00000000    0.00000000
    0.00000000    0.00000000    1.00000000    0.00000000
   -0.00192570    0.46487670    0.00000000    0.00000000    0.00000000
    0.00000000    0.00000000    0.00000000    0.00000000    0.00000000
    0.00000000    0.00000000    0.00000000    0.00000000
    0.00096120    0.47840060    0.00000000    0.00000000    0.00000000
    0.00000000    0.00000000    0.00000000    0.00000000    0.00000000
    0.00000000    0.00000000    0.00000000    0.00000000
   -0.00024390    0.15642960    0.00000000    0.00000000    0.00000000
    0.00000000    0.00000000    0.00000000    0.00000000    0.00000000
    0.00000000    0.00000000    0.00000000    0.00000000
    0.00000000    0.00000000    0.00000000    0.00000000    0.00000000
    0.00000000    0.00000000    0.00000000    0.00000000    0.00000000
    0.00000000    0.00000000    0.00000000    1.00000000

   31.519451   15.831494   15.591034    8.853436    7.951795
    5.027462    3.994003    2.854866    2.006096    1.621148
    1.007616    0.920576    0.707100    0.569200    0.506102
    0.431400    0.293600    0.254203    0.155800    0.127681
    0.064131    0.032211    0.018000    0.016179

   -0.00013110    0.00002060    0.00000000    0.00000000    0.00000000
    0.00000000    0.00000000    0.00000000    0.00000000    0.00000000
    0.00000000    0.00000000    0.00000000    0.00000000
    0.00581110   -0.00124550    0.00000000    0.00000000    0.00000000
    0.00000000    0.00000000    0.00000000    0.00000000    0.00000000
    0.00000000    0.00000000    0.00000000    0.00000000
    0.00000000    0.00000000    1.00000000    0.00000000    0.00000000
    0.00000000    0.00000000    0.00000000    0.00000000    0.00000000
    0.00000000    0.00000000    0.00000000    0.00000000
    0.00000000    0.00000000    0.00000000    1.00000000    0.00000000
    0.00000000    0.00000000    0.00000000    0.00000000    0.00000000
    0.00000000    0.00000000    0.00000000    0.00000000
   -0.04461000    0.01011140    0.00000000    0.00000000    0.00000000
    0.00000000    0.00000000    0.00000000    0.00000000    0.00000000
    0.00000000    0.00000000    0.00000000    0.00000000
    0.00000000    0.00000000    0.00000000    0.00000000    1.00000000
    0.00000000    0.00000000    0.00000000    0.00000000    0.00000000
    0.00000000    0.00000000    0.00000000    0.00000000
   -0.04239180    0.00894270    0.00000000    0.00000000    0.00000000
    0.00000000    0.00000000    0.00000000    0.00000000    0.00000000
    0.00000000    0.00000000    0.00000000    0.00000000
    0.00000000    0.00000000    0.00000000    0.00000000    0.00000000
    1.00000000    0.00000000    0.00000000    0.00000000    0.00000000
    0.00000000    0.00000000    0.00000000    0.00000000
    0.18028850   -0.04458680    0.00000000    0.00000000    0.00000000
    0.00000000    0.00000000    0.00000000    0.00000000    0.00000000
    0.00000000    0.00000000    0.00000000    0.00000000
    0.00000000    0.00000000    0.00000000    0.00000000    0.00000000
    0.00000000    1.00000000    0.00000000    0.00000000    0.00000000
    0.00000000    0.00000000    0.00000000    0.00000000
    0.40747440   -0.09627520    0.00000000    0.00000000    0.00000000
    0.00000000    0.00000000    0.00000000    0.00000000    0.00000000
    0.00000000    0.00000000    0.00000000    0.00000000
    0.00000000    0.00000000    0.00000000    0.00000000    0.00000000
    0.00000000    0.00000000    1.00000000    0.00000000    0.00000000
    0.00000000    0.00000000    0.00000000    0.00000000
    0.00000000    0.00000000    0.00000000    0.00000000    0.00000000
    0.00000000    0.00000000    0.00000000    1.00000000    0.00000000
    0.00000000    0.00000000    0.00000000    0.00000000
    0.00000000    0.00000000    0.00000000    0.00000000    0.00000000
    0.00000000    0.00000000    0.00000000    0.00000000    1.00000000
    0.00000000    0.00000000    0.00000000    0.00000000
    0.38646720   -0.11300730    0.00000000    0.00000000    0.00000000
    0.00000000    0.00000000    0.00000000    0.00000000    0.00000000
    0.00000000    0.00000000    0.00000000    0.00000000
    0.00000000    0.00000000    0.00000000    0.00000000    0.00000000
    0.00000000    0.00000000    0.00000000    0.00000000    0.00000000
    1.00000000    0.00000000    0.00000000    0.00000000
    0.00000000    0.00000000    0.00000000    0.00000000    0.00000000
    0.00000000    0.00000000    0.00000000    0.00000000    0.00000000
    0.00000000    1.00000000    0.00000000    0.00000000
    0.15452190   -0.06533320    0.00000000    0.00000000    0.00000000
    0.00000000    0.00000000    0.00000000    0.00000000    0.00000000
    0.00000000    0.00000000    0.00000000    0.00000000
    0.00000000    0.00000000    0.00000000    0.00000000    0.00000000
    0.00000000    0.00000000    0.00000000    0.00000000    0.00000000
    0.00000000    0.00000000    1.00000000    0.00000000
    0.01706770    0.14680910    0.00000000    0.00000000    0.00000000
    0.00000000    0.00000000    0.00000000    0.00000000    0.00000000
    0.00000000    0.00000000    0.00000000    0.00000000
    0.00315970    0.44119800    0.00000000    0.00000000    0.00000000
    0.00000000    0.00000000    0.00000000    0.00000000    0.00000000
    0.00000000    0.00000000    0.00000000    0.00000000
   -0.00022470    0.42763180    0.00000000    0.00000000    0.00000000
    0.00000000    0.00000000    0.00000000    0.00000000    0.00000000
    0.00000000    0.00000000    0.00000000    0.00000000
    0.00000000    0.00000000    0.00000000    0.00000000    0.00000000
    0.00000000    0.00000000    0.00000000    0.00000000    0.00000000
    0.00000000    0.00000000    0.00000000    1.00000000
    0.00016830    0.12519670    0.00000000    0.00000000    0.00000000
    0.00000000    0.00000000    0.00000000    0.00000000    0.00000000
    0.00000000    0.00000000    0.00000000    0.00000000

   28.997930   17.252108   13.712713    8.905343    6.484549
    4.596838    3.066452    2.372836    1.450082    1.224831
    0.737500    0.685723    0.558700    0.380000    0.324269
    0.201200    0.153342    0.072513    0.034291    0.022500
    0.016216

    0.00227830    0.00000000    0.00000000    0.00000000    0.00000000
    0.00000000    0.00000000    0.00000000    0.00000000    0.00000000
    0.00000000
    0.00000000    1.00000000    0.00000000    0.00000000    0.00000000
    0.00000000    0.00000000    0.00000000    0.00000000    0.00000000
    0.00000000
    0.01197270    0.00000000    0.00000000    0.00000000    0.00000000
    0.00000000    0.00000000    0.00000000    0.00000000    0.00000000
    0.00000000
    0.00000000    0.00000000    0.00000000    1.00000000    0.00000000
    0.00000000    0.00000000    0.00000000    0.00000000    0.00000000
    0.00000000
    0.02273230    0.00000000    0.00000000    0.00000000    0.00000000
    0.00000000    0.00000000    0.00000000    0.00000000    0.00000000
    0.00000000
    0.00000000    0.00000000    1.00000000    0.00000000    0.00000000
    0.00000000    0.00000000    0.00000000    0.00000000    0.00000000
    0.00000000
    0.06997740    0.00000000    0.00000000    0.00000000    0.00000000
    0.00000000    0.00000000    0.00000000    0.00000000    0.00000000
    0.00000000
    0.00000000    0.00000000    0.00000000    0.00000000    1.00000000
    0.00000000    0.00000000    0.00000000    0.00000000    0.00000000
    0.00000000
    0.12588700    0.00000000    0.00000000    0.00000000    0.00000000
    0.00000000    0.00000000    0.00000000    0.00000000    0.00000000
    0.00000000
    0.00000000    0.00000000    0.00000000    0.00000000    0.00000000
    1.00000000    0.00000000    0.00000000    0.00000000    0.00000000
    0.00000000
    0.00000000    0.00000000    0.00000000    0.00000000    0.00000000
    0.00000000    1.00000000    0.00000000    0.00000000    0.00000000
    0.00000000
    0.17597110    0.00000000    0.00000000    0.00000000    0.00000000
    0.00000000    0.00000000    0.00000000    0.00000000    0.00000000
    0.00000000
    0.00000000    0.00000000    0.00000000    0.00000000    0.00000000
    0.00000000    0.00000000    1.00000000    0.00000000    0.00000000
    0.00000000
    0.00000000    0.00000000    0.00000000    0.00000000    0.00000000
    0.00000000    0.00000000    0.00000000    1.00000000    0.00000000
    0.00000000
    0.20962750    0.00000000    0.00000000    0.00000000    0.00000000
    0.00000000    0.00000000    0.00000000    0.00000000    0.00000000
    0.00000000
    0.00000000    0.00000000    0.00000000    0.00000000    0.00000000
    0.00000000    0.00000000    0.00000000    0.00000000    1.00000000
    0.00000000
    0.25661550    0.00000000    0.00000000    0.00000000    0.00000000
    0.00000000    0.00000000    0.00000000    0.00000000    0.00000000
    0.00000000
    0.28874140    0.00000000    0.00000000    0.00000000    0.00000000
    0.00000000    0.00000000    0.00000000    0.00000000    0.00000000
    0.00000000
    0.22477940    0.00000000    0.00000000    0.00000000    0.00000000
    0.00000000    0.00000000    0.00000000    0.00000000    0.00000000
    0.00000000
    0.00000000    0.00000000    0.00000000    0.00000000    0.00000000
    0.00000000    0.00000000    0.00000000    0.00000000    0.00000000
    1.00000000
    0.08294810    0.00000000    0.00000000    0.00000000    0.00000000
    0.00000000    0.00000000    0.00000000    0.00000000    0.00000000
    0.00000000

    5.379697    3.625448    2.443237    1.646529    0.970900
    0.663900    0.356900    0.050000

    1.00000000    0.00000000    0.00000000    0.00000000    0.00000000
    0.00000000    0.00000000    0.00000000
    0.00000000    1.00000000    0.00000000    0.00000000    0.00000000
    0.00000000    0.00000000    0.00000000
    0.00000000    0.00000000    1.00000000    0.00000000    0.00000000
    0.00000000    0.00000000    0.00000000
    0.00000000    0.00000000    0.00000000    1.00000000    0.00000000
    0.00000000    0.00000000    0.00000000
    0.00000000    0.00000000    0.00000000    0.00000000    1.00000000
    0.00000000    0.00000000    0.00000000
    0.00000000    0.00000000    0.00000000    0.00000000    0.00000000
    1.00000000    0.00000000    0.00000000
    0.00000000    0.00000000    0.00000000    0.00000000    0.00000000
    0.00000000    1.00000000    0.00000000
    0.00000000    0.00000000    0.00000000    0.00000000    0.00000000
    0.00000000    0.00000000    1.00000000

    3.360313    1.977922    1.164229    0.382800    0.220400
    0.058000

    1.00000000    0.00000000    0.00000000    0.00000000    0.00000000
    0.00000000
    0.00000000    1.00000000    0.00000000    0.00000000    0.00000000
    0.00000000
    0.00000000    0.00000000    1.00000000    0.00000000    0.00000000
    0.00000000
    0.00000000    0.00000000    0.00000000    1.00000000    0.00000000
    0.00000000
    0.00000000    0.00000000    0.00000000    0.00000000    1.00000000
    0.00000000
    0.00000000    0.00000000    0.00000000    0.00000000    0.00000000
    1.00000000

    3.116489    1.686147    0.564700    0.187400

    1.00000000    0.00000000    0.00000000    0.00000000
    0.00000000    1.00000000    0.00000000    0.00000000
    0.00000000    0.00000000    1.00000000    0.00000000
    0.00000000    0.00000000    0.00000000    1.00000000

    2.486037    0.600000

    1.00000000    0.00000000
    0.00000000    1.00000000

Ca:cc-pCVDZ-ccECP
ccECP cc-pCVDZ for Ca | source recipes/Ca/ccECP/Ca.cc-pCVDZ.gamess | ccECP from Guangming Wang et al. Journal of Chemical Physics 151, 144110 (2019) https://doi.org/10.1063/1.5121006

  3
    0    1    2
    6    6    3
   17   16   13

   38.909972   20.573489   10.878148    5.751777    3.041228
    1.608037    1.383790    0.850243    0.701508    0.449563
    0.237704    0.125685    0.066456    0.066369    0.035138
    0.026432    0.018579

    0.00094450   -0.00018310    0.00000000    0.00000000    0.00000000
    0.00000000
   -0.01770900    0.00425520    0.00000000    0.00000000    0.00000000
    0.00000000
    0.14349340   -0.03727720    0.00000000    0.00000000    0.00000000
    0.00000000
   -0.28035140    0.07704740    0.00000000    0.00000000    0.00000000
    0.00000000
   -0.28847700    0.07822310    0.00000000    0.00000000    0.00000000
    0.00000000
    0.17248640   -0.05175260    0.00000000    0.00000000    0.00000000
    0.00000000
    0.00000000    0.00000000    1.00000000    0.00000000    0.00000000
    0.00000000
    0.55290080   -0.17462310    0.00000000    0.00000000    0.00000000
    0.00000000
    0.00000000    0.00000000    0.00000000    1.00000000    0.00000000
    0.00000000
    0.46769880   -0.25326320    0.00000000    0.00000000    0.00000000
    0.00000000
    0.09929150   -0.16061050    0.00000000    0.00000000    0.00000000
    0.00000000
    0.00665130    0.12654760    0.00000000    0.00000000    0.00000000
    0.00000000
   -0.00192570    0.46487670    0.00000000    0.00000000    0.00000000
    0.00000000
    0.00000000    0.00000000    0.00000000    0.00000000    1.00000000
    0.00000000
    0.00096120    0.47840060    0.00000000    0.00000000    0.00000000
    0.00000000
    0.00000000    0.00000000    0.00000000    0.00000000    0.00000000
    1.00000000
   -0.00024390    0.15642960    0.00000000    0.00000000    0.00000000
    0.00000000

   31.519451   15.831494    7.951795    3.994003    2.006096
    1.007616    0.563426    0.506102    0.261483    0.254203
    0.127681    0.076223    0.064131    0.032211    0.027633
    0.016179

   -0.00013110    0.00002060    0.00000000    0.00000000    0.00000000
    0.00000000
    0.00581110   -0.00124550    0.00000000    0.00000000    0.00000000
    0.00000000
   -0.04461000    0.01011140    0.00000000    0.00000000    0.00000000
    0.00000000
   -0.04239180    0.00894270    0.00000000    0.00000000    0.00000000
    0.00000000
    0.18028850   -0.04458680    0.00000000    0.00000000    0.00000000
    0.00000000
    0.40747440   -0.09627520    0.00000000    0.00000000    0.00000000
    0.00000000
    0.00000000    0.00000000    1.00000000    0.00000000    0.00000000
    0.00000000
    0.38646720   -0.11300730    0.00000000    0.00000000    0.00000000
    0.00000000
    0.00000000    0.00000000    0.00000000    1.00000000    0.00000000
    0.00000000
    0.15452190   -0.06533320    0.00000000    0.00000000    0.00000000
    0.00000000
    0.01706770    0.14680910    0.00000000    0.00000000    0.00000000
    0.00000000
    0.00000000    0.00000000    0.00000000    0.00000000    1.00000000
    0.00000000
    0.00315970    0.44119800    0.00000000    0.00000000    0.00000000
    0.00000000
   -0.00022470    0.42763180    0.00000000    0.00000000    0.00000000
    0.00000000
    0.00000000    0.00000000    0.00000000    0.00000000    0.00000000
    1.00000000
    0.00016830    0.12519670    0.00000000    0.00000000    0.00000000
    0.00000000

   28.997930   13.712713    6.484549    3.066452    1.493098
    1.450082    0.685723    0.324269    0.153342    0.072513
    0.050522    0.034291    0.016216

    0.00227830    0.00000000    0.00000000
    0.01197270    0.00000000    0.00000000
    0.02273230    0.00000000    0.00000000
    0.06997740    0.00000000    0.00000000
    0.00000000    1.00000000    0.00000000
    0.12588700    0.00000000    0.00000000
    0.17597110    0.00000000    0.00000000
    0.20962750    0.00000000    0.00000000
    0.25661550    0.00000000    0.00000000
    0.28874140    0.00000000    0.00000000
    0.00000000    0.00000000    1.00000000
    0.22477940    0.00000000    0.00000000
    0.08294810    0.00000000    0.00000000

Ca:cc-pCVQZ-ccECP
ccECP cc-pCVQZ for Ca | source recipes/Ca/ccECP/Ca.cc-pCVQZ.gamess | ccECP from Guangming Wang et al. Journal of Chemical Physics 151, 144110 (2019) https://doi.org/10.1063/1.5121006

  5
    0    1    2    3    4
   10   10    7    4    2
   21   20   17    4    2

   38.909972   20.573489   10.878148    5.751777    4.502074
    3.041228    2.275854    1.608037    1.150472    0.850243
    0.581578    0.449563    0.299840    0.237704    0.125685
    0.087500    0.066456    0.042030    0.035138    0.019731
    0.018579

    0.00094450   -0.00018310    0.00000000    0.00000000    0.00000000
    0.00000000    0.00000000    0.00000000    0.00000000    0.00000000
   -0.01770900    0.00425520    0.00000000    0.00000000    0.00000000
    0.00000000    0.00000000    0.00000000    0.00000000    0.00000000
    0.14349340   -0.03727720    0.00000000    0.00000000    0.00000000
    0.00000000    0.00000000    0.00000000    0.00000000    0.00000000
   -0.28035140    0.07704740    0.00000000    0.00000000    0.00000000
    0.00000000    0.00000000    0.00000000    0.00000000    0.00000000
    0.00000000    0.00000000    1.00000000    0.00000000    0.00000000
    0.00000000    0.00000000    0.00000000    0.00000000    0.00000000
   -0.28847700    0.07822310    0.00000000    0.00000000    0.00000000
    0.00000000    0.00000000    0.00000000    0.00000000    0.00000000
    0.00000000    0.00000000    0.00000000    1.00000000    0.00000000
    0.00000000    0.00000000    0.00000000    0.00000000    0.00000000
    0.17248640   -0.05175260    0.00000000    0.00000000    0.00000000
    0.00000000    0.00000000    0.00000000    0.00000000    0.00000000
    0.00000000    0.00000000    0.00000000    0.00000000    1.00000000
    0.00000000    0.00000000    0.00000000    0.00000000    0.00000000
    0.55290080   -0.17462310    0.00000000    0.00000000    0.00000000
    0.00000000    0.00000000    0.00000000    0.00000000    0.00000000
    0.00000000    0.00000000    0.00000000    0.00000000    0.00000000
    1.00000000    0.00000000    0.00000000    0.00000000    0.00000000
    0.46769880   -0.25326320    0.00000000    0.00000000    0.00000000
    0.00000000    0.00000000    0.00000000    0.00000000    0.00000000
    0.00000000    0.00000000    0.00000000    0.00000000    0.00000000
    0.00000000    1.00000000    0.00000000    0.00000000    0.00000000
    0.09929150   -0.16061050    0.00000000    0.00000000    0.00000000
    0.00000000    0.00000000    0.00000000    0.00000000    0.00000000
    0.00665130    0.12654760    0.00000000    0.00000000    0.00000000
    0.00000000    0.00000000    0.00000000    0.00000000    0.00000000
    0.00000000    0.00000000    0.00000000    0.00000000    0.00000000
    0.00000000    0.00000000    1.00000000    0.00000000    0.00000000
   -0.00192570    0.46487670    0.00000000    0.00000000    0.00000000
    0.00000000    0.00000000    0.00000000    0.00000000    0.00000000
    0.00000000    0.00000000    0.00000000    0.00000000    0.00000000
    0.00000000    0.00000000    0.00000000    1.00000000    0.00000000
    0.00096120    0.47840060    0.00000000    0.00000000    0.00000000
    0.00000000    0.00000000    0.00000000    0.00000000    0.00000000
    0.00000000    0.00000000    0.00000000    0.00000000    0.00000000
    0.00000000    0.00000000    0.00000000    0.00000000    1.00000000
   -0.00024390    0.15642960    0.00000000    0.00000000    0.00000000
    0.00000000    0.00000000    0.00000000    0.00000000    0.00000000

   31.519451   15.831494    7.951795    3.994003    3.909234
    2.021526    2.006096    1.045362    1.007616    0.540573
    0.506102    0.254203    0.228266    0.127681    0.092361
    0.064131    0.041625    0.032211    0.018573    0.016179

   -0.00013110    0.00002060    0.00000000    0.00000000    0.00000000
    0.00000000    0.00000000    0.00000000    0.00000000    0.00000000
    0.00581110   -0.00124550    0.00000000    0.00000000    0.00000000
    0.00000000    0.00000000    0.00000000    0.00000000    0.00000000
   -0.04461000    0.01011140    0.00000000    0.00000000    0.00000000
    0.00000000    0.00000000    0.00000000    0.00000000    0.00000000
   -0.04239180    0.00894270    0.00000000    0.00000000    0.00000000
    0.00000000    0.00000000    0.00000000    0.00000000    0.00000000
    0.00000000    0.00000000    1.00000000    0.00000000    0.00000000
    0.00000000    0.00000000    0.00000000    0.00000000    0.00000000
    0.00000000    0.00000000    0.00000000    1.00000000    0.00000000
    0.00000000    0.00000000    0.00000000    0.00000000    0.00000000
    0.18028850   -0.04458680    0.00000000    0.00000000    0.00000000
    0.00000000    0.00000000    0.00000000    0.00000000    0.00000000
    0.00000000    0.00000000    0.00000000    0.00000000    1.00000000
    0.00000000    0.00000000    0.00000000    0.00000000    0.00000000
    0.40747440   -0.09627520    0.00000000    0.00000000    0.00000000
    0.00000000    0.00000000    0.00000000    0.00000000    0.00000000
    0.00000000    0.00000000    0.00000000    0.00000000    0.00000000
    1.00000000    0.00000000    0.00000000    0.00000000    0.00000000
    0.38646720   -0.11300730    0.00000000    0.00000000    0.00000000
    0.00000000    0.00000000    0.00000000    0.00000000    0.00000000
    0.15452190   -0.06533320    0.00000000    0.00000000    0.00000000
    0.00000000    0.00000000    0.00000000    0.00000000    0.00000000
    0.00000000    0.00000000    0.00000000    0.00000000    0.00000000
    0.00000000    1.00000000    0.00000000    0.00000000    0.00000000
    0.01706770    0.14680910    0.00000000    0.00000000    0.00000000
    0.00000000    0.00000000    0.00000000    0.00000000    0.00000000
    0.00000000    0.00000000    0.00000000    0.00000000    0.00000000
    0.00000000    0.00000000    1.00000000    0.00000000    0.00000000
    0.00315970    0.44119800    0.00000000    0.00000000    0.00000000
    0.00000000    0.00000000    0.00000000    0.00000000    0.00000000
    0.00000000    0.00000000    0.00000000    0.00000000    0.00000000
    0.00000000    0.00000000    0.00000000    1.00000000    0.00000000
   -0.00022470    0.42763180    0.00000000    0.00000000    0.00000000
    0.00000000    0.00000000    0.00000000    0.00000000    0.00000000
    0.00000000    0.00000000    0.00000000    0.00000000    0.00000000
    0.00000000    0.00000000    0.00000000    0.00000000    1.00000000
    0.00016830    0.12519670    0.00000000    0.00000000    0.00000000
    0.00000000    0.00000000    0.00000000    0.00000000    0.00000000

   28.997930   13.712713    6.484549    3.066452    2.531844
    1.450082    1.361957    0.732638    0.685723    0.324269
    0.267718    0.153342    0.091527    0.072513    0.034291
    0.030733    0.016216

    0.00227830    0.00000000    0.00000000    0.00000000    0.00000000
    0.00000000    0.00000000
    0.01197270    0.00000000    0.00000000    0.00000000    0.00000000
    0.00000000    0.00000000
    0.02273230    0.00000000    0.00000000    0.00000000    0.00000000
    0.00000000    0.00000000
    0.06997740    0.00000000    0.00000000    0.00000000    0.00000000
    0.00000000    0.00000000
    0.00000000    1.00000000    0.00000000    0.00000000    0.00000000
    0.00000000    0.00000000
    0.12588700    0.00000000    0.00000000    0.00000000    0.00000000
    0.00000000    0.00000000
    0.00000000    0.00000000    1.00000000    0.00000000    0.00000000
    0.00000000    0.00000000
    0.00000000    0.00000000    0.00000000    1.00000000    0.00000000
    0.00000000    0.00000000
    0.17597110    0.00000000    0.00000000    0.00000000    0.00000000
    0.00000000    0.00000000
    0.20962750    0.00000000    0.00000000    0.00000000    0.00000000
    0.00000000    0.00000000
    0.00000000    0.00000000    0.00000000    0.00000000    1.00000000
    0.00000000    0.00000000
    0.25661550    0.00000000    0.00000000    0.00000000    0.00000000
    0.00000000    0.00000000
    0.00000000    0.00000000    0.00000000    0.00000000    0.00000000
    1.00000000    0.00000000
    0.28874140    0.00000000    0.00000000    0.00000000    0.00000000
    0.00000000    0.00000000
    0.22477940    0.00000000    0.00000000    0.00000000    0.00000000
    0.00000000    0.00000000
    0.00000000    0.00000000    0.00000000    0.00000000    0.00000000
    0.00000000    1.00000000
    0.08294810    0.00000000    0.00000000    0.00000000    0.00000000
    0.00000000    0.00000000

    2.643539    1.288079    0.501100    0.116000

    1.00000000    0.00000000    0.00000000    0.00000000
    0.00000000    1.00000000    0.00000000    0.00000000
    0.00000000    0.00000000    1.00000000    0.00000000
    0.00000000    0.00000000    0.00000000    1.00000000

    1.638534    0.143100

    1.00000000    0.00000000
    0.00000000    1.00000000

Ca:cc-pCVTZ-ccECP
ccECP cc-pCVTZ for Ca | source recipes/Ca/ccECP/Ca.cc-pCVTZ.gamess | ccECP from Guangming Wang et al. Journal of Chemical Physics 151, 144110 (2019) https://doi.org/10.1063/1.5121006

  4
    0    1    2    3
    8    8    5    2
   19   18   15    2

   38.909972   20.573489   10.878148    5.751777    3.041228
    1.633930    1.608037    0.957624    0.850243    0.561250
    0.449563    0.237704    0.125685    0.090426    0.066456
    0.042935    0.035138    0.019981    0.018579

    0.00094450   -0.00018310    0.00000000    0.00000000    0.00000000
    0.00000000    0.00000000    0.00000000
   -0.01770900    0.00425520    0.00000000    0.00000000    0.00000000
    0.00000000    0.00000000    0.00000000
    0.14349340   -0.03727720    0.00000000    0.00000000    0.00000000
    0.00000000    0.00000000    0.00000000
   -0.28035140    0.07704740    0.00000000    0.00000000    0.00000000
    0.00000000    0.00000000    0.00000000
   -0.28847700    0.07822310    0.00000000    0.00000000    0.00000000
    0.00000000    0.00000000    0.00000000
    0.00000000    0.00000000    1.00000000    0.00000000    0.00000000
    0.00000000    0.00000000    0.00000000
    0.17248640   -0.05175260    0.00000000    0.00000000    0.00000000
    0.00000000    0.00000000    0.00000000
    0.00000000    0.00000000    0.00000000    1.00000000    0.00000000
    0.00000000    0.00000000    0.00000000
    0.55290080   -0.17462310    0.00000000    0.00000000    0.00000000
    0.00000000    0.00000000    0.00000000
    0.00000000    0.00000000    0.00000000    0.00000000    1.00000000
    0.00000000    0.00000000    0.00000000
    0.46769880   -0.25326320    0.00000000    0.00000000    0.00000000
    0.00000000    0.00000000    0.00000000
    0.09929150   -0.16061050    0.00000000    0.00000000    0.00000000
    0.00000000    0.00000000    0.00000000
    0.00665130    0.12654760    0.00000000    0.00000000    0.00000000
    0.00000000    0.00000000    0.00000000
    0.00000000    0.00000000    0.00000000    0.00000000    0.00000000
    1.00000000    0.00000000    0.00000000
   -0.00192570    0.46487670    0.00000000    0.00000000    0.00000000
    0.00000000    0.00000000    0.00000000
    0.00000000    0.00000000    0.00000000    0.00000000    0.00000000
    0.00000000    1.00000000    0.00000000
    0.00096120    0.47840060    0.00000000    0.00000000    0.00000000
    0.00000000    0.00000000    0.00000000
    0.00000000    0.00000000    0.00000000    0.00000000    0.00000000
    0.00000000    0.00000000    1.00000000
   -0.00024390    0.15642960    0.00000000    0.00000000    0.00000000
    0.00000000    0.00000000    0.00000000

   31.519451   15.831494    7.951795    3.994003    2.317268
    2.006096    1.045363    1.007616    0.506102    0.471583
    0.254203    0.127681    0.125510    0.064131    0.053549
    0.032211    0.022081    0.016179

   -0.00013110    0.00002060    0.00000000    0.00000000    0.00000000
    0.00000000    0.00000000    0.00000000
    0.00581110   -0.00124550    0.00000000    0.00000000    0.00000000
    0.00000000    0.00000000    0.00000000
   -0.04461000    0.01011140    0.00000000    0.00000000    0.00000000
    0.00000000    0.00000000    0.00000000
   -0.04239180    0.00894270    0.00000000    0.00000000    0.00000000
    0.00000000    0.00000000    0.00000000
    0.00000000    0.00000000    1.00000000    0.00000000    0.00000000
    0.00000000    0.00000000    0.00000000
    0.18028850   -0.04458680    0.00000000    0.00000000    0.00000000
    0.00000000    0.00000000    0.00000000
    0.00000000    0.00000000    0.00000000    1.00000000    0.00000000
    0.00000000    0.00000000    0.00000000
    0.40747440   -0.09627520    0.00000000    0.00000000    0.00000000
    0.00000000    0.00000000    0.00000000
    0.38646720   -0.11300730    0.00000000    0.00000000    0.00000000
    0.00000000    0.00000000    0.00000000
    0.00000000    0.00000000    0.00000000    0.00000000    1.00000000
    0.00000000    0.00000000    0.00000000
    0.15452190   -0.06533320    0.00000000    0.00000000    0.00000000
    0.00000000    0.00000000    0.00000000
    0.01706770    0.14680910    0.00000000    0.00000000    0.00000000
    0.00000000    0.00000000    0.00000000
    0.00000000    0.00000000    0.00000000    0.00000000    0.00000000
    1.00000000    0.00000000    0.00000000
    0.00315970    0.44119800    0.00000000    0.00000000    0.00000000
    0.00000000    0.00000000    0.00000000
    0.00000000    0.00000000    0.00000000    0.00000000    0.00000000
    0.00000000    1.00000000    0.00000000
   -0.00022470    0.42763180    0.00000000    0.00000000    0.00000000
    0.00000000    0.00000000    0.00000000
    0.00000000    0.00000000    0.00000000    0.00000000    0.00000000
    0.00000000    0.00000000    1.00000000
    0.00016830    0.12519670    0.00000000    0.00000000    0.00000000
    0.00000000    0.00000000    0.00000000

   28.997930   13.712713    6.484549    3.066452    1.450082
    1.277696    0.685723    0.475378    0.324269    0.153342
    0.127163    0.072513    0.038262    0.034291    0.016216

    0.00227830    0.00000000    0.00000000    0.00000000    0.00000000
    0.01197270    0.00000000    0.00000000    0.00000000    0.00000000
    0.02273230    0.00000000    0.00000000    0.00000000    0.00000000
    0.06997740    0.00000000    0.00000000    0.00000000    0.00000000
    0.12588700    0.00000000    0.00000000    0.00000000    0.00000000
    0.00000000    1.00000000    0.00000000    0.00000000    0.00000000
    0.17597110    0.00000000    0.00000000    0.00000000    0.00000000
    0.00000000    0.00000000    1.00000000    0.00000000    0.00000000
    0.20962750    0.00000000    0.00000000    0.00000000    0.00000000
    0.25661550    0.00000000    0.00000000    0.00000000    0.00000000
    0.00000000    0.00000000    0.00000000    1.00000000    0.00000000
    0.28874140    0.00000000    0.00000000    0.00000000    0.00000000
    0.00000000    0.00000000    0.00000000    0.00000000    1.00000000
    0.22477940    0.00000000    0.00000000    0.00000000    0.00000000
    0.08294810    0.00000000    0.00000000    0.00000000    0.00000000

    1.454974    0.136800

    1.00000000    0.00000000
    0.00000000    1.00000000

Ca:cc-pV5Z-ccECP
ccECP cc-pV5Z for Ca | source recipes/Ca/ccECP/Ca.cc-pV5Z.gamess | ccECP from Guangming Wang et al. Journal of Chemical Physics 151, 144110 (2019) https://doi.org/10.1063/1.5121006

  6
    0    1    2    3    4    5
    7    7    5    3    2    1
   18   17   15    3    2    1

   38.909972   20.573489   10.878148    5.751777    3.041228
    1.608037    0.850243    0.449563    0.327434    0.237704
    0.142435    0.125685    0.079140    0.066456    0.037693
    0.035138    0.018579    0.018160

    0.00094450   -0.00018310    0.00000000    0.00000000    0.00000000
    0.00000000    0.00000000
   -0.01770900    0.00425520    0.00000000    0.00000000    0.00000000
    0.00000000    0.00000000
    0.14349340   -0.03727720    0.00000000    0.00000000    0.00000000
    0.00000000    0.00000000
   -0.28035140    0.07704740    0.00000000    0.00000000    0.00000000
    0.00000000    0.00000000
   -0.28847700    0.07822310    0.00000000    0.00000000    0.00000000
    0.00000000    0.00000000
    0.17248640   -0.05175260    0.00000000    0.00000000    0.00000000
    0.00000000    0.00000000
    0.55290080   -0.17462310    0.00000000    0.00000000    0.00000000
    0.00000000    0.00000000
    0.46769880   -0.25326320    0.00000000    0.00000000    0.00000000
    0.00000000    0.00000000
    0.00000000    0.00000000    1.00000000    0.00000000    0.00000000
    0.00000000    0.00000000
    0.09929150   -0.16061050    0.00000000    0.00000000    0.00000000
    0.00000000    0.00000000
    0.00000000    0.00000000    0.00000000    1.00000000    0.00000000
    0.00000000    0.00000000
    0.00665130    0.12654760    0.00000000    0.00000000    0.00000000
    0.00000000    0.00000000
    0.00000000    0.00000000    0.00000000    0.00000000    1.00000000
    0.00000000    0.00000000
   -0.00192570    0.46487670    0.00000000    0.00000000    0.00000000
    0.00000000    0.00000000
    0.00000000    0.00000000    0.00000000    0.00000000    0.00000000
    1.00000000    0.00000000
    0.00096120    0.47840060    0.00000000    0.00000000    0.00000000
    0.00000000    0.00000000
   -0.00024390    0.15642960    0.00000000    0.00000000    0.00000000
    0.00000000    0.00000000
    0.00000000    0.00000000    0.00000000    0.00000000    0.00000000
    0.00000000    1.00000000

   31.519451   15.831494    7.951795    3.994003    2.006096
    1.007616    0.506102    0.467685    0.254203    0.233432
    0.127681    0.093217    0.064131    0.041977    0.032211
    0.018692    0.016179

   -0.00013110    0.00002060    0.00000000    0.00000000    0.00000000
    0.00000000    0.00000000
    0.00581110   -0.00124550    0.00000000    0.00000000    0.00000000
    0.00000000    0.00000000
   -0.04461000    0.01011140    0.00000000    0.00000000    0.00000000
    0.00000000    0.00000000
   -0.04239180    0.00894270    0.00000000    0.00000000    0.00000000
    0.00000000    0.00000000
    0.18028850   -0.04458680    0.00000000    0.00000000    0.00000000
    0.00000000    0.00000000
    0.40747440   -0.09627520    0.00000000    0.00000000    0.00000000
    0.00000000    0.00000000
    0.38646720   -0.11300730    0.00000000    0.00000000    0.00000000
    0.00000000    0.00000000
    0.00000000    0.00000000    1.00000000    0.00000000    0.00000000
    0.00000000    0.00000000
    0.15452190   -0.06533320    0.00000000    0.00000000    0.00000000
    0.00000000    0.00000000
    0.00000000    0.00000000    0.00000000    1.00000000    0.00000000
    0.00000000    0.00000000
    0.01706770    0.14680910    0.00000000    0.00000000    0.00000000
    0.00000000    0.00000000
    0.00000000    0.00000000    0.00000000    0.00000000    1.00000000
    0.00000000    0.00000000
    0.00315970    0.44119800    0.00000000    0.00000000    0.00000000
    0.00000000    0.00000000
    0.00000000    0.00000000    0.00000000    0.00000000    0.00000000
    1.00000000    0.00000000
   -0.00022470    0.42763180    0.00000000    0.00000000    0.00000000
    0.00000000    0.00000000
    0.00000000    0.00000000    0.00000000    0.00000000    0.00000000
    0.00000000    1.00000000
    0.00016830    0.12519670    0.00000000    0.00000000    0.00000000
    0.00000000    0.00000000

   28.997930   13.712713    6.484549    3.066452    1.450082
    0.685723    0.502634    0.324269    0.189583    0.153342
    0.072513    0.070604    0.034291    0.025792    0.016216

    0.00227830    0.00000000    0.00000000    0.00000000    0.00000000
    0.01197270    0.00000000    0.00000000    0.00000000    0.00000000
    0.02273230    0.00000000    0.00000000    0.00000000    0.00000000
    0.06997740    0.00000000    0.00000000    0.00000000    0.00000000
    0.12588700    0.00000000    0.00000000    0.00000000    0.00000000
    0.17597110    0.00000000    0.00000000    0.00000000    0.00000000
    0.00000000    1.00000000    0.00000000    0.00000000    0.00000000
    0.20962750    0.00000000    0.00000000    0.00000000    0.00000000
    0.00000000    0.00000000    1.00000000    0.00000000    0.00000000
    0.25661550    0.00000000    0.00000000    0.00000000    0.00000000
    0.28874140    0.00000000    0.00000000    0.00000000    0.00000000
    0.00000000    0.00000000    0.00000000    1.00000000    0.00000000
    0.22477940    0.00000000    0.00000000    0.00000000    0.00000000
    0.00000000    0.00000000    0.00000000    0.00000000    1.00000000
    0.08294810    0.00000000    0.00000000    0.00000000    0.00000000

    0.736000    0.247100    0.083000

    1.00000000    0.00000000    0.00000000
    0.00000000    1.00000000    0.00000000
    0.00000000    0.00000000    1.00000000

    0.290200    0.096300

    1.00000000    0.00000000
    0.00000000    1.00000000

    0.278500

    1.00000000

Ca:cc-pV6Z-ccECP
ccECP cc-pV6Z for Ca | source recipes/Ca/ccECP/Ca.cc-pV6Z.gamess | ccECP from Guangming Wang et al. Journal of Chemical Physics 151, 144110 (2019) https://doi.org/10.1063/1.5121006

  7
    0    1    2    3    4    5    6
    8    8    6    4    3    2    1
   19   18   16    4    3    2    1

   38.909972   20.573489   10.878148    5.751777    3.041228
    1.608037    0.850243    0.449563    0.355000    0.287300
    0.237704    0.219600    0.151900    0.125685    0.084200
    0.066456    0.035138    0.018579    0.016500

    0.00094450   -0.00018310    0.00000000    0.00000000    0.00000000
    0.00000000    0.00000000    0.00000000
   -0.01770900    0.00425520    0.00000000    0.00000000    0.00000000
    0.00000000    0.00000000    0.00000000
    0.14349340   -0.03727720    0.00000000    0.00000000    0.00000000
    0.00000000    0.00000000    0.00000000
   -0.28035140    0.07704740    0.00000000    0.00000000    0.00000000
    0.00000000    0.00000000    0.00000000
   -0.28847700    0.07822310    0.00000000    0.00000000    0.00000000
    0.00000000    0.00000000    0.00000000
    0.17248640   -0.05175260    0.00000000    0.00000000    0.00000000
    0.00000000    0.00000000    0.00000000
    0.55290080   -0.17462310    0.00000000    0.00000000    0.00000000
    0.00000000    0.00000000    0.00000000
    0.46769880   -0.25326320    0.00000000    0.00000000    0.00000000
    0.00000000    0.00000000    0.00000000
    0.00000000    0.00000000    1.00000000    0.00000000    0.00000000
    0.00000000    0.00000000    0.00000000
    0.00000000    0.00000000    0.00000000    1.00000000    0.00000000
    0.00000000    0.00000000    0.00000000
    0.09929150   -0.16061050    0.00000000    0.00000000    0.00000000
    0.00000000    0.00000000    0.00000000
    0.00000000    0.00000000    0.00000000    0.00000000    1.00000000
    0.00000000    0.00000000    0.00000000
    0.00000000    0.00000000    0.00000000    0.00000000    0.00000000
    1.00000000    0.00000000    0.00000000
    0.00665130    0.12654760    0.00000000    0.00000000    0.00000000
    0.00000000    0.00000000    0.00000000
    0.00000000    0.00000000    0.00000000    0.00000000    0.00000000
    0.00000000    1.00000000    0.00000000
   -0.00192570    0.46487670    0.00000000    0.00000000    0.00000000
    0.00000000    0.00000000    0.00000000
    0.00096120    0.47840060    0.00000000    0.00000000    0.00000000
    0.00000000    0.00000000    0.00000000
   -0.00024390    0.15642960    0.00000000    0.00000000    0.00000000
    0.00000000    0.00000000    0.00000000
    0.00000000    0.00000000    0.00000000    0.00000000    0.00000000
    0.00000000    0.00000000    1.00000000

   31.519451   15.831494    7.951795    3.994003    2.006096
    1.007616    0.707100    0.569200    0.506102    0.431400
    0.293600    0.254203    0.155800    0.127681    0.064131
    0.032211    0.018000    0.016179

   -0.00013110    0.00002060    0.00000000    0.00000000    0.00000000
    0.00000000    0.00000000    0.00000000
    0.00581110   -0.00124550    0.00000000    0.00000000    0.00000000
    0.00000000    0.00000000    0.00000000
   -0.04461000    0.01011140    0.00000000    0.00000000    0.00000000
    0.00000000    0.00000000    0.00000000
   -0.04239180    0.00894270    0.00000000    0.00000000    0.00000000
    0.00000000    0.00000000    0.00000000
    0.18028850   -0.04458680    0.00000000    0.00000000    0.00000000
    0.00000000    0.00000000    0.00000000
    0.40747440   -0.09627520    0.00000000    0.00000000    0.00000000
    0.00000000    0.00000000    0.00000000
    0.00000000    0.00000000    1.00000000    0.00000000    0.00000000
    0.00000000    0.00000000    0.00000000
    0.00000000    0.00000000    0.00000000    1.00000000    0.00000000
    0.00000000    0.00000000    0.00000000
    0.38646720   -0.11300730    0.00000000    0.00000000    0.00000000
    0.00000000    0.00000000    0.00000000
    0.00000000    0.00000000    0.00000000    0.00000000    1.00000000
    0.00000000    0.00000000    0.00000000
    0.00000000    0.00000000    0.00000000    0.00000000    0.00000000
    1.00000000    0.00000000    0.00000000
    0.15452190   -0.06533320    0.00000000    0.00000000    0.00000000
    0.00000000    0.00000000    0.00000000
    0.00000000    0.00000000    0.00000000    0.00000000    0.00000000
    0.00000000    1.00000000    0.00000000
    0.01706770    0.14680910    0.00000000    0.00000000    0.00000000
    0.00000000    0.00000000    0.00000000
    0.00315970    0.44119800    0.00000000    0.00000000    0.00000000
    0.00000000    0.00000000    0.00000000
   -0.00022470    0.42763180    0.00000000    0.00000000    0.00000000
    0.00000000    0.00000000    0.00000000
    0.00000000    0.00000000    0.00000000    0.00000000    0.00000000
    0.00000000    0.00000000    1.00000000
    0.00016830    0.12519670    0.00000000    0.00000000    0.00000000
    0.00000000    0.00000000    0.00000000

   28.997930   13.712713    6.484549    3.066452    1.450082
    0.737500    0.685723    0.558700    0.380000    0.324269
    0.201200    0.153342    0.072513    0.034291    0.022500
    0.016216

    0.00227830    0.00000000    0.00000000    0.00000000    0.00000000
    0.00000000
    0.01197270    0.00000000    0.00000000    0.00000000    0.00000000
    0.00000000
    0.02273230    0.00000000    0.00000000    0.00000000    0.00000000
    0.00000000
    0.06997740    0.00000000    0.00000000    0.00000000    0.00000000
    0.00000000
    0.12588700    0.00000000    0.00000000    0.00000000    0.00000000
    0.00000000
    0.00000000    1.00000000    0.00000000    0.00000000    0.00000000
    0.00000000
    0.17597110    0.00000000    0.00000000    0.00000000    0.00000000
    0.00000000
    0.00000000    0.00000000    1.00000000    0.00000000    0.00000000
    0.00000000
    0.00000000    0.00000000    0.00000000    1.00000000    0.00000000
    0.00000000
    0.20962750    0.00000000    0.00000000    0.00000000    0.00000000
    0.00000000
    0.00000000    0.00000000    0.00000000    0.00000000    1.00000000
    0.00000000
    0.25661550    0.00000000    0.00000000    0.00000000    0.00000000
    0.00000000
    0.28874140    0.00000000    0.00000000    0.00000000    0.00000000
    0.00000000
    0.22477940    0.00000000    0.00000000    0.00000000    0.00000000
    0.00000000
    0.00000000    0.00000000    0.00000000    0.00000000    0.00000000
    1.00000000
    0.08294810    0.00000000    0.00000000    0.00000000    0.00000000
    0.00000000

    0.970900    0.663900    0.356900    0.050000

    1.00000000    0.00000000    0.00000000    0.00000000
    0.00000000    1.00000000    0.00000000    0.00000000
    0.00000000    0.00000000    1.00000000    0.00000000
    0.00000000    0.00000000    0.00000000    1.00000000

    0.382800    0.220400    0.058000

    1.00000000    0.00000000    0.00000000
    0.00000000    1.00000000    0.00000000
    0.00000000    0.00000000    1.00000000

    0.564700    0.187400

    1.00000000    0.00000000
    0.00000000    1.00000000

    0.600000

    1.00000000

Ca:cc-pVDZ-ccECP
ccECP cc-pVDZ for Ca | source recipes/Ca/ccECP/Ca.cc-pVDZ.gamess | ccECP from Guangming Wang et al. Journal of Chemical Physics 151, 144110 (2019) https://doi.org/10.1063/1.5121006

  3
    0    1    2
    4    4    2
   15   14   12

   38.909972   20.573489   10.878148    5.751777    3.041228
    1.608037    0.850243    0.449563    0.237704    0.125685
    0.066456    0.066369    0.035138    0.026432    0.018579

    0.00094450   -0.00018310    0.00000000    0.00000000
   -0.01770900    0.00425520    0.00000000    0.00000000
    0.14349340   -0.03727720    0.00000000    0.00000000
   -0.28035140    0.07704740    0.00000000    0.00000000
   -0.28847700    0.07822310    0.00000000    0.00000000
    0.17248640   -0.05175260    0.00000000    0.00000000
    0.55290080   -0.17462310    0.00000000    0.00000000
    0.46769880   -0.25326320    0.00000000    0.00000000
    0.09929150   -0.16061050    0.00000000    0.00000000
    0.00665130    0.12654760    0.00000000    0.00000000
   -0.00192570    0.46487670    0.00000000    0.00000000
    0.00000000    0.00000000    1.00000000    0.00000000
    0.00096120    0.47840060    0.00000000    0.00000000
    0.00000000    0.00000000    0.00000000    1.00000000
   -0.00024390    0.15642960    0.00000000    0.00000000

   31.519451   15.831494    7.951795    3.994003    2.006096
    1.007616    0.506102    0.254203    0.127681    0.076223
    0.064131    0.032211    0.027633    0.016179

   -0.00013110    0.00002060    0.00000000    0.00000000
    0.00581110   -0.00124550    0.00000000    0.00000000
   -0.04461000    0.01011140    0.00000000    0.00000000
   -0.04239180    0.00894270    0.00000000    0.00000000
    0.18028850   -0.04458680    0.00000000    0.00000000
    0.40747440   -0.09627520    0.00000000    0.00000000
    0.38646720   -0.11300730    0.00000000    0.00000000
    0.15452190   -0.06533320    0.00000000    0.00000000
    0.01706770    0.14680910    0.00000000    0.00000000
    0.00000000    0.00000000    1.00000000    0.00000000
    0.00315970    0.44119800    0.00000000    0.00000000
   -0.00022470    0.42763180    0.00000000    0.00000000
    0.00000000    0.00000000    0.00000000    1.00000000
    0.00016830    0.12519670    0.00000000    0.00000000

   28.997930   13.712713    6.484549    3.066452    1.450082
    0.685723    0.324269    0.153342    0.072513    0.050522
    0.034291    0.016216

    0.00227830    0.00000000
    0.01197270    0.00000000
    0.02273230    0.00000000
    0.06997740    0.00000000
    0.12588700    0.00000000
    0.17597110    0.00000000
    0.20962750    0.00000000
    0.25661550    0.00000000
    0.28874140    0.00000000
    0.00000000    1.00000000
    0.22477940    0.00000000
    0.08294810    0.00000000

Ca:cc-pVQZ-ccECP
ccECP cc-pVQZ for Ca | source recipes/Ca/ccECP/Ca.cc-pVQZ.gamess | ccECP from Guangming Wang et al. Journal of Chemical Physics 151, 144110 (2019) https://doi.org/10.1063/1.5121006

  5
    0    1    2    3    4
    6    6    4    2    1
   17   16   14    2    1

   38.909972   20.573489   10.878148    5.751777    3.041228
    1.608037    0.850243    0.449563    0.299840    0.237704
    0.125685    0.087500    0.066456    0.042030    0.035138
    0.019731    0.018579

    0.00094450   -0.00018310    0.00000000    0.00000000    0.00000000
    0.00000000
   -0.01770900    0.00425520    0.00000000    0.00000000    0.00000000
    0.00000000
    0.14349340   -0.03727720    0.00000000    0.00000000    0.00000000
    0.00000000
   -0.28035140    0.07704740    0.00000000    0.00000000    0.00000000
    0.00000000
   -0.28847700    0.07822310    0.00000000    0.00000000    0.00000000
    0.00000000
    0.17248640   -0.05175260    0.00000000    0.00000000    0.00000000
    0.00000000
    0.55290080   -0.17462310    0.00000000    0.00000000    0.00000000
    0.00000000
    0.46769880   -0.25326320    0.00000000    0.00000000    0.00000000
    0.00000000
    0.00000000    0.00000000    1.00000000    0.00000000    0.00000000
    0.00000000
    0.09929150   -0.16061050    0.00000000    0.00000000    0.00000000
    0.00000000
    0.00665130    0.12654760    0.00000000    0.00000000    0.00000000
    0.00000000
    0.00000000    0.00000000    0.00000000    1.00000000    0.00000000
    0.00000000
   -0.00192570    0.46487670    0.00000000    0.00000000    0.00000000
    0.00000000
    0.00000000    0.00000000    0.00000000    0.00000000    1.00000000
    0.00000000
    0.00096120    0.47840060    0.00000000    0.00000000    0.00000000
    0.00000000
    0.00000000    0.00000000    0.00000000    0.00000000    0.00000000
    1.00000000
   -0.00024390    0.15642960    0.00000000    0.00000000    0.00000000
    0.00000000

   31.519451   15.831494    7.951795    3.994003    2.006096
    1.007616    0.506102    0.254203    0.228266    0.127681
    0.092361    0.064131    0.041625    0.032211    0.018573
    0.016179

   -0.00013110    0.00002060    0.00000000    0.00000000    0.00000000
    0.00000000
    0.00581110   -0.00124550    0.00000000    0.00000000    0.00000000
    0.00000000
   -0.04461000    0.01011140    0.00000000    0.00000000    0.00000000
    0.00000000
   -0.04239180    0.00894270    0.00000000    0.00000000    0.00000000
    0.00000000
    0.18028850   -0.04458680    0.00000000    0.00000000    0.00000000
    0.00000000
    0.40747440   -0.09627520    0.00000000    0.00000000    0.00000000
    0.00000000
    0.38646720   -0.11300730    0.00000000    0.00000000    0.00000000
    0.00000000
    0.15452190   -0.06533320    0.00000000    0.00000000    0.00000000
    0.00000000
    0.00000000    0.00000000    1.00000000    0.00000000    0.00000000
    0.00000000
    0.01706770    0.14680910    0.00000000    0.00000000    0.00000000
    0.00000000
    0.00000000    0.00000000    0.00000000    1.00000000    0.00000000
    0.00000000
    0.00315970    0.44119800    0.00000000    0.00000000    0.00000000
    0.00000000
    0.00000000    0.00000000    0.00000000    0.00000000    1.00000000
    0.00000000
   -0.00022470    0.42763180    0.00000000    0.00000000    0.00000000
    0.00000000
    0.00000000    0.00000000    0.00000000    0.00000000    0.00000000
    1.00000000
    0.00016830    0.12519670    0.00000000    0.00000000    0.00000000
    0.00000000

   28.997930   13.712713    6.484549    3.066452    1.450082
    0.685723    0.324269    0.267718    0.153342    0.091527
    0.072513    0.034291    0.030733    0.016216

    0.00227830    0.00000000    0.00000000    0.00000000
    0.01197270    0.00000000    0.00000000    0.00000000
    0.02273230    0.00000000    0.00000000    0.00000000
    0.06997740    0.00000000    0.00000000    0.00000000
    0.12588700    0.00000000    0.00000000    0.00000000
    0.17597110    0.00000000    0.00000000    0.00000000
    0.20962750    0.00000000    0.00000000    0.00000000
    0.00000000    1.00000000    0.00000000    0.00000000
    0.25661550    0.00000000    0.00000000    0.00000000
    0.00000000    0.00000000    1.00000000    0.00000000
    0.28874140    0.00000000    0.00000000    0.00000000
    0.22477940    0.00000000    0.00000000    0.00000000
    0.00000000    0.00000000    0.00000000    1.00000000
    0.08294810    0.00000000    0.00000000    0.00000000

    0.501100    0.116000

    1.00000000    0.00000000
    0.00000000    1.00000000

    0.143100

    1.00000000

Ca:cc-pVTZ-ccECP
ccECP cc-pVTZ for Ca | source recipes/Ca/ccECP/Ca.cc-pVTZ.gamess | ccECP from Guangming Wang et al. Journal of Chemical Physics 151, 144110 (2019) https://doi.org/10.1063/1.5121006

  4
    0    1    2    3
    5    5    3    1
   16   15   13    1

   38.909972   20.573489   10.878148    5.751777    3.041228
    1.608037    0.850243    0.449563    0.237704    0.125685
    0.090426    0.066456    0.042935    0.035138    0.019981
    0.018579

    0.00094450   -0.00018310    0.00000000    0.00000000    0.00000000
   -0.01770900    0.00425520    0.00000000    0.00000000    0.00000000
    0.14349340   -0.03727720    0.00000000    0.00000000    0.00000000
   -0.28035140    0.07704740    0.00000000    0.00000000    0.00000000
   -0.28847700    0.07822310    0.00000000    0.00000000    0.00000000
    0.17248640   -0.05175260    0.00000000    0.00000000    0.00000000
    0.55290080   -0.17462310    0.00000000    0.00000000    0.00000000
    0.46769880   -0.25326320    0.00000000    0.00000000    0.00000000
    0.09929150   -0.16061050    0.00000000    0.00000000    0.00000000
    0.00665130    0.12654760    0.00000000    0.00000000    0.00000000
    0.00000000    0.00000000    1.00000000    0.00000000    0.00000000
   -0.00192570    0.46487670    0.00000000    0.00000000    0.00000000
    0.00000000    0.00000000    0.00000000    1.00000000    0.00000000
    0.00096120    0.47840060    0.00000000    0.00000000    0.00000000
    0.00000000    0.00000000    0.00000000    0.00000000    1.00000000
   -0.00024390    0.15642960    0.00000000    0.00000000    0.00000000

   31.519451   15.831494    7.951795    3.994003    2.006096
    1.007616    0.506102    0.254203    0.127681    0.125510
    0.064131    0.053549    0.032211    0.022081    0.016179

   -0.00013110    0.00002060    0.00000000    0.00000000    0.00000000
    0.00581110   -0.00124550    0.00000000    0.00000000    0.00000000
   -0.04461000    0.01011140    0.00000000    0.00000000    0.00000000
   -0.04239180    0.00894270    0.00000000    0.00000000    0.00000000
    0.18028850   -0.04458680    0.00000000    0.00000000    0.00000000
    0.40747440   -0.09627520    0.00000000    0.00000000    0.00000000
    0.38646720   -0.11300730    0.00000000    0.00000000    0.00000000
    0.15452190   -0.06533320    0.00000000    0.00000000    0.00000000
    0.01706770    0.14680910    0.00000000    0.00000000    0.00000000
    0.00000000    0.00000000    1.00000000    0.00000000    0.00000000
    0.00315970    0.44119800    0.00000000    0.00000000    0.00000000
    0.00000000    0.00000000    0.00000000    1.00000000    0.00000000
   -0.00022470    0.42763180    0.00000000    0.00000000    0.00000000
    0.00000000    0.00000000    0.00000000    0.00000000    1.00000000
    0.00016830    0.12519670    0.00000000    0.00000000    0.00000000

   28.997930   13.712713    6.484549    3.066452    1.450082
    0.685723    0.324269    0.153342    0.127163    0.072513
    0.038262    0.034291    0.016216

    0.00227830    0.00000000    0.00000000
    0.01197270    0.00000000    0.00000000
    0.02273230    0.00000000    0.00000000
    0.06997740    0.00000000    0.00000000
    0.12588700    0.00000000    0.00000000
    0.17597110    0.00000000    0.00000000
    0.20962750    0.00000000    0.00000000
    0.25661550    0.00000000    0.00000000
    0.00000000    1.00000000    0.00000000
    0.28874140    0.00000000    0.00000000
    0.00000000    0.00000000    1.00000000
    0.22477940    0.00000000    0.00000000
    0.08294810    0.00000000    0.00000000

    0.136800

    1.00000000

