
K:aug-cc-pCV5Z-ccECP
ccECP aug-cc-pCV5Z for K | source recipes/K/ccECP/K.aug-cc-pCV5Z.gamess | ccECP from Guangming Wang et al. Journal of Chemical Physics 151, 144110 (2019) https://doi.org/10.1063/1.5121006

  6
    0    1    2    3    4    5
   13   13   10    7    5    3
   24   23   20    7    5    3

   33.190598   17.266513    8.982438    5.873270    4.672871
    3.683273    2.430935    2.309872    1.448578    1.264628
    0.908439    0.657889    0.342249    0.279981    0.178046
    0.130352    0.092623    0.060689    0.048185    0.028255
    0.025067    0.013155    0.013040    0.006578

    0.00093460   -0.00013550    0.00000000    0.00000000    0.00000000
    0.00000000    0.00000000    0.00000000    0.00000000    0.00000000
    0.00000000    0.00000000    0.00000000
   -0.01746080    0.00327580    0.00000000    0.00000000    0.00000000
    0.00000000    0.00000000    0.00000000    0.00000000    0.00000000
    0.00000000    0.00000000    0.00000000
    0.15299840   -0.03127550    0.00000000    0.00000000    0.00000000
    0.00000000    0.00000000    0.00000000    0.00000000    0.00000000
    0.00000000    0.00000000    0.00000000
    0.00000000    0.00000000    1.00000000    0.00000000    0.00000000
    0.00000000    0.00000000    0.00000000    0.00000000    0.00000000
    0.00000000    0.00000000    0.00000000
   -0.34050680    0.07304500    0.00000000    0.00000000    0.00000000
    0.00000000    0.00000000    0.00000000    0.00000000    0.00000000
    0.00000000    0.00000000    0.00000000
    0.00000000    0.00000000    0.00000000    1.00000000    0.00000000
    0.00000000    0.00000000    0.00000000    0.00000000    0.00000000
    0.00000000    0.00000000    0.00000000
   -0.22863440    0.04905170    0.00000000    0.00000000    0.00000000
    0.00000000    0.00000000    0.00000000    0.00000000    0.00000000
    0.00000000    0.00000000    0.00000000
    0.00000000    0.00000000    0.00000000    0.00000000    1.00000000
    0.00000000    0.00000000    0.00000000    0.00000000    0.00000000
    0.00000000    0.00000000    0.00000000
    0.00000000    0.00000000    0.00000000    0.00000000    0.00000000
    1.00000000    0.00000000    0.00000000    0.00000000    0.00000000
    0.00000000    0.00000000    0.00000000
    0.22672980   -0.05320270    0.00000000    0.00000000    0.00000000
    0.00000000    0.00000000    0.00000000    0.00000000    0.00000000
    0.00000000    0.00000000    0.00000000
    0.00000000    0.00000000    0.00000000    0.00000000    0.00000000
    0.00000000    1.00000000    0.00000000    0.00000000    0.00000000
    0.00000000    0.00000000    0.00000000
    0.54910420   -0.13678160    0.00000000    0.00000000    0.00000000
    0.00000000    0.00000000    0.00000000    0.00000000    0.00000000
    0.00000000    0.00000000    0.00000000
    0.42310450   -0.16629980    0.00000000    0.00000000    0.00000000
    0.00000000    0.00000000    0.00000000    0.00000000    0.00000000
    0.00000000    0.00000000    0.00000000
    0.00000000    0.00000000    0.00000000    0.00000000    0.00000000
    0.00000000    0.00000000    1.00000000    0.00000000    0.00000000
    0.00000000    0.00000000    0.00000000
    0.09104080   -0.15469740    0.00000000    0.00000000    0.00000000
    0.00000000    0.00000000    0.00000000    0.00000000    0.00000000
    0.00000000    0.00000000    0.00000000
    0.00000000    0.00000000    0.00000000    0.00000000    0.00000000
    0.00000000    0.00000000    0.00000000    1.00000000    0.00000000
    0.00000000    0.00000000    0.00000000
    0.00345520    0.00178980    0.00000000    0.00000000    0.00000000
    0.00000000    0.00000000    0.00000000    0.00000000    0.00000000
    0.00000000    0.00000000    0.00000000
    0.00000000    0.00000000    0.00000000    0.00000000    0.00000000
    0.00000000    0.00000000    0.00000000    0.00000000    1.00000000
    0.00000000    0.00000000    0.00000000
   -0.00028370    0.40887000    0.00000000    0.00000000    0.00000000
    0.00000000    0.00000000    0.00000000    0.00000000    0.00000000
    0.00000000    0.00000000    0.00000000
    0.00000000    0.00000000    0.00000000    0.00000000    0.00000000
    0.00000000    0.00000000    0.00000000    0.00000000    0.00000000
    1.00000000    0.00000000    0.00000000
    0.00055460    0.56715150    0.00000000    0.00000000    0.00000000
    0.00000000    0.00000000    0.00000000    0.00000000    0.00000000
    0.00000000    0.00000000    0.00000000
    0.00000000    0.00000000    0.00000000    0.00000000    0.00000000
    0.00000000    0.00000000    0.00000000    0.00000000    0.00000000
    0.00000000    1.00000000    0.00000000
    0.00000310    0.18420760    0.00000000    0.00000000    0.00000000
    0.00000000    0.00000000    0.00000000    0.00000000    0.00000000
    0.00000000    0.00000000    0.00000000
    0.00000000    0.00000000    0.00000000    0.00000000    0.00000000
    0.00000000    0.00000000    0.00000000    0.00000000    0.00000000
    0.00000000    0.00000000    1.00000000

   25.955983   12.863527    6.375036    6.009499    3.159405
    3.072831    1.571228    1.565770    0.803414    0.775980
    0.410809    0.384568    0.190588    0.156073    0.094453
    0.081288    0.046810    0.042338    0.023199    0.022051
    0.011497    0.011485    0.005743

    0.00005310   -0.00001130    0.00000000    0.00000000    0.00000000
    0.00000000    0.00000000    0.00000000    0.00000000    0.00000000
    0.00000000    0.00000000    0.00000000
    0.00359740   -0.00050130    0.00000000    0.00000000    0.00000000
    0.00000000    0.00000000    0.00000000    0.00000000    0.00000000
    0.00000000    0.00000000    0.00000000
   -0.04058580    0.00601080    0.00000000    0.00000000    0.00000000
    0.00000000    0.00000000    0.00000000    0.00000000    0.00000000
    0.00000000    0.00000000    0.00000000
    0.00000000    0.00000000    1.00000000    0.00000000    0.00000000
    0.00000000    0.00000000    0.00000000    0.00000000    0.00000000
    0.00000000    0.00000000    0.00000000
   -0.04220760    0.00570550    0.00000000    0.00000000    0.00000000
    0.00000000    0.00000000    0.00000000    0.00000000    0.00000000
    0.00000000    0.00000000    0.00000000
    0.00000000    0.00000000    0.00000000    1.00000000    0.00000000
    0.00000000    0.00000000    0.00000000    0.00000000    0.00000000
    0.00000000    0.00000000    0.00000000
    0.00000000    0.00000000    0.00000000    0.00000000    1.00000000
    0.00000000    0.00000000    0.00000000    0.00000000    0.00000000
    0.00000000    0.00000000    0.00000000
    0.20965770   -0.03288980    0.00000000    0.00000000    0.00000000
    0.00000000    0.00000000    0.00000000    0.00000000    0.00000000
    0.00000000    0.00000000    0.00000000
    0.00000000    0.00000000    0.00000000    0.00000000    0.00000000
    1.00000000    0.00000000    0.00000000    0.00000000    0.00000000
    0.00000000    0.00000000    0.00000000
    0.39509450   -0.05912520    0.00000000    0.00000000    0.00000000
    0.00000000    0.00000000    0.00000000    0.00000000    0.00000000
    0.00000000    0.00000000    0.00000000
    0.00000000    0.00000000    0.00000000    0.00000000    0.00000000
    0.00000000    1.00000000    0.00000000    0.00000000    0.00000000
    0.00000000    0.00000000    0.00000000
    0.37504360   -0.06798030    0.00000000    0.00000000    0.00000000
    0.00000000    0.00000000    0.00000000    0.00000000    0.00000000
    0.00000000    0.00000000    0.00000000
    0.15682480   -0.04852530    0.00000000    0.00000000    0.00000000
    0.00000000    0.00000000    0.00000000    0.00000000    0.00000000
    0.00000000    0.00000000    0.00000000
    0.00000000    0.00000000    0.00000000    0.00000000    0.00000000
    0.00000000    0.00000000    1.00000000    0.00000000    0.00000000
    0.00000000    0.00000000    0.00000000
    0.01966940    0.02182800    0.00000000    0.00000000    0.00000000
    0.00000000    0.00000000    0.00000000    0.00000000    0.00000000
    0.00000000    0.00000000    0.00000000
    0.00000000    0.00000000    0.00000000    0.00000000    0.00000000
    0.00000000    0.00000000    0.00000000    1.00000000    0.00000000
    0.00000000    0.00000000    0.00000000
    0.00125380    0.27827650    0.00000000    0.00000000    0.00000000
    0.00000000    0.00000000    0.00000000    0.00000000    0.00000000
    0.00000000    0.00000000    0.00000000
    0.00000000    0.00000000    0.00000000    0.00000000    0.00000000
    0.00000000    0.00000000    0.00000000    0.00000000    1.00000000
    0.00000000    0.00000000    0.00000000
    0.00029050    0.48640440    0.00000000    0.00000000    0.00000000
    0.00000000    0.00000000    0.00000000    0.00000000    0.00000000
    0.00000000    0.00000000    0.00000000
    0.00000000    0.00000000    0.00000000    0.00000000    0.00000000
    0.00000000    0.00000000    0.00000000    0.00000000    0.00000000
    1.00000000    0.00000000    0.00000000
   -0.00000980    0.31832720    0.00000000    0.00000000    0.00000000
    0.00000000    0.00000000    0.00000000    0.00000000    0.00000000
    0.00000000    0.00000000    0.00000000
    0.00000000    0.00000000    0.00000000    0.00000000    0.00000000
    0.00000000    0.00000000    0.00000000    0.00000000    0.00000000
    0.00000000    1.00000000    0.00000000
    0.00000000    0.00000000    0.00000000    0.00000000    0.00000000
    0.00000000    0.00000000    0.00000000    0.00000000    0.00000000
    0.00000000    0.00000000    1.00000000

   25.002828   10.959775    4.804124    3.848391    2.105846
    1.901701    0.939734    0.923080    0.464374    0.404624
    0.177364    0.120204    0.077746    0.048011    0.034079
    0.019176    0.014938    0.007659    0.006548    0.003830

    0.00002860    0.00000000    0.00000000    0.00000000    0.00000000
    0.00000000    0.00000000    0.00000000    0.00000000    0.00000000
   -0.00030190    0.00000000    0.00000000    0.00000000    0.00000000
    0.00000000    0.00000000    0.00000000    0.00000000    0.00000000
    0.00482980    0.00000000    0.00000000    0.00000000    0.00000000
    0.00000000    0.00000000    0.00000000    0.00000000    0.00000000
    0.00000000    1.00000000    0.00000000    0.00000000    0.00000000
    0.00000000    0.00000000    0.00000000    0.00000000    0.00000000
    0.01402200    0.00000000    0.00000000    0.00000000    0.00000000
    0.00000000    0.00000000    0.00000000    0.00000000    0.00000000
    0.00000000    0.00000000    1.00000000    0.00000000    0.00000000
    0.00000000    0.00000000    0.00000000    0.00000000    0.00000000
    0.00000000    0.00000000    0.00000000    1.00000000    0.00000000
    0.00000000    0.00000000    0.00000000    0.00000000    0.00000000
    0.02589140    0.00000000    0.00000000    0.00000000    0.00000000
    0.00000000    0.00000000    0.00000000    0.00000000    0.00000000
    0.00000000    0.00000000    0.00000000    0.00000000    1.00000000
    0.00000000    0.00000000    0.00000000    0.00000000    0.00000000
    0.03605440    0.00000000    0.00000000    0.00000000    0.00000000
    0.00000000    0.00000000    0.00000000    0.00000000    0.00000000
    0.04862730    0.00000000    0.00000000    0.00000000    0.00000000
    0.00000000    0.00000000    0.00000000    0.00000000    0.00000000
    0.00000000    0.00000000    0.00000000    0.00000000    0.00000000
    1.00000000    0.00000000    0.00000000    0.00000000    0.00000000
    0.10242950    0.00000000    0.00000000    0.00000000    0.00000000
    0.00000000    0.00000000    0.00000000    0.00000000    0.00000000
    0.00000000    0.00000000    0.00000000    0.00000000    0.00000000
    0.00000000    1.00000000    0.00000000    0.00000000    0.00000000
    0.28114010    0.00000000    0.00000000    0.00000000    0.00000000
    0.00000000    0.00000000    0.00000000    0.00000000    0.00000000
    0.00000000    0.00000000    0.00000000    0.00000000    0.00000000
    0.00000000    0.00000000    1.00000000    0.00000000    0.00000000
    0.51238900    0.00000000    0.00000000    0.00000000    0.00000000
    0.00000000    0.00000000    0.00000000    0.00000000    0.00000000
    0.00000000    0.00000000    0.00000000    0.00000000    0.00000000
    0.00000000    0.00000000    0.00000000    1.00000000    0.00000000
    0.25265610    0.00000000    0.00000000    0.00000000    0.00000000
    0.00000000    0.00000000    0.00000000    0.00000000    0.00000000
    0.00000000    0.00000000    0.00000000    0.00000000    0.00000000
    0.00000000    0.00000000    0.00000000    0.00000000    1.00000000

    2.590701    1.411529    0.769064    0.239153    0.119089
    0.059302    0.029651

    1.00000000    0.00000000    0.00000000    0.00000000    0.00000000
    0.00000000    0.00000000
    0.00000000    1.00000000    0.00000000    0.00000000    0.00000000
    0.00000000    0.00000000
    0.00000000    0.00000000    1.00000000    0.00000000    0.00000000
    0.00000000    0.00000000
    0.00000000    0.00000000    0.00000000    1.00000000    0.00000000
    0.00000000    0.00000000
    0.00000000    0.00000000    0.00000000    0.00000000    1.00000000
    0.00000000    0.00000000
    0.00000000    0.00000000    0.00000000    0.00000000    0.00000000
    1.00000000    0.00000000
    0.00000000    0.00000000    0.00000000    0.00000000    0.00000000
    0.00000000    1.00000000

    2.037301    0.905571    0.143170    0.079847    0.039924

    1.00000000    0.00000000    0.00000000    0.00000000    0.00000000
    0.00000000    1.00000000    0.00000000    0.00000000    0.00000000
    0.00000000    0.00000000    1.00000000    0.00000000    0.00000000
    0.00000000    0.00000000    0.00000000    1.00000000    0.00000000
    0.00000000    0.00000000    0.00000000    0.00000000    1.00000000

    1.635516    0.138324    0.069162

    1.00000000    0.00000000    0.00000000
    0.00000000    1.00000000    0.00000000
    0.00000000    0.00000000    1.00000000

K:aug-cc-pCV6Z-ccECP
ccECP aug-cc-pCV6Z for K | source recipes/K/ccECP/K.aug-cc-pCV6Z.gamess | ccECP from Guangming Wang et al. Journal of Chemical Physics 151, 144110 (2019) https://doi.org/10.1063/1.5121006

  7
    0    1    2    3    4    5    6
   15   15   12    9    7    5    3
   26   25   22    9    7    5    3

   33.190598   17.266513    8.982438    7.446812    4.886206
    4.672871    3.206071    2.430935    2.103655    1.380307
    1.264628    0.905685    0.657889    0.366133    0.342249
    0.178073    0.178046    0.092623    0.086608    0.048185
    0.042123    0.025067    0.020487    0.013040    0.009964
    0.004982

    0.00093460   -0.00013550    0.00000000    0.00000000    0.00000000
    0.00000000    0.00000000    0.00000000    0.00000000    0.00000000
    0.00000000    0.00000000    0.00000000    0.00000000    0.00000000
   -0.01746080    0.00327580    0.00000000    0.00000000    0.00000000
    0.00000000    0.00000000    0.00000000    0.00000000    0.00000000
    0.00000000    0.00000000    0.00000000    0.00000000    0.00000000
    0.15299840   -0.03127550    0.00000000    0.00000000    0.00000000
    0.00000000    0.00000000    0.00000000    0.00000000    0.00000000
    0.00000000    0.00000000    0.00000000    0.00000000    0.00000000
    0.00000000    0.00000000    1.00000000    0.00000000    0.00000000
    0.00000000    0.00000000    0.00000000    0.00000000    0.00000000
    0.00000000    0.00000000    0.00000000    0.00000000    0.00000000
    0.00000000    0.00000000    0.00000000    1.00000000    0.00000000
    0.00000000    0.00000000    0.00000000    0.00000000    0.00000000
    0.00000000    0.00000000    0.00000000    0.00000000    0.00000000
   -0.34050680    0.07304500    0.00000000    0.00000000    0.00000000
    0.00000000    0.00000000    0.00000000    0.00000000    0.00000000
    0.00000000    0.00000000    0.00000000    0.00000000    0.00000000
    0.00000000    0.00000000    0.00000000    0.00000000    1.00000000
    0.00000000    0.00000000    0.00000000    0.00000000    0.00000000
    0.00000000    0.00000000    0.00000000    0.00000000    0.00000000
   -0.22863440    0.04905170    0.00000000    0.00000000    0.00000000
    0.00000000    0.00000000    0.00000000    0.00000000    0.00000000
    0.00000000    0.00000000    0.00000000    0.00000000    0.00000000
    0.00000000    0.00000000    0.00000000    0.00000000    0.00000000
    1.00000000    0.00000000    0.00000000    0.00000000    0.00000000
    0.00000000    0.00000000    0.00000000    0.00000000    0.00000000
    0.00000000    0.00000000    0.00000000    0.00000000    0.00000000
    0.00000000    1.00000000    0.00000000    0.00000000    0.00000000
    0.00000000    0.00000000    0.00000000    0.00000000    0.00000000
    0.22672980   -0.05320270    0.00000000    0.00000000    0.00000000
    0.00000000    0.00000000    0.00000000    0.00000000    0.00000000
    0.00000000    0.00000000    0.00000000    0.00000000    0.00000000
    0.00000000    0.00000000    0.00000000    0.00000000    0.00000000
    0.00000000    0.00000000    1.00000000    0.00000000    0.00000000
    0.00000000    0.00000000    0.00000000    0.00000000    0.00000000
    0.54910420   -0.13678160    0.00000000    0.00000000    0.00000000
    0.00000000    0.00000000    0.00000000    0.00000000    0.00000000
    0.00000000    0.00000000    0.00000000    0.00000000    0.00000000
    0.00000000    0.00000000    0.00000000    0.00000000    0.00000000
    0.00000000    0.00000000    0.00000000    1.00000000    0.00000000
    0.00000000    0.00000000    0.00000000    0.00000000    0.00000000
    0.42310450   -0.16629980    0.00000000    0.00000000    0.00000000
    0.00000000    0.00000000    0.00000000    0.00000000    0.00000000
    0.00000000    0.00000000    0.00000000    0.00000000    0.00000000
    0.00000000    0.00000000    0.00000000    0.00000000    0.00000000
    0.00000000    0.00000000    0.00000000    0.00000000    1.00000000
    0.00000000    0.00000000    0.00000000    0.00000000    0.00000000
    0.09104080   -0.15469740    0.00000000    0.00000000    0.00000000
    0.00000000    0.00000000    0.00000000    0.00000000    0.00000000
    0.00000000    0.00000000    0.00000000    0.00000000    0.00000000
    0.00345520    0.00178980    0.00000000    0.00000000    0.00000000
    0.00000000    0.00000000    0.00000000    0.00000000    0.00000000
    0.00000000    0.00000000    0.00000000    0.00000000    0.00000000
    0.00000000    0.00000000    0.00000000    0.00000000    0.00000000
    0.00000000    0.00000000    0.00000000    0.00000000    0.00000000
    1.00000000    0.00000000    0.00000000    0.00000000    0.00000000
   -0.00028370    0.40887000    0.00000000    0.00000000    0.00000000
    0.00000000    0.00000000    0.00000000    0.00000000    0.00000000
    0.00000000    0.00000000    0.00000000    0.00000000    0.00000000
    0.00000000    0.00000000    0.00000000    0.00000000    0.00000000
    0.00000000    0.00000000    0.00000000    0.00000000    0.00000000
    0.00000000    1.00000000    0.00000000    0.00000000    0.00000000
    0.00055460    0.56715150    0.00000000    0.00000000    0.00000000
    0.00000000    0.00000000    0.00000000    0.00000000    0.00000000
    0.00000000    0.00000000    0.00000000    0.00000000    0.00000000
    0.00000000    0.00000000    0.00000000    0.00000000    0.00000000
    0.00000000    0.00000000    0.00000000    0.00000000    0.00000000
    0.00000000    0.00000000    1.00000000    0.00000000    0.00000000
    0.00000310    0.18420760    0.00000000    0.00000000    0.00000000
    0.00000000    0.00000000    0.00000000    0.00000000    0.00000000
    0.00000000    0.00000000    0.00000000    0.00000000    0.00000000
    0.00000000    0.00000000    0.00000000    0.00000000    0.00000000
    0.00000000    0.00000000    0.00000000    0.00000000    0.00000000
    0.00000000    0.00000000    0.00000000    1.00000000    0.00000000
    0.00000000    0.00000000    0.00000000    0.00000000    0.00000000
    0.00000000    0.00000000    0.00000000    0.00000000    0.00000000
    0.00000000    0.00000000    0.00000000    0.00000000    1.00000000

   25.955983   12.863527   12.032913    6.810434    6.375036
    3.854595    3.159405    2.181639    1.565770    1.234772
    0.775980    0.698861    0.405586    0.384568    0.193981
    0.190588    0.094453    0.092776    0.046810    0.044372
    0.023199    0.021222    0.011497    0.010150    0.005075

    0.00005310   -0.00001130    0.00000000    0.00000000    0.00000000
    0.00000000    0.00000000    0.00000000    0.00000000    0.00000000
    0.00000000    0.00000000    0.00000000    0.00000000    0.00000000
    0.00359740   -0.00050130    0.00000000    0.00000000    0.00000000
    0.00000000    0.00000000    0.00000000    0.00000000    0.00000000
    0.00000000    0.00000000    0.00000000    0.00000000    0.00000000
    0.00000000    0.00000000    1.00000000    0.00000000    0.00000000
    0.00000000    0.00000000    0.00000000    0.00000000    0.00000000
    0.00000000    0.00000000    0.00000000    0.00000000    0.00000000
    0.00000000    0.00000000    0.00000000    1.00000000    0.00000000
    0.00000000    0.00000000    0.00000000    0.00000000    0.00000000
    0.00000000    0.00000000    0.00000000    0.00000000    0.00000000
   -0.04058580    0.00601080    0.00000000    0.00000000    0.00000000
    0.00000000    0.00000000    0.00000000    0.00000000    0.00000000
    0.00000000    0.00000000    0.00000000    0.00000000    0.00000000
    0.00000000    0.00000000    0.00000000    0.00000000    1.00000000
    0.00000000    0.00000000    0.00000000    0.00000000    0.00000000
    0.00000000    0.00000000    0.00000000    0.00000000    0.00000000
   -0.04220760    0.00570550    0.00000000    0.00000000    0.00000000
    0.00000000    0.00000000    0.00000000    0.00000000    0.00000000
    0.00000000    0.00000000    0.00000000    0.00000000    0.00000000
    0.00000000    0.00000000    0.00000000    0.00000000    0.00000000
    1.00000000    0.00000000    0.00000000    0.00000000    0.00000000
    0.00000000    0.00000000    0.00000000    0.00000000    0.00000000
    0.20965770   -0.03288980    0.00000000    0.00000000    0.00000000
    0.00000000    0.00000000    0.00000000    0.00000000    0.00000000
    0.00000000    0.00000000    0.00000000    0.00000000    0.00000000
    0.00000000    0.00000000    0.00000000    0.00000000    0.00000000
    0.00000000    1.00000000    0.00000000    0.00000000    0.00000000
    0.00000000    0.00000000    0.00000000    0.00000000    0.00000000
    0.39509450   -0.05912520    0.00000000    0.00000000    0.00000000
    0.00000000    0.00000000    0.00000000    0.00000000    0.00000000
    0.00000000    0.00000000    0.00000000    0.00000000    0.00000000
    0.00000000    0.00000000    0.00000000    0.00000000    0.00000000
    0.00000000    0.00000000    1.00000000    0.00000000    0.00000000
    0.00000000    0.00000000    0.00000000    0.00000000    0.00000000
    0.00000000    0.00000000    0.00000000    0.00000000    0.00000000
    0.00000000    0.00000000    0.00000000    1.00000000    0.00000000
    0.00000000    0.00000000    0.00000000    0.00000000    0.00000000
    0.37504360   -0.06798030    0.00000000    0.00000000    0.00000000
    0.00000000    0.00000000    0.00000000    0.00000000    0.00000000
    0.00000000    0.00000000    0.00000000    0.00000000    0.00000000
    0.00000000    0.00000000    0.00000000    0.00000000    0.00000000
    0.00000000    0.00000000    0.00000000    0.00000000    1.00000000
    0.00000000    0.00000000    0.00000000    0.00000000    0.00000000
    0.15682480   -0.04852530    0.00000000    0.00000000    0.00000000
    0.00000000    0.00000000    0.00000000    0.00000000    0.00000000
    0.00000000    0.00000000    0.00000000    0.00000000    0.00000000
    0.01966940    0.02182800    0.00000000    0.00000000    0.00000000
    0.00000000    0.00000000    0.00000000    0.00000000    0.00000000
    0.00000000    0.00000000    0.00000000    0.00000000    0.00000000
    0.00000000    0.00000000    0.00000000    0.00000000    0.00000000
    0.00000000    0.00000000    0.00000000    0.00000000    0.00000000
    1.00000000    0.00000000    0.00000000    0.00000000    0.00000000
    0.00125380    0.27827650    0.00000000    0.00000000    0.00000000
    0.00000000    0.00000000    0.00000000    0.00000000    0.00000000
    0.00000000    0.00000000    0.00000000    0.00000000    0.00000000
    0.00000000    0.00000000    0.00000000    0.00000000    0.00000000
    0.00000000    0.00000000    0.00000000    0.00000000    0.00000000
    0.00000000    1.00000000    0.00000000    0.00000000    0.00000000
    0.00029050    0.48640440    0.00000000    0.00000000    0.00000000
    0.00000000    0.00000000    0.00000000    0.00000000    0.00000000
    0.00000000    0.00000000    0.00000000    0.00000000    0.00000000
    0.00000000    0.00000000    0.00000000    0.00000000    0.00000000
    0.00000000    0.00000000    0.00000000    0.00000000    0.00000000
    0.00000000    0.00000000    1.00000000    0.00000000    0.00000000
   -0.00000980    0.31832720    0.00000000    0.00000000    0.00000000
    0.00000000    0.00000000    0.00000000    0.00000000    0.00000000
    0.00000000    0.00000000    0.00000000    0.00000000    0.00000000
    0.00000000    0.00000000    0.00000000    0.00000000    0.00000000
    0.00000000    0.00000000    0.00000000    0.00000000    0.00000000
    0.00000000    0.00000000    0.00000000    1.00000000    0.00000000
    0.00000000    0.00000000    0.00000000    0.00000000    0.00000000
    0.00000000    0.00000000    0.00000000    0.00000000    0.00000000
    0.00000000    0.00000000    0.00000000    0.00000000    1.00000000

   25.002828   10.959775    4.804124    4.037464    2.439714
    2.105846    1.474244    0.923080    0.890840    0.538307
    0.404624    0.216125    0.177364    0.091274    0.077746
    0.038547    0.034079    0.016279    0.014938    0.006875
    0.006548    0.003438

    0.00002860    0.00000000    0.00000000    0.00000000    0.00000000
    0.00000000    0.00000000    0.00000000    0.00000000    0.00000000
    0.00000000    0.00000000
   -0.00030190    0.00000000    0.00000000    0.00000000    0.00000000
    0.00000000    0.00000000    0.00000000    0.00000000    0.00000000
    0.00000000    0.00000000
    0.00482980    0.00000000    0.00000000    0.00000000    0.00000000
    0.00000000    0.00000000    0.00000000    0.00000000    0.00000000
    0.00000000    0.00000000
    0.00000000    1.00000000    0.00000000    0.00000000    0.00000000
    0.00000000    0.00000000    0.00000000    0.00000000    0.00000000
    0.00000000    0.00000000
    0.00000000    0.00000000    1.00000000    0.00000000    0.00000000
    0.00000000    0.00000000    0.00000000    0.00000000    0.00000000
    0.00000000    0.00000000
    0.01402200    0.00000000    0.00000000    0.00000000    0.00000000
    0.00000000    0.00000000    0.00000000    0.00000000    0.00000000
    0.00000000    0.00000000
    0.00000000    0.00000000    0.00000000    1.00000000    0.00000000
    0.00000000    0.00000000    0.00000000    0.00000000    0.00000000
    0.00000000    0.00000000
    0.02589140    0.00000000    0.00000000    0.00000000    0.00000000
    0.00000000    0.00000000    0.00000000    0.00000000    0.00000000
    0.00000000    0.00000000
    0.00000000    0.00000000    0.00000000    0.00000000    1.00000000
    0.00000000    0.00000000    0.00000000    0.00000000    0.00000000
    0.00000000    0.00000000
    0.00000000    0.00000000    0.00000000    0.00000000    0.00000000
    1.00000000    0.00000000    0.00000000    0.00000000    0.00000000
    0.00000000    0.00000000
    0.03605440    0.00000000    0.00000000    0.00000000    0.00000000
    0.00000000    0.00000000    0.00000000    0.00000000    0.00000000
    0.00000000    0.00000000
    0.00000000    0.00000000    0.00000000    0.00000000    0.00000000
    0.00000000    1.00000000    0.00000000    0.00000000    0.00000000
    0.00000000    0.00000000
    0.04862730    0.00000000    0.00000000    0.00000000    0.00000000
    0.00000000    0.00000000    0.00000000    0.00000000    0.00000000
    0.00000000    0.00000000
    0.00000000    0.00000000    0.00000000    0.00000000    0.00000000
    0.00000000    0.00000000    1.00000000    0.00000000    0.00000000
    0.00000000    0.00000000
    0.10242950    0.00000000    0.00000000    0.00000000    0.00000000
    0.00000000    0.00000000    0.00000000    0.00000000    0.00000000
    0.00000000    0.00000000
    0.00000000    0.00000000    0.00000000    0.00000000    0.00000000
    0.00000000    0.00000000    0.00000000    1.00000000    0.00000000
    0.00000000    0.00000000
    0.28114010    0.00000000    0.00000000    0.00000000    0.00000000
    0.00000000    0.00000000    0.00000000    0.00000000    0.00000000
    0.00000000    0.00000000
    0.00000000    0.00000000    0.00000000    0.00000000    0.00000000
    0.00000000    0.00000000    0.00000000    0.00000000    1.00000000
    0.00000000    0.00000000
    0.51238900    0.00000000    0.00000000    0.00000000    0.00000000
    0.00000000    0.00000000    0.00000000    0.00000000    0.00000000
    0.00000000    0.00000000
    0.00000000    0.00000000    0.00000000    0.00000000    0.00000000
    0.00000000    0.00000000    0.00000000    0.00000000    0.00000000
    1.00000000    0.00000000
    0.25265610    0.00000000    0.00000000    0.00000000    0.00000000
    0.00000000    0.00000000    0.00000000    0.00000000    0.00000000
    0.00000000    0.00000000
    0.00000000    0.00000000    0.00000000    0.00000000    0.00000000
    0.00000000    0.00000000    0.00000000    0.00000000    0.00000000
    0.00000000    1.00000000

    4.334260    2.654612    1.625875    0.995803    0.439386
    0.219135    0.109289    0.054506    0.027253

    1.00000000    0.00000000    0.00000000    0.00000000    0.00000000
    0.00000000    0.00000000    0.00000000    0.00000000
    0.00000000    1.00000000    0.00000000    0.00000000    0.00000000
    0.00000000    0.00000000    0.00000000    0.00000000
    0.00000000    0.00000000    1.00000000    0.00000000    0.00000000
    0.00000000    0.00000000    0.00000000    0.00000000
    0.00000000    0.00000000    0.00000000    1.00000000    0.00000000
    0.00000000    0.00000000    0.00000000    0.00000000
    0.00000000    0.00000000    0.00000000    0.00000000    1.00000000
    0.00000000    0.00000000    0.00000000    0.00000000
    0.00000000    0.00000000    0.00000000    0.00000000    0.00000000
    1.00000000    0.00000000    0.00000000    0.00000000
    0.00000000    0.00000000    0.00000000    0.00000000    0.00000000
    0.00000000    1.00000000    0.00000000    0.00000000
    0.00000000    0.00000000    0.00000000    0.00000000    0.00000000
    0.00000000    0.00000000    1.00000000    0.00000000
    0.00000000    0.00000000    0.00000000    0.00000000    0.00000000
    0.00000000    0.00000000    0.00000000    1.00000000

    2.778268    1.557924    0.873611    0.240282    0.134073
    0.074810    0.037405

    1.00000000    0.00000000    0.00000000    0.00000000    0.00000000
    0.00000000    0.00000000
    0.00000000    1.00000000    0.00000000    0.00000000    0.00000000
    0.00000000    0.00000000
    0.00000000    0.00000000    1.00000000    0.00000000    0.00000000
    0.00000000    0.00000000
    0.00000000    0.00000000    0.00000000    1.00000000    0.00000000
    0.00000000    0.00000000
    0.00000000    0.00000000    0.00000000    0.00000000    1.00000000
    0.00000000    0.00000000
    0.00000000    0.00000000    0.00000000    0.00000000    0.00000000
    1.00000000    0.00000000
    0.00000000    0.00000000    0.00000000    0.00000000    0.00000000
    0.00000000    1.00000000

    2.422674    1.229513    0.258411    0.129746    0.064873

    1.00000000    0.00000000    0.00000000    0.00000000    0.00000000
    0.00000000    1.00000000    0.00000000    0.00000000    0.00000000
    0.00000000    0.00000000    1.00000000    0.00000000    0.00000000
    0.00000000    0.00000000    0.00000000    1.00000000    0.00000000
    0.00000000    0.00000000    0.00000000    0.00000000    1.00000000

    1.932866    0.169962    0.084981

    1.00000000    0.00000000    0.00000000
    0.00000000    1.00000000    0.00000000
    0.00000000    0.00000000    1.00000000

K:aug-cc-pCVDZ-ccECP
ccECP aug-cc-pCVDZ for K | source recipes/K/ccECP/K.aug-cc-pCVDZ.gamess | ccECP from Guangming Wang et al. Journal of Chemical Physics 151, 144110 (2019) https://doi.org/10.1063/1.5121006

  3
    0    1    2
    7    7    4
   18   17   14

   33.190598   17.266513    8.982438    4.672871    2.430935
    1.264628    0.910504    0.657889    0.538624    0.342249
    0.178046    0.092623    0.051786    0.048185    0.025067
    0.019252    0.013040    0.009626

    0.00093460   -0.00013550    0.00000000    0.00000000    0.00000000
    0.00000000    0.00000000
   -0.01746080    0.00327580    0.00000000    0.00000000    0.00000000
    0.00000000    0.00000000
    0.15299840   -0.03127550    0.00000000    0.00000000    0.00000000
    0.00000000    0.00000000
   -0.34050680    0.07304500    0.00000000    0.00000000    0.00000000
    0.00000000    0.00000000
   -0.22863440    0.04905170    0.00000000    0.00000000    0.00000000
    0.00000000    0.00000000
    0.22672980   -0.05320270    0.00000000    0.00000000    0.00000000
    0.00000000    0.00000000
    0.00000000    0.00000000    1.00000000    0.00000000    0.00000000
    0.00000000    0.00000000
    0.54910420   -0.13678160    0.00000000    0.00000000    0.00000000
    0.00000000    0.00000000
    0.00000000    0.00000000    0.00000000    1.00000000    0.00000000
    0.00000000    0.00000000
    0.42310450   -0.16629980    0.00000000    0.00000000    0.00000000
    0.00000000    0.00000000
    0.09104080   -0.15469740    0.00000000    0.00000000    0.00000000
    0.00000000    0.00000000
    0.00345520    0.00178980    0.00000000    0.00000000    0.00000000
    0.00000000    0.00000000
    0.00000000    0.00000000    0.00000000    0.00000000    1.00000000
    0.00000000    0.00000000
   -0.00028370    0.40887000    0.00000000    0.00000000    0.00000000
    0.00000000    0.00000000
    0.00055460    0.56715150    0.00000000    0.00000000    0.00000000
    0.00000000    0.00000000
    0.00000000    0.00000000    0.00000000    0.00000000    0.00000000
    1.00000000    0.00000000
    0.00000310    0.18420760    0.00000000    0.00000000    0.00000000
    0.00000000    0.00000000
    0.00000000    0.00000000    0.00000000    0.00000000    0.00000000
    0.00000000    1.00000000

   25.955983   12.863527    6.375036    3.159405    1.565770
    0.775980    0.479550    0.384568    0.234482    0.190588
    0.094453    0.046810    0.027763    0.023199    0.012100
    0.011497    0.006050

    0.00005310   -0.00001130    0.00000000    0.00000000    0.00000000
    0.00000000    0.00000000
    0.00359740   -0.00050130    0.00000000    0.00000000    0.00000000
    0.00000000    0.00000000
   -0.04058580    0.00601080    0.00000000    0.00000000    0.00000000
    0.00000000    0.00000000
   -0.04220760    0.00570550    0.00000000    0.00000000    0.00000000
    0.00000000    0.00000000
    0.20965770   -0.03288980    0.00000000    0.00000000    0.00000000
    0.00000000    0.00000000
    0.39509450   -0.05912520    0.00000000    0.00000000    0.00000000
    0.00000000    0.00000000
    0.00000000    0.00000000    1.00000000    0.00000000    0.00000000
    0.00000000    0.00000000
    0.37504360   -0.06798030    0.00000000    0.00000000    0.00000000
    0.00000000    0.00000000
    0.00000000    0.00000000    0.00000000    1.00000000    0.00000000
    0.00000000    0.00000000
    0.15682480   -0.04852530    0.00000000    0.00000000    0.00000000
    0.00000000    0.00000000
    0.01966940    0.02182800    0.00000000    0.00000000    0.00000000
    0.00000000    0.00000000
    0.00125380    0.27827650    0.00000000    0.00000000    0.00000000
    0.00000000    0.00000000
    0.00000000    0.00000000    0.00000000    0.00000000    1.00000000
    0.00000000    0.00000000
    0.00029050    0.48640440    0.00000000    0.00000000    0.00000000
    0.00000000    0.00000000
    0.00000000    0.00000000    0.00000000    0.00000000    0.00000000
    1.00000000    0.00000000
   -0.00000980    0.31832720    0.00000000    0.00000000    0.00000000
    0.00000000    0.00000000
    0.00000000    0.00000000    0.00000000    0.00000000    0.00000000
    0.00000000    1.00000000

   25.002828   10.959775    4.804124    2.105846    1.034207
    0.923080    0.404624    0.177364    0.077746    0.034079
    0.014938    0.013386    0.006693    0.006548

    0.00002860    0.00000000    0.00000000    0.00000000
   -0.00030190    0.00000000    0.00000000    0.00000000
    0.00482980    0.00000000    0.00000000    0.00000000
    0.01402200    0.00000000    0.00000000    0.00000000
    0.00000000    1.00000000    0.00000000    0.00000000
    0.02589140    0.00000000    0.00000000    0.00000000
    0.03605440    0.00000000    0.00000000    0.00000000
    0.04862730    0.00000000    0.00000000    0.00000000
    0.10242950    0.00000000    0.00000000    0.00000000
    0.28114010    0.00000000    0.00000000    0.00000000
    0.51238900    0.00000000    0.00000000    0.00000000
    0.00000000    0.00000000    1.00000000    0.00000000
    0.00000000    0.00000000    0.00000000    1.00000000
    0.25265610    0.00000000    0.00000000    0.00000000

K:aug-cc-pCVQZ-ccECP
ccECP aug-cc-pCVQZ for K | source recipes/K/ccECP/K.aug-cc-pCVQZ.gamess | ccECP from Guangming Wang et al. Journal of Chemical Physics 151, 144110 (2019) https://doi.org/10.1063/1.5121006

  5
    0    1    2    3    4
   11   11    8    5    3
   22   21   18    5    3

   33.190598   17.266513    8.982438    4.672871    4.191649
    2.430935    2.136485    1.264628    1.088967    0.657889
    0.555047    0.342249    0.178046    0.150724    0.092623
    0.069050    0.048185    0.031633    0.025067    0.014492
    0.013040    0.007246

    0.00093460   -0.00013550    0.00000000    0.00000000    0.00000000
    0.00000000    0.00000000    0.00000000    0.00000000    0.00000000
    0.00000000
   -0.01746080    0.00327580    0.00000000    0.00000000    0.00000000
    0.00000000    0.00000000    0.00000000    0.00000000    0.00000000
    0.00000000
    0.15299840   -0.03127550    0.00000000    0.00000000    0.00000000
    0.00000000    0.00000000    0.00000000    0.00000000    0.00000000
    0.00000000
   -0.34050680    0.07304500    0.00000000    0.00000000    0.00000000
    0.00000000    0.00000000    0.00000000    0.00000000    0.00000000
    0.00000000
    0.00000000    0.00000000    1.00000000    0.00000000    0.00000000
    0.00000000    0.00000000    0.00000000    0.00000000    0.00000000
    0.00000000
   -0.22863440    0.04905170    0.00000000    0.00000000    0.00000000
    0.00000000    0.00000000    0.00000000    0.00000000    0.00000000
    0.00000000
    0.00000000    0.00000000    0.00000000    1.00000000    0.00000000
    0.00000000    0.00000000    0.00000000    0.00000000    0.00000000
    0.00000000
    0.22672980   -0.05320270    0.00000000    0.00000000    0.00000000
    0.00000000    0.00000000    0.00000000    0.00000000    0.00000000
    0.00000000
    0.00000000    0.00000000    0.00000000    0.00000000    1.00000000
    0.00000000    0.00000000    0.00000000    0.00000000    0.00000000
    0.00000000
    0.54910420   -0.13678160    0.00000000    0.00000000    0.00000000
    0.00000000    0.00000000    0.00000000    0.00000000    0.00000000
    0.00000000
    0.00000000    0.00000000    0.00000000    0.00000000    0.00000000
    1.00000000    0.00000000    0.00000000    0.00000000    0.00000000
    0.00000000
    0.42310450   -0.16629980    0.00000000    0.00000000    0.00000000
    0.00000000    0.00000000    0.00000000    0.00000000    0.00000000
    0.00000000
    0.09104080   -0.15469740    0.00000000    0.00000000    0.00000000
    0.00000000    0.00000000    0.00000000    0.00000000    0.00000000
    0.00000000
    0.00000000    0.00000000    0.00000000    0.00000000    0.00000000
    0.00000000    1.00000000    0.00000000    0.00000000    0.00000000
    0.00000000
    0.00345520    0.00178980    0.00000000    0.00000000    0.00000000
    0.00000000    0.00000000    0.00000000    0.00000000    0.00000000
    0.00000000
    0.00000000    0.00000000    0.00000000    0.00000000    0.00000000
    0.00000000    0.00000000    1.00000000    0.00000000    0.00000000
    0.00000000
   -0.00028370    0.40887000    0.00000000    0.00000000    0.00000000
    0.00000000    0.00000000    0.00000000    0.00000000    0.00000000
    0.00000000
    0.00000000    0.00000000    0.00000000    0.00000000    0.00000000
    0.00000000    0.00000000    0.00000000    1.00000000    0.00000000
    0.00000000
    0.00055460    0.56715150    0.00000000    0.00000000    0.00000000
    0.00000000    0.00000000    0.00000000    0.00000000    0.00000000
    0.00000000
    0.00000000    0.00000000    0.00000000    0.00000000    0.00000000
    0.00000000    0.00000000    0.00000000    0.00000000    1.00000000
    0.00000000
    0.00000310    0.18420760    0.00000000    0.00000000    0.00000000
    0.00000000    0.00000000    0.00000000    0.00000000    0.00000000
    0.00000000
    0.00000000    0.00000000    0.00000000    0.00000000    0.00000000
    0.00000000    0.00000000    0.00000000    0.00000000    0.00000000
    1.00000000

   25.955983   12.863527    6.375036    3.159405    2.641303
    1.565770    1.229180    0.775980    0.572022    0.384568
    0.266201    0.190588    0.094453    0.071025    0.046810
    0.035889    0.023199    0.018135    0.011497    0.009164
    0.004582

    0.00005310   -0.00001130    0.00000000    0.00000000    0.00000000
    0.00000000    0.00000000    0.00000000    0.00000000    0.00000000
    0.00000000
    0.00359740   -0.00050130    0.00000000    0.00000000    0.00000000
    0.00000000    0.00000000    0.00000000    0.00000000    0.00000000
    0.00000000
   -0.04058580    0.00601080    0.00000000    0.00000000    0.00000000
    0.00000000    0.00000000    0.00000000    0.00000000    0.00000000
    0.00000000
   -0.04220760    0.00570550    0.00000000    0.00000000    0.00000000
    0.00000000    0.00000000    0.00000000    0.00000000    0.00000000
    0.00000000
    0.00000000    0.00000000    1.00000000    0.00000000    0.00000000
    0.00000000    0.00000000    0.00000000    0.00000000    0.00000000
    0.00000000
    0.20965770   -0.03288980    0.00000000    0.00000000    0.00000000
    0.00000000    0.00000000    0.00000000    0.00000000    0.00000000
    0.00000000
    0.00000000    0.00000000    0.00000000    1.00000000    0.00000000
    0.00000000    0.00000000    0.00000000    0.00000000    0.00000000
    0.00000000
    0.39509450   -0.05912520    0.00000000    0.00000000    0.00000000
    0.00000000    0.00000000    0.00000000    0.00000000    0.00000000
    0.00000000
    0.00000000    0.00000000    0.00000000    0.00000000    1.00000000
    0.00000000    0.00000000    0.00000000    0.00000000    0.00000000
    0.00000000
    0.37504360   -0.06798030    0.00000000    0.00000000    0.00000000
    0.00000000    0.00000000    0.00000000    0.00000000    0.00000000
    0.00000000
    0.00000000    0.00000000    0.00000000    0.00000000    0.00000000
    1.00000000    0.00000000    0.00000000    0.00000000    0.00000000
    0.00000000
    0.15682480   -0.04852530    0.00000000    0.00000000    0.00000000
    0.00000000    0.00000000    0.00000000    0.00000000    0.00000000
    0.00000000
    0.01966940    0.02182800    0.00000000    0.00000000    0.00000000
    0.00000000    0.00000000    0.00000000    0.00000000    0.00000000
    0.00000000
    0.00000000    0.00000000    0.00000000    0.00000000    0.00000000
    0.00000000    1.00000000    0.00000000    0.00000000    0.00000000
    0.00000000
    0.00125380    0.27827650    0.00000000    0.00000000    0.00000000
    0.00000000    0.00000000    0.00000000    0.00000000    0.00000000
    0.00000000
    0.00000000    0.00000000    0.00000000    0.00000000    0.00000000
    0.00000000    0.00000000    1.00000000    0.00000000    0.00000000
    0.00000000
    0.00029050    0.48640440    0.00000000    0.00000000    0.00000000
    0.00000000    0.00000000    0.00000000    0.00000000    0.00000000
    0.00000000
    0.00000000    0.00000000    0.00000000    0.00000000    0.00000000
    0.00000000    0.00000000    0.00000000    1.00000000    0.00000000
    0.00000000
   -0.00000980    0.31832720    0.00000000    0.00000000    0.00000000
    0.00000000    0.00000000    0.00000000    0.00000000    0.00000000
    0.00000000
    0.00000000    0.00000000    0.00000000    0.00000000    0.00000000
    0.00000000    0.00000000    0.00000000    0.00000000    1.00000000
    0.00000000
    0.00000000    0.00000000    0.00000000    0.00000000    0.00000000
    0.00000000    0.00000000    0.00000000    0.00000000    0.00000000
    1.00000000

   25.002828   10.959775    4.804124    2.999124    2.105846
    1.312519    0.923080    0.574403    0.404624    0.177364
    0.077746    0.063256    0.034079    0.023163    0.014938
    0.008482    0.006548    0.004241

    0.00002860    0.00000000    0.00000000    0.00000000    0.00000000
    0.00000000    0.00000000    0.00000000
   -0.00030190    0.00000000    0.00000000    0.00000000    0.00000000
    0.00000000    0.00000000    0.00000000
    0.00482980    0.00000000    0.00000000    0.00000000    0.00000000
    0.00000000    0.00000000    0.00000000
    0.00000000    1.00000000    0.00000000    0.00000000    0.00000000
    0.00000000    0.00000000    0.00000000
    0.01402200    0.00000000    0.00000000    0.00000000    0.00000000
    0.00000000    0.00000000    0.00000000
    0.00000000    0.00000000    1.00000000    0.00000000    0.00000000
    0.00000000    0.00000000    0.00000000
    0.02589140    0.00000000    0.00000000    0.00000000    0.00000000
    0.00000000    0.00000000    0.00000000
    0.00000000    0.00000000    0.00000000    1.00000000    0.00000000
    0.00000000    0.00000000    0.00000000
    0.03605440    0.00000000    0.00000000    0.00000000    0.00000000
    0.00000000    0.00000000    0.00000000
    0.04862730    0.00000000    0.00000000    0.00000000    0.00000000
    0.00000000    0.00000000    0.00000000
    0.10242950    0.00000000    0.00000000    0.00000000    0.00000000
    0.00000000    0.00000000    0.00000000
    0.00000000    0.00000000    0.00000000    0.00000000    1.00000000
    0.00000000    0.00000000    0.00000000
    0.28114010    0.00000000    0.00000000    0.00000000    0.00000000
    0.00000000    0.00000000    0.00000000
    0.00000000    0.00000000    0.00000000    0.00000000    0.00000000
    1.00000000    0.00000000    0.00000000
    0.51238900    0.00000000    0.00000000    0.00000000    0.00000000
    0.00000000    0.00000000    0.00000000
    0.00000000    0.00000000    0.00000000    0.00000000    0.00000000
    0.00000000    1.00000000    0.00000000
    0.25265610    0.00000000    0.00000000    0.00000000    0.00000000
    0.00000000    0.00000000    0.00000000
    0.00000000    0.00000000    0.00000000    0.00000000    0.00000000
    0.00000000    0.00000000    1.00000000

    1.803234    0.760278    0.123997    0.062758    0.031379

    1.00000000    0.00000000    0.00000000    0.00000000    0.00000000
    0.00000000    1.00000000    0.00000000    0.00000000    0.00000000
    0.00000000    0.00000000    1.00000000    0.00000000    0.00000000
    0.00000000    0.00000000    0.00000000    1.00000000    0.00000000
    0.00000000    0.00000000    0.00000000    0.00000000    1.00000000

    1.319213    0.011607    0.005803

    1.00000000    0.00000000    0.00000000
    0.00000000    1.00000000    0.00000000
    0.00000000    0.00000000    1.00000000

K:aug-cc-pCVTZ-ccECP
ccECP aug-cc-pCVTZ for K | source recipes/K/ccECP/K.aug-cc-pCVTZ.gamess | ccECP from Guangming Wang et al. Journal of Chemical Physics 151, 144110 (2019) https://doi.org/10.1063/1.5121006

  4
    0    1    2    3
    9    9    6    3
   20   19   16    3

   33.190598   17.266513    8.982438    4.672871    2.430935
    1.308177    1.264628    0.824788    0.657889    0.520018
    0.342249    0.178046    0.092623    0.065911    0.048185
    0.031297    0.025067    0.014861    0.013040    0.007430

    0.00093460   -0.00013550    0.00000000    0.00000000    0.00000000
    0.00000000    0.00000000    0.00000000    0.00000000
   -0.01746080    0.00327580    0.00000000    0.00000000    0.00000000
    0.00000000    0.00000000    0.00000000    0.00000000
    0.15299840   -0.03127550    0.00000000    0.00000000    0.00000000
    0.00000000    0.00000000    0.00000000    0.00000000
   -0.34050680    0.07304500    0.00000000    0.00000000    0.00000000
    0.00000000    0.00000000    0.00000000    0.00000000
   -0.22863440    0.04905170    0.00000000    0.00000000    0.00000000
    0.00000000    0.00000000    0.00000000    0.00000000
    0.00000000    0.00000000    1.00000000    0.00000000    0.00000000
    0.00000000    0.00000000    0.00000000    0.00000000
    0.22672980   -0.05320270    0.00000000    0.00000000    0.00000000
    0.00000000    0.00000000    0.00000000    0.00000000
    0.00000000    0.00000000    0.00000000    1.00000000    0.00000000
    0.00000000    0.00000000    0.00000000    0.00000000
    0.54910420   -0.13678160    0.00000000    0.00000000    0.00000000
    0.00000000    0.00000000    0.00000000    0.00000000
    0.00000000    0.00000000    0.00000000    0.00000000    1.00000000
    0.00000000    0.00000000    0.00000000    0.00000000
    0.42310450   -0.16629980    0.00000000    0.00000000    0.00000000
    0.00000000    0.00000000    0.00000000    0.00000000
    0.09104080   -0.15469740    0.00000000    0.00000000    0.00000000
    0.00000000    0.00000000    0.00000000    0.00000000
    0.00345520    0.00178980    0.00000000    0.00000000    0.00000000
    0.00000000    0.00000000    0.00000000    0.00000000
    0.00000000    0.00000000    0.00000000    0.00000000    0.00000000
    1.00000000    0.00000000    0.00000000    0.00000000
   -0.00028370    0.40887000    0.00000000    0.00000000    0.00000000
    0.00000000    0.00000000    0.00000000    0.00000000
    0.00000000    0.00000000    0.00000000    0.00000000    0.00000000
    0.00000000    1.00000000    0.00000000    0.00000000
    0.00055460    0.56715150    0.00000000    0.00000000    0.00000000
    0.00000000    0.00000000    0.00000000    0.00000000
    0.00000000    0.00000000    0.00000000    0.00000000    0.00000000
    0.00000000    0.00000000    1.00000000    0.00000000
    0.00000310    0.18420760    0.00000000    0.00000000    0.00000000
    0.00000000    0.00000000    0.00000000    0.00000000
    0.00000000    0.00000000    0.00000000    0.00000000    0.00000000
    0.00000000    0.00000000    0.00000000    1.00000000

   25.955983   12.863527    6.375036    3.159405    1.784995
    1.565770    0.787254    0.775980    0.384568    0.347210
    0.190588    0.094453    0.065260    0.046810    0.028736
    0.023199    0.012653    0.011497    0.006326

    0.00005310   -0.00001130    0.00000000    0.00000000    0.00000000
    0.00000000    0.00000000    0.00000000    0.00000000
    0.00359740   -0.00050130    0.00000000    0.00000000    0.00000000
    0.00000000    0.00000000    0.00000000    0.00000000
   -0.04058580    0.00601080    0.00000000    0.00000000    0.00000000
    0.00000000    0.00000000    0.00000000    0.00000000
   -0.04220760    0.00570550    0.00000000    0.00000000    0.00000000
    0.00000000    0.00000000    0.00000000    0.00000000
    0.00000000    0.00000000    1.00000000    0.00000000    0.00000000
    0.00000000    0.00000000    0.00000000    0.00000000
    0.20965770   -0.03288980    0.00000000    0.00000000    0.00000000
    0.00000000    0.00000000    0.00000000    0.00000000
    0.00000000    0.00000000    0.00000000    1.00000000    0.00000000
    0.00000000    0.00000000    0.00000000    0.00000000
    0.39509450   -0.05912520    0.00000000    0.00000000    0.00000000
    0.00000000    0.00000000    0.00000000    0.00000000
    0.37504360   -0.06798030    0.00000000    0.00000000    0.00000000
    0.00000000    0.00000000    0.00000000    0.00000000
    0.00000000    0.00000000    0.00000000    0.00000000    1.00000000
    0.00000000    0.00000000    0.00000000    0.00000000
    0.15682480   -0.04852530    0.00000000    0.00000000    0.00000000
    0.00000000    0.00000000    0.00000000    0.00000000
    0.01966940    0.02182800    0.00000000    0.00000000    0.00000000
    0.00000000    0.00000000    0.00000000    0.00000000
    0.00000000    0.00000000    0.00000000    0.00000000    0.00000000
    1.00000000    0.00000000    0.00000000    0.00000000
    0.00125380    0.27827650    0.00000000    0.00000000    0.00000000
    0.00000000    0.00000000    0.00000000    0.00000000
    0.00000000    0.00000000    0.00000000    0.00000000    0.00000000
    0.00000000    1.00000000    0.00000000    0.00000000
    0.00029050    0.48640440    0.00000000    0.00000000    0.00000000
    0.00000000    0.00000000    0.00000000    0.00000000
    0.00000000    0.00000000    0.00000000    0.00000000    0.00000000
    0.00000000    0.00000000    1.00000000    0.00000000
   -0.00000980    0.31832720    0.00000000    0.00000000    0.00000000
    0.00000000    0.00000000    0.00000000    0.00000000
    0.00000000    0.00000000    0.00000000    0.00000000    0.00000000
    0.00000000    0.00000000    0.00000000    1.00000000

   25.002828   10.959775    4.804124    2.105846    1.794937
    0.923080    0.589584    0.404624    0.177364    0.077746
    0.067129    0.034079    0.014938    0.011669    0.006548
    0.005835

    0.00002860    0.00000000    0.00000000    0.00000000    0.00000000
    0.00000000
   -0.00030190    0.00000000    0.00000000    0.00000000    0.00000000
    0.00000000
    0.00482980    0.00000000    0.00000000    0.00000000    0.00000000
    0.00000000
    0.01402200    0.00000000    0.00000000    0.00000000    0.00000000
    0.00000000
    0.00000000    1.00000000    0.00000000    0.00000000    0.00000000
    0.00000000
    0.02589140    0.00000000    0.00000000    0.00000000    0.00000000
    0.00000000
    0.00000000    0.00000000    1.00000000    0.00000000    0.00000000
    0.00000000
    0.03605440    0.00000000    0.00000000    0.00000000    0.00000000
    0.00000000
    0.04862730    0.00000000    0.00000000    0.00000000    0.00000000
    0.00000000
    0.10242950    0.00000000    0.00000000    0.00000000    0.00000000
    0.00000000
    0.00000000    0.00000000    0.00000000    1.00000000    0.00000000
    0.00000000
    0.28114010    0.00000000    0.00000000    0.00000000    0.00000000
    0.00000000
    0.51238900    0.00000000    0.00000000    0.00000000    0.00000000
    0.00000000
    0.00000000    0.00000000    0.00000000    0.00000000    1.00000000
    0.00000000
    0.25265610    0.00000000    0.00000000    0.00000000    0.00000000
    0.00000000
    0.00000000    0.00000000    0.00000000    0.00000000    0.00000000
    1.00000000

    1.176422    0.070437    0.035218

    1.00000000    0.00000000    0.00000000
    0.00000000    1.00000000    0.00000000
    0.00000000    0.00000000    1.00000000

K:aug-cc-pV5Z-ccECP
ccECP aug-cc-pV5Z for K | source recipes/K/ccECP/K.aug-cc-pV5Z.gamess | ccECP from Guangming Wang et al. Journal of Chemical Physics 151, 144110 (2019) https://doi.org/10.1063/1.5121006

  6
    0    1    2    3    4    5
    8    8    6    4    3    2
   19   18   16    4    3    2

   33.190598   17.266513    8.982438    4.672871    2.430935
    1.264628    0.657889    0.342249    0.279981    0.178046
    0.130352    0.092623    0.060689    0.048185    0.028255
    0.025067    0.013155    0.013040    0.006578

    0.00093460   -0.00013550    0.00000000    0.00000000    0.00000000
    0.00000000    0.00000000    0.00000000
   -0.01746080    0.00327580    0.00000000    0.00000000    0.00000000
    0.00000000    0.00000000    0.00000000
    0.15299840   -0.03127550    0.00000000    0.00000000    0.00000000
    0.00000000    0.00000000    0.00000000
   -0.34050680    0.07304500    0.00000000    0.00000000    0.00000000
    0.00000000    0.00000000    0.00000000
   -0.22863440    0.04905170    0.00000000    0.00000000    0.00000000
    0.00000000    0.00000000    0.00000000
    0.22672980   -0.05320270    0.00000000    0.00000000    0.00000000
    0.00000000    0.00000000    0.00000000
    0.54910420   -0.13678160    0.00000000    0.00000000    0.00000000
    0.00000000    0.00000000    0.00000000
    0.42310450   -0.16629980    0.00000000    0.00000000    0.00000000
    0.00000000    0.00000000    0.00000000
    0.00000000    0.00000000    1.00000000    0.00000000    0.00000000
    0.00000000    0.00000000    0.00000000
    0.09104080   -0.15469740    0.00000000    0.00000000    0.00000000
    0.00000000    0.00000000    0.00000000
    0.00000000    0.00000000    0.00000000    1.00000000    0.00000000
    0.00000000    0.00000000    0.00000000
    0.00345520    0.00178980    0.00000000    0.00000000    0.00000000
    0.00000000    0.00000000    0.00000000
    0.00000000    0.00000000    0.00000000    0.00000000    1.00000000
    0.00000000    0.00000000    0.00000000
   -0.00028370    0.40887000    0.00000000    0.00000000    0.00000000
    0.00000000    0.00000000    0.00000000
    0.00000000    0.00000000    0.00000000    0.00000000    0.00000000
    1.00000000    0.00000000    0.00000000
    0.00055460    0.56715150    0.00000000    0.00000000    0.00000000
    0.00000000    0.00000000    0.00000000
    0.00000000    0.00000000    0.00000000    0.00000000    0.00000000
    0.00000000    1.00000000    0.00000000
    0.00000310    0.18420760    0.00000000    0.00000000    0.00000000
    0.00000000    0.00000000    0.00000000
    0.00000000    0.00000000    0.00000000    0.00000000    0.00000000
    0.00000000    0.00000000    1.00000000

   25.955983   12.863527    6.375036    3.159405    1.565770
    0.775980    0.384568    0.190588    0.156073    0.094453
    0.081288    0.046810    0.042338    0.023199    0.022051
    0.011497    0.011485    0.005743

    0.00005310   -0.00001130    0.00000000    0.00000000    0.00000000
    0.00000000    0.00000000    0.00000000
    0.00359740   -0.00050130    0.00000000    0.00000000    0.00000000
    0.00000000    0.00000000    0.00000000
   -0.04058580    0.00601080    0.00000000    0.00000000    0.00000000
    0.00000000    0.00000000    0.00000000
   -0.04220760    0.00570550    0.00000000    0.00000000    0.00000000
    0.00000000    0.00000000    0.00000000
    0.20965770   -0.03288980    0.00000000    0.00000000    0.00000000
    0.00000000    0.00000000    0.00000000
    0.39509450   -0.05912520    0.00000000    0.00000000    0.00000000
    0.00000000    0.00000000    0.00000000
    0.37504360   -0.06798030    0.00000000    0.00000000    0.00000000
    0.00000000    0.00000000    0.00000000
    0.15682480   -0.04852530    0.00000000    0.00000000    0.00000000
    0.00000000    0.00000000    0.00000000
    0.00000000    0.00000000    1.00000000    0.00000000    0.00000000
    0.00000000    0.00000000    0.00000000
    0.01966940    0.02182800    0.00000000    0.00000000    0.00000000
    0.00000000    0.00000000    0.00000000
    0.00000000    0.00000000    0.00000000    1.00000000    0.00000000
    0.00000000    0.00000000    0.00000000
    0.00125380    0.27827650    0.00000000    0.00000000    0.00000000
    0.00000000    0.00000000    0.00000000
    0.00000000    0.00000000    0.00000000    0.00000000    1.00000000
    0.00000000    0.00000000    0.00000000
    0.00029050    0.48640440    0.00000000    0.00000000    0.00000000
    0.00000000    0.00000000    0.00000000
    0.00000000    0.00000000    0.00000000    0.00000000    0.00000000
    1.00000000    0.00000000    0.00000000
   -0.00000980    0.31832720    0.00000000    0.00000000    0.00000000
    0.00000000    0.00000000    0.00000000
    0.00000000    0.00000000    0.00000000    0.00000000    0.00000000
    0.00000000    1.00000000    0.00000000
    0.00000000    0.00000000    0.00000000    0.00000000    0.00000000
    0.00000000    0.00000000    1.00000000

   25.002828   10.959775    4.804124    2.105846    0.923080
    0.404624    0.177364    0.120204    0.077746    0.048011
    0.034079    0.019176    0.014938    0.007659    0.006548
    0.003830

    0.00002860    0.00000000    0.00000000    0.00000000    0.00000000
    0.00000000
   -0.00030190    0.00000000    0.00000000    0.00000000    0.00000000
    0.00000000
    0.00482980    0.00000000    0.00000000    0.00000000    0.00000000
    0.00000000
    0.01402200    0.00000000    0.00000000    0.00000000    0.00000000
    0.00000000
    0.02589140    0.00000000    0.00000000    0.00000000    0.00000000
    0.00000000
    0.03605440    0.00000000    0.00000000    0.00000000    0.00000000
    0.00000000
    0.04862730    0.00000000    0.00000000    0.00000000    0.00000000
    0.00000000
    0.00000000    1.00000000    0.00000000    0.00000000    0.00000000
    0.00000000
    0.10242950    0.00000000    0.00000000    0.00000000    0.00000000
    0.00000000
    0.00000000    0.00000000    1.00000000    0.00000000    0.00000000
    0.00000000
    0.28114010    0.00000000    0.00000000    0.00000000    0.00000000
    0.00000000
    0.00000000    0.00000000    0.00000000    1.00000000    0.00000000
    0.00000000
    0.51238900    0.00000000    0.00000000    0.00000000    0.00000000
    0.00000000
    0.00000000    0.00000000    0.00000000    0.00000000    1.00000000
    0.00000000
    0.25265610    0.00000000    0.00000000    0.00000000    0.00000000
    0.00000000
    0.00000000    0.00000000    0.00000000    0.00000000    0.00000000
    1.00000000

    0.239153    0.119089    0.059302    0.029651

    1.00000000    0.00000000    0.00000000    0.00000000
    0.00000000    1.00000000    0.00000000    0.00000000
    0.00000000    0.00000000    1.00000000    0.00000000
    0.00000000    0.00000000    0.00000000    1.00000000

    0.143170    0.079847    0.039924

    1.00000000    0.00000000    0.00000000
    0.00000000    1.00000000    0.00000000
    0.00000000    0.00000000    1.00000000

    0.138324    0.069162

    1.00000000    0.00000000
    0.00000000    1.00000000

K:aug-cc-pV6Z-ccECP
ccECP aug-cc-pV6Z for K | source recipes/K/ccECP/K.aug-cc-pV6Z.gamess | ccECP from Guangming Wang et al. Journal of Chemical Physics 151, 144110 (2019) https://doi.org/10.1063/1.5121006

  7
    0    1    2    3    4    5    6
    9    9    7    5    4    3    2
   20   19   17    5    4    3    2

   33.190598   17.266513    8.982438    4.672871    2.430935
    1.264628    0.657889    0.366133    0.342249    0.178073
    0.178046    0.092623    0.086608    0.048185    0.042123
    0.025067    0.020487    0.013040    0.009964    0.004982

    0.00093460   -0.00013550    0.00000000    0.00000000    0.00000000
    0.00000000    0.00000000    0.00000000    0.00000000
   -0.01746080    0.00327580    0.00000000    0.00000000    0.00000000
    0.00000000    0.00000000    0.00000000    0.00000000
    0.15299840   -0.03127550    0.00000000    0.00000000    0.00000000
    0.00000000    0.00000000    0.00000000    0.00000000
   -0.34050680    0.07304500    0.00000000    0.00000000    0.00000000
    0.00000000    0.00000000    0.00000000    0.00000000
   -0.22863440    0.04905170    0.00000000    0.00000000    0.00000000
    0.00000000    0.00000000    0.00000000    0.00000000
    0.22672980   -0.05320270    0.00000000    0.00000000    0.00000000
    0.00000000    0.00000000    0.00000000    0.00000000
    0.54910420   -0.13678160    0.00000000    0.00000000    0.00000000
    0.00000000    0.00000000    0.00000000    0.00000000
    0.00000000    0.00000000    1.00000000    0.00000000    0.00000000
    0.00000000    0.00000000    0.00000000    0.00000000
    0.42310450   -0.16629980    0.00000000    0.00000000    0.00000000
    0.00000000    0.00000000    0.00000000    0.00000000
    0.00000000    0.00000000    0.00000000    1.00000000    0.00000000
    0.00000000    0.00000000    0.00000000    0.00000000
    0.09104080   -0.15469740    0.00000000    0.00000000    0.00000000
    0.00000000    0.00000000    0.00000000    0.00000000
    0.00345520    0.00178980    0.00000000    0.00000000    0.00000000
    0.00000000    0.00000000    0.00000000    0.00000000
    0.00000000    0.00000000    0.00000000    0.00000000    1.00000000
    0.00000000    0.00000000    0.00000000    0.00000000
   -0.00028370    0.40887000    0.00000000    0.00000000    0.00000000
    0.00000000    0.00000000    0.00000000    0.00000000
    0.00000000    0.00000000    0.00000000    0.00000000    0.00000000
    1.00000000    0.00000000    0.00000000    0.00000000
    0.00055460    0.56715150    0.00000000    0.00000000    0.00000000
    0.00000000    0.00000000    0.00000000    0.00000000
    0.00000000    0.00000000    0.00000000    0.00000000    0.00000000
    0.00000000    1.00000000    0.00000000    0.00000000
    0.00000310    0.18420760    0.00000000    0.00000000    0.00000000
    0.00000000    0.00000000    0.00000000    0.00000000
    0.00000000    0.00000000    0.00000000    0.00000000    0.00000000
    0.00000000    0.00000000    1.00000000    0.00000000
    0.00000000    0.00000000    0.00000000    0.00000000    0.00000000
    0.00000000    0.00000000    0.00000000    1.00000000

   25.955983   12.863527    6.375036    3.159405    1.565770
    0.775980    0.405586    0.384568    0.193981    0.190588
    0.094453    0.092776    0.046810    0.044372    0.023199
    0.021222    0.011497    0.010150    0.005075

    0.00005310   -0.00001130    0.00000000    0.00000000    0.00000000
    0.00000000    0.00000000    0.00000000    0.00000000
    0.00359740   -0.00050130    0.00000000    0.00000000    0.00000000
    0.00000000    0.00000000    0.00000000    0.00000000
   -0.04058580    0.00601080    0.00000000    0.00000000    0.00000000
    0.00000000    0.00000000    0.00000000    0.00000000
   -0.04220760    0.00570550    0.00000000    0.00000000    0.00000000
    0.00000000    0.00000000    0.00000000    0.00000000
    0.20965770   -0.03288980    0.00000000    0.00000000    0.00000000
    0.00000000    0.00000000    0.00000000    0.00000000
    0.39509450   -0.05912520    0.00000000    0.00000000    0.00000000
    0.00000000    0.00000000    0.00000000    0.00000000
    0.00000000    0.00000000    1.00000000    0.00000000    0.00000000
    0.00000000    0.00000000    0.00000000    0.00000000
    0.37504360   -0.06798030    0.00000000    0.00000000    0.00000000
    0.00000000    0.00000000    0.00000000    0.00000000
    0.00000000    0.00000000    0.00000000    1.00000000    0.00000000
    0.00000000    0.00000000    0.00000000    0.00000000
    0.15682480   -0.04852530    0.00000000    0.00000000    0.00000000
    0.00000000    0.00000000    0.00000000    0.00000000
    0.01966940    0.02182800    0.00000000    0.00000000    0.00000000
    0.00000000    0.00000000    0.00000000    0.00000000
    0.00000000    0.00000000    0.00000000    0.00000000    1.00000000
    0.00000000    0.00000000    0.00000000    0.00000000
    0.00125380    0.27827650    0.00000000    0.00000000    0.00000000
    0.00000000    0.00000000    0.00000000    0.00000000
    0.00000000    0.00000000    0.00000000    0.00000000    0.00000000
    1.00000000    0.00000000    0.00000000    0.00000000
    0.00029050    0.48640440    0.00000000    0.00000000    0.00000000
    0.00000000    0.00000000    0.00000000    0.00000000
    0.00000000    0.00000000    0.00000000    0.00000000    0.00000000
    0.00000000    1.00000000    0.00000000    0.00000000
   -0.00000980    0.31832720    0.00000000    0.00000000    0.00000000
    0.00000000    0.00000000    0.00000000    0.00000000
    0.00000000    0.00000000    0.00000000    0.00000000    0.00000000
    0.00000000    0.00000000    1.00000000    0.00000000
    0.00000000    0.00000000    0.00000000    0.00000000    0.00000000
    0.00000000    0.00000000    0.00000000    1.00000000

   25.002828   10.959775    4.804124    2.105846    0.923080
    0.404624    0.216125    0.177364    0.091274    0.077746
    0.038547    0.034079    0.016279    0.014938    0.006875
    0.006548    0.003438

    0.00002860    0.00000000    0.00000000    0.00000000    0.00000000
    0.00000000    0.00000000
   -0.00030190    0.00000000    0.00000000    0.00000000    0.00000000
    0.00000000    0.00000000
    0.00482980    0.00000000    0.00000000    0.00000000    0.00000000
    0.00000000    0.00000000
    0.01402200    0.00000000    0.00000000    0.00000000    0.00000000
    0.00000000    0.00000000
    0.02589140    0.00000000    0.00000000    0.00000000    0.00000000
    0.00000000    0.00000000
    0.03605440    0.00000000    0.00000000    0.00000000    0.00000000
    0.00000000    0.00000000
    0.00000000    1.00000000    0.00000000    0.00000000    0.00000000
    0.00000000    0.00000000
    0.04862730    0.00000000    0.00000000    0.00000000    0.00000000
    0.00000000    0.00000000
    0.00000000    0.00000000    1.00000000    0.00000000    0.00000000
    0.00000000    0.00000000
    0.10242950    0.00000000    0.00000000    0.00000000    0.00000000
    0.00000000    0.00000000
    0.00000000    0.00000000    0.00000000    1.00000000    0.00000000
    0.00000000    0.00000000
    0.28114010    0.00000000    0.00000000    0.00000000    0.00000000
    0.00000000    0.00000000
    0.00000000    0.00000000    0.00000000    0.00000000    1.00000000
    0.00000000    0.00000000
    0.51238900    0.00000000    0.00000000    0.00000000    0.00000000
    0.00000000    0.00000000
    0.00000000    0.00000000    0.00000000    0.00000000    0.00000000
    1.00000000    0.00000000
    0.25265610    0.00000000    0.00000000    0.00000000    0.00000000
    0.00000000    0.00000000
    0.00000000    0.00000000    0.00000000    0.00000000    0.00000000
    0.00000000    1.00000000

    0.439386    0.219135    0.109289    0.054506    0.027253

    1.00000000    0.00000000    0.00000000    0.00000000    0.00000000
    0.00000000    1.00000000    0.00000000    0.00000000    0.00000000
    0.00000000    0.00000000    1.00000000    0.00000000    0.00000000
    0.00000000    0.00000000    0.00000000    1.00000000    0.00000000
    0.00000000    0.00000000    0.00000000    0.00000000    1.00000000

    0.240282    0.134073    0.074810    0.037405

    1.00000000    0.00000000    0.00000000    0.00000000
    0.00000000    1.00000000    0.00000000    0.00000000
    0.00000000    0.00000000    1.00000000    0.00000000
    0.00000000    0.00000000    0.00000000    1.00000000

    0.258411    0.129746    0.064873

    1.00000000    0.00000000    0.00000000
    0.00000000    1.00000000    0.00000000
    0.00000000    0.00000000    1.00000000

    0.169962    0.084981

    1.00000000    0.00000000
    0.00000000    1.00000000

K:aug-cc-pVDZ-ccECP
ccECP aug-cc-pVDZ for K | source recipes/K/ccECP/K.aug-cc-pVDZ.gamess | ccECP from Guangming Wang et al. Journal of Chemical Physics 151, 144110 (2019) https://doi.org/10.1063/1.5121006

  3
    0    1    2
    5    5    3
   16   15   13

   33.190598   17.266513    8.982438    4.672871    2.430935
    1.264628    0.657889    0.342249    0.178046    0.092623
    0.051786    0.048185    0.025067    0.019252    0.013040
    0.009626

    0.00093460   -0.00013550    0.00000000    0.00000000    0.00000000
   -0.01746080    0.00327580    0.00000000    0.00000000    0.00000000
    0.15299840   -0.03127550    0.00000000    0.00000000    0.00000000
   -0.34050680    0.07304500    0.00000000    0.00000000    0.00000000
   -0.22863440    0.04905170    0.00000000    0.00000000    0.00000000
    0.22672980   -0.05320270    0.00000000    0.00000000    0.00000000
    0.54910420   -0.13678160    0.00000000    0.00000000    0.00000000
    0.42310450   -0.16629980    0.00000000    0.00000000    0.00000000
    0.09104080   -0.15469740    0.00000000    0.00000000    0.00000000
    0.00345520    0.00178980    0.00000000    0.00000000    0.00000000
    0.00000000    0.00000000    1.00000000    0.00000000    0.00000000
   -0.00028370    0.40887000    0.00000000    0.00000000    0.00000000
    0.00055460    0.56715150    0.00000000    0.00000000    0.00000000
    0.00000000    0.00000000    0.00000000    1.00000000    0.00000000
    0.00000310    0.18420760    0.00000000    0.00000000    0.00000000
    0.00000000    0.00000000    0.00000000    0.00000000    1.00000000

   25.955983   12.863527    6.375036    3.159405    1.565770
    0.775980    0.384568    0.190588    0.094453    0.046810
    0.027763    0.023199    0.012100    0.011497    0.006050

    0.00005310   -0.00001130    0.00000000    0.00000000    0.00000000
    0.00359740   -0.00050130    0.00000000    0.00000000    0.00000000
   -0.04058580    0.00601080    0.00000000    0.00000000    0.00000000
   -0.04220760    0.00570550    0.00000000    0.00000000    0.00000000
    0.20965770   -0.03288980    0.00000000    0.00000000    0.00000000
    0.39509450   -0.05912520    0.00000000    0.00000000    0.00000000
    0.37504360   -0.06798030    0.00000000    0.00000000    0.00000000
    0.15682480   -0.04852530    0.00000000    0.00000000    0.00000000
    0.01966940    0.02182800    0.00000000    0.00000000    0.00000000
    0.00125380    0.27827650    0.00000000    0.00000000    0.00000000
    0.00000000    0.00000000    1.00000000    0.00000000    0.00000000
    0.00029050    0.48640440    0.00000000    0.00000000    0.00000000
    0.00000000    0.00000000    0.00000000    1.00000000    0.00000000
   -0.00000980    0.31832720    0.00000000    0.00000000    0.00000000
    0.00000000    0.00000000    0.00000000    0.00000000    1.00000000

   25.002828   10.959775    4.804124    2.105846    0.923080
    0.404624    0.177364    0.077746    0.034079    0.014938
    0.013386    0.006693    0.006548

    0.00002860    0.00000000    0.00000000
   -0.00030190    0.00000000    0.00000000
    0.00482980    0.00000000    0.00000000
    0.01402200    0.00000000    0.00000000
    0.02589140    0.00000000    0.00000000
    0.03605440    0.00000000    0.00000000
    0.04862730    0.00000000    0.00000000
    0.10242950    0.00000000    0.00000000
    0.28114010    0.00000000    0.00000000
    0.51238900    0.00000000    0.00000000
    0.00000000    1.00000000    0.00000000
    0.00000000    0.00000000    1.00000000
    0.25265610    0.00000000    0.00000000

K:aug-cc-pVQZ-ccECP
ccECP aug-cc-pVQZ for K | source recipes/K/ccECP/K.aug-cc-pVQZ.gamess | ccECP from Guangming Wang et al. Journal of Chemical Physics 151, 144110 (2019) https://doi.org/10.1063/1.5121006

  5
    0    1    2    3    4
    7    7    5    3    2
   18   17   15    3    2

   33.190598   17.266513    8.982438    4.672871    2.430935
    1.264628    0.657889    0.342249    0.178046    0.150724
    0.092623    0.069050    0.048185    0.031633    0.025067
    0.014492    0.013040    0.007246

    0.00093460   -0.00013550    0.00000000    0.00000000    0.00000000
    0.00000000    0.00000000
   -0.01746080    0.00327580    0.00000000    0.00000000    0.00000000
    0.00000000    0.00000000
    0.15299840   -0.03127550    0.00000000    0.00000000    0.00000000
    0.00000000    0.00000000
   -0.34050680    0.07304500    0.00000000    0.00000000    0.00000000
    0.00000000    0.00000000
   -0.22863440    0.04905170    0.00000000    0.00000000    0.00000000
    0.00000000    0.00000000
    0.22672980   -0.05320270    0.00000000    0.00000000    0.00000000
    0.00000000    0.00000000
    0.54910420   -0.13678160    0.00000000    0.00000000    0.00000000
    0.00000000    0.00000000
    0.42310450   -0.16629980    0.00000000    0.00000000    0.00000000
    0.00000000    0.00000000
    0.09104080   -0.15469740    0.00000000    0.00000000    0.00000000
    0.00000000    0.00000000
    0.00000000    0.00000000    1.00000000    0.00000000    0.00000000
    0.00000000    0.00000000
    0.00345520    0.00178980    0.00000000    0.00000000    0.00000000
    0.00000000    0.00000000
    0.00000000    0.00000000    0.00000000    1.00000000    0.00000000
    0.00000000    0.00000000
   -0.00028370    0.40887000    0.00000000    0.00000000    0.00000000
    0.00000000    0.00000000
    0.00000000    0.00000000    0.00000000    0.00000000    1.00000000
    0.00000000    0.00000000
    0.00055460    0.56715150    0.00000000    0.00000000    0.00000000
    0.00000000    0.00000000
    0.00000000    0.00000000    0.00000000    0.00000000    0.00000000
    1.00000000    0.00000000
    0.00000310    0.18420760    0.00000000    0.00000000    0.00000000
    0.00000000    0.00000000
    0.00000000    0.00000000    0.00000000    0.00000000    0.00000000
    0.00000000    1.00000000

   25.955983   12.863527    6.375036    3.159405    1.565770
    0.775980    0.384568    0.190588    0.094453    0.071025
    0.046810    0.035889    0.023199    0.018135    0.011497
    0.009164    0.004582

    0.00005310   -0.00001130    0.00000000    0.00000000    0.00000000
    0.00000000    0.00000000
    0.00359740   -0.00050130    0.00000000    0.00000000    0.00000000
    0.00000000    0.00000000
   -0.04058580    0.00601080    0.00000000    0.00000000    0.00000000
    0.00000000    0.00000000
   -0.04220760    0.00570550    0.00000000    0.00000000    0.00000000
    0.00000000    0.00000000
    0.20965770   -0.03288980    0.00000000    0.00000000    0.00000000
    0.00000000    0.00000000
    0.39509450   -0.05912520    0.00000000    0.00000000    0.00000000
    0.00000000    0.00000000
    0.37504360   -0.06798030    0.00000000    0.00000000    0.00000000
    0.00000000    0.00000000
    0.15682480   -0.04852530    0.00000000    0.00000000    0.00000000
    0.00000000    0.00000000
    0.01966940    0.02182800    0.00000000    0.00000000    0.00000000
    0.00000000    0.00000000
    0.00000000    0.00000000    1.00000000    0.00000000    0.00000000
    0.00000000    0.00000000
    0.00125380    0.27827650    0.00000000    0.00000000    0.00000000
    0.00000000    0.00000000
    0.00000000    0.00000000    0.00000000    1.00000000    0.00000000
    0.00000000    0.00000000
    0.00029050    0.48640440    0.00000000    0.00000000    0.00000000
    0.00000000    0.00000000
    0.00000000    0.00000000    0.00000000    0.00000000    1.00000000
    0.00000000    0.00000000
   -0.00000980    0.31832720    0.00000000    0.00000000    0.00000000
    0.00000000    0.00000000
    0.00000000    0.00000000    0.00000000    0.00000000    0.00000000
    1.00000000    0.00000000
    0.00000000    0.00000000    0.00000000    0.00000000    0.00000000
    0.00000000    1.00000000

   25.002828   10.959775    4.804124    2.105846    0.923080
    0.404624    0.177364    0.077746    0.063256    0.034079
    0.023163    0.014938    0.008482    0.006548    0.004241

    0.00002860    0.00000000    0.00000000    0.00000000    0.00000000
   -0.00030190    0.00000000    0.00000000    0.00000000    0.00000000
    0.00482980    0.00000000    0.00000000    0.00000000    0.00000000
    0.01402200    0.00000000    0.00000000    0.00000000    0.00000000
    0.02589140    0.00000000    0.00000000    0.00000000    0.00000000
    0.03605440    0.00000000    0.00000000    0.00000000    0.00000000
    0.04862730    0.00000000    0.00000000    0.00000000    0.00000000
    0.10242950    0.00000000    0.00000000    0.00000000    0.00000000
    0.00000000    1.00000000    0.00000000    0.00000000    0.00000000
    0.28114010    0.00000000    0.00000000    0.00000000    0.00000000
    0.00000000    0.00000000    1.00000000    0.00000000    0.00000000
    0.51238900    0.00000000    0.00000000    0.00000000    0.00000000
    0.00000000    0.00000000    0.00000000    1.00000000    0.00000000
    0.25265610    0.00000000    0.00000000    0.00000000    0.00000000
    0.00000000    0.00000000    0.00000000    0.00000000    1.00000000

    0.123997    0.062758    0.031379

    1.00000000    0.00000000    0.00000000
    0.00000000    1.00000000    0.00000000
    0.00000000    0.00000000    1.00000000

    0.011607    0.005803

    1.00000000    0.00000000
    0.00000000    1.00000000

K:aug-cc-pVTZ-ccECP
ccECP aug-cc-pVTZ for K | source recipes/K/ccECP/K.aug-cc-pVTZ.gamess | ccECP from Guangming Wang et al. Journal of Chemical Physics 151, 144110 (2019) https://doi.org/10.1063/1.5121006

  4
    0    1    2    3
    6    6    4    2
   17   16   14    2

   33.190598   17.266513    8.982438    4.672871    2.430935
    1.264628    0.657889    0.342249    0.178046    0.092623
    0.065911    0.048185    0.031297    0.025067    0.014861
    0.013040    0.007430

    0.00093460   -0.00013550    0.00000000    0.00000000    0.00000000
    0.00000000
   -0.01746080    0.00327580    0.00000000    0.00000000    0.00000000
    0.00000000
    0.15299840   -0.03127550    0.00000000    0.00000000    0.00000000
    0.00000000
   -0.34050680    0.07304500    0.00000000    0.00000000    0.00000000
    0.00000000
   -0.22863440    0.04905170    0.00000000    0.00000000    0.00000000
    0.00000000
    0.22672980   -0.05320270    0.00000000    0.00000000    0.00000000
    0.00000000
    0.54910420   -0.13678160    0.00000000    0.00000000    0.00000000
    0.00000000
    0.42310450   -0.16629980    0.00000000    0.00000000    0.00000000
    0.00000000
    0.09104080   -0.15469740    0.00000000    0.00000000    0.00000000
    0.00000000
    0.00345520    0.00178980    0.00000000    0.00000000    0.00000000
    0.00000000
    0.00000000    0.00000000    1.00000000    0.00000000    0.00000000
    0.00000000
   -0.00028370    0.40887000    0.00000000    0.00000000    0.00000000
    0.00000000
    0.00000000    0.00000000    0.00000000    1.00000000    0.00000000
    0.00000000
    0.00055460    0.56715150    0.00000000    0.00000000    0.00000000
    0.00000000
    0.00000000    0.00000000    0.00000000    0.00000000    1.00000000
    0.00000000
    0.00000310    0.18420760    0.00000000    0.00000000    0.00000000
    0.00000000
    0.00000000    0.00000000    0.00000000    0.00000000    0.00000000
    1.00000000

   25.955983   12.863527    6.375036    3.159405    1.565770
    0.775980    0.384568    0.190588    0.094453    0.065260
    0.046810    0.028736    0.023199    0.012653    0.011497
    0.006326

    0.00005310   -0.00001130    0.00000000    0.00000000    0.00000000
    0.00000000
    0.00359740   -0.00050130    0.00000000    0.00000000    0.00000000
    0.00000000
   -0.04058580    0.00601080    0.00000000    0.00000000    0.00000000
    0.00000000
   -0.04220760    0.00570550    0.00000000    0.00000000    0.00000000
    0.00000000
    0.20965770   -0.03288980    0.00000000    0.00000000    0.00000000
    0.00000000
    0.39509450   -0.05912520    0.00000000    0.00000000    0.00000000
    0.00000000
    0.37504360   -0.06798030    0.00000000    0.00000000    0.00000000
    0.00000000
    0.15682480   -0.04852530    0.00000000    0.00000000    0.00000000
    0.00000000
    0.01966940    0.02182800    0.00000000    0.00000000    0.00000000
    0.00000000
    0.00000000    0.00000000    1.00000000    0.00000000    0.00000000
    0.00000000
    0.00125380    0.27827650    0.00000000    0.00000000    0.00000000
    0.00000000
    0.00000000    0.00000000    0.00000000    1.00000000    0.00000000
    0.00000000
    0.00029050    0.48640440    0.00000000    0.00000000    0.00000000
    0.00000000
    0.00000000    0.00000000    0.00000000    0.00000000    1.00000000
    0.00000000
   -0.00000980    0.31832720    0.00000000    0.00000000    0.00000000
    0.00000000
    0.00000000    0.00000000    0.00000000    0.00000000    0.00000000
    1.00000000

   25.002828   10.959775    4.804124    2.105846    0.923080
    0.404624    0.177364    0.077746    0.067129    0.034079
    0.014938    0.011669    0.006548    0.005835

    0.00002860    0.00000000    0.00000000    0.00000000
   -0.00030190    0.00000000    0.00000000    0.00000000
    0.00482980    0.00000000    0.00000000    0.00000000
    0.01402200    0.00000000    0.00000000    0.00000000
    0.02589140    0.00000000    0.00000000    0.00000000
    0.03605440    0.00000000    0.00000000    0.00000000
    0.04862730    0.00000000    0.00000000    0.00000000
    0.10242950    0.00000000    0.00000000    0.00000000
    0.00000000    1.00000000    0.00000000    0.00000000
    0.28114010    0.00000000    0.00000000    0.00000000
    0.51238900    0.00000000    0.00000000    0.00000000
    0.00000000    0.00000000    1.00000000    0.00000000
    0.25265610    0.00000000    0.00000000    0.00000000
    0.00000000    0.00000000    0.00000000    1.00000000

    0.070437    0.035218

    1.00000000    0.00000000
    0.00000000    1.00000000

K:cc-pCV5Z-ccECP
ccECP cc-pCV5Z for K | source recipes/K/ccECP/K.cc-pCV5Z.gamess | ccECP from Guangming Wang et al. Journal of Chemical Physics 151, 144110 (2019) https://doi.org/10.1063/1.5121006

  6
    0    1    2    3    4    5
   12   12    9    6    4    2
   23   22   19    6    4    2

   33.190598   17.266513    8.982438    5.873270    4.672871
    3.683273    2.430935    2.309872    1.448578    1.264628
    0.908439    0.657889    0.342249    0.279981    0.178046
    0.130352    0.092623    0.060689    0.048185    0.028255
    0.025067    0.013155    0.013040

    0.00093460   -0.00013550    0.00000000    0.00000000    0.00000000
    0.00000000    0.00000000    0.00000000    0.00000000    0.00000000
    0.00000000    0.00000000
   -0.01746080    0.00327580    0.00000000    0.00000000    0.00000000
    0.00000000    0.00000000    0.00000000    0.00000000    0.00000000
    0.00000000    0.00000000
    0.15299840   -0.03127550    0.00000000    0.00000000    0.00000000
    0.00000000    0.00000000    0.00000000    0.00000000    0.00000000
    0.00000000    0.00000000
    0.00000000    0.00000000    1.00000000    0.00000000    0.00000000
    0.00000000    0.00000000    0.00000000    0.00000000    0.00000000
    0.00000000    0.00000000
   -0.34050680    0.07304500    0.00000000    0.00000000    0.00000000
    0.00000000    0.00000000    0.00000000    0.00000000    0.00000000
    0.00000000    0.00000000
    0.00000000    0.00000000    0.00000000    1.00000000    0.00000000
    0.00000000    0.00000000    0.00000000    0.00000000    0.00000000
    0.00000000    0.00000000
   -0.22863440    0.04905170    0.00000000    0.00000000    0.00000000
    0.00000000    0.00000000    0.00000000    0.00000000    0.00000000
    0.00000000    0.00000000
    0.00000000    0.00000000    0.00000000    0.00000000    1.00000000
    0.00000000    0.00000000    0.00000000    0.00000000    0.00000000
    0.00000000    0.00000000
    0.00000000    0.00000000    0.00000000    0.00000000    0.00000000
    1.00000000    0.00000000    0.00000000    0.00000000    0.00000000
    0.00000000    0.00000000
    0.22672980   -0.05320270    0.00000000    0.00000000    0.00000000
    0.00000000    0.00000000    0.00000000    0.00000000    0.00000000
    0.00000000    0.00000000
    0.00000000    0.00000000    0.00000000    0.00000000    0.00000000
    0.00000000    1.00000000    0.00000000    0.00000000    0.00000000
    0.00000000    0.00000000
    0.54910420   -0.13678160    0.00000000    0.00000000    0.00000000
    0.00000000    0.00000000    0.00000000    0.00000000    0.00000000
    0.00000000    0.00000000
    0.42310450   -0.16629980    0.00000000    0.00000000    0.00000000
    0.00000000    0.00000000    0.00000000    0.00000000    0.00000000
    0.00000000    0.00000000
    0.00000000    0.00000000    0.00000000    0.00000000    0.00000000
    0.00000000    0.00000000    1.00000000    0.00000000    0.00000000
    0.00000000    0.00000000
    0.09104080   -0.15469740    0.00000000    0.00000000    0.00000000
    0.00000000    0.00000000    0.00000000    0.00000000    0.00000000
    0.00000000    0.00000000
    0.00000000    0.00000000    0.00000000    0.00000000    0.00000000
    0.00000000    0.00000000    0.00000000    1.00000000    0.00000000
    0.00000000    0.00000000
    0.00345520    0.00178980    0.00000000    0.00000000    0.00000000
    0.00000000    0.00000000    0.00000000    0.00000000    0.00000000
    0.00000000    0.00000000
    0.00000000    0.00000000    0.00000000    0.00000000    0.00000000
    0.00000000    0.00000000    0.00000000    0.00000000    1.00000000
    0.00000000    0.00000000
   -0.00028370    0.40887000    0.00000000    0.00000000    0.00000000
    0.00000000    0.00000000    0.00000000    0.00000000    0.00000000
    0.00000000    0.00000000
    0.00000000    0.00000000    0.00000000    0.00000000    0.00000000
    0.00000000    0.00000000    0.00000000    0.00000000    0.00000000
    1.00000000    0.00000000
    0.00055460    0.56715150    0.00000000    0.00000000    0.00000000
    0.00000000    0.00000000    0.00000000    0.00000000    0.00000000
    0.00000000    0.00000000
    0.00000000    0.00000000    0.00000000    0.00000000    0.00000000
    0.00000000    0.00000000    0.00000000    0.00000000    0.00000000
    0.00000000    1.00000000
    0.00000310    0.18420760    0.00000000    0.00000000    0.00000000
    0.00000000    0.00000000    0.00000000    0.00000000    0.00000000
    0.00000000    0.00000000

   25.955983   12.863527    6.375036    6.009499    3.159405
    3.072831    1.571228    1.565770    0.803414    0.775980
    0.410809    0.384568    0.190588    0.156073    0.094453
    0.081288    0.046810    0.042338    0.023199    0.022051
    0.011497    0.011485

    0.00005310   -0.00001130    0.00000000    0.00000000    0.00000000
    0.00000000    0.00000000    0.00000000    0.00000000    0.00000000
    0.00000000    0.00000000
    0.00359740   -0.00050130    0.00000000    0.00000000    0.00000000
    0.00000000    0.00000000    0.00000000    0.00000000    0.00000000
    0.00000000    0.00000000
   -0.04058580    0.00601080    0.00000000    0.00000000    0.00000000
    0.00000000    0.00000000    0.00000000    0.00000000    0.00000000
    0.00000000    0.00000000
    0.00000000    0.00000000    1.00000000    0.00000000    0.00000000
    0.00000000    0.00000000    0.00000000    0.00000000    0.00000000
    0.00000000    0.00000000
   -0.04220760    0.00570550    0.00000000    0.00000000    0.00000000
    0.00000000    0.00000000    0.00000000    0.00000000    0.00000000
    0.00000000    0.00000000
    0.00000000    0.00000000    0.00000000    1.00000000    0.00000000
    0.00000000    0.00000000    0.00000000    0.00000000    0.00000000
    0.00000000    0.00000000
    0.00000000    0.00000000    0.00000000    0.00000000    1.00000000
    0.00000000    0.00000000    0.00000000    0.00000000    0.00000000
    0.00000000    0.00000000
    0.20965770   -0.03288980    0.00000000    0.00000000    0.00000000
    0.00000000    0.00000000    0.00000000    0.00000000    0.00000000
    0.00000000    0.00000000
    0.00000000    0.00000000    0.00000000    0.00000000    0.00000000
    1.00000000    0.00000000    0.00000000    0.00000000    0.00000000
    0.00000000    0.00000000
    0.39509450   -0.05912520    0.00000000    0.00000000    0.00000000
    0.00000000    0.00000000    0.00000000    0.00000000    0.00000000
    0.00000000    0.00000000
    0.00000000    0.00000000    0.00000000    0.00000000    0.00000000
    0.00000000    1.00000000    0.00000000    0.00000000    0.00000000
    0.00000000    0.00000000
    0.37504360   -0.06798030    0.00000000    0.00000000    0.00000000
    0.00000000    0.00000000    0.00000000    0.00000000    0.00000000
    0.00000000    0.00000000
    0.15682480   -0.04852530    0.00000000    0.00000000    0.00000000
    0.00000000    0.00000000    0.00000000    0.00000000    0.00000000
    0.00000000    0.00000000
    0.00000000    0.00000000    0.00000000    0.00000000    0.00000000
    0.00000000    0.00000000    1.00000000    0.00000000    0.00000000
    0.00000000    0.00000000
    0.01966940    0.02182800    0.00000000    0.00000000    0.00000000
    0.00000000    0.00000000    0.00000000    0.00000000    0.00000000
    0.00000000    0.00000000
    0.00000000    0.00000000    0.00000000    0.00000000    0.00000000
    0.00000000    0.00000000    0.00000000    1.00000000    0.00000000
    0.00000000    0.00000000
    0.00125380    0.27827650    0.00000000    0.00000000    0.00000000
    0.00000000    0.00000000    0.00000000    0.00000000    0.00000000
    0.00000000    0.00000000
    0.00000000    0.00000000    0.00000000    0.00000000    0.00000000
    0.00000000    0.00000000    0.00000000    0.00000000    1.00000000
    0.00000000    0.00000000
    0.00029050    0.48640440    0.00000000    0.00000000    0.00000000
    0.00000000    0.00000000    0.00000000    0.00000000    0.00000000
    0.00000000    0.00000000
    0.00000000    0.00000000    0.00000000    0.00000000    0.00000000
    0.00000000    0.00000000    0.00000000    0.00000000    0.00000000
    1.00000000    0.00000000
   -0.00000980    0.31832720    0.00000000    0.00000000    0.00000000
    0.00000000    0.00000000    0.00000000    0.00000000    0.00000000
    0.00000000    0.00000000
    0.00000000    0.00000000    0.00000000    0.00000000    0.00000000
    0.00000000    0.00000000    0.00000000    0.00000000    0.00000000
    0.00000000    1.00000000

   25.002828   10.959775    4.804124    3.848391    2.105846
    1.901701    0.939734    0.923080    0.464374    0.404624
    0.177364    0.120204    0.077746    0.048011    0.034079
    0.019176    0.014938    0.007659    0.006548

    0.00002860    0.00000000    0.00000000    0.00000000    0.00000000
    0.00000000    0.00000000    0.00000000    0.00000000
   -0.00030190    0.00000000    0.00000000    0.00000000    0.00000000
    0.00000000    0.00000000    0.00000000    0.00000000
    0.00482980    0.00000000    0.00000000    0.00000000    0.00000000
    0.00000000    0.00000000    0.00000000    0.00000000
    0.00000000    1.00000000    0.00000000    0.00000000    0.00000000
    0.00000000    0.00000000    0.00000000    0.00000000
    0.01402200    0.00000000    0.00000000    0.00000000    0.00000000
    0.00000000    0.00000000    0.00000000    0.00000000
    0.00000000    0.00000000    1.00000000    0.00000000    0.00000000
    0.00000000    0.00000000    0.00000000    0.00000000
    0.00000000    0.00000000    0.00000000    1.00000000    0.00000000
    0.00000000    0.00000000    0.00000000    0.00000000
    0.02589140    0.00000000    0.00000000    0.00000000    0.00000000
    0.00000000    0.00000000    0.00000000    0.00000000
    0.00000000    0.00000000    0.00000000    0.00000000    1.00000000
    0.00000000    0.00000000    0.00000000    0.00000000
    0.03605440    0.00000000    0.00000000    0.00000000    0.00000000
    0.00000000    0.00000000    0.00000000    0.00000000
    0.04862730    0.00000000    0.00000000    0.00000000    0.00000000
    0.00000000    0.00000000    0.00000000    0.00000000
    0.00000000    0.00000000    0.00000000    0.00000000    0.00000000
    1.00000000    0.00000000    0.00000000    0.00000000
    0.10242950    0.00000000    0.00000000    0.00000000    0.00000000
    0.00000000    0.00000000    0.00000000    0.00000000
    0.00000000    0.00000000    0.00000000    0.00000000    0.00000000
    0.00000000    1.00000000    0.00000000    0.00000000
    0.28114010    0.00000000    0.00000000    0.00000000    0.00000000
    0.00000000    0.00000000    0.00000000    0.00000000
    0.00000000    0.00000000    0.00000000    0.00000000    0.00000000
    0.00000000    0.00000000    1.00000000    0.00000000
    0.51238900    0.00000000    0.00000000    0.00000000    0.00000000
    0.00000000    0.00000000    0.00000000    0.00000000
    0.00000000    0.00000000    0.00000000    0.00000000    0.00000000
    0.00000000    0.00000000    0.00000000    1.00000000
    0.25265610    0.00000000    0.00000000    0.00000000    0.00000000
    0.00000000    0.00000000    0.00000000    0.00000000

    2.590701    1.411529    0.769064    0.239153    0.119089
    0.059302

    1.00000000    0.00000000    0.00000000    0.00000000    0.00000000
    0.00000000
    0.00000000    1.00000000    0.00000000    0.00000000    0.00000000
    0.00000000
    0.00000000    0.00000000    1.00000000    0.00000000    0.00000000
    0.00000000
    0.00000000    0.00000000    0.00000000    1.00000000    0.00000000
    0.00000000
    0.00000000    0.00000000    0.00000000    0.00000000    1.00000000
    0.00000000
    0.00000000    0.00000000    0.00000000    0.00000000    0.00000000
    1.00000000

    2.037301    0.905571    0.143170    0.079847

    1.00000000    0.00000000    0.00000000    0.00000000
    0.00000000    1.00000000    0.00000000    0.00000000
    0.00000000    0.00000000    1.00000000    0.00000000
    0.00000000    0.00000000    0.00000000    1.00000000

    1.635516    0.138324

    1.00000000    0.00000000
    0.00000000    1.00000000

K:cc-pCV6Z-ccECP
ccECP cc-pCV6Z for K | source recipes/K/ccECP/K.cc-pCV6Z.gamess | ccECP from Guangming Wang et al. Journal of Chemical Physics 151, 144110 (2019) https://doi.org/10.1063/1.5121006

  7
    0    1    2    3    4    5    6
   14   14   11    8    6    4    2
   25   24   21    8    6    4    2

   33.190598   17.266513    8.982438    7.446812    4.886206
    4.672871    3.206071    2.430935    2.103655    1.380307
    1.264628    0.905685    0.657889    0.366133    0.342249
    0.178073    0.178046    0.092623    0.086608    0.048185
    0.042123    0.025067    0.020487    0.013040    0.009964

    0.00093460   -0.00013550    0.00000000    0.00000000    0.00000000
    0.00000000    0.00000000    0.00000000    0.00000000    0.00000000
    0.00000000    0.00000000    0.00000000    0.00000000
   -0.01746080    0.00327580    0.00000000    0.00000000    0.00000000
    0.00000000    0.00000000    0.00000000    0.00000000    0.00000000
    0.00000000    0.00000000    0.00000000    0.00000000
    0.15299840   -0.03127550    0.00000000    0.00000000    0.00000000
    0.00000000    0.00000000    0.00000000    0.00000000    0.00000000
    0.00000000    0.00000000    0.00000000    0.00000000
    0.00000000    0.00000000    1.00000000    0.00000000    0.00000000
    0.00000000    0.00000000    0.00000000    0.00000000    0.00000000
    0.00000000    0.00000000    0.00000000    0.00000000
    0.00000000    0.00000000    0.00000000    1.00000000    0.00000000
    0.00000000    0.00000000    0.00000000    0.00000000    0.00000000
    0.00000000    0.00000000    0.00000000    0.00000000
   -0.34050680    0.07304500    0.00000000    0.00000000    0.00000000
    0.00000000    0.00000000    0.00000000    0.00000000    0.00000000
    0.00000000    0.00000000    0.00000000    0.00000000
    0.00000000    0.00000000    0.00000000    0.00000000    1.00000000
    0.00000000    0.00000000    0.00000000    0.00000000    0.00000000
    0.00000000    0.00000000    0.00000000    0.00000000
   -0.22863440    0.04905170    0.00000000    0.00000000    0.00000000
    0.00000000    0.00000000    0.00000000    0.00000000    0.00000000
    0.00000000    0.00000000    0.00000000    0.00000000
    0.00000000    0.00000000    0.00000000    0.00000000    0.00000000
    1.00000000    0.00000000    0.00000000    0.00000000    0.00000000
    0.00000000    0.00000000    0.00000000    0.00000000
    0.00000000    0.00000000    0.00000000    0.00000000    0.00000000
    0.00000000    1.00000000    0.00000000    0.00000000    0.00000000
    0.00000000    0.00000000    0.00000000    0.00000000
    0.22672980   -0.05320270    0.00000000    0.00000000    0.00000000
    0.00000000    0.00000000    0.00000000    0.00000000    0.00000000
    0.00000000    0.00000000    0.00000000    0.00000000
    0.00000000    0.00000000    0.00000000    0.00000000    0.00000000
    0.00000000    0.00000000    1.00000000    0.00000000    0.00000000
    0.00000000    0.00000000    0.00000000    0.00000000
    0.54910420   -0.13678160    0.00000000    0.00000000    0.00000000
    0.00000000    0.00000000    0.00000000    0.00000000    0.00000000
    0.00000000    0.00000000    0.00000000    0.00000000
    0.00000000    0.00000000    0.00000000    0.00000000    0.00000000
    0.00000000    0.00000000    0.00000000    1.00000000    0.00000000
    0.00000000    0.00000000    0.00000000    0.00000000
    0.42310450   -0.16629980    0.00000000    0.00000000    0.00000000
    0.00000000    0.00000000    0.00000000    0.00000000    0.00000000
    0.00000000    0.00000000    0.00000000    0.00000000
    0.00000000    0.00000000    0.00000000    0.00000000    0.00000000
    0.00000000    0.00000000    0.00000000    0.00000000    1.00000000
    0.00000000    0.00000000    0.00000000    0.00000000
    0.09104080   -0.15469740    0.00000000    0.00000000    0.00000000
    0.00000000    0.00000000    0.00000000    0.00000000    0.00000000
    0.00000000    0.00000000    0.00000000    0.00000000
    0.00345520    0.00178980    0.00000000    0.00000000    0.00000000
    0.00000000    0.00000000    0.00000000    0.00000000    0.00000000
    0.00000000    0.00000000    0.00000000    0.00000000
    0.00000000    0.00000000    0.00000000    0.00000000    0.00000000
    0.00000000    0.00000000    0.00000000    0.00000000    0.00000000
    1.00000000    0.00000000    0.00000000    0.00000000
   -0.00028370    0.40887000    0.00000000    0.00000000    0.00000000
    0.00000000    0.00000000    0.00000000    0.00000000    0.00000000
    0.00000000    0.00000000    0.00000000    0.00000000
    0.00000000    0.00000000    0.00000000    0.00000000    0.00000000
    0.00000000    0.00000000    0.00000000    0.00000000    0.00000000
    0.00000000    1.00000000    0.00000000    0.00000000
    0.00055460    0.56715150    0.00000000    0.00000000    0.00000000
    0.00000000    0.00000000    0.00000000    0.00000000    0.00000000
    0.00000000    0.00000000    0.00000000    0.00000000
    0.00000000    0.00000000    0.00000000    0.00000000    0.00000000
    0.00000000    0.00000000    0.00000000    0.00000000    0.00000000
    0.00000000    0.00000000    1.00000000    0.00000000
    0.00000310    0.18420760    0.00000000    0.00000000    0.00000000
    0.00000000    0.00000000    0.00000000    0.00000000    0.00000000
    0.00000000    0.00000000    0.00000000    0.00000000
    0.00000000    0.00000000    0.00000000    0.00000000    0.00000000
    0.00000000    0.00000000    0.00000000    0.00000000    0.00000000
    0.00000000    0.00000000    0.00000000    1.00000000

   25.955983   12.863527   12.032913    6.810434    6.375036
    3.854595    3.159405    2.181639    1.565770    1.234772
    0.775980    0.698861    0.405586    0.384568    0.193981
    0.190588    0.094453    0.092776    0.046810    0.044372
    0.023199    0.021222    0.011497    0.010150

    0.00005310   -0.00001130    0.00000000    0.00000000    0.00000000
    0.00000000    0.00000000    0.00000000    0.00000000    0.00000000
    0.00000000    0.00000000    0.00000000    0.00000000
    0.00359740   -0.00050130    0.00000000    0.00000000    0.00000000
    0.00000000    0.00000000    0.00000000    0.00000000    0.00000000
    0.00000000    0.00000000    0.00000000    0.00000000
    0.00000000    0.00000000    1.00000000    0.00000000    0.00000000
    0.00000000    0.00000000    0.00000000    0.00000000    0.00000000
    0.00000000    0.00000000    0.00000000    0.00000000
    0.00000000    0.00000000    0.00000000    1.00000000    0.00000000
    0.00000000    0.00000000    0.00000000    0.00000000    0.00000000
    0.00000000    0.00000000    0.00000000    0.00000000
   -0.04058580    0.00601080    0.00000000    0.00000000    0.00000000
    0.00000000    0.00000000    0.00000000    0.00000000    0.00000000
    0.00000000    0.00000000    0.00000000    0.00000000
    0.00000000    0.00000000    0.00000000    0.00000000    1.00000000
    0.00000000    0.00000000    0.00000000    0.00000000    0.00000000
    0.00000000    0.00000000    0.00000000    0.00000000
   -0.04220760    0.00570550    0.00000000    0.00000000    0.00000000
    0.00000000    0.00000000    0.00000000    0.00000000    0.00000000
    0.00000000    0.00000000    0.00000000    0.00000000
    0.00000000    0.00000000    0.00000000    0.00000000    0.00000000
    1.00000000    0.00000000    0.00000000    0.00000000    0.00000000
    0.00000000    0.00000000    0.00000000    0.00000000
    0.20965770   -0.03288980    0.00000000    0.00000000    0.00000000
    0.00000000    0.00000000    0.00000000    0.00000000    0.00000000
    0.00000000    0.00000000    0.00000000    0.00000000
    0.00000000    0.00000000    0.00000000    0.00000000    0.00000000
    0.00000000    1.00000000    0.00000000    0.00000000    0.00000000
    0.00000000    0.00000000    0.00000000    0.00000000
    0.39509450   -0.05912520    0.00000000    0.00000000    0.00000000
    0.00000000    0.00000000    0.00000000    0.00000000    0.00000000
    0.00000000    0.00000000    0.00000000    0.00000000
    0.00000000    0.00000000    0.00000000    0.00000000    0.00000000
    0.00000000    0.00000000    1.00000000    0.00000000    0.00000000
    0.00000000    0.00000000    0.00000000    0.00000000
    0.00000000    0.00000000    0.00000000    0.00000000    0.00000000
    0.00000000    0.00000000    0.00000000    1.00000000    0.00000000
    0.00000000    0.00000000    0.00000000    0.00000000
    0.37504360   -0.06798030    0.00000000    0.00000000    0.00000000
    0.00000000    0.00000000    0.00000000    0.00000000    0.00000000
    0.00000000    0.00000000    0.00000000    0.00000000
    0.00000000    0.00000000    0.00000000    0.00000000    0.00000000
    0.00000000    0.00000000    0.00000000    0.00000000    1.00000000
    0.00000000    0.00000000    0.00000000    0.00000000
    0.15682480   -0.04852530    0.00000000    0.00000000    0.00000000
    0.00000000    0.00000000    0.00000000    0.00000000    0.00000000
    0.00000000    0.00000000    0.00000000    0.00000000
    0.01966940    0.02182800    0.00000000    0.00000000    0.00000000
    0.00000000    0.00000000    0.00000000    0.00000000    0.00000000
    0.00000000    0.00000000    0.00000000    0.00000000
    0.00000000    0.00000000    0.00000000    0.00000000    0.00000000
    0.00000000    0.00000000    0.00000000    0.00000000    0.00000000
    1.00000000    0.00000000    0.00000000    0.00000000
    0.00125380    0.27827650    0.00000000    0.00000000    0.00000000
    0.00000000    0.00000000    0.00000000    0.00000000    0.00000000
    0.00000000    0.00000000    0.00000000    0.00000000
    0.00000000    0.00000000    0.00000000    0.00000000    0.00000000
    0.00000000    0.00000000    0.00000000    0.00000000    0.00000000
    0.00000000    1.00000000    0.00000000    0.00000000
    0.00029050    0.48640440    0.00000000    0.00000000    0.00000000
    0.00000000    0.00000000    0.00000000    0.00000000    0.00000000
    0.00000000    0.00000000    0.00000000    0.00000000
    0.00000000    0.00000000    0.00000000    0.00000000    0.00000000
    0.00000000    0.00000000    0.00000000    0.00000000    0.00000000
    0.00000000    0.00000000    1.00000000    0.00000000
   -0.00000980    0.31832720    0.00000000    0.00000000    0.00000000
    0.00000000    0.00000000    0.00000000    0.00000000    0.00000000
    0.00000000    0.00000000    0.00000000    0.00000000
    0.00000000    0.00000000    0.00000000    0.00000000    0.00000000
    0.00000000    0.00000000    0.00000000    0.00000000    0.00000000
    0.00000000    0.00000000    0.00000000    1.00000000

   25.002828   10.959775    4.804124    4.037464    2.439714
    2.105846    1.474244    0.923080    0.890840    0.538307
    0.404624    0.216125    0.177364    0.091274    0.077746
    0.038547    0.034079    0.016279    0.014938    0.006875
    0.006548

    0.00002860    0.00000000    0.00000000    0.00000000    0.00000000
    0.00000000    0.00000000    0.00000000    0.00000000    0.00000000
    0.00000000
   -0.00030190    0.00000000    0.00000000    0.00000000    0.00000000
    0.00000000    0.00000000    0.00000000    0.00000000    0.00000000
    0.00000000
    0.00482980    0.00000000    0.00000000    0.00000000    0.00000000
    0.00000000    0.00000000    0.00000000    0.00000000    0.00000000
    0.00000000
    0.00000000    1.00000000    0.00000000    0.00000000    0.00000000
    0.00000000    0.00000000    0.00000000    0.00000000    0.00000000
    0.00000000
    0.00000000    0.00000000    1.00000000    0.00000000    0.00000000
    0.00000000    0.00000000    0.00000000    0.00000000    0.00000000
    0.00000000
    0.01402200    0.00000000    0.00000000    0.00000000    0.00000000
    0.00000000    0.00000000    0.00000000    0.00000000    0.00000000
    0.00000000
    0.00000000    0.00000000    0.00000000    1.00000000    0.00000000
    0.00000000    0.00000000    0.00000000    0.00000000    0.00000000
    0.00000000
    0.02589140    0.00000000    0.00000000    0.00000000    0.00000000
    0.00000000    0.00000000    0.00000000    0.00000000    0.00000000
    0.00000000
    0.00000000    0.00000000    0.00000000    0.00000000    1.00000000
    0.00000000    0.00000000    0.00000000    0.00000000    0.00000000
    0.00000000
    0.00000000    0.00000000    0.00000000    0.00000000    0.00000000
    1.00000000    0.00000000    0.00000000    0.00000000    0.00000000
    0.00000000
    0.03605440    0.00000000    0.00000000    0.00000000    0.00000000
    0.00000000    0.00000000    0.00000000    0.00000000    0.00000000
    0.00000000
    0.00000000    0.00000000    0.00000000    0.00000000    0.00000000
    0.00000000    1.00000000    0.00000000    0.00000000    0.00000000
    0.00000000
    0.04862730    0.00000000    0.00000000    0.00000000    0.00000000
    0.00000000    0.00000000    0.00000000    0.00000000    0.00000000
    0.00000000
    0.00000000    0.00000000    0.00000000    0.00000000    0.00000000
    0.00000000    0.00000000    1.00000000    0.00000000    0.00000000
    0.00000000
    0.10242950    0.00000000    0.00000000    0.00000000    0.00000000
    0.00000000    0.00000000    0.00000000    0.00000000    0.00000000
    0.00000000
    0.00000000    0.00000000    0.00000000    0.00000000    0.00000000
    0.00000000    0.00000000    0.00000000    1.00000000    0.00000000
    0.00000000
    0.28114010    0.00000000    0.00000000    0.00000000    0.00000000
    0.00000000    0.00000000    0.00000000    0.00000000    0.00000000
    0.00000000
    0.00000000    0.00000000    0.00000000    0.00000000    0.00000000
    0.00000000    0.00000000    0.00000000    0.00000000    1.00000000
    0.00000000
    0.51238900    0.00000000    0.00000000    0.00000000    0.00000000
    0.00000000    0.00000000    0.00000000    0.00000000    0.00000000
    0.00000000
    0.00000000    0.00000000    0.00000000    0.00000000    0.00000000
    0.00000000    0.00000000    0.00000000    0.00000000    0.00000000
    1.00000000
    0.25265610    0.00000000    0.00000000    0.00000000    0.00000000
    0.00000000    0.00000000    0.00000000    0.00000000    0.00000000
    0.00000000

    4.334260    2.654612    1.625875    0.995803    0.439386
    0.219135    0.109289    0.054506

    1.00000000    0.00000000    0.00000000    0.00000000    0.00000000
    0.00000000    0.00000000    0.00000000
    0.00000000    1.00000000    0.00000000    0.00000000    0.00000000
    0.00000000    0.00000000    0.00000000
    0.00000000    0.00000000    1.00000000    0.00000000    0.00000000
    0.00000000    0.00000000    0.00000000
    0.00000000    0.00000000    0.00000000    1.00000000    0.00000000
    0.00000000    0.00000000    0.00000000
    0.00000000    0.00000000    0.00000000    0.00000000    1.00000000
    0.00000000    0.00000000    0.00000000
    0.00000000    0.00000000    0.00000000    0.00000000    0.00000000
    1.00000000    0.00000000    0.00000000
    0.00000000    0.00000000    0.00000000    0.00000000    0.00000000
    0.00000000    1.00000000    0.00000000
    0.00000000    0.00000000    0.00000000    0.00000000    0.00000000
    0.00000000    0.00000000    1.00000000

    2.778268    1.557924    0.873611    0.240282    0.134073
    0.074810

    1.00000000    0.00000000    0.00000000    0.00000000    0.00000000
    0.00000000
    0.00000000    1.00000000    0.00000000    0.00000000    0.00000000
    0.00000000
    0.00000000    0.00000000    1.00000000    0.00000000    0.00000000
    0.00000000
    0.00000000    0.00000000    0.00000000    1.00000000    0.00000000
    0.00000000
    0.00000000    0.00000000    0.00000000    0.00000000    1.00000000
    0.00000000
    0.00000000    0.00000000    0.00000000    0.00000000    0.00000000
    1.00000000

    2.422674    1.229513    0.258411    0.129746

    1.00000000    0.00000000    0.00000000    0.00000000
    0.00000000    1.00000000    0.00000000    0.00000000
    0.00000000    0.00000000    1.00000000    0.00000000
    0.00000000    0.00000000    0.00000000    1.00000000

    1.932866    0.169962

    1.00000000    0.00000000
    0.00000000    1.00000000

K:cc-pCVDZ-ccECP
ccECP cc-pCVDZ for K | source recipes/K/ccECP/K.cc-pCVDZ.gamess | ccECP from Guangming Wang et al. Journal of Chemical Physics 151, 144110 (2019) https://doi.org/10.1063/1.5121006

  3
    0    1    2
    6    6    3
   17   16   13

   33.190598   17.266513    8.982438    4.672871    2.430935
    1.264628    0.910504    0.657889    0.538624    0.342249
    0.178046    0.092623    0.051786    0.048185    0.025067
    0.019252    0.013040

    0.00093460   -0.00013550    0.00000000    0.00000000    0.00000000
    0.00000000
   -0.01746080    0.00327580    0.00000000    0.00000000    0.00000000
    0.00000000
    0.15299840   -0.03127550    0.00000000    0.00000000    0.00000000
    0.00000000
   -0.34050680    0.07304500    0.00000000    0.00000000    0.00000000
    0.00000000
   -0.22863440    0.04905170    0.00000000    0.00000000    0.00000000
    0.00000000
    0.22672980   -0.05320270    0.00000000    0.00000000    0.00000000
    0.00000000
    0.00000000    0.00000000    1.00000000    0.00000000    0.00000000
    0.00000000
    0.54910420   -0.13678160    0.00000000    0.00000000    0.00000000
    0.00000000
    0.00000000    0.00000000    0.00000000    1.00000000    0.00000000
    0.00000000
    0.42310450   -0.16629980    0.00000000    0.00000000    0.00000000
    0.00000000
    0.09104080   -0.15469740    0.00000000    0.00000000    0.00000000
    0.00000000
    0.00345520    0.00178980    0.00000000    0.00000000    0.00000000
    0.00000000
    0.00000000    0.00000000    0.00000000    0.00000000    1.00000000
    0.00000000
   -0.00028370    0.40887000    0.00000000    0.00000000    0.00000000
    0.00000000
    0.00055460    0.56715150    0.00000000    0.00000000    0.00000000
    0.00000000
    0.00000000    0.00000000    0.00000000    0.00000000    0.00000000
    1.00000000
    0.00000310    0.18420760    0.00000000    0.00000000    0.00000000
    0.00000000

   25.955983   12.863527    6.375036    3.159405    1.565770
    0.775980    0.479550    0.384568    0.234482    0.190588
    0.094453    0.046810    0.027763    0.023199    0.012100
    0.011497

    0.00005310   -0.00001130    0.00000000    0.00000000    0.00000000
    0.00000000
    0.00359740   -0.00050130    0.00000000    0.00000000    0.00000000
    0.00000000
   -0.04058580    0.00601080    0.00000000    0.00000000    0.00000000
    0.00000000
   -0.04220760    0.00570550    0.00000000    0.00000000    0.00000000
    0.00000000
    0.20965770   -0.03288980    0.00000000    0.00000000    0.00000000
    0.00000000
    0.39509450   -0.05912520    0.00000000    0.00000000    0.00000000
    0.00000000
    0.00000000    0.00000000    1.00000000    0.00000000    0.00000000
    0.00000000
    0.37504360   -0.06798030    0.00000000    0.00000000    0.00000000
    0.00000000
    0.00000000    0.00000000    0.00000000    1.00000000    0.00000000
    0.00000000
    0.15682480   -0.04852530    0.00000000    0.00000000    0.00000000
    0.00000000
    0.01966940    0.02182800    0.00000000    0.00000000    0.00000000
    0.00000000
    0.00125380    0.27827650    0.00000000    0.00000000    0.00000000
    0.00000000
    0.00000000    0.00000000    0.00000000    0.00000000    1.00000000
    0.00000000
    0.00029050    0.48640440    0.00000000    0.00000000    0.00000000
    0.00000000
    0.00000000    0.00000000    0.00000000    0.00000000    0.00000000
    1.00000000
   -0.00000980    0.31832720    0.00000000    0.00000000    0.00000000
    0.00000000

   25.002828   10.959775    4.804124    2.105846    1.034207
    0.923080    0.404624    0.177364    0.077746    0.034079
    0.014938    0.013386    0.006548

    0.00002860    0.00000000    0.00000000
   -0.00030190    0.00000000    0.00000000
    0.00482980    0.00000000    0.00000000
    0.01402200    0.00000000    0.00000000
    0.00000000    1.00000000    0.00000000
    0.02589140    0.00000000    0.00000000
    0.03605440    0.00000000    0.00000000
    0.04862730    0.00000000    0.00000000
    0.10242950    0.00000000    0.00000000
    0.28114010    0.00000000    0.00000000
    0.51238900    0.00000000    0.00000000
    0.00000000    0.00000000    1.00000000
    0.25265610    0.00000000    0.00000000

K:cc-pCVQZ-ccECP
ccECP cc-pCVQZ for K | source recipes/K/ccECP/K.cc-pCVQZ.gamess | ccECP from Guangming Wang et al. Journal of Chemical Physics 151, 144110 (2019) https://doi.org/10.1063/1.5121006

  5
    0    1    2    3    4
   10   10    7    4    2
   21   20   17    4    2

   33.190598   17.266513    8.982438    4.672871    4.191649
    2.430935    2.136485    1.264628    1.088967    0.657889
    0.555047    0.342249    0.178046    0.150724    0.092623
    0.069050    0.048185    0.031633    0.025067    0.014492
    0.013040

    0.00093460   -0.00013550    0.00000000    0.00000000    0.00000000
    0.00000000    0.00000000    0.00000000    0.00000000    0.00000000
   -0.01746080    0.00327580    0.00000000    0.00000000    0.00000000
    0.00000000    0.00000000    0.00000000    0.00000000    0.00000000
    0.15299840   -0.03127550    0.00000000    0.00000000    0.00000000
    0.00000000    0.00000000    0.00000000    0.00000000    0.00000000
   -0.34050680    0.07304500    0.00000000    0.00000000    0.00000000
    0.00000000    0.00000000    0.00000000    0.00000000    0.00000000
    0.00000000    0.00000000    1.00000000    0.00000000    0.00000000
    0.00000000    0.00000000    0.00000000    0.00000000    0.00000000
   -0.22863440    0.04905170    0.00000000    0.00000000    0.00000000
    0.00000000    0.00000000    0.00000000    0.00000000    0.00000000
    0.00000000    0.00000000    0.00000000    1.00000000    0.00000000
    0.00000000    0.00000000    0.00000000    0.00000000    0.00000000
    0.22672980   -0.05320270    0.00000000    0.00000000    0.00000000
    0.00000000    0.00000000    0.00000000    0.00000000    0.00000000
    0.00000000    0.00000000    0.00000000    0.00000000    1.00000000
    0.00000000    0.00000000    0.00000000    0.00000000    0.00000000
    0.54910420   -0.13678160    0.00000000    0.00000000    0.00000000
    0.00000000    0.00000000    0.00000000    0.00000000    0.00000000
    0.00000000    0.00000000    0.00000000    0.00000000    0.00000000
    1.00000000    0.00000000    0.00000000    0.00000000    0.00000000
    0.42310450   -0.16629980    0.00000000    0.00000000    0.00000000
    0.00000000    0.00000000    0.00000000    0.00000000    0.00000000
    0.09104080   -0.15469740    0.00000000    0.00000000    0.00000000
    0.00000000    0.00000000    0.00000000    0.00000000    0.00000000
    0.00000000    0.00000000    0.00000000    0.00000000    0.00000000
    0.00000000    1.00000000    0.00000000    0.00000000    0.00000000
    0.00345520    0.00178980    0.00000000    0.00000000    0.00000000
    0.00000000    0.00000000    0.00000000    0.00000000    0.00000000
    0.00000000    0.00000000    0.00000000    0.00000000    0.00000000
    0.00000000    0.00000000    1.00000000    0.00000000    0.00000000
   -0.00028370    0.40887000    0.00000000    0.00000000    0.00000000
    0.00000000    0.00000000    0.00000000    0.00000000    0.00000000
    0.00000000    0.00000000    0.00000000    0.00000000    0.00000000
    0.00000000    0.00000000    0.00000000    1.00000000    0.00000000
    0.00055460    0.56715150    0.00000000    0.00000000    0.00000000
    0.00000000    0.00000000    0.00000000    0.00000000    0.00000000
    0.00000000    0.00000000    0.00000000    0.00000000    0.00000000
    0.00000000    0.00000000    0.00000000    0.00000000    1.00000000
    0.00000310    0.18420760    0.00000000    0.00000000    0.00000000
    0.00000000    0.00000000    0.00000000    0.00000000    0.00000000

   25.955983   12.863527    6.375036    3.159405    2.641303
    1.565770    1.229180    0.775980    0.572022    0.384568
    0.266201    0.190588    0.094453    0.071025    0.046810
    0.035889    0.023199    0.018135    0.011497    0.009164

    0.00005310   -0.00001130    0.00000000    0.00000000    0.00000000
    0.00000000    0.00000000    0.00000000    0.00000000    0.00000000
    0.00359740   -0.00050130    0.00000000    0.00000000    0.00000000
    0.00000000    0.00000000    0.00000000    0.00000000    0.00000000
   -0.04058580    0.00601080    0.00000000    0.00000000    0.00000000
    0.00000000    0.00000000    0.00000000    0.00000000    0.00000000
   -0.04220760    0.00570550    0.00000000    0.00000000    0.00000000
    0.00000000    0.00000000    0.00000000    0.00000000    0.00000000
    0.00000000    0.00000000    1.00000000    0.00000000    0.00000000
    0.00000000    0.00000000    0.00000000    0.00000000    0.00000000
    0.20965770   -0.03288980    0.00000000    0.00000000    0.00000000
    0.00000000    0.00000000    0.00000000    0.00000000    0.00000000
    0.00000000    0.00000000    0.00000000    1.00000000    0.00000000
    0.00000000    0.00000000    0.00000000    0.00000000    0.00000000
    0.39509450   -0.05912520    0.00000000    0.00000000    0.00000000
    0.00000000    0.00000000    0.00000000    0.00000000    0.00000000
    0.00000000    0.00000000    0.00000000    0.00000000    1.00000000
    0.00000000    0.00000000    0.00000000    0.00000000    0.00000000
    0.37504360   -0.06798030    0.00000000    0.00000000    0.00000000
    0.00000000    0.00000000    0.00000000    0.00000000    0.00000000
    0.00000000    0.00000000    0.00000000    0.00000000    0.00000000
    1.00000000    0.00000000    0.00000000    0.00000000    0.00000000
    0.15682480   -0.04852530    0.00000000    0.00000000    0.00000000
    0.00000000    0.00000000    0.00000000    0.00000000    0.00000000
    0.01966940    0.02182800    0.00000000    0.00000000    0.00000000
    0.00000000    0.00000000    0.00000000    0.00000000    0.00000000
    0.00000000    0.00000000    0.00000000    0.00000000    0.00000000
    0.00000000    1.00000000    0.00000000    0.00000000    0.00000000
    0.00125380    0.27827650    0.00000000    0.00000000    0.00000000
    0.00000000    0.00000000    0.00000000    0.00000000    0.00000000
    0.00000000    0.00000000    0.00000000    0.00000000    0.00000000
    0.00000000    0.00000000    1.00000000    0.00000000    0.00000000
    0.00029050    0.48640440    0.00000000    0.00000000    0.00000000
    0.00000000    0.00000000    0.00000000    0.00000000    0.00000000
    0.00000000    0.00000000    0.00000000    0.00000000    0.00000000
    0.00000000    0.00000000    0.00000000    1.00000000    0.00000000
   -0.00000980    0.31832720    0.00000000    0.00000000    0.00000000
    0.00000000    0.00000000    0.00000000    0.00000000    0.00000000
    0.00000000    0.00000000    0.00000000    0.00000000    0.00000000
    0.00000000    0.00000000    0.00000000    0.00000000    1.00000000

   25.002828   10.959775    4.804124    2.999124    2.105846
    1.312519    0.923080    0.574403    0.404624    0.177364
    0.077746    0.063256    0.034079    0.023163    0.014938
    0.008482    0.006548

    0.00002860    0.00000000    0.00000000    0.00000000    0.00000000
    0.00000000    0.00000000
   -0.00030190    0.00000000    0.00000000    0.00000000    0.00000000
    0.00000000    0.00000000
    0.00482980    0.00000000    0.00000000    0.00000000    0.00000000
    0.00000000    0.00000000
    0.00000000    1.00000000    0.00000000    0.00000000    0.00000000
    0.00000000    0.00000000
    0.01402200    0.00000000    0.00000000    0.00000000    0.00000000
    0.00000000    0.00000000
    0.00000000    0.00000000    1.00000000    0.00000000    0.00000000
    0.00000000    0.00000000
    0.02589140    0.00000000    0.00000000    0.00000000    0.00000000
    0.00000000    0.00000000
    0.00000000    0.00000000    0.00000000    1.00000000    0.00000000
    0.00000000    0.00000000
    0.03605440    0.00000000    0.00000000    0.00000000    0.00000000
    0.00000000    0.00000000
    0.04862730    0.00000000    0.00000000    0.00000000    0.00000000
    0.00000000    0.00000000
    0.10242950    0.00000000    0.00000000    0.00000000    0.00000000
    0.00000000    0.00000000
    0.00000000    0.00000000    0.00000000    0.00000000    1.00000000
    0.00000000    0.00000000
    0.28114010    0.00000000    0.00000000    0.00000000    0.00000000
    0.00000000    0.00000000
    0.00000000    0.00000000    0.00000000    0.00000000    0.00000000
    1.00000000    0.00000000
    0.51238900    0.00000000    0.00000000    0.00000000    0.00000000
    0.00000000    0.00000000
    0.00000000    0.00000000    0.00000000    0.00000000    0.00000000
    0.00000000    1.00000000
    0.25265610    0.00000000    0.00000000    0.00000000    0.00000000
    0.00000000    0.00000000

    1.803234    0.760278    0.123997    0.062758

    1.00000000    0.00000000    0.00000000    0.00000000
    0.00000000    1.00000000    0.00000000    0.00000000
    0.00000000    0.00000000    1.00000000    0.00000000
    0.00000000    0.00000000    0.00000000    1.00000000

    1.319213    0.011607

    1.00000000    0.00000000
    0.00000000    1.00000000

K:cc-pCVTZ-ccECP
ccECP cc-pCVTZ for K | source recipes/K/ccECP/K.cc-pCVTZ.gamess | ccECP from Guangming Wang et al. Journal of Chemical Physics 151, 144110 (2019) https://doi.org/10.1063/1.5121006

  4
    0    1    2    3
    8    8    5    2
   19   18   15    2

   33.190598   17.266513    8.982438    4.672871    2.430935
    1.308177    1.264628    0.824788    0.657889    0.520018
    0.342249    0.178046    0.092623    0.065911    0.048185
    0.031297    0.025067    0.014861    0.013040

    0.00093460   -0.00013550    0.00000000    0.00000000    0.00000000
    0.00000000    0.00000000    0.00000000
   -0.01746080    0.00327580    0.00000000    0.00000000    0.00000000
    0.00000000    0.00000000    0.00000000
    0.15299840   -0.03127550    0.00000000    0.00000000    0.00000000
    0.00000000    0.00000000    0.00000000
   -0.34050680    0.07304500    0.00000000    0.00000000    0.00000000
    0.00000000    0.00000000    0.00000000
   -0.22863440    0.04905170    0.00000000    0.00000000    0.00000000
    0.00000000    0.00000000    0.00000000
    0.00000000    0.00000000    1.00000000    0.00000000    0.00000000
    0.00000000    0.00000000    0.00000000
    0.22672980   -0.05320270    0.00000000    0.00000000    0.00000000
    0.00000000    0.00000000    0.00000000
    0.00000000    0.00000000    0.00000000    1.00000000    0.00000000
    0.00000000    0.00000000    0.00000000
    0.54910420   -0.13678160    0.00000000    0.00000000    0.00000000
    0.00000000    0.00000000    0.00000000
    0.00000000    0.00000000    0.00000000    0.00000000    1.00000000
    0.00000000    0.00000000    0.00000000
    0.42310450   -0.16629980    0.00000000    0.00000000    0.00000000
    0.00000000    0.00000000    0.00000000
    0.09104080   -0.15469740    0.00000000    0.00000000    0.00000000
    0.00000000    0.00000000    0.00000000
    0.00345520    0.00178980    0.00000000    0.00000000    0.00000000
    0.00000000    0.00000000    0.00000000
    0.00000000    0.00000000    0.00000000    0.00000000    0.00000000
    1.00000000    0.00000000    0.00000000
   -0.00028370    0.40887000    0.00000000    0.00000000    0.00000000
    0.00000000    0.00000000    0.00000000
    0.00000000    0.00000000    0.00000000    0.00000000    0.00000000
    0.00000000    1.00000000    0.00000000
    0.00055460    0.56715150    0.00000000    0.00000000    0.00000000
    0.00000000    0.00000000    0.00000000
    0.00000000    0.00000000    0.00000000    0.00000000    0.00000000
    0.00000000    0.00000000    1.00000000
    0.00000310    0.18420760    0.00000000    0.00000000    0.00000000
    0.00000000    0.00000000    0.00000000

   25.955983   12.863527    6.375036    3.159405    1.784995
    1.565770    0.787254    0.775980    0.384568    0.347210
    0.190588    0.094453    0.065260    0.046810    0.028736
    0.023199    0.012653    0.011497

    0.00005310   -0.00001130    0.00000000    0.00000000    0.00000000
    0.00000000    0.00000000    0.00000000
    0.00359740   -0.00050130    0.00000000    0.00000000    0.00000000
    0.00000000    0.00000000    0.00000000
   -0.04058580    0.00601080    0.00000000    0.00000000    0.00000000
    0.00000000    0.00000000    0.00000000
   -0.04220760    0.00570550    0.00000000    0.00000000    0.00000000
    0.00000000    0.00000000    0.00000000
    0.00000000    0.00000000    1.00000000    0.00000000    0.00000000
    0.00000000    0.00000000    0.00000000
    0.20965770   -0.03288980    0.00000000    0.00000000    0.00000000
    0.00000000    0.00000000    0.00000000
    0.00000000    0.00000000    0.00000000    1.00000000    0.00000000
    0.00000000    0.00000000    0.00000000
    0.39509450   -0.05912520    0.00000000    0.00000000    0.00000000
    0.00000000    0.00000000    0.00000000
    0.37504360   -0.06798030    0.00000000    0.00000000    0.00000000
    0.00000000    0.00000000    0.00000000
    0.00000000    0.00000000    0.00000000    0.00000000    1.00000000
    0.00000000    0.00000000    0.00000000
    0.15682480   -0.04852530    0.00000000    0.00000000    0.00000000
    0.00000000    0.00000000    0.00000000
    0.01966940    0.02182800    0.00000000    0.00000000    0.00000000
    0.00000000    0.00000000    0.00000000
    0.00000000    0.00000000    0.00000000    0.00000000    0.00000000
    1.00000000    0.00000000    0.00000000
    0.00125380    0.27827650    0.00000000    0.00000000    0.00000000
    0.00000000    0.00000000    0.00000000
    0.00000000    0.00000000    0.00000000    0.00000000    0.00000000
    0.00000000    1.00000000    0.00000000
    0.00029050    0.48640440    0.00000000    0.00000000    0.00000000
    0.00000000    0.00000000    0.00000000
    0.00000000    0.00000000    0.00000000    0.00000000    0.00000000
    0.00000000    0.00000000    1.00000000
   -0.00000980    0.31832720    0.00000000    0.00000000    0.00000000
    0.00000000    0.00000000    0.00000000

   25.002828   10.959775    4.804124    2.105846    1.794937
    0.923080    0.589584    0.404624    0.177364    0.077746
    0.067129    0.034079    0.014938    0.011669    0.006548

    0.00002860    0.00000000    0.00000000    0.00000000    0.00000000
   -0.00030190    0.00000000    0.00000000    0.00000000    0.00000000
    0.00482980    0.00000000    0.00000000    0.00000000    0.00000000
    0.01402200    0.00000000    0.00000000    0.00000000    0.00000000
    0.00000000    1.00000000    0.00000000    0.00000000    0.00000000
    0.02589140    0.00000000    0.00000000    0.00000000    0.00000000
    0.00000000    0.00000000    1.00000000    0.00000000    0.00000000
    0.03605440    0.00000000    0.00000000    0.00000000    0.00000000
    0.04862730    0.00000000    0.00000000    0.00000000    0.00000000
    0.10242950    0.00000000    0.00000000    0.00000000    0.00000000
    0.00000000    0.00000000    0.00000000    1.00000000    0.00000000
    0.28114010    0.00000000    0.00000000    0.00000000    0.00000000
    0.51238900    0.00000000    0.00000000    0.00000000    0.00000000
    0.00000000    0.00000000    0.00000000    0.00000000    1.00000000
    0.25265610    0.00000000    0.00000000    0.00000000    0.00000000

    1.176422    0.070437

    1.00000000    0.00000000
    0.00000000    1.00000000

K:cc-pV5Z-ccECP
ccECP cc-pV5Z for K | source recipes/K/ccECP/K.cc-pV5Z.gamess | ccECP from Guangming Wang et al. Journal of Chemical Physics 151, 144110 (2019) https://doi.org/10.1063/1.5121006

  6
    0    1    2    3    4    5
    7    7    5    3    2    1
   18   17   15    3    2    1

   33.190598   17.266513    8.982438    4.672871    2.430935
    1.264628    0.657889    0.342249    0.279981    0.178046
    0.130352    0.092623    0.060689    0.048185    0.028255
    0.025067    0.013155    0.013040

    0.00093460   -0.00013550    0.00000000    0.00000000    0.00000000
    0.00000000    0.00000000
   -0.01746080    0.00327580    0.00000000    0.00000000    0.00000000
    0.00000000    0.00000000
    0.15299840   -0.03127550    0.00000000    0.00000000    0.00000000
    0.00000000    0.00000000
   -0.34050680    0.07304500    0.00000000    0.00000000    0.00000000
    0.00000000    0.00000000
   -0.22863440    0.04905170    0.00000000    0.00000000    0.00000000
    0.00000000    0.00000000
    0.22672980   -0.05320270    0.00000000    0.00000000    0.00000000
    0.00000000    0.00000000
    0.54910420   -0.13678160    0.00000000    0.00000000    0.00000000
    0.00000000    0.00000000
    0.42310450   -0.16629980    0.00000000    0.00000000    0.00000000
    0.00000000    0.00000000
    0.00000000    0.00000000    1.00000000    0.00000000    0.00000000
    0.00000000    0.00000000
    0.09104080   -0.15469740    0.00000000    0.00000000    0.00000000
    0.00000000    0.00000000
    0.00000000    0.00000000    0.00000000    1.00000000    0.00000000
    0.00000000    0.00000000
    0.00345520    0.00178980    0.00000000    0.00000000    0.00000000
    0.00000000    0.00000000
    0.00000000    0.00000000    0.00000000    0.00000000    1.00000000
    0.00000000    0.00000000
   -0.00028370    0.40887000    0.00000000    0.00000000    0.00000000
    0.00000000    0.00000000
    0.00000000    0.00000000    0.00000000    0.00000000    0.00000000
    1.00000000    0.00000000
    0.00055460    0.56715150    0.00000000    0.00000000    0.00000000
    0.00000000    0.00000000
    0.00000000    0.00000000    0.00000000    0.00000000    0.00000000
    0.00000000    1.00000000
    0.00000310    0.18420760    0.00000000    0.00000000    0.00000000
    0.00000000    0.00000000

   25.955983   12.863527    6.375036    3.159405    1.565770
    0.775980    0.384568    0.190588    0.156073    0.094453
    0.081288    0.046810    0.042338    0.023199    0.022051
    0.011497    0.011485

    0.00005310   -0.00001130    0.00000000    0.00000000    0.00000000
    0.00000000    0.00000000
    0.00359740   -0.00050130    0.00000000    0.00000000    0.00000000
    0.00000000    0.00000000
   -0.04058580    0.00601080    0.00000000    0.00000000    0.00000000
    0.00000000    0.00000000
   -0.04220760    0.00570550    0.00000000    0.00000000    0.00000000
    0.00000000    0.00000000
    0.20965770   -0.03288980    0.00000000    0.00000000    0.00000000
    0.00000000    0.00000000
    0.39509450   -0.05912520    0.00000000    0.00000000    0.00000000
    0.00000000    0.00000000
    0.37504360   -0.06798030    0.00000000    0.00000000    0.00000000
    0.00000000    0.00000000
    0.15682480   -0.04852530    0.00000000    0.00000000    0.00000000
    0.00000000    0.00000000
    0.00000000    0.00000000    1.00000000    0.00000000    0.00000000
    0.00000000    0.00000000
    0.01966940    0.02182800    0.00000000    0.00000000    0.00000000
    0.00000000    0.00000000
    0.00000000    0.00000000    0.00000000    1.00000000    0.00000000
    0.00000000    0.00000000
    0.00125380    0.27827650    0.00000000    0.00000000    0.00000000
    0.00000000    0.00000000
    0.00000000    0.00000000    0.00000000    0.00000000    1.00000000
    0.00000000    0.00000000
    0.00029050    0.48640440    0.00000000    0.00000000    0.00000000
    0.00000000    0.00000000
    0.00000000    0.00000000    0.00000000    0.00000000    0.00000000
    1.00000000    0.00000000
   -0.00000980    0.31832720    0.00000000    0.00000000    0.00000000
    0.00000000    0.00000000
    0.00000000    0.00000000    0.00000000    0.00000000    0.00000000
    0.00000000    1.00000000

   25.002828   10.959775    4.804124    2.105846    0.923080
    0.404624    0.177364    0.120204    0.077746    0.048011
    0.034079    0.019176    0.014938    0.007659    0.006548

    0.00002860    0.00000000    0.00000000    0.00000000    0.00000000
   -0.00030190    0.00000000    0.00000000    0.00000000    0.00000000
    0.00482980    0.00000000    0.00000000    0.00000000    0.00000000
    0.01402200    0.00000000    0.00000000    0.00000000    0.00000000
    0.02589140    0.00000000    0.00000000    0.00000000    0.00000000
    0.03605440    0.00000000    0.00000000    0.00000000    0.00000000
    0.04862730    0.00000000    0.00000000    0.00000000    0.00000000
    0.00000000    1.00000000    0.00000000    0.00000000    0.00000000
    0.10242950    0.00000000    0.00000000    0.00000000    0.00000000
    0.00000000    0.00000000    1.00000000    0.00000000    0.00000000
    0.28114010    0.00000000    0.00000000    0.00000000    0.00000000
    0.00000000    0.00000000    0.00000000    1.00000000    0.00000000
    0.51238900    0.00000000    0.00000000    0.00000000    0.00000000
    0.00000000    0.00000000    0.00000000    0.00000000    1.00000000
    0.25265610    0.00000000    0.00000000    0.00000000    0.00000000

    0.239153    0.119089    0.059302

    1.00000000    0.00000000    0.00000000
    0.00000000    1.00000000    0.00000000
    0.00000000    0.00000000    1.00000000

    0.143170    0.079847

    1.00000000    0.00000000
    0.00000000    1.00000000

    0.138324

    1.00000000

K:cc-pV6Z-ccECP
ccECP cc-pV6Z for K | source recipes/K/ccECP/K.cc-pV6Z.gamess | ccECP from Guangming Wang et al. Journal of Chemical Physics 151, 144110 (2019) https://doi.org/10.1063/1.5121006

  7
    0    1    2    3    4    5    6
    8    8    6    4    3    2    1
   19   18   16    4    3    2    1

   33.190598   17.266513    8.982438    4.672871    2.430935
    1.264628    0.657889    0.366133    0.342249    0.178073
    0.178046    0.092623    0.086608    0.048185    0.042123
    0.025067    0.020487    0.013040    0.009964

    0.00093460   -0.00013550    0.00000000    0.00000000    0.00000000
    0.00000000    0.00000000    0.00000000
   -0.01746080    0.00327580    0.00000000    0.00000000    0.00000000
    0.00000000    0.00000000    0.00000000
    0.15299840   -0.03127550    0.00000000    0.00000000    0.00000000
    0.00000000    0.00000000    0.00000000
   -0.34050680    0.07304500    0.00000000    0.00000000    0.00000000
    0.00000000    0.00000000    0.00000000
   -0.22863440    0.04905170    0.00000000    0.00000000    0.00000000
    0.00000000    0.00000000    0.00000000
    0.22672980   -0.05320270    0.00000000    0.00000000    0.00000000
    0.00000000    0.00000000    0.00000000
    0.54910420   -0.13678160    0.00000000    0.00000000    0.00000000
    0.00000000    0.00000000    0.00000000
    0.00000000    0.00000000    1.00000000    0.00000000    0.00000000
    0.00000000    0.00000000    0.00000000
    0.42310450   -0.16629980    0.00000000    0.00000000    0.00000000
    0.00000000    0.00000000    0.00000000
    0.00000000    0.00000000    0.00000000    1.00000000    0.00000000
    0.00000000    0.00000000    0.00000000
    0.09104080   -0.15469740    0.00000000    0.00000000    0.00000000
    0.00000000    0.00000000    0.00000000
    0.00345520    0.00178980    0.00000000    0.00000000    0.00000000
    0.00000000    0.00000000    0.00000000
    0.00000000    0.00000000    0.00000000    0.00000000    1.00000000
    0.00000000    0.00000000    0.00000000
   -0.00028370    0.40887000    0.00000000    0.00000000    0.00000000
    0.00000000    0.00000000    0.00000000
    0.00000000    0.00000000    0.00000000    0.00000000    0.00000000
    1.00000000    0.00000000    0.00000000
    0.00055460    0.56715150    0.00000000    0.00000000    0.00000000
    0.00000000    0.00000000    0.00000000
    0.00000000    0.00000000    0.00000000    0.00000000    0.00000000
    0.00000000    1.00000000    0.00000000
    0.00000310    0.18420760    0.00000000    0.00000000    0.00000000
    0.00000000    0.00000000    0.00000000
    0.00000000    0.00000000    0.00000000    0.00000000    0.00000000
    0.00000000    0.00000000    1.00000000

   25.955983   12.863527    6.375036    3.159405    1.565770
    0.775980    0.405586    0.384568    0.193981    0.190588
    0.094453    0.092776    0.046810    0.044372    0.023199
    0.021222    0.011497    0.010150

    0.00005310   -0.00001130    0.00000000    0.00000000    0.00000000
    0.00000000    0.00000000    0.00000000
    0.00359740   -0.00050130    0.00000000    0.00000000    0.00000000
    0.00000000    0.00000000    0.00000000
   -0.04058580    0.00601080    0.00000000    0.00000000    0.00000000
    0.00000000    0.00000000    0.00000000
   -0.04220760    0.00570550    0.00000000    0.00000000    0.00000000
    0.00000000    0.00000000    0.00000000
    0.20965770   -0.03288980    0.00000000    0.00000000    0.00000000
    0.00000000    0.00000000    0.00000000
    0.39509450   -0.05912520    0.00000000    0.00000000    0.00000000
    0.00000000    0.00000000    0.00000000
    0.00000000    0.00000000    1.00000000    0.00000000    0.00000000
    0.00000000    0.00000000    0.00000000
    0.37504360   -0.06798030    0.00000000    0.00000000    0.00000000
    0.00000000    0.00000000    0.00000000
    0.00000000    0.00000000    0.00000000    1.00000000    0.00000000
    0.00000000    0.00000000    0.00000000
    0.15682480   -0.04852530    0.00000000    0.00000000    0.00000000
    0.00000000    0.00000000    0.00000000
    0.01966940    0.02182800    0.00000000    0.00000000    0.00000000
    0.00000000    0.00000000    0.00000000
    0.00000000    0.00000000    0.00000000    0.00000000    1.00000000
    0.00000000    0.00000000    0.00000000
    0.00125380    0.27827650    0.00000000    0.00000000    0.00000000
    0.00000000    0.00000000    0.00000000
    0.00000000    0.00000000    0.00000000    0.00000000    0.00000000
    1.00000000    0.00000000    0.00000000
    0.00029050    0.48640440    0.00000000    0.00000000    0.00000000
    0.00000000    0.00000000    0.00000000
    0.00000000    0.00000000    0.00000000    0.00000000    0.00000000
    0.00000000    1.00000000    0.00000000
   -0.00000980    0.31832720    0.00000000    0.00000000    0.00000000
    0.00000000    0.00000000    0.00000000
    0.00000000    0.00000000    0.00000000    0.00000000    0.00000000
    0.00000000    0.00000000    1.00000000

   25.002828   10.959775    4.804124    2.105846    0.923080
    0.404624    0.216125    0.177364    0.091274    0.077746
    0.038547    0.034079    0.016279    0.014938    0.006875
    0.006548

    0.00002860    0.00000000    0.00000000    0.00000000    0.00000000
    0.00000000
   -0.00030190    0.00000000    0.00000000    0.00000000    0.00000000
    0.00000000
    0.00482980    0.00000000    0.00000000    0.00000000    0.00000000
    0.00000000
    0.01402200    0.00000000    0.00000000    0.00000000    0.00000000
    0.00000000
    0.02589140    0.00000000    0.00000000    0.00000000    0.00000000
    0.00000000
    0.03605440    0.00000000    0.00000000    0.00000000    0.00000000
    0.00000000
    0.00000000    1.00000000    0.00000000    0.00000000    0.00000000
    0.00000000
    0.04862730    0.00000000    0.00000000    0.00000000    0.00000000
    0.00000000
    0.00000000    0.00000000    1.00000000    0.00000000    0.00000000
    0.00000000
    0.10242950    0.00000000    0.00000000    0.00000000    0.00000000
    0.00000000
    0.00000000    0.00000000    0.00000000    1.00000000    0.00000000
    0.00000000
    0.28114010    0.00000000    0.00000000    0.00000000    0.00000000
    0.00000000
    0.00000000    0.00000000    0.00000000    0.00000000    1.00000000
    0.00000000
    0.51238900    0.00000000    0.00000000    0.00000000    0.00000000
    0.00000000
    0.00000000    0.00000000    0.00000000    0.00000000    0.00000000
    1.00000000
    0.25265610    0.00000000    0.00000000    0.00000000    0.00000000
    0.00000000

    0.439386    0.219135    0.109289    0.054506

    1.00000000    0.00000000    0.00000000    0.00000000
    0.00000000    1.00000000    0.00000000    0.00000000
    0.00000000    0.00000000    1.00000000    0.00000000
    0.00000000    0.00000000    0.00000000    1.00000000

    0.240282    0.134073    0.074810

    1.00000000    0.00000000    0.00000000
    0.00000000    1.00000000    0.00000000
    0.00000000    0.00000000    1.00000000

    0.258411    0.129746

    1.00000000    0.00000000
    0.00000000    1.00000000

    0.169962

    1.00000000

K:cc-pVDZ-ccECP
ccECP cc-pVDZ for K | source recipes/K/ccECP/K.cc-pVDZ.gamess | ccECP from Guangming Wang et al. Journal of Chemical Physics 151, 144110 (2019) https://doi.org/10.1063/1.5121006

  3
    0    1    2
    4    4    2
   15   14   12

   33.190598   17.266513    8.982438    4.672871    2.430935
    1.264628    0.657889    0.342249    0.178046    0.092623
    0.051786    0.048185    0.025067    0.019252    0.013040

    0.00093460   -0.00013550    0.00000000    0.00000000
   -0.01746080    0.00327580    0.00000000    0.00000000
    0.15299840   -0.03127550    0.00000000    0.00000000
   -0.34050680    0.07304500    0.00000000    0.00000000
   -0.22863440    0.04905170    0.00000000    0.00000000
    0.22672980   -0.05320270    0.00000000    0.00000000
    0.54910420   -0.13678160    0.00000000    0.00000000
    0.42310450   -0.16629980    0.00000000    0.00000000
    0.09104080   -0.15469740    0.00000000    0.00000000
    0.00345520    0.00178980    0.00000000    0.00000000
    0.00000000    0.00000000    1.00000000    0.00000000
   -0.00028370    0.40887000    0.00000000    0.00000000
    0.00055460    0.56715150    0.00000000    0.00000000
    0.00000000    0.00000000    0.00000000    1.00000000
    0.00000310    0.18420760    0.00000000    0.00000000

   25.955983   12.863527    6.375036    3.159405    1.565770
    0.775980    0.384568    0.190588    0.094453    0.046810
    0.027763    0.023199    0.012100    0.011497

    0.00005310   -0.00001130    0.00000000    0.00000000
    0.00359740   -0.00050130    0.00000000    0.00000000
   -0.04058580    0.00601080    0.00000000    0.00000000
   -0.04220760    0.00570550    0.00000000    0.00000000
    0.20965770   -0.03288980    0.00000000    0.00000000
    0.39509450   -0.05912520    0.00000000    0.00000000
    0.37504360   -0.06798030    0.00000000    0.00000000
    0.15682480   -0.04852530    0.00000000    0.00000000
    0.01966940    0.02182800    0.00000000    0.00000000
    0.00125380    0.27827650    0.00000000    0.00000000
    0.00000000    0.00000000    1.00000000    0.00000000
    0.00029050    0.48640440    0.00000000    0.00000000
    0.00000000    0.00000000    0.00000000    1.00000000
   -0.00000980    0.31832720    0.00000000    0.00000000

   25.002828   10.959775    4.804124    2.105846    0.923080
    0.404624    0.177364    0.077746    0.034079    0.014938
    0.013386    0.006548

    0.00002860    0.00000000
   -0.00030190    0.00000000
    0.00482980    0.00000000
    0.01402200    0.00000000
    0.02589140    0.00000000
    0.03605440    0.00000000
    0.04862730    0.00000000
    0.10242950    0.00000000
    0.28114010    0.00000000
    0.51238900    0.00000000
    0.00000000    1.00000000
    0.25265610    0.00000000

K:cc-pVQZ-ccECP
ccECP cc-pVQZ for K | source recipes/K/ccECP/K.cc-pVQZ.gamess | ccECP from Guangming Wang et al. Journal of Chemical Physics 151, 144110 (2019) https://doi.org/10.1063/1.5121006

  5
    0    1    2    3    4
    6    6    4    2    1
   17   16   14    2    1

   33.190598   17.266513    8.982438    4.672871    2.430935
    1.264628    0.657889    0.342249    0.178046    0.150724
    0.092623    0.069050    0.048185    0.031633    0.025067
    0.014492    0.013040

    0.00093460   -0.00013550    0.00000000    0.00000000    0.00000000
    0.00000000
   -0.01746080    0.00327580    0.00000000    0.00000000    0.00000000
    0.00000000
    0.15299840   -0.03127550    0.00000000    0.00000000    0.00000000
    0.00000000
   -0.34050680    0.07304500    0.00000000    0.00000000    0.00000000
    0.00000000
   -0.22863440    0.04905170    0.00000000    0.00000000    0.00000000
    0.00000000
    0.22672980   -0.05320270    0.00000000    0.00000000    0.00000000
    0.00000000
    0.54910420   -0.13678160    0.00000000    0.00000000    0.00000000
    0.00000000
    0.42310450   -0.16629980    0.00000000    0.00000000    0.00000000
    0.00000000
    0.09104080   -0.15469740    0.00000000    0.00000000    0.00000000
    0.00000000
    0.00000000    0.00000000    1.00000000    0.00000000    0.00000000
    0.00000000
    0.00345520    0.00178980    0.00000000    0.00000000    0.00000000
    0.00000000
    0.00000000    0.00000000    0.00000000    1.00000000    0.00000000
    0.00000000
   -0.00028370    0.40887000    0.00000000    0.00000000    0.00000000
    0.00000000
    0.00000000    0.00000000    0.00000000    0.00000000    1.00000000
    0.00000000
    0.00055460    0.56715150    0.00000000    0.00000000    0.00000000
    0.00000000
    0.00000000    0.00000000    0.00000000    0.00000000    0.00000000
    1.00000000
    0.00000310    0.18420760    0.00000000    0.00000000    0.00000000
    0.00000000

   25.955983   12.863527    6.375036    3.159405    1.565770
    0.775980    0.384568    0.190588    0.094453    0.071025
    0.046810    0.035889    0.023199    0.018135    0.011497
    0.009164

    0.00005310   -0.00001130    0.00000000    0.00000000    0.00000000
    0.00000000
    0.00359740   -0.00050130    0.00000000    0.00000000    0.00000000
    0.00000000
   -0.04058580    0.00601080    0.00000000    0.00000000    0.00000000
    0.00000000
   -0.04220760    0.00570550    0.00000000    0.00000000    0.00000000
    0.00000000
    0.20965770   -0.03288980    0.00000000    0.00000000    0.00000000
    0.00000000
    0.39509450   -0.05912520    0.00000000    0.00000000    0.00000000
    0.00000000
    0.37504360   -0.06798030    0.00000000    0.00000000    0.00000000
    0.00000000
    0.15682480   -0.04852530    0.00000000    0.00000000    0.00000000
    0.00000000
    0.01966940    0.02182800    0.00000000    0.00000000    0.00000000
    0.00000000
    0.00000000    0.00000000    1.00000000    0.00000000    0.00000000
    0.00000000
    0.00125380    0.27827650    0.00000000    0.00000000    0.00000000
    0.00000000
    0.00000000    0.00000000    0.00000000    1.00000000    0.00000000
    0.00000000
    0.00029050    0.48640440    0.00000000    0.00000000    0.00000000
    0.00000000
    0.00000000    0.00000000    0.00000000    0.00000000    1.00000000
    0.00000000
   -0.00000980    0.31832720    0.00000000    0.00000000    0.00000000
    0.00000000
    0.00000000    0.00000000    0.00000000    0.00000000    0.00000000
    1.00000000

   25.002828   10.959775    4.804124    2.105846    0.923080
    0.404624    0.177364    0.077746    0.063256    0.034079
    0.023163    0.014938    0.008482    0.006548

    0.00002860    0.00000000    0.00000000    0.00000000
   -0.00030190    0.00000000    0.00000000    0.00000000
    0.00482980    0.00000000    0.00000000    0.00000000
    0.01402200    0.00000000    0.00000000    0.00000000
    0.02589140    0.00000000    0.00000000    0.00000000
    0.03605440    0.00000000    0.00000000    0.00000000
    0.04862730    0.00000000    0.00000000    0.00000000
    0.10242950    0.00000000    0.00000000    0.00000000
    0.00000000    1.00000000    0.00000000    0.00000000
    0.28114010    0.00000000    0.00000000    0.00000000
    0.00000000    0.00000000    1.00000000    0.00000000
    0.51238900    0.00000000    0.00000000    0.00000000
    0.00000000    0.00000000    0.00000000    1.00000000
    0.25265610    0.00000000    0.00000000    0.00000000

    0.123997    0.062758

    1.00000000    0.00000000
    0.00000000    1.00000000

    0.011607

    1.00000000

K:cc-pVTZ-ccECP
ccECP cc-pVTZ for K | source recipes/K/ccECP/K.cc-pVTZ.gamess | ccECP from Guangming Wang et al. Journal of Chemical Physics 151, 144110 (2019) https://doi.org/10.1063/1.5121006

  4
    0    1    2    3
    5    5    3    1
   16   15   13    1

   33.190598   17.266513    8.982438    4.672871    2.430935
    1.264628    0.657889    0.342249    0.178046    0.092623
    0.065911    0.048185    0.031297    0.025067    0.014861
    0.013040

    0.00093460   -0.00013550    0.00000000    0.00000000    0.00000000
   -0.01746080    0.00327580    0.00000000    0.00000000    0.00000000
    0.15299840   -0.03127550    0.00000000    0.00000000    0.00000000
   -0.34050680    0.07304500    0.00000000    0.00000000    0.00000000
   -0.22863440    0.04905170    0.00000000    0.00000000    0.00000000
    0.22672980   -0.05320270    0.00000000    0.00000000    0.00000000
    0.54910420   -0.13678160    0.00000000    0.00000000    0.00000000
    0.42310450   -0.16629980    0.00000000    0.00000000    0.00000000
    0.09104080   -0.15469740    0.00000000    0.00000000    0.00000000
    0.00345520    0.00178980    0.00000000    0.00000000    0.00000000
    0.00000000    0.00000000    1.00000000    0.00000000    0.00000000
   -0.00028370    0.40887000    0.00000000    0.00000000    0.00000000
    0.00000000    0.00000000    0.00000000    1.00000000    0.00000000
    0.00055460    0.56715150    0.00000000    0.00000000    0.00000000
    0.00000000    0.00000000    0.00000000    0.00000000    1.00000000
    0.00000310    0.18420760    0.00000000    0.00000000    0.00000000

   25.955983   12.863527    6.375036    3.159405    1.565770
    0.775980    0.384568    0.190588    0.094453    0.065260
    0.046810    0.028736    0.023199    0.012653    0.011497

    0.00005310   -0.00001130    0.00000000    0.00000000    0.00000000
    0.00359740   -0.00050130    0.00000000    0.00000000    0.00000000
   -0.04058580    0.00601080    0.00000000    0.00000000    0.00000000
   -0.04220760    0.00570550    0.00000000    0.00000000    0.00000000
    0.20965770   -0.03288980    0.00000000    0.00000000    0.00000000
    0.39509450   -0.05912520    0.00000000    0.00000000    0.00000000
    0.37504360   -0.06798030    0.00000000    0.00000000    0.00000000
    0.15682480   -0.04852530    0.00000000    0.00000000    0.00000000
    0.01966940    0.02182800    0.00000000    0.00000000    0.00000000
    0.00000000    0.00000000    1.00000000    0.00000000    0.00000000
    0.00125380    0.27827650    0.00000000    0.00000000    0.00000000
    0.00000000    0.00000000    0.00000000    1.00000000    0.00000000
    0.00029050    0.48640440    0.00000000    0.00000000    0.00000000
    0.00000000    0.00000000    0.00000000    0.00000000    1.00000000
   -0.00000980    0.31832720    0.00000000    0.00000000    0.00000000

   25.002828   10.959775    4.804124    2.105846    0.923080
    0.404624    0.177364    0.077746    0.067129    0.034079
    0.014938    0.011669    0.006548

    0.00002860    0.00000000    0.00000000
   -0.00030190    0.00000000    0.00000000
    0.00482980    0.00000000    0.00000000
    0.01402200    0.00000000    0.00000000
    0.02589140    0.00000000    0.00000000
    0.03605440    0.00000000    0.00000000
    0.04862730    0.00000000    0.00000000
    0.10242950    0.00000000    0.00000000
    0.00000000    1.00000000    0.00000000
    0.28114010    0.00000000    0.00000000
    0.51238900    0.00000000    0.00000000
    0.00000000    0.00000000    1.00000000
    0.25265610    0.00000000    0.00000000

    0.070437

    1.00000000

