
Rb:aug-cc-pCV5Z-ccECP
ccECP aug-cc-pCV5Z for Rb | source recipes/Rb/ccECP/Rb.aug-cc-pCV5Z.gamess | ccECP from Omar Madany et al. Journal of Chemical Physics (2025) https://doi.org/10.1063/5.0285320

  6
    0    1    2    3    4    5
   13   13    9    7    5    3
   24   24    9    7    5    3

   39.684058   20.879680   12.638323   10.985798    7.430295
    5.780154    4.368403    3.041215    2.568262    1.600129
    1.509927    0.841904    0.801939    0.442966    0.314816
    0.233066    0.123587    0.122627    0.064520    0.048516
    0.033947    0.019046    0.017861    0.007618

    -0.000230     0.000030   0.00000000   0.00000000   0.00000000   0.00000000
   0.00000000   0.00000000   0.00000000   0.00000000   0.00000000   0.00000000
   0.00000000
     0.003540    -0.000630   0.00000000   0.00000000   0.00000000   0.00000000
   0.00000000   0.00000000   0.00000000   0.00000000   0.00000000   0.00000000
   0.00000000
   0.00000000   0.00000000   0.00000000   0.00000000   0.00000000   0.00000000
   0.00000000   0.00000000     1.000000   0.00000000   0.00000000   0.00000000
   0.00000000
    -0.042700     0.009130   0.00000000   0.00000000   0.00000000   0.00000000
   0.00000000   0.00000000   0.00000000   0.00000000   0.00000000   0.00000000
   0.00000000
   0.00000000   0.00000000   0.00000000   0.00000000   0.00000000   0.00000000
   0.00000000   0.00000000   0.00000000     1.000000   0.00000000   0.00000000
   0.00000000
     0.282480    -0.064930   0.00000000   0.00000000   0.00000000   0.00000000
   0.00000000   0.00000000   0.00000000   0.00000000   0.00000000   0.00000000
   0.00000000
   0.00000000   0.00000000   0.00000000   0.00000000   0.00000000   0.00000000
   0.00000000   0.00000000   0.00000000   0.00000000     1.000000   0.00000000
   0.00000000
    -0.565560     0.138490   0.00000000   0.00000000   0.00000000   0.00000000
   0.00000000   0.00000000   0.00000000   0.00000000   0.00000000   0.00000000
   0.00000000
   0.00000000   0.00000000   0.00000000   0.00000000   0.00000000   0.00000000
   0.00000000   0.00000000   0.00000000   0.00000000   0.00000000     1.000000
   0.00000000
    -0.210680     0.041620   0.00000000   0.00000000   0.00000000   0.00000000
   0.00000000   0.00000000   0.00000000   0.00000000   0.00000000   0.00000000
   0.00000000
   0.00000000   0.00000000   0.00000000   0.00000000   0.00000000   0.00000000
   0.00000000   0.00000000   0.00000000   0.00000000   0.00000000   0.00000000
     1.000000
     0.370210    -0.083890   0.00000000   0.00000000   0.00000000   0.00000000
   0.00000000   0.00000000   0.00000000   0.00000000   0.00000000   0.00000000
   0.00000000
   0.00000000   0.00000000     1.000000   0.00000000   0.00000000   0.00000000
   0.00000000   0.00000000   0.00000000   0.00000000   0.00000000   0.00000000
   0.00000000
     0.620850    -0.206390   0.00000000   0.00000000   0.00000000   0.00000000
   0.00000000   0.00000000   0.00000000   0.00000000   0.00000000   0.00000000
   0.00000000
   0.00000000   0.00000000   0.00000000     1.000000   0.00000000   0.00000000
   0.00000000   0.00000000   0.00000000   0.00000000   0.00000000   0.00000000
   0.00000000
     0.327890    -0.151000   0.00000000   0.00000000   0.00000000   0.00000000
   0.00000000   0.00000000   0.00000000   0.00000000   0.00000000   0.00000000
   0.00000000
   0.00000000   0.00000000   0.00000000   0.00000000     1.000000   0.00000000
   0.00000000   0.00000000   0.00000000   0.00000000   0.00000000   0.00000000
   0.00000000
     0.040730    -0.211940   0.00000000   0.00000000   0.00000000   0.00000000
   0.00000000   0.00000000   0.00000000   0.00000000   0.00000000   0.00000000
   0.00000000
     0.001240     0.253560   0.00000000   0.00000000   0.00000000   0.00000000
   0.00000000   0.00000000   0.00000000   0.00000000   0.00000000   0.00000000
   0.00000000
   0.00000000   0.00000000   0.00000000   0.00000000   0.00000000     1.000000
   0.00000000   0.00000000   0.00000000   0.00000000   0.00000000   0.00000000
   0.00000000
     0.000080     0.408380   0.00000000   0.00000000   0.00000000   0.00000000
   0.00000000   0.00000000   0.00000000   0.00000000   0.00000000   0.00000000
   0.00000000
   0.00000000   0.00000000   0.00000000   0.00000000   0.00000000   0.00000000
     1.000000   0.00000000   0.00000000   0.00000000   0.00000000   0.00000000
   0.00000000
     0.000350     0.591090   0.00000000   0.00000000   0.00000000   0.00000000
   0.00000000   0.00000000   0.00000000   0.00000000   0.00000000   0.00000000
   0.00000000
   0.00000000   0.00000000   0.00000000   0.00000000   0.00000000   0.00000000
   0.00000000     1.000000   0.00000000   0.00000000   0.00000000   0.00000000
   0.00000000

   50.684702   25.341940   12.670764    8.601325    6.335279
    5.038784    3.167588    2.951795    1.729205    1.648281
    1.583768    1.012994    0.791871    0.766551    0.395929
    0.356493    0.197961    0.165791    0.098979    0.077103
    0.049489    0.030841    0.024744    0.012372

    -0.000040     0.000090   0.00000000   0.00000000   0.00000000   0.00000000
   0.00000000   0.00000000   0.00000000   0.00000000   0.00000000   0.00000000
   0.00000000
     0.000300    -0.000450   0.00000000   0.00000000   0.00000000   0.00000000
   0.00000000   0.00000000   0.00000000   0.00000000   0.00000000   0.00000000
   0.00000000
    -0.003090     0.001470   0.00000000   0.00000000   0.00000000   0.00000000
   0.00000000   0.00000000   0.00000000   0.00000000   0.00000000   0.00000000
   0.00000000
   0.00000000   0.00000000   0.00000000   0.00000000   0.00000000   0.00000000
   0.00000000   0.00000000     1.000000   0.00000000   0.00000000   0.00000000
   0.00000000
     0.038370    -0.005920   0.00000000   0.00000000   0.00000000   0.00000000
   0.00000000   0.00000000   0.00000000   0.00000000   0.00000000   0.00000000
   0.00000000
   0.00000000   0.00000000   0.00000000   0.00000000   0.00000000   0.00000000
   0.00000000   0.00000000   0.00000000     1.000000   0.00000000   0.00000000
   0.00000000
    -0.188000     0.021400   0.00000000   0.00000000   0.00000000   0.00000000
   0.00000000   0.00000000   0.00000000   0.00000000   0.00000000   0.00000000
   0.00000000
   0.00000000   0.00000000   0.00000000   0.00000000   0.00000000   0.00000000
   0.00000000   0.00000000   0.00000000   0.00000000     1.000000   0.00000000
   0.00000000
   0.00000000   0.00000000   0.00000000   0.00000000   0.00000000   0.00000000
   0.00000000   0.00000000   0.00000000   0.00000000   0.00000000     1.000000
   0.00000000
   0.00000000   0.00000000     1.000000   0.00000000   0.00000000   0.00000000
   0.00000000   0.00000000   0.00000000   0.00000000   0.00000000   0.00000000
   0.00000000
     0.040740    -0.019970   0.00000000   0.00000000   0.00000000   0.00000000
   0.00000000   0.00000000   0.00000000   0.00000000   0.00000000   0.00000000
   0.00000000
   0.00000000   0.00000000   0.00000000   0.00000000   0.00000000   0.00000000
   0.00000000   0.00000000   0.00000000   0.00000000   0.00000000   0.00000000
     1.000000
     0.345390     0.008960   0.00000000   0.00000000   0.00000000   0.00000000
   0.00000000   0.00000000   0.00000000   0.00000000   0.00000000   0.00000000
   0.00000000
   0.00000000   0.00000000   0.00000000     1.000000   0.00000000   0.00000000
   0.00000000   0.00000000   0.00000000   0.00000000   0.00000000   0.00000000
   0.00000000
     0.453560    -0.114200   0.00000000   0.00000000   0.00000000   0.00000000
   0.00000000   0.00000000   0.00000000   0.00000000   0.00000000   0.00000000
   0.00000000
   0.00000000   0.00000000   0.00000000   0.00000000     1.000000   0.00000000
   0.00000000   0.00000000   0.00000000   0.00000000   0.00000000   0.00000000
   0.00000000
     0.272950     0.128690   0.00000000   0.00000000   0.00000000   0.00000000
   0.00000000   0.00000000   0.00000000   0.00000000   0.00000000   0.00000000
   0.00000000
   0.00000000   0.00000000   0.00000000   0.00000000   0.00000000     1.000000
   0.00000000   0.00000000   0.00000000   0.00000000   0.00000000   0.00000000
   0.00000000
     0.053100    -0.345260   0.00000000   0.00000000   0.00000000   0.00000000
   0.00000000   0.00000000   0.00000000   0.00000000   0.00000000   0.00000000
   0.00000000
   0.00000000   0.00000000   0.00000000   0.00000000   0.00000000   0.00000000
     1.000000   0.00000000   0.00000000   0.00000000   0.00000000   0.00000000
   0.00000000
     0.004490     0.706660   0.00000000   0.00000000   0.00000000   0.00000000
   0.00000000   0.00000000   0.00000000   0.00000000   0.00000000   0.00000000
   0.00000000
   0.00000000   0.00000000   0.00000000   0.00000000   0.00000000   0.00000000
   0.00000000     1.000000   0.00000000   0.00000000   0.00000000   0.00000000
   0.00000000
     0.000120    -1.036220   0.00000000   0.00000000   0.00000000   0.00000000
   0.00000000   0.00000000   0.00000000   0.00000000   0.00000000   0.00000000
   0.00000000
     0.000160     1.560190   0.00000000   0.00000000   0.00000000   0.00000000
   0.00000000   0.00000000   0.00000000   0.00000000   0.00000000   0.00000000
   0.00000000

    5.010517    3.243887    2.549063    2.100143    1.359665
    1.136040    0.506299    0.225642    0.090257

   0.00000000   0.00000000   0.00000000   0.00000000   0.00000000     1.000000
   0.00000000   0.00000000   0.00000000
   0.00000000   0.00000000   0.00000000   0.00000000   0.00000000   0.00000000
     1.000000   0.00000000   0.00000000
     1.000000   0.00000000   0.00000000   0.00000000   0.00000000   0.00000000
   0.00000000   0.00000000   0.00000000
   0.00000000   0.00000000   0.00000000   0.00000000   0.00000000   0.00000000
   0.00000000     1.000000   0.00000000
   0.00000000   0.00000000   0.00000000   0.00000000   0.00000000   0.00000000
   0.00000000   0.00000000     1.000000
   0.00000000     1.000000   0.00000000   0.00000000   0.00000000   0.00000000
   0.00000000   0.00000000   0.00000000
   0.00000000   0.00000000     1.000000   0.00000000   0.00000000   0.00000000
   0.00000000   0.00000000   0.00000000
   0.00000000   0.00000000   0.00000000     1.000000   0.00000000   0.00000000
   0.00000000   0.00000000   0.00000000
   0.00000000   0.00000000   0.00000000   0.00000000     1.000000   0.00000000
   0.00000000   0.00000000   0.00000000

    2.868545    2.126764    1.576801    1.241052    0.665914
    0.357311    0.142924

   0.00000000   0.00000000   0.00000000   0.00000000     1.000000   0.00000000
   0.00000000
   0.00000000   0.00000000   0.00000000   0.00000000   0.00000000     1.000000
   0.00000000
   0.00000000   0.00000000   0.00000000   0.00000000   0.00000000   0.00000000
     1.000000
     1.000000   0.00000000   0.00000000   0.00000000   0.00000000   0.00000000
   0.00000000
   0.00000000     1.000000   0.00000000   0.00000000   0.00000000   0.00000000
   0.00000000
   0.00000000   0.00000000     1.000000   0.00000000   0.00000000   0.00000000
   0.00000000
   0.00000000   0.00000000   0.00000000     1.000000   0.00000000   0.00000000
   0.00000000

    3.142045    1.507958    1.324695    0.617948    0.247179

   0.00000000   0.00000000   0.00000000     1.000000   0.00000000
   0.00000000   0.00000000   0.00000000   0.00000000     1.000000
     1.000000   0.00000000   0.00000000   0.00000000   0.00000000
   0.00000000     1.000000   0.00000000   0.00000000   0.00000000
   0.00000000   0.00000000     1.000000   0.00000000   0.00000000

    1.507958    1.148520    0.459408

   0.00000000   0.00000000     1.000000
     1.000000   0.00000000   0.00000000
   0.00000000     1.000000   0.00000000

Rb:aug-cc-pCV6Z-ccECP
ccECP aug-cc-pCV6Z for Rb | source recipes/Rb/ccECP/Rb.aug-cc-pCV6Z.gamess | ccECP from Omar Madany et al. Journal of Chemical Physics (2025) https://doi.org/10.1063/5.0285320

  7
    0    1    2    3    4    5    6
   15   15   11    9    7    5    3
   26   26   11    9    7    5    3

   39.684058   20.879680   10.985798    5.780154    3.041215
    2.914920    1.966340    1.600129    1.326449    0.894793
    0.841904    0.603607    0.442966    0.407180    0.269172
    0.233066    0.135661    0.122627    0.068372    0.064520
    0.034459    0.033947    0.017861    0.017367    0.008753
    0.003501

    -0.000230     0.000030   0.00000000   0.00000000   0.00000000   0.00000000
   0.00000000   0.00000000   0.00000000   0.00000000   0.00000000   0.00000000
   0.00000000   0.00000000   0.00000000
     0.003540    -0.000630   0.00000000   0.00000000   0.00000000   0.00000000
   0.00000000   0.00000000   0.00000000   0.00000000   0.00000000   0.00000000
   0.00000000   0.00000000   0.00000000
    -0.042700     0.009130   0.00000000   0.00000000   0.00000000   0.00000000
   0.00000000   0.00000000   0.00000000   0.00000000   0.00000000   0.00000000
   0.00000000   0.00000000   0.00000000
     0.282480    -0.064930   0.00000000   0.00000000   0.00000000   0.00000000
   0.00000000   0.00000000   0.00000000   0.00000000   0.00000000   0.00000000
   0.00000000   0.00000000   0.00000000
    -0.565560     0.138490   0.00000000   0.00000000   0.00000000   0.00000000
   0.00000000   0.00000000   0.00000000   0.00000000   0.00000000   0.00000000
   0.00000000   0.00000000   0.00000000
   0.00000000   0.00000000   0.00000000   0.00000000   0.00000000   0.00000000
   0.00000000   0.00000000   0.00000000     1.000000   0.00000000   0.00000000
   0.00000000   0.00000000   0.00000000
   0.00000000   0.00000000   0.00000000   0.00000000   0.00000000   0.00000000
   0.00000000   0.00000000   0.00000000   0.00000000     1.000000   0.00000000
   0.00000000   0.00000000   0.00000000
    -0.210680     0.041620   0.00000000   0.00000000   0.00000000   0.00000000
   0.00000000   0.00000000   0.00000000   0.00000000   0.00000000   0.00000000
   0.00000000   0.00000000   0.00000000
   0.00000000   0.00000000   0.00000000   0.00000000   0.00000000   0.00000000
   0.00000000   0.00000000   0.00000000   0.00000000   0.00000000     1.000000
   0.00000000   0.00000000   0.00000000
   0.00000000   0.00000000   0.00000000   0.00000000   0.00000000   0.00000000
   0.00000000   0.00000000   0.00000000   0.00000000   0.00000000   0.00000000
     1.000000   0.00000000   0.00000000
     0.370210    -0.083890   0.00000000   0.00000000   0.00000000   0.00000000
   0.00000000   0.00000000   0.00000000   0.00000000   0.00000000   0.00000000
   0.00000000   0.00000000   0.00000000
   0.00000000   0.00000000   0.00000000   0.00000000   0.00000000   0.00000000
   0.00000000   0.00000000   0.00000000   0.00000000   0.00000000   0.00000000
   0.00000000     1.000000   0.00000000
     0.620850    -0.206390   0.00000000   0.00000000   0.00000000   0.00000000
   0.00000000   0.00000000   0.00000000   0.00000000   0.00000000   0.00000000
   0.00000000   0.00000000   0.00000000
   0.00000000   0.00000000   0.00000000   0.00000000   0.00000000   0.00000000
   0.00000000   0.00000000   0.00000000   0.00000000   0.00000000   0.00000000
   0.00000000   0.00000000     1.000000
   0.00000000   0.00000000     1.000000   0.00000000   0.00000000   0.00000000
   0.00000000   0.00000000   0.00000000   0.00000000   0.00000000   0.00000000
   0.00000000   0.00000000   0.00000000
     0.327890    -0.151000   0.00000000   0.00000000   0.00000000   0.00000000
   0.00000000   0.00000000   0.00000000   0.00000000   0.00000000   0.00000000
   0.00000000   0.00000000   0.00000000
   0.00000000   0.00000000   0.00000000     1.000000   0.00000000   0.00000000
   0.00000000   0.00000000   0.00000000   0.00000000   0.00000000   0.00000000
   0.00000000   0.00000000   0.00000000
     0.040730    -0.211940   0.00000000   0.00000000   0.00000000   0.00000000
   0.00000000   0.00000000   0.00000000   0.00000000   0.00000000   0.00000000
   0.00000000   0.00000000   0.00000000
   0.00000000   0.00000000   0.00000000   0.00000000     1.000000   0.00000000
   0.00000000   0.00000000   0.00000000   0.00000000   0.00000000   0.00000000
   0.00000000   0.00000000   0.00000000
     0.001240     0.253560   0.00000000   0.00000000   0.00000000   0.00000000
   0.00000000   0.00000000   0.00000000   0.00000000   0.00000000   0.00000000
   0.00000000   0.00000000   0.00000000
   0.00000000   0.00000000   0.00000000   0.00000000   0.00000000     1.000000
   0.00000000   0.00000000   0.00000000   0.00000000   0.00000000   0.00000000
   0.00000000   0.00000000   0.00000000
     0.000080     0.408380   0.00000000   0.00000000   0.00000000   0.00000000
   0.00000000   0.00000000   0.00000000   0.00000000   0.00000000   0.00000000
   0.00000000   0.00000000   0.00000000
     0.000350     0.591090   0.00000000   0.00000000   0.00000000   0.00000000
   0.00000000   0.00000000   0.00000000   0.00000000   0.00000000   0.00000000
   0.00000000   0.00000000   0.00000000
   0.00000000   0.00000000   0.00000000   0.00000000   0.00000000   0.00000000
     1.000000   0.00000000   0.00000000   0.00000000   0.00000000   0.00000000
   0.00000000   0.00000000   0.00000000
   0.00000000   0.00000000   0.00000000   0.00000000   0.00000000   0.00000000
   0.00000000     1.000000   0.00000000   0.00000000   0.00000000   0.00000000
   0.00000000   0.00000000   0.00000000
   0.00000000   0.00000000   0.00000000   0.00000000   0.00000000   0.00000000
   0.00000000   0.00000000     1.000000   0.00000000   0.00000000   0.00000000
   0.00000000   0.00000000   0.00000000

   50.684702   25.341940   16.229980   12.670764    8.657938
    6.335279    4.618606    3.167588    2.463811    1.710146
    1.583768    1.314328    0.863094    0.791871    0.701133
    0.435595    0.395929    0.219840    0.197961    0.110951
    0.098979    0.055996    0.049489    0.024744    0.022398
    0.012372

    -0.000040     0.000090   0.00000000   0.00000000   0.00000000   0.00000000
   0.00000000   0.00000000   0.00000000   0.00000000   0.00000000   0.00000000
   0.00000000   0.00000000   0.00000000
     0.000300    -0.000450   0.00000000   0.00000000   0.00000000   0.00000000
   0.00000000   0.00000000   0.00000000   0.00000000   0.00000000   0.00000000
   0.00000000   0.00000000   0.00000000
   0.00000000   0.00000000   0.00000000   0.00000000   0.00000000   0.00000000
   0.00000000   0.00000000   0.00000000     1.000000   0.00000000   0.00000000
   0.00000000   0.00000000   0.00000000
    -0.003090     0.001470   0.00000000   0.00000000   0.00000000   0.00000000
   0.00000000   0.00000000   0.00000000   0.00000000   0.00000000   0.00000000
   0.00000000   0.00000000   0.00000000
   0.00000000   0.00000000   0.00000000   0.00000000   0.00000000   0.00000000
   0.00000000   0.00000000   0.00000000   0.00000000     1.000000   0.00000000
   0.00000000   0.00000000   0.00000000
     0.038370    -0.005920   0.00000000   0.00000000   0.00000000   0.00000000
   0.00000000   0.00000000   0.00000000   0.00000000   0.00000000   0.00000000
   0.00000000   0.00000000   0.00000000
   0.00000000   0.00000000   0.00000000   0.00000000   0.00000000   0.00000000
   0.00000000   0.00000000   0.00000000   0.00000000   0.00000000     1.000000
   0.00000000   0.00000000   0.00000000
    -0.188000     0.021400   0.00000000   0.00000000   0.00000000   0.00000000
   0.00000000   0.00000000   0.00000000   0.00000000   0.00000000   0.00000000
   0.00000000   0.00000000   0.00000000
   0.00000000   0.00000000   0.00000000   0.00000000   0.00000000   0.00000000
   0.00000000   0.00000000   0.00000000   0.00000000   0.00000000   0.00000000
     1.000000   0.00000000   0.00000000
   0.00000000   0.00000000     1.000000   0.00000000   0.00000000   0.00000000
   0.00000000   0.00000000   0.00000000   0.00000000   0.00000000   0.00000000
   0.00000000   0.00000000   0.00000000
     0.040740    -0.019970   0.00000000   0.00000000   0.00000000   0.00000000
   0.00000000   0.00000000   0.00000000   0.00000000   0.00000000   0.00000000
   0.00000000   0.00000000   0.00000000
   0.00000000   0.00000000   0.00000000   0.00000000   0.00000000   0.00000000
   0.00000000   0.00000000   0.00000000   0.00000000   0.00000000   0.00000000
   0.00000000     1.000000   0.00000000
   0.00000000   0.00000000   0.00000000     1.000000   0.00000000   0.00000000
   0.00000000   0.00000000   0.00000000   0.00000000   0.00000000   0.00000000
   0.00000000   0.00000000   0.00000000
     0.345390     0.008960   0.00000000   0.00000000   0.00000000   0.00000000
   0.00000000   0.00000000   0.00000000   0.00000000   0.00000000   0.00000000
   0.00000000   0.00000000   0.00000000
   0.00000000   0.00000000   0.00000000   0.00000000   0.00000000   0.00000000
   0.00000000   0.00000000   0.00000000   0.00000000   0.00000000   0.00000000
   0.00000000   0.00000000     1.000000
   0.00000000   0.00000000   0.00000000   0.00000000     1.000000   0.00000000
   0.00000000   0.00000000   0.00000000   0.00000000   0.00000000   0.00000000
   0.00000000   0.00000000   0.00000000
     0.453560    -0.114200   0.00000000   0.00000000   0.00000000   0.00000000
   0.00000000   0.00000000   0.00000000   0.00000000   0.00000000   0.00000000
   0.00000000   0.00000000   0.00000000
   0.00000000   0.00000000   0.00000000   0.00000000   0.00000000     1.000000
   0.00000000   0.00000000   0.00000000   0.00000000   0.00000000   0.00000000
   0.00000000   0.00000000   0.00000000
     0.272950     0.128690   0.00000000   0.00000000   0.00000000   0.00000000
   0.00000000   0.00000000   0.00000000   0.00000000   0.00000000   0.00000000
   0.00000000   0.00000000   0.00000000
   0.00000000   0.00000000   0.00000000   0.00000000   0.00000000   0.00000000
     1.000000   0.00000000   0.00000000   0.00000000   0.00000000   0.00000000
   0.00000000   0.00000000   0.00000000
     0.053100    -0.345260   0.00000000   0.00000000   0.00000000   0.00000000
   0.00000000   0.00000000   0.00000000   0.00000000   0.00000000   0.00000000
   0.00000000   0.00000000   0.00000000
   0.00000000   0.00000000   0.00000000   0.00000000   0.00000000   0.00000000
   0.00000000     1.000000   0.00000000   0.00000000   0.00000000   0.00000000
   0.00000000   0.00000000   0.00000000
     0.004490     0.706660   0.00000000   0.00000000   0.00000000   0.00000000
   0.00000000   0.00000000   0.00000000   0.00000000   0.00000000   0.00000000
   0.00000000   0.00000000   0.00000000
     0.000120    -1.036220   0.00000000   0.00000000   0.00000000   0.00000000
   0.00000000   0.00000000   0.00000000   0.00000000   0.00000000   0.00000000
   0.00000000   0.00000000   0.00000000
   0.00000000   0.00000000   0.00000000   0.00000000   0.00000000   0.00000000
   0.00000000   0.00000000     1.000000   0.00000000   0.00000000   0.00000000
   0.00000000   0.00000000   0.00000000
     0.000160     1.560190   0.00000000   0.00000000   0.00000000   0.00000000
   0.00000000   0.00000000   0.00000000   0.00000000   0.00000000   0.00000000
   0.00000000   0.00000000   0.00000000

   12.242323    7.504445    4.600163    2.819863    2.630550
    1.728553    1.319654    0.662024    0.332114    0.166610
    0.066644

   0.00000000   0.00000000   0.00000000   0.00000000   0.00000000   0.00000000
     1.000000   0.00000000   0.00000000   0.00000000   0.00000000
   0.00000000   0.00000000   0.00000000   0.00000000   0.00000000   0.00000000
   0.00000000     1.000000   0.00000000   0.00000000   0.00000000
   0.00000000   0.00000000   0.00000000   0.00000000   0.00000000   0.00000000
   0.00000000   0.00000000     1.000000   0.00000000   0.00000000
   0.00000000   0.00000000   0.00000000   0.00000000   0.00000000   0.00000000
   0.00000000   0.00000000   0.00000000     1.000000   0.00000000
     1.000000   0.00000000   0.00000000   0.00000000   0.00000000   0.00000000
   0.00000000   0.00000000   0.00000000   0.00000000   0.00000000
   0.00000000   0.00000000   0.00000000   0.00000000   0.00000000   0.00000000
   0.00000000   0.00000000   0.00000000   0.00000000     1.000000
   0.00000000     1.000000   0.00000000   0.00000000   0.00000000   0.00000000
   0.00000000   0.00000000   0.00000000   0.00000000   0.00000000
   0.00000000   0.00000000     1.000000   0.00000000   0.00000000   0.00000000
   0.00000000   0.00000000   0.00000000   0.00000000   0.00000000
   0.00000000   0.00000000   0.00000000     1.000000   0.00000000   0.00000000
   0.00000000   0.00000000   0.00000000   0.00000000   0.00000000
   0.00000000   0.00000000   0.00000000   0.00000000     1.000000   0.00000000
   0.00000000   0.00000000   0.00000000   0.00000000   0.00000000
   0.00000000   0.00000000   0.00000000   0.00000000   0.00000000     1.000000
   0.00000000   0.00000000   0.00000000   0.00000000   0.00000000

    4.770149    3.403986    2.719155    2.429090    1.733403
    1.332784    0.653260    0.320193    0.128077

   0.00000000   0.00000000   0.00000000   0.00000000   0.00000000     1.000000
   0.00000000   0.00000000   0.00000000
   0.00000000   0.00000000   0.00000000   0.00000000   0.00000000   0.00000000
     1.000000   0.00000000   0.00000000
     1.000000   0.00000000   0.00000000   0.00000000   0.00000000   0.00000000
   0.00000000   0.00000000   0.00000000
   0.00000000   0.00000000   0.00000000   0.00000000   0.00000000   0.00000000
   0.00000000     1.000000   0.00000000
   0.00000000   0.00000000   0.00000000   0.00000000   0.00000000   0.00000000
   0.00000000   0.00000000     1.000000
   0.00000000     1.000000   0.00000000   0.00000000   0.00000000   0.00000000
   0.00000000   0.00000000   0.00000000
   0.00000000   0.00000000     1.000000   0.00000000   0.00000000   0.00000000
   0.00000000   0.00000000   0.00000000
   0.00000000   0.00000000   0.00000000     1.000000   0.00000000   0.00000000
   0.00000000   0.00000000   0.00000000
   0.00000000   0.00000000   0.00000000   0.00000000     1.000000   0.00000000
   0.00000000   0.00000000   0.00000000

    5.204175    3.013199    1.744632    1.543912    0.884022
    0.506178    0.202471

   0.00000000   0.00000000   0.00000000   0.00000000     1.000000   0.00000000
   0.00000000
   0.00000000   0.00000000   0.00000000   0.00000000   0.00000000     1.000000
   0.00000000
   0.00000000   0.00000000   0.00000000   0.00000000   0.00000000   0.00000000
     1.000000
     1.000000   0.00000000   0.00000000   0.00000000   0.00000000   0.00000000
   0.00000000
   0.00000000     1.000000   0.00000000   0.00000000   0.00000000   0.00000000
   0.00000000
   0.00000000   0.00000000     1.000000   0.00000000   0.00000000   0.00000000
   0.00000000
   0.00000000   0.00000000   0.00000000     1.000000   0.00000000   0.00000000
   0.00000000

    3.386184    1.752548    1.599022    0.829749    0.331900

   0.00000000   0.00000000   0.00000000     1.000000   0.00000000
   0.00000000   0.00000000   0.00000000   0.00000000     1.000000
     1.000000   0.00000000   0.00000000   0.00000000   0.00000000
   0.00000000     1.000000   0.00000000   0.00000000   0.00000000
   0.00000000   0.00000000     1.000000   0.00000000   0.00000000

    2.074174    1.361748    0.544699

   0.00000000   0.00000000     1.000000
     1.000000   0.00000000   0.00000000
   0.00000000     1.000000   0.00000000

Rb:aug-cc-pCVDZ-ccECP
ccECP aug-cc-pCVDZ for Rb | source recipes/Rb/ccECP/Rb.aug-cc-pCVDZ.gamess | ccECP from Omar Madany et al. Journal of Chemical Physics (2025) https://doi.org/10.1063/5.0285320

  3
    0    1    2
    6    6    3
   17   17    3

   39.684058   20.879680   10.985798    5.780154    3.041215
    1.600129    0.841904    0.583527    0.442966    0.233066
    0.155815    0.122627    0.064520    0.033947    0.024407
    0.017861    0.009763

    -0.000230     0.000030   0.00000000   0.00000000   0.00000000   0.00000000
     0.003540    -0.000630   0.00000000   0.00000000   0.00000000   0.00000000
    -0.042700     0.009130   0.00000000   0.00000000   0.00000000   0.00000000
     0.282480    -0.064930   0.00000000   0.00000000   0.00000000   0.00000000
    -0.565560     0.138490   0.00000000   0.00000000   0.00000000   0.00000000
    -0.210680     0.041620   0.00000000   0.00000000   0.00000000   0.00000000
     0.370210    -0.083890   0.00000000   0.00000000   0.00000000   0.00000000
   0.00000000   0.00000000   0.00000000   0.00000000   0.00000000     1.000000
     0.620850    -0.206390   0.00000000   0.00000000   0.00000000   0.00000000
     0.327890    -0.151000   0.00000000   0.00000000   0.00000000   0.00000000
   0.00000000   0.00000000     1.000000   0.00000000   0.00000000   0.00000000
     0.040730    -0.211940   0.00000000   0.00000000   0.00000000   0.00000000
     0.001240     0.253560   0.00000000   0.00000000   0.00000000   0.00000000
     0.000080     0.408380   0.00000000   0.00000000   0.00000000   0.00000000
   0.00000000   0.00000000   0.00000000     1.000000   0.00000000   0.00000000
     0.000350     0.591090   0.00000000   0.00000000   0.00000000   0.00000000
   0.00000000   0.00000000   0.00000000   0.00000000     1.000000   0.00000000

   50.684702   25.341940   12.670764    6.335279    3.167588
    1.583768    0.791871    0.762510    0.395929    0.218646
    0.197961    0.098979    0.087884    0.049489    0.035154
    0.024744    0.012372

    -0.000040     0.000090   0.00000000   0.00000000   0.00000000   0.00000000
     0.000300    -0.000450   0.00000000   0.00000000   0.00000000   0.00000000
    -0.003090     0.001470   0.00000000   0.00000000   0.00000000   0.00000000
     0.038370    -0.005920   0.00000000   0.00000000   0.00000000   0.00000000
    -0.188000     0.021400   0.00000000   0.00000000   0.00000000   0.00000000
     0.040740    -0.019970   0.00000000   0.00000000   0.00000000   0.00000000
     0.345390     0.008960   0.00000000   0.00000000   0.00000000   0.00000000
   0.00000000   0.00000000   0.00000000   0.00000000   0.00000000     1.000000
     0.453560    -0.114200   0.00000000   0.00000000   0.00000000   0.00000000
   0.00000000   0.00000000     1.000000   0.00000000   0.00000000   0.00000000
     0.272950     0.128690   0.00000000   0.00000000   0.00000000   0.00000000
     0.053100    -0.345260   0.00000000   0.00000000   0.00000000   0.00000000
   0.00000000   0.00000000   0.00000000     1.000000   0.00000000   0.00000000
     0.004490     0.706660   0.00000000   0.00000000   0.00000000   0.00000000
   0.00000000   0.00000000   0.00000000   0.00000000     1.000000   0.00000000
     0.000120    -1.036220   0.00000000   0.00000000   0.00000000   0.00000000
     0.000160     1.560190   0.00000000   0.00000000   0.00000000   0.00000000

    0.814033    0.577524    0.231010

   0.00000000   0.00000000     1.000000
     1.000000   0.00000000   0.00000000
   0.00000000     1.000000   0.00000000

Rb:aug-cc-pCVQZ-ccECP
ccECP aug-cc-pCVQZ for Rb | source recipes/Rb/ccECP/Rb.aug-cc-pCVQZ.gamess | ccECP from Omar Madany et al. Journal of Chemical Physics (2025) https://doi.org/10.1063/5.0285320

  5
    0    1    2    3    4
   11   11    7    5    3
   22   22    7    5    3

   39.684058   20.879680   10.985798    5.780154    3.120097
    3.041215    1.600129    1.594007    0.841904    0.814352
    0.442966    0.416039    0.233066    0.173933    0.122627
    0.064520    0.061198    0.033947    0.021532    0.017861
    0.007576    0.003030

    -0.000230     0.000030   0.00000000   0.00000000   0.00000000   0.00000000
   0.00000000   0.00000000   0.00000000   0.00000000   0.00000000
     0.003540    -0.000630   0.00000000   0.00000000   0.00000000   0.00000000
   0.00000000   0.00000000   0.00000000   0.00000000   0.00000000
    -0.042700     0.009130   0.00000000   0.00000000   0.00000000   0.00000000
   0.00000000   0.00000000   0.00000000   0.00000000   0.00000000
     0.282480    -0.064930   0.00000000   0.00000000   0.00000000   0.00000000
   0.00000000   0.00000000   0.00000000   0.00000000   0.00000000
   0.00000000   0.00000000   0.00000000   0.00000000   0.00000000   0.00000000
   0.00000000     1.000000   0.00000000   0.00000000   0.00000000
    -0.565560     0.138490   0.00000000   0.00000000   0.00000000   0.00000000
   0.00000000   0.00000000   0.00000000   0.00000000   0.00000000
    -0.210680     0.041620   0.00000000   0.00000000   0.00000000   0.00000000
   0.00000000   0.00000000   0.00000000   0.00000000   0.00000000
   0.00000000   0.00000000   0.00000000   0.00000000   0.00000000   0.00000000
   0.00000000   0.00000000     1.000000   0.00000000   0.00000000
     0.370210    -0.083890   0.00000000   0.00000000   0.00000000   0.00000000
   0.00000000   0.00000000   0.00000000   0.00000000   0.00000000
   0.00000000   0.00000000   0.00000000   0.00000000   0.00000000   0.00000000
   0.00000000   0.00000000   0.00000000     1.000000   0.00000000
     0.620850    -0.206390   0.00000000   0.00000000   0.00000000   0.00000000
   0.00000000   0.00000000   0.00000000   0.00000000   0.00000000
   0.00000000   0.00000000   0.00000000   0.00000000   0.00000000   0.00000000
   0.00000000   0.00000000   0.00000000   0.00000000     1.000000
     0.327890    -0.151000   0.00000000   0.00000000   0.00000000   0.00000000
   0.00000000   0.00000000   0.00000000   0.00000000   0.00000000
   0.00000000   0.00000000     1.000000   0.00000000   0.00000000   0.00000000
   0.00000000   0.00000000   0.00000000   0.00000000   0.00000000
     0.040730    -0.211940   0.00000000   0.00000000   0.00000000   0.00000000
   0.00000000   0.00000000   0.00000000   0.00000000   0.00000000
     0.001240     0.253560   0.00000000   0.00000000   0.00000000   0.00000000
   0.00000000   0.00000000   0.00000000   0.00000000   0.00000000
   0.00000000   0.00000000   0.00000000     1.000000   0.00000000   0.00000000
   0.00000000   0.00000000   0.00000000   0.00000000   0.00000000
     0.000080     0.408380   0.00000000   0.00000000   0.00000000   0.00000000
   0.00000000   0.00000000   0.00000000   0.00000000   0.00000000
   0.00000000   0.00000000   0.00000000   0.00000000     1.000000   0.00000000
   0.00000000   0.00000000   0.00000000   0.00000000   0.00000000
     0.000350     0.591090   0.00000000   0.00000000   0.00000000   0.00000000
   0.00000000   0.00000000   0.00000000   0.00000000   0.00000000
   0.00000000   0.00000000   0.00000000   0.00000000   0.00000000     1.000000
   0.00000000   0.00000000   0.00000000   0.00000000   0.00000000
   0.00000000   0.00000000   0.00000000   0.00000000   0.00000000   0.00000000
     1.000000   0.00000000   0.00000000   0.00000000   0.00000000

   50.684702   25.341940   12.670764    6.335279    3.282605
    3.167588    1.789489    1.583768    0.975527    0.791871
    0.531802    0.395929    0.220509    0.197961    0.098979
    0.082182    0.049489    0.030629    0.024744    0.012372
    0.011415    0.004566

    -0.000040     0.000090   0.00000000   0.00000000   0.00000000   0.00000000
   0.00000000   0.00000000   0.00000000   0.00000000   0.00000000
     0.000300    -0.000450   0.00000000   0.00000000   0.00000000   0.00000000
   0.00000000   0.00000000   0.00000000   0.00000000   0.00000000
    -0.003090     0.001470   0.00000000   0.00000000   0.00000000   0.00000000
   0.00000000   0.00000000   0.00000000   0.00000000   0.00000000
     0.038370    -0.005920   0.00000000   0.00000000   0.00000000   0.00000000
   0.00000000   0.00000000   0.00000000   0.00000000   0.00000000
   0.00000000   0.00000000   0.00000000   0.00000000   0.00000000   0.00000000
   0.00000000     1.000000   0.00000000   0.00000000   0.00000000
    -0.188000     0.021400   0.00000000   0.00000000   0.00000000   0.00000000
   0.00000000   0.00000000   0.00000000   0.00000000   0.00000000
   0.00000000   0.00000000   0.00000000   0.00000000   0.00000000   0.00000000
   0.00000000   0.00000000     1.000000   0.00000000   0.00000000
     0.040740    -0.019970   0.00000000   0.00000000   0.00000000   0.00000000
   0.00000000   0.00000000   0.00000000   0.00000000   0.00000000
   0.00000000   0.00000000   0.00000000   0.00000000   0.00000000   0.00000000
   0.00000000   0.00000000   0.00000000     1.000000   0.00000000
     0.345390     0.008960   0.00000000   0.00000000   0.00000000   0.00000000
   0.00000000   0.00000000   0.00000000   0.00000000   0.00000000
   0.00000000   0.00000000   0.00000000   0.00000000   0.00000000   0.00000000
   0.00000000   0.00000000   0.00000000   0.00000000     1.000000
     0.453560    -0.114200   0.00000000   0.00000000   0.00000000   0.00000000
   0.00000000   0.00000000   0.00000000   0.00000000   0.00000000
   0.00000000   0.00000000     1.000000   0.00000000   0.00000000   0.00000000
   0.00000000   0.00000000   0.00000000   0.00000000   0.00000000
     0.272950     0.128690   0.00000000   0.00000000   0.00000000   0.00000000
   0.00000000   0.00000000   0.00000000   0.00000000   0.00000000
     0.053100    -0.345260   0.00000000   0.00000000   0.00000000   0.00000000
   0.00000000   0.00000000   0.00000000   0.00000000   0.00000000
   0.00000000   0.00000000   0.00000000     1.000000   0.00000000   0.00000000
   0.00000000   0.00000000   0.00000000   0.00000000   0.00000000
     0.004490     0.706660   0.00000000   0.00000000   0.00000000   0.00000000
   0.00000000   0.00000000   0.00000000   0.00000000   0.00000000
   0.00000000   0.00000000   0.00000000   0.00000000     1.000000   0.00000000
   0.00000000   0.00000000   0.00000000   0.00000000   0.00000000
     0.000120    -1.036220   0.00000000   0.00000000   0.00000000   0.00000000
   0.00000000   0.00000000   0.00000000   0.00000000   0.00000000
     0.000160     1.560190   0.00000000   0.00000000   0.00000000   0.00000000
   0.00000000   0.00000000   0.00000000   0.00000000   0.00000000
   0.00000000   0.00000000   0.00000000   0.00000000   0.00000000     1.000000
   0.00000000   0.00000000   0.00000000   0.00000000   0.00000000
   0.00000000   0.00000000   0.00000000   0.00000000   0.00000000   0.00000000
     1.000000   0.00000000   0.00000000   0.00000000   0.00000000

    2.473399    1.821435    1.341322    0.744457    0.428340
    0.246455    0.098582

   0.00000000   0.00000000   0.00000000   0.00000000     1.000000   0.00000000
   0.00000000
   0.00000000   0.00000000   0.00000000   0.00000000   0.00000000     1.000000
   0.00000000
   0.00000000   0.00000000   0.00000000   0.00000000   0.00000000   0.00000000
     1.000000
     1.000000   0.00000000   0.00000000   0.00000000   0.00000000   0.00000000
   0.00000000
   0.00000000     1.000000   0.00000000   0.00000000   0.00000000   0.00000000
   0.00000000
   0.00000000   0.00000000     1.000000   0.00000000   0.00000000   0.00000000
   0.00000000
   0.00000000   0.00000000   0.00000000     1.000000   0.00000000   0.00000000
   0.00000000

    2.799631    1.481864    1.084828    0.472171    0.188868

   0.00000000   0.00000000   0.00000000     1.000000   0.00000000
   0.00000000   0.00000000   0.00000000   0.00000000     1.000000
     1.000000   0.00000000   0.00000000   0.00000000   0.00000000
   0.00000000     1.000000   0.00000000   0.00000000   0.00000000
   0.00000000   0.00000000     1.000000   0.00000000   0.00000000

    1.543083    0.927331    0.370932

   0.00000000   0.00000000     1.000000
     1.000000   0.00000000   0.00000000
   0.00000000     1.000000   0.00000000

Rb:aug-cc-pCVTZ-ccECP
ccECP aug-cc-pCVTZ for Rb | source recipes/Rb/ccECP/Rb.aug-cc-pCVTZ.gamess | ccECP from Omar Madany et al. Journal of Chemical Physics (2025) https://doi.org/10.1063/5.0285320

  4
    0    1    2    3
    9    9    5    3
   20   20    5    3

   39.684058   20.879680   10.985798    5.780154    3.041215
    1.600129    0.841904    0.722007    0.467011    0.442966
    0.302074    0.233066    0.167499    0.122627    0.064520
    0.057967    0.033947    0.020061    0.017861    0.008024

    -0.000230     0.000030   0.00000000   0.00000000   0.00000000   0.00000000
   0.00000000   0.00000000   0.00000000
     0.003540    -0.000630   0.00000000   0.00000000   0.00000000   0.00000000
   0.00000000   0.00000000   0.00000000
    -0.042700     0.009130   0.00000000   0.00000000   0.00000000   0.00000000
   0.00000000   0.00000000   0.00000000
     0.282480    -0.064930   0.00000000   0.00000000   0.00000000   0.00000000
   0.00000000   0.00000000   0.00000000
    -0.565560     0.138490   0.00000000   0.00000000   0.00000000   0.00000000
   0.00000000   0.00000000   0.00000000
    -0.210680     0.041620   0.00000000   0.00000000   0.00000000   0.00000000
   0.00000000   0.00000000   0.00000000
     0.370210    -0.083890   0.00000000   0.00000000   0.00000000   0.00000000
   0.00000000   0.00000000   0.00000000
   0.00000000   0.00000000   0.00000000   0.00000000   0.00000000   0.00000000
     1.000000   0.00000000   0.00000000
   0.00000000   0.00000000   0.00000000   0.00000000   0.00000000   0.00000000
   0.00000000     1.000000   0.00000000
     0.620850    -0.206390   0.00000000   0.00000000   0.00000000   0.00000000
   0.00000000   0.00000000   0.00000000
   0.00000000   0.00000000   0.00000000   0.00000000   0.00000000   0.00000000
   0.00000000   0.00000000     1.000000
     0.327890    -0.151000   0.00000000   0.00000000   0.00000000   0.00000000
   0.00000000   0.00000000   0.00000000
   0.00000000   0.00000000     1.000000   0.00000000   0.00000000   0.00000000
   0.00000000   0.00000000   0.00000000
     0.040730    -0.211940   0.00000000   0.00000000   0.00000000   0.00000000
   0.00000000   0.00000000   0.00000000
     0.001240     0.253560   0.00000000   0.00000000   0.00000000   0.00000000
   0.00000000   0.00000000   0.00000000
   0.00000000   0.00000000   0.00000000     1.000000   0.00000000   0.00000000
   0.00000000   0.00000000   0.00000000
     0.000080     0.408380   0.00000000   0.00000000   0.00000000   0.00000000
   0.00000000   0.00000000   0.00000000
   0.00000000   0.00000000   0.00000000   0.00000000     1.000000   0.00000000
   0.00000000   0.00000000   0.00000000
     0.000350     0.591090   0.00000000   0.00000000   0.00000000   0.00000000
   0.00000000   0.00000000   0.00000000
   0.00000000   0.00000000   0.00000000   0.00000000   0.00000000     1.000000
   0.00000000   0.00000000   0.00000000

   50.684702   25.341940   12.670764    6.335279    3.167588
    2.846514    1.843607    1.583768    1.194052    0.870911
    0.791871    0.395929    0.323094    0.197961    0.119863
    0.098979    0.049489    0.047945    0.024744    0.012372

    -0.000040     0.000090   0.00000000   0.00000000   0.00000000   0.00000000
   0.00000000   0.00000000   0.00000000
     0.000300    -0.000450   0.00000000   0.00000000   0.00000000   0.00000000
   0.00000000   0.00000000   0.00000000
    -0.003090     0.001470   0.00000000   0.00000000   0.00000000   0.00000000
   0.00000000   0.00000000   0.00000000
     0.038370    -0.005920   0.00000000   0.00000000   0.00000000   0.00000000
   0.00000000   0.00000000   0.00000000
    -0.188000     0.021400   0.00000000   0.00000000   0.00000000   0.00000000
   0.00000000   0.00000000   0.00000000
   0.00000000   0.00000000   0.00000000   0.00000000   0.00000000   0.00000000
     1.000000   0.00000000   0.00000000
   0.00000000   0.00000000   0.00000000   0.00000000   0.00000000   0.00000000
   0.00000000     1.000000   0.00000000
     0.040740    -0.019970   0.00000000   0.00000000   0.00000000   0.00000000
   0.00000000   0.00000000   0.00000000
   0.00000000   0.00000000   0.00000000   0.00000000   0.00000000   0.00000000
   0.00000000   0.00000000     1.000000
   0.00000000   0.00000000     1.000000   0.00000000   0.00000000   0.00000000
   0.00000000   0.00000000   0.00000000
     0.345390     0.008960   0.00000000   0.00000000   0.00000000   0.00000000
   0.00000000   0.00000000   0.00000000
     0.453560    -0.114200   0.00000000   0.00000000   0.00000000   0.00000000
   0.00000000   0.00000000   0.00000000
   0.00000000   0.00000000   0.00000000     1.000000   0.00000000   0.00000000
   0.00000000   0.00000000   0.00000000
     0.272950     0.128690   0.00000000   0.00000000   0.00000000   0.00000000
   0.00000000   0.00000000   0.00000000
   0.00000000   0.00000000   0.00000000   0.00000000     1.000000   0.00000000
   0.00000000   0.00000000   0.00000000
     0.053100    -0.345260   0.00000000   0.00000000   0.00000000   0.00000000
   0.00000000   0.00000000   0.00000000
     0.004490     0.706660   0.00000000   0.00000000   0.00000000   0.00000000
   0.00000000   0.00000000   0.00000000
   0.00000000   0.00000000   0.00000000   0.00000000   0.00000000     1.000000
   0.00000000   0.00000000   0.00000000
     0.000120    -1.036220   0.00000000   0.00000000   0.00000000   0.00000000
   0.00000000   0.00000000   0.00000000
     0.000160     1.560190   0.00000000   0.00000000   0.00000000   0.00000000
   0.00000000   0.00000000   0.00000000

    2.462444    1.538288    0.749385    0.325844    0.130338

   0.00000000   0.00000000   0.00000000     1.000000   0.00000000
   0.00000000   0.00000000   0.00000000   0.00000000     1.000000
     1.000000   0.00000000   0.00000000   0.00000000   0.00000000
   0.00000000     1.000000   0.00000000   0.00000000   0.00000000
   0.00000000   0.00000000     1.000000   0.00000000   0.00000000

    1.306723    0.817743    0.327097

   0.00000000   0.00000000     1.000000
     1.000000   0.00000000   0.00000000
   0.00000000     1.000000   0.00000000

Rb:aug-cc-pV5Z-ccECP
ccECP aug-cc-pV5Z for Rb | source recipes/Rb/ccECP/Rb.aug-cc-pV5Z.gamess | ccECP from Omar Madany et al. Journal of Chemical Physics (2025) https://doi.org/10.1063/5.0285320

  6
    0    1    2    3    4    5
    8    8    5    4    3    2
   19   19    5    4    3    2

   39.684058   20.879680   10.985798    5.780154    3.041215
    1.600129    0.841904    0.801939    0.442966    0.314816
    0.233066    0.123587    0.122627    0.064520    0.048516
    0.033947    0.019046    0.017861    0.007618

    -0.000230     0.000030   0.00000000   0.00000000   0.00000000   0.00000000
   0.00000000   0.00000000
     0.003540    -0.000630   0.00000000   0.00000000   0.00000000   0.00000000
   0.00000000   0.00000000
    -0.042700     0.009130   0.00000000   0.00000000   0.00000000   0.00000000
   0.00000000   0.00000000
     0.282480    -0.064930   0.00000000   0.00000000   0.00000000   0.00000000
   0.00000000   0.00000000
    -0.565560     0.138490   0.00000000   0.00000000   0.00000000   0.00000000
   0.00000000   0.00000000
    -0.210680     0.041620   0.00000000   0.00000000   0.00000000   0.00000000
   0.00000000   0.00000000
     0.370210    -0.083890   0.00000000   0.00000000   0.00000000   0.00000000
   0.00000000   0.00000000
   0.00000000   0.00000000     1.000000   0.00000000   0.00000000   0.00000000
   0.00000000   0.00000000
     0.620850    -0.206390   0.00000000   0.00000000   0.00000000   0.00000000
   0.00000000   0.00000000
   0.00000000   0.00000000   0.00000000     1.000000   0.00000000   0.00000000
   0.00000000   0.00000000
     0.327890    -0.151000   0.00000000   0.00000000   0.00000000   0.00000000
   0.00000000   0.00000000
   0.00000000   0.00000000   0.00000000   0.00000000     1.000000   0.00000000
   0.00000000   0.00000000
     0.040730    -0.211940   0.00000000   0.00000000   0.00000000   0.00000000
   0.00000000   0.00000000
     0.001240     0.253560   0.00000000   0.00000000   0.00000000   0.00000000
   0.00000000   0.00000000
   0.00000000   0.00000000   0.00000000   0.00000000   0.00000000     1.000000
   0.00000000   0.00000000
     0.000080     0.408380   0.00000000   0.00000000   0.00000000   0.00000000
   0.00000000   0.00000000
   0.00000000   0.00000000   0.00000000   0.00000000   0.00000000   0.00000000
     1.000000   0.00000000
     0.000350     0.591090   0.00000000   0.00000000   0.00000000   0.00000000
   0.00000000   0.00000000
   0.00000000   0.00000000   0.00000000   0.00000000   0.00000000   0.00000000
   0.00000000     1.000000

   50.684702   25.341940   12.670764    6.335279    3.167588
    1.648281    1.583768    0.791871    0.766551    0.395929
    0.356493    0.197961    0.165791    0.098979    0.077103
    0.049489    0.030841    0.024744    0.012372

    -0.000040     0.000090   0.00000000   0.00000000   0.00000000   0.00000000
   0.00000000   0.00000000
     0.000300    -0.000450   0.00000000   0.00000000   0.00000000   0.00000000
   0.00000000   0.00000000
    -0.003090     0.001470   0.00000000   0.00000000   0.00000000   0.00000000
   0.00000000   0.00000000
     0.038370    -0.005920   0.00000000   0.00000000   0.00000000   0.00000000
   0.00000000   0.00000000
    -0.188000     0.021400   0.00000000   0.00000000   0.00000000   0.00000000
   0.00000000   0.00000000
   0.00000000   0.00000000     1.000000   0.00000000   0.00000000   0.00000000
   0.00000000   0.00000000
     0.040740    -0.019970   0.00000000   0.00000000   0.00000000   0.00000000
   0.00000000   0.00000000
     0.345390     0.008960   0.00000000   0.00000000   0.00000000   0.00000000
   0.00000000   0.00000000
   0.00000000   0.00000000   0.00000000     1.000000   0.00000000   0.00000000
   0.00000000   0.00000000
     0.453560    -0.114200   0.00000000   0.00000000   0.00000000   0.00000000
   0.00000000   0.00000000
   0.00000000   0.00000000   0.00000000   0.00000000     1.000000   0.00000000
   0.00000000   0.00000000
     0.272950     0.128690   0.00000000   0.00000000   0.00000000   0.00000000
   0.00000000   0.00000000
   0.00000000   0.00000000   0.00000000   0.00000000   0.00000000     1.000000
   0.00000000   0.00000000
     0.053100    -0.345260   0.00000000   0.00000000   0.00000000   0.00000000
   0.00000000   0.00000000
   0.00000000   0.00000000   0.00000000   0.00000000   0.00000000   0.00000000
     1.000000   0.00000000
     0.004490     0.706660   0.00000000   0.00000000   0.00000000   0.00000000
   0.00000000   0.00000000
   0.00000000   0.00000000   0.00000000   0.00000000   0.00000000   0.00000000
   0.00000000     1.000000
     0.000120    -1.036220   0.00000000   0.00000000   0.00000000   0.00000000
   0.00000000   0.00000000
     0.000160     1.560190   0.00000000   0.00000000   0.00000000   0.00000000
   0.00000000   0.00000000

    2.549063    1.136040    0.506299    0.225642    0.090257

     1.000000   0.00000000   0.00000000   0.00000000   0.00000000
   0.00000000     1.000000   0.00000000   0.00000000   0.00000000
   0.00000000   0.00000000     1.000000   0.00000000   0.00000000
   0.00000000   0.00000000   0.00000000     1.000000   0.00000000
   0.00000000   0.00000000   0.00000000   0.00000000     1.000000

    1.241052    0.665914    0.357311    0.142924

     1.000000   0.00000000   0.00000000   0.00000000
   0.00000000     1.000000   0.00000000   0.00000000
   0.00000000   0.00000000     1.000000   0.00000000
   0.00000000   0.00000000   0.00000000     1.000000

    1.324695    0.617948    0.247179

     1.000000   0.00000000   0.00000000
   0.00000000     1.000000   0.00000000
   0.00000000   0.00000000     1.000000

    1.148520    0.459408

     1.000000   0.00000000
   0.00000000     1.000000

Rb:aug-cc-pV6Z-ccECP
ccECP aug-cc-pV6Z for Rb | source recipes/Rb/ccECP/Rb.aug-cc-pV6Z.gamess | ccECP from Omar Madany et al. Journal of Chemical Physics (2025) https://doi.org/10.1063/5.0285320

  7
    0    1    2    3    4    5    6
    9    9    6    5    4    3    2
   20   20    6    5    4    3    2

   39.684058   20.879680   10.985798    5.780154    3.041215
    1.600129    0.841904    0.442966    0.269172    0.233066
    0.135661    0.122627    0.068372    0.064520    0.034459
    0.033947    0.017861    0.017367    0.008753    0.003501

    -0.000230     0.000030   0.00000000   0.00000000   0.00000000   0.00000000
   0.00000000   0.00000000   0.00000000
     0.003540    -0.000630   0.00000000   0.00000000   0.00000000   0.00000000
   0.00000000   0.00000000   0.00000000
    -0.042700     0.009130   0.00000000   0.00000000   0.00000000   0.00000000
   0.00000000   0.00000000   0.00000000
     0.282480    -0.064930   0.00000000   0.00000000   0.00000000   0.00000000
   0.00000000   0.00000000   0.00000000
    -0.565560     0.138490   0.00000000   0.00000000   0.00000000   0.00000000
   0.00000000   0.00000000   0.00000000
    -0.210680     0.041620   0.00000000   0.00000000   0.00000000   0.00000000
   0.00000000   0.00000000   0.00000000
     0.370210    -0.083890   0.00000000   0.00000000   0.00000000   0.00000000
   0.00000000   0.00000000   0.00000000
     0.620850    -0.206390   0.00000000   0.00000000   0.00000000   0.00000000
   0.00000000   0.00000000   0.00000000
   0.00000000   0.00000000     1.000000   0.00000000   0.00000000   0.00000000
   0.00000000   0.00000000   0.00000000
     0.327890    -0.151000   0.00000000   0.00000000   0.00000000   0.00000000
   0.00000000   0.00000000   0.00000000
   0.00000000   0.00000000   0.00000000     1.000000   0.00000000   0.00000000
   0.00000000   0.00000000   0.00000000
     0.040730    -0.211940   0.00000000   0.00000000   0.00000000   0.00000000
   0.00000000   0.00000000   0.00000000
   0.00000000   0.00000000   0.00000000   0.00000000     1.000000   0.00000000
   0.00000000   0.00000000   0.00000000
     0.001240     0.253560   0.00000000   0.00000000   0.00000000   0.00000000
   0.00000000   0.00000000   0.00000000
   0.00000000   0.00000000   0.00000000   0.00000000   0.00000000     1.000000
   0.00000000   0.00000000   0.00000000
     0.000080     0.408380   0.00000000   0.00000000   0.00000000   0.00000000
   0.00000000   0.00000000   0.00000000
     0.000350     0.591090   0.00000000   0.00000000   0.00000000   0.00000000
   0.00000000   0.00000000   0.00000000
   0.00000000   0.00000000   0.00000000   0.00000000   0.00000000   0.00000000
     1.000000   0.00000000   0.00000000
   0.00000000   0.00000000   0.00000000   0.00000000   0.00000000   0.00000000
   0.00000000     1.000000   0.00000000
   0.00000000   0.00000000   0.00000000   0.00000000   0.00000000   0.00000000
   0.00000000   0.00000000     1.000000

   50.684702   25.341940   12.670764    6.335279    3.167588
    1.710146    1.583768    0.863094    0.791871    0.435595
    0.395929    0.219840    0.197961    0.110951    0.098979
    0.055996    0.049489    0.024744    0.022398    0.012372

    -0.000040     0.000090   0.00000000   0.00000000   0.00000000   0.00000000
   0.00000000   0.00000000   0.00000000
     0.000300    -0.000450   0.00000000   0.00000000   0.00000000   0.00000000
   0.00000000   0.00000000   0.00000000
    -0.003090     0.001470   0.00000000   0.00000000   0.00000000   0.00000000
   0.00000000   0.00000000   0.00000000
     0.038370    -0.005920   0.00000000   0.00000000   0.00000000   0.00000000
   0.00000000   0.00000000   0.00000000
    -0.188000     0.021400   0.00000000   0.00000000   0.00000000   0.00000000
   0.00000000   0.00000000   0.00000000
   0.00000000   0.00000000     1.000000   0.00000000   0.00000000   0.00000000
   0.00000000   0.00000000   0.00000000
     0.040740    -0.019970   0.00000000   0.00000000   0.00000000   0.00000000
   0.00000000   0.00000000   0.00000000
   0.00000000   0.00000000   0.00000000     1.000000   0.00000000   0.00000000
   0.00000000   0.00000000   0.00000000
     0.345390     0.008960   0.00000000   0.00000000   0.00000000   0.00000000
   0.00000000   0.00000000   0.00000000
   0.00000000   0.00000000   0.00000000   0.00000000     1.000000   0.00000000
   0.00000000   0.00000000   0.00000000
     0.453560    -0.114200   0.00000000   0.00000000   0.00000000   0.00000000
   0.00000000   0.00000000   0.00000000
   0.00000000   0.00000000   0.00000000   0.00000000   0.00000000     1.000000
   0.00000000   0.00000000   0.00000000
     0.272950     0.128690   0.00000000   0.00000000   0.00000000   0.00000000
   0.00000000   0.00000000   0.00000000
   0.00000000   0.00000000   0.00000000   0.00000000   0.00000000   0.00000000
     1.000000   0.00000000   0.00000000
     0.053100    -0.345260   0.00000000   0.00000000   0.00000000   0.00000000
   0.00000000   0.00000000   0.00000000
   0.00000000   0.00000000   0.00000000   0.00000000   0.00000000   0.00000000
   0.00000000     1.000000   0.00000000
     0.004490     0.706660   0.00000000   0.00000000   0.00000000   0.00000000
   0.00000000   0.00000000   0.00000000
     0.000120    -1.036220   0.00000000   0.00000000   0.00000000   0.00000000
   0.00000000   0.00000000   0.00000000
   0.00000000   0.00000000   0.00000000   0.00000000   0.00000000   0.00000000
   0.00000000   0.00000000     1.000000
     0.000160     1.560190   0.00000000   0.00000000   0.00000000   0.00000000
   0.00000000   0.00000000   0.00000000

    2.630550    1.319654    0.662024    0.332114    0.166610
    0.066644

     1.000000   0.00000000   0.00000000   0.00000000   0.00000000   0.00000000
   0.00000000     1.000000   0.00000000   0.00000000   0.00000000   0.00000000
   0.00000000   0.00000000     1.000000   0.00000000   0.00000000   0.00000000
   0.00000000   0.00000000   0.00000000     1.000000   0.00000000   0.00000000
   0.00000000   0.00000000   0.00000000   0.00000000     1.000000   0.00000000
   0.00000000   0.00000000   0.00000000   0.00000000   0.00000000     1.000000

    2.719155    1.332784    0.653260    0.320193    0.128077

     1.000000   0.00000000   0.00000000   0.00000000   0.00000000
   0.00000000     1.000000   0.00000000   0.00000000   0.00000000
   0.00000000   0.00000000     1.000000   0.00000000   0.00000000
   0.00000000   0.00000000   0.00000000     1.000000   0.00000000
   0.00000000   0.00000000   0.00000000   0.00000000     1.000000

    1.543912    0.884022    0.506178    0.202471

     1.000000   0.00000000   0.00000000   0.00000000
   0.00000000     1.000000   0.00000000   0.00000000
   0.00000000   0.00000000     1.000000   0.00000000
   0.00000000   0.00000000   0.00000000     1.000000

    1.599022    0.829749    0.331900

     1.000000   0.00000000   0.00000000
   0.00000000     1.000000   0.00000000
   0.00000000   0.00000000     1.000000

    1.361748    0.544699

     1.000000   0.00000000
   0.00000000     1.000000

Rb:aug-cc-pVDZ-ccECP
ccECP aug-cc-pVDZ for Rb | source recipes/Rb/ccECP/Rb.aug-cc-pVDZ.gamess | ccECP from Omar Madany et al. Journal of Chemical Physics (2025) https://doi.org/10.1063/5.0285320

  3
    0    1    2
    5    5    2
   16   16    2

   39.684058   20.879680   10.985798    5.780154    3.041215
    1.600129    0.841904    0.442966    0.233066    0.155815
    0.122627    0.064520    0.033947    0.024407    0.017861
    0.009763

    -0.000230     0.000030   0.00000000   0.00000000   0.00000000
     0.003540    -0.000630   0.00000000   0.00000000   0.00000000
    -0.042700     0.009130   0.00000000   0.00000000   0.00000000
     0.282480    -0.064930   0.00000000   0.00000000   0.00000000
    -0.565560     0.138490   0.00000000   0.00000000   0.00000000
    -0.210680     0.041620   0.00000000   0.00000000   0.00000000
     0.370210    -0.083890   0.00000000   0.00000000   0.00000000
     0.620850    -0.206390   0.00000000   0.00000000   0.00000000
     0.327890    -0.151000   0.00000000   0.00000000   0.00000000
   0.00000000   0.00000000     1.000000   0.00000000   0.00000000
     0.040730    -0.211940   0.00000000   0.00000000   0.00000000
     0.001240     0.253560   0.00000000   0.00000000   0.00000000
     0.000080     0.408380   0.00000000   0.00000000   0.00000000
   0.00000000   0.00000000   0.00000000     1.000000   0.00000000
     0.000350     0.591090   0.00000000   0.00000000   0.00000000
   0.00000000   0.00000000   0.00000000   0.00000000     1.000000

   50.684702   25.341940   12.670764    6.335279    3.167588
    1.583768    0.791871    0.395929    0.218646    0.197961
    0.098979    0.087884    0.049489    0.035154    0.024744
    0.012372

    -0.000040     0.000090   0.00000000   0.00000000   0.00000000
     0.000300    -0.000450   0.00000000   0.00000000   0.00000000
    -0.003090     0.001470   0.00000000   0.00000000   0.00000000
     0.038370    -0.005920   0.00000000   0.00000000   0.00000000
    -0.188000     0.021400   0.00000000   0.00000000   0.00000000
     0.040740    -0.019970   0.00000000   0.00000000   0.00000000
     0.345390     0.008960   0.00000000   0.00000000   0.00000000
     0.453560    -0.114200   0.00000000   0.00000000   0.00000000
   0.00000000   0.00000000     1.000000   0.00000000   0.00000000
     0.272950     0.128690   0.00000000   0.00000000   0.00000000
     0.053100    -0.345260   0.00000000   0.00000000   0.00000000
   0.00000000   0.00000000   0.00000000     1.000000   0.00000000
     0.004490     0.706660   0.00000000   0.00000000   0.00000000
   0.00000000   0.00000000   0.00000000   0.00000000     1.000000
     0.000120    -1.036220   0.00000000   0.00000000   0.00000000
     0.000160     1.560190   0.00000000   0.00000000   0.00000000

    0.577524    0.231010

     1.000000   0.00000000
   0.00000000     1.000000

Rb:aug-cc-pVQZ-ccECP
ccECP aug-cc-pVQZ for Rb | source recipes/Rb/ccECP/Rb.aug-cc-pVQZ.gamess | ccECP from Omar Madany et al. Journal of Chemical Physics (2025) https://doi.org/10.1063/5.0285320

  5
    0    1    2    3    4
    7    7    4    3    2
   18   18    4    3    2

   39.684058   20.879680   10.985798    5.780154    3.041215
    1.600129    0.841904    0.442966    0.233066    0.173933
    0.122627    0.064520    0.061198    0.033947    0.021532
    0.017861    0.007576    0.003030

    -0.000230     0.000030   0.00000000   0.00000000   0.00000000   0.00000000
   0.00000000
     0.003540    -0.000630   0.00000000   0.00000000   0.00000000   0.00000000
   0.00000000
    -0.042700     0.009130   0.00000000   0.00000000   0.00000000   0.00000000
   0.00000000
     0.282480    -0.064930   0.00000000   0.00000000   0.00000000   0.00000000
   0.00000000
    -0.565560     0.138490   0.00000000   0.00000000   0.00000000   0.00000000
   0.00000000
    -0.210680     0.041620   0.00000000   0.00000000   0.00000000   0.00000000
   0.00000000
     0.370210    -0.083890   0.00000000   0.00000000   0.00000000   0.00000000
   0.00000000
     0.620850    -0.206390   0.00000000   0.00000000   0.00000000   0.00000000
   0.00000000
     0.327890    -0.151000   0.00000000   0.00000000   0.00000000   0.00000000
   0.00000000
   0.00000000   0.00000000     1.000000   0.00000000   0.00000000   0.00000000
   0.00000000
     0.040730    -0.211940   0.00000000   0.00000000   0.00000000   0.00000000
   0.00000000
     0.001240     0.253560   0.00000000   0.00000000   0.00000000   0.00000000
   0.00000000
   0.00000000   0.00000000   0.00000000     1.000000   0.00000000   0.00000000
   0.00000000
     0.000080     0.408380   0.00000000   0.00000000   0.00000000   0.00000000
   0.00000000
   0.00000000   0.00000000   0.00000000   0.00000000     1.000000   0.00000000
   0.00000000
     0.000350     0.591090   0.00000000   0.00000000   0.00000000   0.00000000
   0.00000000
   0.00000000   0.00000000   0.00000000   0.00000000   0.00000000     1.000000
   0.00000000
   0.00000000   0.00000000   0.00000000   0.00000000   0.00000000   0.00000000
     1.000000

   50.684702   25.341940   12.670764    6.335279    3.167588
    1.583768    0.791871    0.395929    0.220509    0.197961
    0.098979    0.082182    0.049489    0.030629    0.024744
    0.012372    0.011415    0.004566

    -0.000040     0.000090   0.00000000   0.00000000   0.00000000   0.00000000
   0.00000000
     0.000300    -0.000450   0.00000000   0.00000000   0.00000000   0.00000000
   0.00000000
    -0.003090     0.001470   0.00000000   0.00000000   0.00000000   0.00000000
   0.00000000
     0.038370    -0.005920   0.00000000   0.00000000   0.00000000   0.00000000
   0.00000000
    -0.188000     0.021400   0.00000000   0.00000000   0.00000000   0.00000000
   0.00000000
     0.040740    -0.019970   0.00000000   0.00000000   0.00000000   0.00000000
   0.00000000
     0.345390     0.008960   0.00000000   0.00000000   0.00000000   0.00000000
   0.00000000
     0.453560    -0.114200   0.00000000   0.00000000   0.00000000   0.00000000
   0.00000000
   0.00000000   0.00000000     1.000000   0.00000000   0.00000000   0.00000000
   0.00000000
     0.272950     0.128690   0.00000000   0.00000000   0.00000000   0.00000000
   0.00000000
     0.053100    -0.345260   0.00000000   0.00000000   0.00000000   0.00000000
   0.00000000
   0.00000000   0.00000000   0.00000000     1.000000   0.00000000   0.00000000
   0.00000000
     0.004490     0.706660   0.00000000   0.00000000   0.00000000   0.00000000
   0.00000000
   0.00000000   0.00000000   0.00000000   0.00000000     1.000000   0.00000000
   0.00000000
     0.000120    -1.036220   0.00000000   0.00000000   0.00000000   0.00000000
   0.00000000
     0.000160     1.560190   0.00000000   0.00000000   0.00000000   0.00000000
   0.00000000
   0.00000000   0.00000000   0.00000000   0.00000000   0.00000000     1.000000
   0.00000000
   0.00000000   0.00000000   0.00000000   0.00000000   0.00000000   0.00000000
     1.000000

    0.744457    0.428340    0.246455    0.098582

     1.000000   0.00000000   0.00000000   0.00000000
   0.00000000     1.000000   0.00000000   0.00000000
   0.00000000   0.00000000     1.000000   0.00000000
   0.00000000   0.00000000   0.00000000     1.000000

    1.084828    0.472171    0.188868

     1.000000   0.00000000   0.00000000
   0.00000000     1.000000   0.00000000
   0.00000000   0.00000000     1.000000

    0.927331    0.370932

     1.000000   0.00000000
   0.00000000     1.000000

Rb:aug-cc-pVTZ-ccECP
ccECP aug-cc-pVTZ for Rb | source recipes/Rb/ccECP/Rb.aug-cc-pVTZ.gamess | ccECP from Omar Madany et al. Journal of Chemical Physics (2025) https://doi.org/10.1063/5.0285320

  4
    0    1    2    3
    6    6    3    2
   17   17    3    2

   39.684058   20.879680   10.985798    5.780154    3.041215
    1.600129    0.841904    0.442966    0.233066    0.167499
    0.122627    0.064520    0.057967    0.033947    0.020061
    0.017861    0.008024

    -0.000230     0.000030   0.00000000   0.00000000   0.00000000   0.00000000
     0.003540    -0.000630   0.00000000   0.00000000   0.00000000   0.00000000
    -0.042700     0.009130   0.00000000   0.00000000   0.00000000   0.00000000
     0.282480    -0.064930   0.00000000   0.00000000   0.00000000   0.00000000
    -0.565560     0.138490   0.00000000   0.00000000   0.00000000   0.00000000
    -0.210680     0.041620   0.00000000   0.00000000   0.00000000   0.00000000
     0.370210    -0.083890   0.00000000   0.00000000   0.00000000   0.00000000
     0.620850    -0.206390   0.00000000   0.00000000   0.00000000   0.00000000
     0.327890    -0.151000   0.00000000   0.00000000   0.00000000   0.00000000
   0.00000000   0.00000000     1.000000   0.00000000   0.00000000   0.00000000
     0.040730    -0.211940   0.00000000   0.00000000   0.00000000   0.00000000
     0.001240     0.253560   0.00000000   0.00000000   0.00000000   0.00000000
   0.00000000   0.00000000   0.00000000     1.000000   0.00000000   0.00000000
     0.000080     0.408380   0.00000000   0.00000000   0.00000000   0.00000000
   0.00000000   0.00000000   0.00000000   0.00000000     1.000000   0.00000000
     0.000350     0.591090   0.00000000   0.00000000   0.00000000   0.00000000
   0.00000000   0.00000000   0.00000000   0.00000000   0.00000000     1.000000

   50.684702   25.341940   12.670764    6.335279    3.167588
    1.583768    0.870911    0.791871    0.395929    0.323094
    0.197961    0.119863    0.098979    0.049489    0.047945
    0.024744    0.012372

    -0.000040     0.000090   0.00000000   0.00000000   0.00000000   0.00000000
     0.000300    -0.000450   0.00000000   0.00000000   0.00000000   0.00000000
    -0.003090     0.001470   0.00000000   0.00000000   0.00000000   0.00000000
     0.038370    -0.005920   0.00000000   0.00000000   0.00000000   0.00000000
    -0.188000     0.021400   0.00000000   0.00000000   0.00000000   0.00000000
     0.040740    -0.019970   0.00000000   0.00000000   0.00000000   0.00000000
   0.00000000   0.00000000     1.000000   0.00000000   0.00000000   0.00000000
     0.345390     0.008960   0.00000000   0.00000000   0.00000000   0.00000000
     0.453560    -0.114200   0.00000000   0.00000000   0.00000000   0.00000000
   0.00000000   0.00000000   0.00000000     1.000000   0.00000000   0.00000000
     0.272950     0.128690   0.00000000   0.00000000   0.00000000   0.00000000
   0.00000000   0.00000000   0.00000000   0.00000000     1.000000   0.00000000
     0.053100    -0.345260   0.00000000   0.00000000   0.00000000   0.00000000
     0.004490     0.706660   0.00000000   0.00000000   0.00000000   0.00000000
   0.00000000   0.00000000   0.00000000   0.00000000   0.00000000     1.000000
     0.000120    -1.036220   0.00000000   0.00000000   0.00000000   0.00000000
     0.000160     1.560190   0.00000000   0.00000000   0.00000000   0.00000000

    0.749385    0.325844    0.130338

     1.000000   0.00000000   0.00000000
   0.00000000     1.000000   0.00000000
   0.00000000   0.00000000     1.000000

    0.817743    0.327097

     1.000000   0.00000000
   0.00000000     1.000000

Rb:cc-pCV5Z-ccECP
ccECP cc-pCV5Z for Rb | source recipes/Rb/ccECP/Rb.cc-pCV5Z.gamess | ccECP from Omar Madany et al. Journal of Chemical Physics (2025) https://doi.org/10.1063/5.0285320

  6
    0    1    2    3    4    5
   12   12    8    6    4    2
   23   23    8    6    4    2

   39.684058   20.879680   12.638323   10.985798    7.430295
    5.780154    4.368403    3.041215    2.568262    1.600129
    1.509927    0.841904    0.801939    0.442966    0.314816
    0.233066    0.123587    0.122627    0.064520    0.048516
    0.033947    0.019046    0.017861

    -0.000230     0.000030   0.00000000   0.00000000   0.00000000   0.00000000
   0.00000000   0.00000000   0.00000000   0.00000000   0.00000000   0.00000000
     0.003540    -0.000630   0.00000000   0.00000000   0.00000000   0.00000000
   0.00000000   0.00000000   0.00000000   0.00000000   0.00000000   0.00000000
   0.00000000   0.00000000   0.00000000   0.00000000   0.00000000   0.00000000
   0.00000000     1.000000   0.00000000   0.00000000   0.00000000   0.00000000
    -0.042700     0.009130   0.00000000   0.00000000   0.00000000   0.00000000
   0.00000000   0.00000000   0.00000000   0.00000000   0.00000000   0.00000000
   0.00000000   0.00000000   0.00000000   0.00000000   0.00000000   0.00000000
   0.00000000   0.00000000     1.000000   0.00000000   0.00000000   0.00000000
     0.282480    -0.064930   0.00000000   0.00000000   0.00000000   0.00000000
   0.00000000   0.00000000   0.00000000   0.00000000   0.00000000   0.00000000
   0.00000000   0.00000000   0.00000000   0.00000000   0.00000000   0.00000000
   0.00000000   0.00000000   0.00000000     1.000000   0.00000000   0.00000000
    -0.565560     0.138490   0.00000000   0.00000000   0.00000000   0.00000000
   0.00000000   0.00000000   0.00000000   0.00000000   0.00000000   0.00000000
   0.00000000   0.00000000   0.00000000   0.00000000   0.00000000   0.00000000
   0.00000000   0.00000000   0.00000000   0.00000000     1.000000   0.00000000
    -0.210680     0.041620   0.00000000   0.00000000   0.00000000   0.00000000
   0.00000000   0.00000000   0.00000000   0.00000000   0.00000000   0.00000000
   0.00000000   0.00000000   0.00000000   0.00000000   0.00000000   0.00000000
   0.00000000   0.00000000   0.00000000   0.00000000   0.00000000     1.000000
     0.370210    -0.083890   0.00000000   0.00000000   0.00000000   0.00000000
   0.00000000   0.00000000   0.00000000   0.00000000   0.00000000   0.00000000
   0.00000000   0.00000000     1.000000   0.00000000   0.00000000   0.00000000
   0.00000000   0.00000000   0.00000000   0.00000000   0.00000000   0.00000000
     0.620850    -0.206390   0.00000000   0.00000000   0.00000000   0.00000000
   0.00000000   0.00000000   0.00000000   0.00000000   0.00000000   0.00000000
   0.00000000   0.00000000   0.00000000     1.000000   0.00000000   0.00000000
   0.00000000   0.00000000   0.00000000   0.00000000   0.00000000   0.00000000
     0.327890    -0.151000   0.00000000   0.00000000   0.00000000   0.00000000
   0.00000000   0.00000000   0.00000000   0.00000000   0.00000000   0.00000000
   0.00000000   0.00000000   0.00000000   0.00000000     1.000000   0.00000000
   0.00000000   0.00000000   0.00000000   0.00000000   0.00000000   0.00000000
     0.040730    -0.211940   0.00000000   0.00000000   0.00000000   0.00000000
   0.00000000   0.00000000   0.00000000   0.00000000   0.00000000   0.00000000
     0.001240     0.253560   0.00000000   0.00000000   0.00000000   0.00000000
   0.00000000   0.00000000   0.00000000   0.00000000   0.00000000   0.00000000
   0.00000000   0.00000000   0.00000000   0.00000000   0.00000000     1.000000
   0.00000000   0.00000000   0.00000000   0.00000000   0.00000000   0.00000000
     0.000080     0.408380   0.00000000   0.00000000   0.00000000   0.00000000
   0.00000000   0.00000000   0.00000000   0.00000000   0.00000000   0.00000000
   0.00000000   0.00000000   0.00000000   0.00000000   0.00000000   0.00000000
     1.000000   0.00000000   0.00000000   0.00000000   0.00000000   0.00000000
     0.000350     0.591090   0.00000000   0.00000000   0.00000000   0.00000000
   0.00000000   0.00000000   0.00000000   0.00000000   0.00000000   0.00000000

   50.684702   25.341940   12.670764    8.601325    6.335279
    5.038784    3.167588    2.951795    1.729205    1.648281
    1.583768    1.012994    0.791871    0.766551    0.395929
    0.356493    0.197961    0.165791    0.098979    0.077103
    0.049489    0.024744    0.012372

    -0.000040     0.000090   0.00000000   0.00000000   0.00000000   0.00000000
   0.00000000   0.00000000   0.00000000   0.00000000   0.00000000   0.00000000
     0.000300    -0.000450   0.00000000   0.00000000   0.00000000   0.00000000
   0.00000000   0.00000000   0.00000000   0.00000000   0.00000000   0.00000000
    -0.003090     0.001470   0.00000000   0.00000000   0.00000000   0.00000000
   0.00000000   0.00000000   0.00000000   0.00000000   0.00000000   0.00000000
   0.00000000   0.00000000   0.00000000   0.00000000   0.00000000   0.00000000
   0.00000000     1.000000   0.00000000   0.00000000   0.00000000   0.00000000
     0.038370    -0.005920   0.00000000   0.00000000   0.00000000   0.00000000
   0.00000000   0.00000000   0.00000000   0.00000000   0.00000000   0.00000000
   0.00000000   0.00000000   0.00000000   0.00000000   0.00000000   0.00000000
   0.00000000   0.00000000     1.000000   0.00000000   0.00000000   0.00000000
    -0.188000     0.021400   0.00000000   0.00000000   0.00000000   0.00000000
   0.00000000   0.00000000   0.00000000   0.00000000   0.00000000   0.00000000
   0.00000000   0.00000000   0.00000000   0.00000000   0.00000000   0.00000000
   0.00000000   0.00000000   0.00000000     1.000000   0.00000000   0.00000000
   0.00000000   0.00000000   0.00000000   0.00000000   0.00000000   0.00000000
   0.00000000   0.00000000   0.00000000   0.00000000     1.000000   0.00000000
   0.00000000   0.00000000     1.000000   0.00000000   0.00000000   0.00000000
   0.00000000   0.00000000   0.00000000   0.00000000   0.00000000   0.00000000
     0.040740    -0.019970   0.00000000   0.00000000   0.00000000   0.00000000
   0.00000000   0.00000000   0.00000000   0.00000000   0.00000000   0.00000000
   0.00000000   0.00000000   0.00000000   0.00000000   0.00000000   0.00000000
   0.00000000   0.00000000   0.00000000   0.00000000   0.00000000     1.000000
     0.345390     0.008960   0.00000000   0.00000000   0.00000000   0.00000000
   0.00000000   0.00000000   0.00000000   0.00000000   0.00000000   0.00000000
   0.00000000   0.00000000   0.00000000     1.000000   0.00000000   0.00000000
   0.00000000   0.00000000   0.00000000   0.00000000   0.00000000   0.00000000
     0.453560    -0.114200   0.00000000   0.00000000   0.00000000   0.00000000
   0.00000000   0.00000000   0.00000000   0.00000000   0.00000000   0.00000000
   0.00000000   0.00000000   0.00000000   0.00000000     1.000000   0.00000000
   0.00000000   0.00000000   0.00000000   0.00000000   0.00000000   0.00000000
     0.272950     0.128690   0.00000000   0.00000000   0.00000000   0.00000000
   0.00000000   0.00000000   0.00000000   0.00000000   0.00000000   0.00000000
   0.00000000   0.00000000   0.00000000   0.00000000   0.00000000     1.000000
   0.00000000   0.00000000   0.00000000   0.00000000   0.00000000   0.00000000
     0.053100    -0.345260   0.00000000   0.00000000   0.00000000   0.00000000
   0.00000000   0.00000000   0.00000000   0.00000000   0.00000000   0.00000000
   0.00000000   0.00000000   0.00000000   0.00000000   0.00000000   0.00000000
     1.000000   0.00000000   0.00000000   0.00000000   0.00000000   0.00000000
     0.004490     0.706660   0.00000000   0.00000000   0.00000000   0.00000000
   0.00000000   0.00000000   0.00000000   0.00000000   0.00000000   0.00000000
     0.000120    -1.036220   0.00000000   0.00000000   0.00000000   0.00000000
   0.00000000   0.00000000   0.00000000   0.00000000   0.00000000   0.00000000
     0.000160     1.560190   0.00000000   0.00000000   0.00000000   0.00000000
   0.00000000   0.00000000   0.00000000   0.00000000   0.00000000   0.00000000

    5.010517    3.243887    2.549063    2.100143    1.359665
    1.136040    0.506299    0.225642

   0.00000000   0.00000000   0.00000000   0.00000000     1.000000   0.00000000
   0.00000000   0.00000000
   0.00000000   0.00000000   0.00000000   0.00000000   0.00000000     1.000000
   0.00000000   0.00000000
     1.000000   0.00000000   0.00000000   0.00000000   0.00000000   0.00000000
   0.00000000   0.00000000
   0.00000000   0.00000000   0.00000000   0.00000000   0.00000000   0.00000000
     1.000000   0.00000000
   0.00000000   0.00000000   0.00000000   0.00000000   0.00000000   0.00000000
   0.00000000     1.000000
   0.00000000     1.000000   0.00000000   0.00000000   0.00000000   0.00000000
   0.00000000   0.00000000
   0.00000000   0.00000000     1.000000   0.00000000   0.00000000   0.00000000
   0.00000000   0.00000000
   0.00000000   0.00000000   0.00000000     1.000000   0.00000000   0.00000000
   0.00000000   0.00000000

    2.868545    2.126764    1.576801    1.241052    0.665914
    0.357311

   0.00000000   0.00000000   0.00000000     1.000000   0.00000000   0.00000000
   0.00000000   0.00000000   0.00000000   0.00000000     1.000000   0.00000000
   0.00000000   0.00000000   0.00000000   0.00000000   0.00000000     1.000000
     1.000000   0.00000000   0.00000000   0.00000000   0.00000000   0.00000000
   0.00000000     1.000000   0.00000000   0.00000000   0.00000000   0.00000000
   0.00000000   0.00000000     1.000000   0.00000000   0.00000000   0.00000000

    3.142045    1.507958    1.324695    0.617948

   0.00000000   0.00000000     1.000000   0.00000000
   0.00000000   0.00000000   0.00000000     1.000000
     1.000000   0.00000000   0.00000000   0.00000000
   0.00000000     1.000000   0.00000000   0.00000000

    1.507958    1.148520

   0.00000000     1.000000
     1.000000   0.00000000

Rb:cc-pCV6Z-ccECP
ccECP cc-pCV6Z for Rb | source recipes/Rb/ccECP/Rb.cc-pCV6Z.gamess | ccECP from Omar Madany et al. Journal of Chemical Physics (2025) https://doi.org/10.1063/5.0285320

  7
    0    1    2    3    4    5    6
   14   14   10    8    6    4    2
   25   25   10    8    6    4    2

   39.684058   20.879680   10.985798    5.780154    3.041215
    2.914920    1.966340    1.600129    1.326449    0.894793
    0.841904    0.603607    0.442966    0.407180    0.269172
    0.233066    0.135661    0.122627    0.068372    0.064520
    0.034459    0.033947    0.017861    0.017367    0.008753

    -0.000230     0.000030   0.00000000   0.00000000   0.00000000   0.00000000
   0.00000000   0.00000000   0.00000000   0.00000000   0.00000000   0.00000000
   0.00000000   0.00000000
     0.003540    -0.000630   0.00000000   0.00000000   0.00000000   0.00000000
   0.00000000   0.00000000   0.00000000   0.00000000   0.00000000   0.00000000
   0.00000000   0.00000000
    -0.042700     0.009130   0.00000000   0.00000000   0.00000000   0.00000000
   0.00000000   0.00000000   0.00000000   0.00000000   0.00000000   0.00000000
   0.00000000   0.00000000
     0.282480    -0.064930   0.00000000   0.00000000   0.00000000   0.00000000
   0.00000000   0.00000000   0.00000000   0.00000000   0.00000000   0.00000000
   0.00000000   0.00000000
    -0.565560     0.138490   0.00000000   0.00000000   0.00000000   0.00000000
   0.00000000   0.00000000   0.00000000   0.00000000   0.00000000   0.00000000
   0.00000000   0.00000000
   0.00000000   0.00000000   0.00000000   0.00000000   0.00000000   0.00000000
   0.00000000   0.00000000     1.000000   0.00000000   0.00000000   0.00000000
   0.00000000   0.00000000
   0.00000000   0.00000000   0.00000000   0.00000000   0.00000000   0.00000000
   0.00000000   0.00000000   0.00000000     1.000000   0.00000000   0.00000000
   0.00000000   0.00000000
    -0.210680     0.041620   0.00000000   0.00000000   0.00000000   0.00000000
   0.00000000   0.00000000   0.00000000   0.00000000   0.00000000   0.00000000
   0.00000000   0.00000000
   0.00000000   0.00000000   0.00000000   0.00000000   0.00000000   0.00000000
   0.00000000   0.00000000   0.00000000   0.00000000     1.000000   0.00000000
   0.00000000   0.00000000
   0.00000000   0.00000000   0.00000000   0.00000000   0.00000000   0.00000000
   0.00000000   0.00000000   0.00000000   0.00000000   0.00000000     1.000000
   0.00000000   0.00000000
     0.370210    -0.083890   0.00000000   0.00000000   0.00000000   0.00000000
   0.00000000   0.00000000   0.00000000   0.00000000   0.00000000   0.00000000
   0.00000000   0.00000000
   0.00000000   0.00000000   0.00000000   0.00000000   0.00000000   0.00000000
   0.00000000   0.00000000   0.00000000   0.00000000   0.00000000   0.00000000
     1.000000   0.00000000
     0.620850    -0.206390   0.00000000   0.00000000   0.00000000   0.00000000
   0.00000000   0.00000000   0.00000000   0.00000000   0.00000000   0.00000000
   0.00000000   0.00000000
   0.00000000   0.00000000   0.00000000   0.00000000   0.00000000   0.00000000
   0.00000000   0.00000000   0.00000000   0.00000000   0.00000000   0.00000000
   0.00000000     1.000000
   0.00000000   0.00000000     1.000000   0.00000000   0.00000000   0.00000000
   0.00000000   0.00000000   0.00000000   0.00000000   0.00000000   0.00000000
   0.00000000   0.00000000
     0.327890    -0.151000   0.00000000   0.00000000   0.00000000   0.00000000
   0.00000000   0.00000000   0.00000000   0.00000000   0.00000000   0.00000000
   0.00000000   0.00000000
   0.00000000   0.00000000   0.00000000     1.000000   0.00000000   0.00000000
   0.00000000   0.00000000   0.00000000   0.00000000   0.00000000   0.00000000
   0.00000000   0.00000000
     0.040730    -0.211940   0.00000000   0.00000000   0.00000000   0.00000000
   0.00000000   0.00000000   0.00000000   0.00000000   0.00000000   0.00000000
   0.00000000   0.00000000
   0.00000000   0.00000000   0.00000000   0.00000000     1.000000   0.00000000
   0.00000000   0.00000000   0.00000000   0.00000000   0.00000000   0.00000000
   0.00000000   0.00000000
     0.001240     0.253560   0.00000000   0.00000000   0.00000000   0.00000000
   0.00000000   0.00000000   0.00000000   0.00000000   0.00000000   0.00000000
   0.00000000   0.00000000
   0.00000000   0.00000000   0.00000000   0.00000000   0.00000000     1.000000
   0.00000000   0.00000000   0.00000000   0.00000000   0.00000000   0.00000000
   0.00000000   0.00000000
     0.000080     0.408380   0.00000000   0.00000000   0.00000000   0.00000000
   0.00000000   0.00000000   0.00000000   0.00000000   0.00000000   0.00000000
   0.00000000   0.00000000
     0.000350     0.591090   0.00000000   0.00000000   0.00000000   0.00000000
   0.00000000   0.00000000   0.00000000   0.00000000   0.00000000   0.00000000
   0.00000000   0.00000000
   0.00000000   0.00000000   0.00000000   0.00000000   0.00000000   0.00000000
     1.000000   0.00000000   0.00000000   0.00000000   0.00000000   0.00000000
   0.00000000   0.00000000
   0.00000000   0.00000000   0.00000000   0.00000000   0.00000000   0.00000000
   0.00000000     1.000000   0.00000000   0.00000000   0.00000000   0.00000000
   0.00000000   0.00000000

   50.684702   25.341940   16.229980   12.670764    8.657938
    6.335279    4.618606    3.167588    2.463811    1.710146
    1.583768    1.314328    0.863094    0.791871    0.701133
    0.435595    0.395929    0.219840    0.197961    0.110951
    0.098979    0.055996    0.049489    0.024744    0.012372

    -0.000040     0.000090   0.00000000   0.00000000   0.00000000   0.00000000
   0.00000000   0.00000000   0.00000000   0.00000000   0.00000000   0.00000000
   0.00000000   0.00000000
     0.000300    -0.000450   0.00000000   0.00000000   0.00000000   0.00000000
   0.00000000   0.00000000   0.00000000   0.00000000   0.00000000   0.00000000
   0.00000000   0.00000000
   0.00000000   0.00000000   0.00000000   0.00000000   0.00000000   0.00000000
   0.00000000   0.00000000     1.000000   0.00000000   0.00000000   0.00000000
   0.00000000   0.00000000
    -0.003090     0.001470   0.00000000   0.00000000   0.00000000   0.00000000
   0.00000000   0.00000000   0.00000000   0.00000000   0.00000000   0.00000000
   0.00000000   0.00000000
   0.00000000   0.00000000   0.00000000   0.00000000   0.00000000   0.00000000
   0.00000000   0.00000000   0.00000000     1.000000   0.00000000   0.00000000
   0.00000000   0.00000000
     0.038370    -0.005920   0.00000000   0.00000000   0.00000000   0.00000000
   0.00000000   0.00000000   0.00000000   0.00000000   0.00000000   0.00000000
   0.00000000   0.00000000
   0.00000000   0.00000000   0.00000000   0.00000000   0.00000000   0.00000000
   0.00000000   0.00000000   0.00000000   0.00000000     1.000000   0.00000000
   0.00000000   0.00000000
    -0.188000     0.021400   0.00000000   0.00000000   0.00000000   0.00000000
   0.00000000   0.00000000   0.00000000   0.00000000   0.00000000   0.00000000
   0.00000000   0.00000000
   0.00000000   0.00000000   0.00000000   0.00000000   0.00000000   0.00000000
   0.00000000   0.00000000   0.00000000   0.00000000   0.00000000     1.000000
   0.00000000   0.00000000
   0.00000000   0.00000000     1.000000   0.00000000   0.00000000   0.00000000
   0.00000000   0.00000000   0.00000000   0.00000000   0.00000000   0.00000000
   0.00000000   0.00000000
     0.040740    -0.019970   0.00000000   0.00000000   0.00000000   0.00000000
   0.00000000   0.00000000   0.00000000   0.00000000   0.00000000   0.00000000
   0.00000000   0.00000000
   0.00000000   0.00000000   0.00000000   0.00000000   0.00000000   0.00000000
   0.00000000   0.00000000   0.00000000   0.00000000   0.00000000   0.00000000
     1.000000   0.00000000
   0.00000000   0.00000000   0.00000000     1.000000   0.00000000   0.00000000
   0.00000000   0.00000000   0.00000000   0.00000000   0.00000000   0.00000000
   0.00000000   0.00000000
     0.345390     0.008960   0.00000000   0.00000000   0.00000000   0.00000000
   0.00000000   0.00000000   0.00000000   0.00000000   0.00000000   0.00000000
   0.00000000   0.00000000
   0.00000000   0.00000000   0.00000000   0.00000000   0.00000000   0.00000000
   0.00000000   0.00000000   0.00000000   0.00000000   0.00000000   0.00000000
   0.00000000     1.000000
   0.00000000   0.00000000   0.00000000   0.00000000     1.000000   0.00000000
   0.00000000   0.00000000   0.00000000   0.00000000   0.00000000   0.00000000
   0.00000000   0.00000000
     0.453560    -0.114200   0.00000000   0.00000000   0.00000000   0.00000000
   0.00000000   0.00000000   0.00000000   0.00000000   0.00000000   0.00000000
   0.00000000   0.00000000
   0.00000000   0.00000000   0.00000000   0.00000000   0.00000000     1.000000
   0.00000000   0.00000000   0.00000000   0.00000000   0.00000000   0.00000000
   0.00000000   0.00000000
     0.272950     0.128690   0.00000000   0.00000000   0.00000000   0.00000000
   0.00000000   0.00000000   0.00000000   0.00000000   0.00000000   0.00000000
   0.00000000   0.00000000
   0.00000000   0.00000000   0.00000000   0.00000000   0.00000000   0.00000000
     1.000000   0.00000000   0.00000000   0.00000000   0.00000000   0.00000000
   0.00000000   0.00000000
     0.053100    -0.345260   0.00000000   0.00000000   0.00000000   0.00000000
   0.00000000   0.00000000   0.00000000   0.00000000   0.00000000   0.00000000
   0.00000000   0.00000000
   0.00000000   0.00000000   0.00000000   0.00000000   0.00000000   0.00000000
   0.00000000     1.000000   0.00000000   0.00000000   0.00000000   0.00000000
   0.00000000   0.00000000
     0.004490     0.706660   0.00000000   0.00000000   0.00000000   0.00000000
   0.00000000   0.00000000   0.00000000   0.00000000   0.00000000   0.00000000
   0.00000000   0.00000000
     0.000120    -1.036220   0.00000000   0.00000000   0.00000000   0.00000000
   0.00000000   0.00000000   0.00000000   0.00000000   0.00000000   0.00000000
   0.00000000   0.00000000
     0.000160     1.560190   0.00000000   0.00000000   0.00000000   0.00000000
   0.00000000   0.00000000   0.00000000   0.00000000   0.00000000   0.00000000
   0.00000000   0.00000000

   12.242323    7.504445    4.600163    2.819863    2.630550
    1.728553    1.319654    0.662024    0.332114    0.166610

   0.00000000   0.00000000   0.00000000   0.00000000   0.00000000     1.000000
   0.00000000   0.00000000   0.00000000   0.00000000
   0.00000000   0.00000000   0.00000000   0.00000000   0.00000000   0.00000000
     1.000000   0.00000000   0.00000000   0.00000000
   0.00000000   0.00000000   0.00000000   0.00000000   0.00000000   0.00000000
   0.00000000     1.000000   0.00000000   0.00000000
   0.00000000   0.00000000   0.00000000   0.00000000   0.00000000   0.00000000
   0.00000000   0.00000000     1.000000   0.00000000
     1.000000   0.00000000   0.00000000   0.00000000   0.00000000   0.00000000
   0.00000000   0.00000000   0.00000000   0.00000000
   0.00000000   0.00000000   0.00000000   0.00000000   0.00000000   0.00000000
   0.00000000   0.00000000   0.00000000     1.000000
   0.00000000     1.000000   0.00000000   0.00000000   0.00000000   0.00000000
   0.00000000   0.00000000   0.00000000   0.00000000
   0.00000000   0.00000000     1.000000   0.00000000   0.00000000   0.00000000
   0.00000000   0.00000000   0.00000000   0.00000000
   0.00000000   0.00000000   0.00000000     1.000000   0.00000000   0.00000000
   0.00000000   0.00000000   0.00000000   0.00000000
   0.00000000   0.00000000   0.00000000   0.00000000     1.000000   0.00000000
   0.00000000   0.00000000   0.00000000   0.00000000

    4.770149    3.403986    2.719155    2.429090    1.733403
    1.332784    0.653260    0.320193

   0.00000000   0.00000000   0.00000000   0.00000000     1.000000   0.00000000
   0.00000000   0.00000000
   0.00000000   0.00000000   0.00000000   0.00000000   0.00000000     1.000000
   0.00000000   0.00000000
     1.000000   0.00000000   0.00000000   0.00000000   0.00000000   0.00000000
   0.00000000   0.00000000
   0.00000000   0.00000000   0.00000000   0.00000000   0.00000000   0.00000000
     1.000000   0.00000000
   0.00000000   0.00000000   0.00000000   0.00000000   0.00000000   0.00000000
   0.00000000     1.000000
   0.00000000     1.000000   0.00000000   0.00000000   0.00000000   0.00000000
   0.00000000   0.00000000
   0.00000000   0.00000000     1.000000   0.00000000   0.00000000   0.00000000
   0.00000000   0.00000000
   0.00000000   0.00000000   0.00000000     1.000000   0.00000000   0.00000000
   0.00000000   0.00000000

    5.204175    3.013199    1.744632    1.543912    0.884022
    0.506178

   0.00000000   0.00000000   0.00000000     1.000000   0.00000000   0.00000000
   0.00000000   0.00000000   0.00000000   0.00000000     1.000000   0.00000000
   0.00000000   0.00000000   0.00000000   0.00000000   0.00000000     1.000000
     1.000000   0.00000000   0.00000000   0.00000000   0.00000000   0.00000000
   0.00000000     1.000000   0.00000000   0.00000000   0.00000000   0.00000000
   0.00000000   0.00000000     1.000000   0.00000000   0.00000000   0.00000000

    3.386184    1.752548    1.599022    0.829749

   0.00000000   0.00000000     1.000000   0.00000000
   0.00000000   0.00000000   0.00000000     1.000000
     1.000000   0.00000000   0.00000000   0.00000000
   0.00000000     1.000000   0.00000000   0.00000000

    2.074174    1.361748

   0.00000000     1.000000
     1.000000   0.00000000

Rb:cc-pCVDZ-ccECP
ccECP cc-pCVDZ for Rb | source recipes/Rb/ccECP/Rb.cc-pCVDZ.gamess | ccECP from Omar Madany et al. Journal of Chemical Physics (2025) https://doi.org/10.1063/5.0285320

  3
    0    1    2
    5    5    2
   16   16    2

   39.684058   20.879680   10.985798    5.780154    3.041215
    1.600129    0.841904    0.583527    0.442966    0.233066
    0.155815    0.122627    0.064520    0.033947    0.024407
    0.017861

    -0.000230     0.000030   0.00000000   0.00000000   0.00000000
     0.003540    -0.000630   0.00000000   0.00000000   0.00000000
    -0.042700     0.009130   0.00000000   0.00000000   0.00000000
     0.282480    -0.064930   0.00000000   0.00000000   0.00000000
    -0.565560     0.138490   0.00000000   0.00000000   0.00000000
    -0.210680     0.041620   0.00000000   0.00000000   0.00000000
     0.370210    -0.083890   0.00000000   0.00000000   0.00000000
   0.00000000   0.00000000   0.00000000   0.00000000     1.000000
     0.620850    -0.206390   0.00000000   0.00000000   0.00000000
     0.327890    -0.151000   0.00000000   0.00000000   0.00000000
   0.00000000   0.00000000     1.000000   0.00000000   0.00000000
     0.040730    -0.211940   0.00000000   0.00000000   0.00000000
     0.001240     0.253560   0.00000000   0.00000000   0.00000000
     0.000080     0.408380   0.00000000   0.00000000   0.00000000
   0.00000000   0.00000000   0.00000000     1.000000   0.00000000
     0.000350     0.591090   0.00000000   0.00000000   0.00000000

   50.684702   25.341940   12.670764    6.335279    3.167588
    1.583768    0.791871    0.762510    0.395929    0.218646
    0.197961    0.098979    0.087884    0.049489    0.024744
    0.012372

    -0.000040     0.000090   0.00000000   0.00000000   0.00000000
     0.000300    -0.000450   0.00000000   0.00000000   0.00000000
    -0.003090     0.001470   0.00000000   0.00000000   0.00000000
     0.038370    -0.005920   0.00000000   0.00000000   0.00000000
    -0.188000     0.021400   0.00000000   0.00000000   0.00000000
     0.040740    -0.019970   0.00000000   0.00000000   0.00000000
     0.345390     0.008960   0.00000000   0.00000000   0.00000000
   0.00000000   0.00000000   0.00000000   0.00000000     1.000000
     0.453560    -0.114200   0.00000000   0.00000000   0.00000000
   0.00000000   0.00000000     1.000000   0.00000000   0.00000000
     0.272950     0.128690   0.00000000   0.00000000   0.00000000
     0.053100    -0.345260   0.00000000   0.00000000   0.00000000
   0.00000000   0.00000000   0.00000000     1.000000   0.00000000
     0.004490     0.706660   0.00000000   0.00000000   0.00000000
     0.000120    -1.036220   0.00000000   0.00000000   0.00000000
     0.000160     1.560190   0.00000000   0.00000000   0.00000000

    0.814033    0.577524

   0.00000000     1.000000
     1.000000   0.00000000

Rb:cc-pCVQZ-ccECP
ccECP cc-pCVQZ for Rb | source recipes/Rb/ccECP/Rb.cc-pCVQZ.gamess | ccECP from Omar Madany et al. Journal of Chemical Physics (2025) https://doi.org/10.1063/5.0285320

  5
    0    1    2    3    4
   10   10    6    4    2
   21   21    6    4    2

   39.684058   20.879680   10.985798    5.780154    3.120097
    3.041215    1.600129    1.594007    0.841904    0.814352
    0.442966    0.416039    0.233066    0.173933    0.122627
    0.064520    0.061198    0.033947    0.021532    0.017861
    0.007576

    -0.000230     0.000030   0.00000000   0.00000000   0.00000000   0.00000000
   0.00000000   0.00000000   0.00000000   0.00000000
     0.003540    -0.000630   0.00000000   0.00000000   0.00000000   0.00000000
   0.00000000   0.00000000   0.00000000   0.00000000
    -0.042700     0.009130   0.00000000   0.00000000   0.00000000   0.00000000
   0.00000000   0.00000000   0.00000000   0.00000000
     0.282480    -0.064930   0.00000000   0.00000000   0.00000000   0.00000000
   0.00000000   0.00000000   0.00000000   0.00000000
   0.00000000   0.00000000   0.00000000   0.00000000   0.00000000   0.00000000
     1.000000   0.00000000   0.00000000   0.00000000
    -0.565560     0.138490   0.00000000   0.00000000   0.00000000   0.00000000
   0.00000000   0.00000000   0.00000000   0.00000000
    -0.210680     0.041620   0.00000000   0.00000000   0.00000000   0.00000000
   0.00000000   0.00000000   0.00000000   0.00000000
   0.00000000   0.00000000   0.00000000   0.00000000   0.00000000   0.00000000
   0.00000000     1.000000   0.00000000   0.00000000
     0.370210    -0.083890   0.00000000   0.00000000   0.00000000   0.00000000
   0.00000000   0.00000000   0.00000000   0.00000000
   0.00000000   0.00000000   0.00000000   0.00000000   0.00000000   0.00000000
   0.00000000   0.00000000     1.000000   0.00000000
     0.620850    -0.206390   0.00000000   0.00000000   0.00000000   0.00000000
   0.00000000   0.00000000   0.00000000   0.00000000
   0.00000000   0.00000000   0.00000000   0.00000000   0.00000000   0.00000000
   0.00000000   0.00000000   0.00000000     1.000000
     0.327890    -0.151000   0.00000000   0.00000000   0.00000000   0.00000000
   0.00000000   0.00000000   0.00000000   0.00000000
   0.00000000   0.00000000     1.000000   0.00000000   0.00000000   0.00000000
   0.00000000   0.00000000   0.00000000   0.00000000
     0.040730    -0.211940   0.00000000   0.00000000   0.00000000   0.00000000
   0.00000000   0.00000000   0.00000000   0.00000000
     0.001240     0.253560   0.00000000   0.00000000   0.00000000   0.00000000
   0.00000000   0.00000000   0.00000000   0.00000000
   0.00000000   0.00000000   0.00000000     1.000000   0.00000000   0.00000000
   0.00000000   0.00000000   0.00000000   0.00000000
     0.000080     0.408380   0.00000000   0.00000000   0.00000000   0.00000000
   0.00000000   0.00000000   0.00000000   0.00000000
   0.00000000   0.00000000   0.00000000   0.00000000     1.000000   0.00000000
   0.00000000   0.00000000   0.00000000   0.00000000
     0.000350     0.591090   0.00000000   0.00000000   0.00000000   0.00000000
   0.00000000   0.00000000   0.00000000   0.00000000
   0.00000000   0.00000000   0.00000000   0.00000000   0.00000000     1.000000
   0.00000000   0.00000000   0.00000000   0.00000000

   50.684702   25.341940   12.670764    6.335279    3.282605
    3.167588    1.789489    1.583768    0.975527    0.791871
    0.531802    0.395929    0.220509    0.197961    0.098979
    0.082182    0.049489    0.030629    0.024744    0.012372
    0.011415

    -0.000040     0.000090   0.00000000   0.00000000   0.00000000   0.00000000
   0.00000000   0.00000000   0.00000000   0.00000000
     0.000300    -0.000450   0.00000000   0.00000000   0.00000000   0.00000000
   0.00000000   0.00000000   0.00000000   0.00000000
    -0.003090     0.001470   0.00000000   0.00000000   0.00000000   0.00000000
   0.00000000   0.00000000   0.00000000   0.00000000
     0.038370    -0.005920   0.00000000   0.00000000   0.00000000   0.00000000
   0.00000000   0.00000000   0.00000000   0.00000000
   0.00000000   0.00000000   0.00000000   0.00000000   0.00000000   0.00000000
     1.000000   0.00000000   0.00000000   0.00000000
    -0.188000     0.021400   0.00000000   0.00000000   0.00000000   0.00000000
   0.00000000   0.00000000   0.00000000   0.00000000
   0.00000000   0.00000000   0.00000000   0.00000000   0.00000000   0.00000000
   0.00000000     1.000000   0.00000000   0.00000000
     0.040740    -0.019970   0.00000000   0.00000000   0.00000000   0.00000000
   0.00000000   0.00000000   0.00000000   0.00000000
   0.00000000   0.00000000   0.00000000   0.00000000   0.00000000   0.00000000
   0.00000000   0.00000000     1.000000   0.00000000
     0.345390     0.008960   0.00000000   0.00000000   0.00000000   0.00000000
   0.00000000   0.00000000   0.00000000   0.00000000
   0.00000000   0.00000000   0.00000000   0.00000000   0.00000000   0.00000000
   0.00000000   0.00000000   0.00000000     1.000000
     0.453560    -0.114200   0.00000000   0.00000000   0.00000000   0.00000000
   0.00000000   0.00000000   0.00000000   0.00000000
   0.00000000   0.00000000     1.000000   0.00000000   0.00000000   0.00000000
   0.00000000   0.00000000   0.00000000   0.00000000
     0.272950     0.128690   0.00000000   0.00000000   0.00000000   0.00000000
   0.00000000   0.00000000   0.00000000   0.00000000
     0.053100    -0.345260   0.00000000   0.00000000   0.00000000   0.00000000
   0.00000000   0.00000000   0.00000000   0.00000000
   0.00000000   0.00000000   0.00000000     1.000000   0.00000000   0.00000000
   0.00000000   0.00000000   0.00000000   0.00000000
     0.004490     0.706660   0.00000000   0.00000000   0.00000000   0.00000000
   0.00000000   0.00000000   0.00000000   0.00000000
   0.00000000   0.00000000   0.00000000   0.00000000     1.000000   0.00000000
   0.00000000   0.00000000   0.00000000   0.00000000
     0.000120    -1.036220   0.00000000   0.00000000   0.00000000   0.00000000
   0.00000000   0.00000000   0.00000000   0.00000000
     0.000160     1.560190   0.00000000   0.00000000   0.00000000   0.00000000
   0.00000000   0.00000000   0.00000000   0.00000000
   0.00000000   0.00000000   0.00000000   0.00000000   0.00000000     1.000000
   0.00000000   0.00000000   0.00000000   0.00000000

    2.473399    1.821435    1.341322    0.744457    0.428340
    0.246455

   0.00000000   0.00000000   0.00000000     1.000000   0.00000000   0.00000000
   0.00000000   0.00000000   0.00000000   0.00000000     1.000000   0.00000000
   0.00000000   0.00000000   0.00000000   0.00000000   0.00000000     1.000000
     1.000000   0.00000000   0.00000000   0.00000000   0.00000000   0.00000000
   0.00000000     1.000000   0.00000000   0.00000000   0.00000000   0.00000000
   0.00000000   0.00000000     1.000000   0.00000000   0.00000000   0.00000000

    2.799631    1.481864    1.084828    0.472171

   0.00000000   0.00000000     1.000000   0.00000000
   0.00000000   0.00000000   0.00000000     1.000000
     1.000000   0.00000000   0.00000000   0.00000000
   0.00000000     1.000000   0.00000000   0.00000000

    1.543083    0.927331

   0.00000000     1.000000
     1.000000   0.00000000

Rb:cc-pCVTZ-ccECP
ccECP cc-pCVTZ for Rb | source recipes/Rb/ccECP/Rb.cc-pCVTZ.gamess | ccECP from Omar Madany et al. Journal of Chemical Physics (2025) https://doi.org/10.1063/5.0285320

  4
    0    1    2    3
    8    8    4    2
   19   19    4    2

   39.684058   20.879680   10.985798    5.780154    3.041215
    1.600129    0.841904    0.722007    0.467011    0.442966
    0.302074    0.233066    0.167499    0.122627    0.064520
    0.057967    0.033947    0.020061    0.017861

    -0.000230     0.000030   0.00000000   0.00000000   0.00000000   0.00000000
   0.00000000   0.00000000
     0.003540    -0.000630   0.00000000   0.00000000   0.00000000   0.00000000
   0.00000000   0.00000000
    -0.042700     0.009130   0.00000000   0.00000000   0.00000000   0.00000000
   0.00000000   0.00000000
     0.282480    -0.064930   0.00000000   0.00000000   0.00000000   0.00000000
   0.00000000   0.00000000
    -0.565560     0.138490   0.00000000   0.00000000   0.00000000   0.00000000
   0.00000000   0.00000000
    -0.210680     0.041620   0.00000000   0.00000000   0.00000000   0.00000000
   0.00000000   0.00000000
     0.370210    -0.083890   0.00000000   0.00000000   0.00000000   0.00000000
   0.00000000   0.00000000
   0.00000000   0.00000000   0.00000000   0.00000000   0.00000000     1.000000
   0.00000000   0.00000000
   0.00000000   0.00000000   0.00000000   0.00000000   0.00000000   0.00000000
     1.000000   0.00000000
     0.620850    -0.206390   0.00000000   0.00000000   0.00000000   0.00000000
   0.00000000   0.00000000
   0.00000000   0.00000000   0.00000000   0.00000000   0.00000000   0.00000000
   0.00000000     1.000000
     0.327890    -0.151000   0.00000000   0.00000000   0.00000000   0.00000000
   0.00000000   0.00000000
   0.00000000   0.00000000     1.000000   0.00000000   0.00000000   0.00000000
   0.00000000   0.00000000
     0.040730    -0.211940   0.00000000   0.00000000   0.00000000   0.00000000
   0.00000000   0.00000000
     0.001240     0.253560   0.00000000   0.00000000   0.00000000   0.00000000
   0.00000000   0.00000000
   0.00000000   0.00000000   0.00000000     1.000000   0.00000000   0.00000000
   0.00000000   0.00000000
     0.000080     0.408380   0.00000000   0.00000000   0.00000000   0.00000000
   0.00000000   0.00000000
   0.00000000   0.00000000   0.00000000   0.00000000     1.000000   0.00000000
   0.00000000   0.00000000
     0.000350     0.591090   0.00000000   0.00000000   0.00000000   0.00000000
   0.00000000   0.00000000

   50.684702   25.341940   12.670764    6.335279    3.167588
    2.846514    1.843607    1.583768    1.194052    0.870911
    0.791871    0.395929    0.323094    0.197961    0.119863
    0.098979    0.049489    0.024744    0.012372

    -0.000040     0.000090   0.00000000   0.00000000   0.00000000   0.00000000
   0.00000000   0.00000000
     0.000300    -0.000450   0.00000000   0.00000000   0.00000000   0.00000000
   0.00000000   0.00000000
    -0.003090     0.001470   0.00000000   0.00000000   0.00000000   0.00000000
   0.00000000   0.00000000
     0.038370    -0.005920   0.00000000   0.00000000   0.00000000   0.00000000
   0.00000000   0.00000000
    -0.188000     0.021400   0.00000000   0.00000000   0.00000000   0.00000000
   0.00000000   0.00000000
   0.00000000   0.00000000   0.00000000   0.00000000   0.00000000     1.000000
   0.00000000   0.00000000
   0.00000000   0.00000000   0.00000000   0.00000000   0.00000000   0.00000000
     1.000000   0.00000000
     0.040740    -0.019970   0.00000000   0.00000000   0.00000000   0.00000000
   0.00000000   0.00000000
   0.00000000   0.00000000   0.00000000   0.00000000   0.00000000   0.00000000
   0.00000000     1.000000
   0.00000000   0.00000000     1.000000   0.00000000   0.00000000   0.00000000
   0.00000000   0.00000000
     0.345390     0.008960   0.00000000   0.00000000   0.00000000   0.00000000
   0.00000000   0.00000000
     0.453560    -0.114200   0.00000000   0.00000000   0.00000000   0.00000000
   0.00000000   0.00000000
   0.00000000   0.00000000   0.00000000     1.000000   0.00000000   0.00000000
   0.00000000   0.00000000
     0.272950     0.128690   0.00000000   0.00000000   0.00000000   0.00000000
   0.00000000   0.00000000
   0.00000000   0.00000000   0.00000000   0.00000000     1.000000   0.00000000
   0.00000000   0.00000000
     0.053100    -0.345260   0.00000000   0.00000000   0.00000000   0.00000000
   0.00000000   0.00000000
     0.004490     0.706660   0.00000000   0.00000000   0.00000000   0.00000000
   0.00000000   0.00000000
     0.000120    -1.036220   0.00000000   0.00000000   0.00000000   0.00000000
   0.00000000   0.00000000
     0.000160     1.560190   0.00000000   0.00000000   0.00000000   0.00000000
   0.00000000   0.00000000

    2.462444    1.538288    0.749385    0.325844

   0.00000000   0.00000000     1.000000   0.00000000
   0.00000000   0.00000000   0.00000000     1.000000
     1.000000   0.00000000   0.00000000   0.00000000
   0.00000000     1.000000   0.00000000   0.00000000

    1.306723    0.817743

   0.00000000     1.000000
     1.000000   0.00000000

Rb:cc-pV5Z-ccECP
ccECP cc-pV5Z for Rb | source recipes/Rb/ccECP/Rb.cc-pV5Z.gamess | ccECP from Omar Madany et al. Journal of Chemical Physics (2025) https://doi.org/10.1063/5.0285320

  6
    0    1    2    3    4    5
    7    7    4    3    2    1
   18   18    4    3    2    1

   39.684058   20.879680   10.985798    5.780154    3.041215
    1.600129    0.841904    0.801939    0.442966    0.314816
    0.233066    0.123587    0.122627    0.064520    0.048516
    0.033947    0.019046    0.017861

    -0.000230     0.000030   0.00000000   0.00000000   0.00000000   0.00000000
   0.00000000
     0.003540    -0.000630   0.00000000   0.00000000   0.00000000   0.00000000
   0.00000000
    -0.042700     0.009130   0.00000000   0.00000000   0.00000000   0.00000000
   0.00000000
     0.282480    -0.064930   0.00000000   0.00000000   0.00000000   0.00000000
   0.00000000
    -0.565560     0.138490   0.00000000   0.00000000   0.00000000   0.00000000
   0.00000000
    -0.210680     0.041620   0.00000000   0.00000000   0.00000000   0.00000000
   0.00000000
     0.370210    -0.083890   0.00000000   0.00000000   0.00000000   0.00000000
   0.00000000
   0.00000000   0.00000000     1.000000   0.00000000   0.00000000   0.00000000
   0.00000000
     0.620850    -0.206390   0.00000000   0.00000000   0.00000000   0.00000000
   0.00000000
   0.00000000   0.00000000   0.00000000     1.000000   0.00000000   0.00000000
   0.00000000
     0.327890    -0.151000   0.00000000   0.00000000   0.00000000   0.00000000
   0.00000000
   0.00000000   0.00000000   0.00000000   0.00000000     1.000000   0.00000000
   0.00000000
     0.040730    -0.211940   0.00000000   0.00000000   0.00000000   0.00000000
   0.00000000
     0.001240     0.253560   0.00000000   0.00000000   0.00000000   0.00000000
   0.00000000
   0.00000000   0.00000000   0.00000000   0.00000000   0.00000000     1.000000
   0.00000000
     0.000080     0.408380   0.00000000   0.00000000   0.00000000   0.00000000
   0.00000000
   0.00000000   0.00000000   0.00000000   0.00000000   0.00000000   0.00000000
     1.000000
     0.000350     0.591090   0.00000000   0.00000000   0.00000000   0.00000000
   0.00000000

   50.684702   25.341940   12.670764    6.335279    3.167588
    1.648281    1.583768    0.791871    0.766551    0.395929
    0.356493    0.197961    0.165791    0.098979    0.077103
    0.049489    0.024744    0.012372

    -0.000040     0.000090   0.00000000   0.00000000   0.00000000   0.00000000
   0.00000000
     0.000300    -0.000450   0.00000000   0.00000000   0.00000000   0.00000000
   0.00000000
    -0.003090     0.001470   0.00000000   0.00000000   0.00000000   0.00000000
   0.00000000
     0.038370    -0.005920   0.00000000   0.00000000   0.00000000   0.00000000
   0.00000000
    -0.188000     0.021400   0.00000000   0.00000000   0.00000000   0.00000000
   0.00000000
   0.00000000   0.00000000     1.000000   0.00000000   0.00000000   0.00000000
   0.00000000
     0.040740    -0.019970   0.00000000   0.00000000   0.00000000   0.00000000
   0.00000000
     0.345390     0.008960   0.00000000   0.00000000   0.00000000   0.00000000
   0.00000000
   0.00000000   0.00000000   0.00000000     1.000000   0.00000000   0.00000000
   0.00000000
     0.453560    -0.114200   0.00000000   0.00000000   0.00000000   0.00000000
   0.00000000
   0.00000000   0.00000000   0.00000000   0.00000000     1.000000   0.00000000
   0.00000000
     0.272950     0.128690   0.00000000   0.00000000   0.00000000   0.00000000
   0.00000000
   0.00000000   0.00000000   0.00000000   0.00000000   0.00000000     1.000000
   0.00000000
     0.053100    -0.345260   0.00000000   0.00000000   0.00000000   0.00000000
   0.00000000
   0.00000000   0.00000000   0.00000000   0.00000000   0.00000000   0.00000000
     1.000000
     0.004490     0.706660   0.00000000   0.00000000   0.00000000   0.00000000
   0.00000000
     0.000120    -1.036220   0.00000000   0.00000000   0.00000000   0.00000000
   0.00000000
     0.000160     1.560190   0.00000000   0.00000000   0.00000000   0.00000000
   0.00000000

    2.549063    1.136040    0.506299    0.225642

     1.000000   0.00000000   0.00000000   0.00000000
   0.00000000     1.000000   0.00000000   0.00000000
   0.00000000   0.00000000     1.000000   0.00000000
   0.00000000   0.00000000   0.00000000     1.000000

    1.241052    0.665914    0.357311

     1.000000   0.00000000   0.00000000
   0.00000000     1.000000   0.00000000
   0.00000000   0.00000000     1.000000

    1.324695    0.617948

     1.000000   0.00000000
   0.00000000     1.000000

    1.148520

     1.000000

Rb:cc-pV6Z-ccECP
ccECP cc-pV6Z for Rb | source recipes/Rb/ccECP/Rb.cc-pV6Z.gamess | ccECP from Omar Madany et al. Journal of Chemical Physics (2025) https://doi.org/10.1063/5.0285320

  7
    0    1    2    3    4    5    6
    8    8    5    4    3    2    1
   19   19    5    4    3    2    1

   39.684058   20.879680   10.985798    5.780154    3.041215
    1.600129    0.841904    0.442966    0.269172    0.233066
    0.135661    0.122627    0.068372    0.064520    0.034459
    0.033947    0.017861    0.017367    0.008753

    -0.000230     0.000030   0.00000000   0.00000000   0.00000000   0.00000000
   0.00000000   0.00000000
     0.003540    -0.000630   0.00000000   0.00000000   0.00000000   0.00000000
   0.00000000   0.00000000
    -0.042700     0.009130   0.00000000   0.00000000   0.00000000   0.00000000
   0.00000000   0.00000000
     0.282480    -0.064930   0.00000000   0.00000000   0.00000000   0.00000000
   0.00000000   0.00000000
    -0.565560     0.138490   0.00000000   0.00000000   0.00000000   0.00000000
   0.00000000   0.00000000
    -0.210680     0.041620   0.00000000   0.00000000   0.00000000   0.00000000
   0.00000000   0.00000000
     0.370210    -0.083890   0.00000000   0.00000000   0.00000000   0.00000000
   0.00000000   0.00000000
     0.620850    -0.206390   0.00000000   0.00000000   0.00000000   0.00000000
   0.00000000   0.00000000
   0.00000000   0.00000000     1.000000   0.00000000   0.00000000   0.00000000
   0.00000000   0.00000000
     0.327890    -0.151000   0.00000000   0.00000000   0.00000000   0.00000000
   0.00000000   0.00000000
   0.00000000   0.00000000   0.00000000     1.000000   0.00000000   0.00000000
   0.00000000   0.00000000
     0.040730    -0.211940   0.00000000   0.00000000   0.00000000   0.00000000
   0.00000000   0.00000000
   0.00000000   0.00000000   0.00000000   0.00000000     1.000000   0.00000000
   0.00000000   0.00000000
     0.001240     0.253560   0.00000000   0.00000000   0.00000000   0.00000000
   0.00000000   0.00000000
   0.00000000   0.00000000   0.00000000   0.00000000   0.00000000     1.000000
   0.00000000   0.00000000
     0.000080     0.408380   0.00000000   0.00000000   0.00000000   0.00000000
   0.00000000   0.00000000
     0.000350     0.591090   0.00000000   0.00000000   0.00000000   0.00000000
   0.00000000   0.00000000
   0.00000000   0.00000000   0.00000000   0.00000000   0.00000000   0.00000000
     1.000000   0.00000000
   0.00000000   0.00000000   0.00000000   0.00000000   0.00000000   0.00000000
   0.00000000     1.000000

   50.684702   25.341940   12.670764    6.335279    3.167588
    1.710146    1.583768    0.863094    0.791871    0.435595
    0.395929    0.219840    0.197961    0.110951    0.098979
    0.055996    0.049489    0.024744    0.012372

    -0.000040     0.000090   0.00000000   0.00000000   0.00000000   0.00000000
   0.00000000   0.00000000
     0.000300    -0.000450   0.00000000   0.00000000   0.00000000   0.00000000
   0.00000000   0.00000000
    -0.003090     0.001470   0.00000000   0.00000000   0.00000000   0.00000000
   0.00000000   0.00000000
     0.038370    -0.005920   0.00000000   0.00000000   0.00000000   0.00000000
   0.00000000   0.00000000
    -0.188000     0.021400   0.00000000   0.00000000   0.00000000   0.00000000
   0.00000000   0.00000000
   0.00000000   0.00000000     1.000000   0.00000000   0.00000000   0.00000000
   0.00000000   0.00000000
     0.040740    -0.019970   0.00000000   0.00000000   0.00000000   0.00000000
   0.00000000   0.00000000
   0.00000000   0.00000000   0.00000000     1.000000   0.00000000   0.00000000
   0.00000000   0.00000000
     0.345390     0.008960   0.00000000   0.00000000   0.00000000   0.00000000
   0.00000000   0.00000000
   0.00000000   0.00000000   0.00000000   0.00000000     1.000000   0.00000000
   0.00000000   0.00000000
     0.453560    -0.114200   0.00000000   0.00000000   0.00000000   0.00000000
   0.00000000   0.00000000
   0.00000000   0.00000000   0.00000000   0.00000000   0.00000000     1.000000
   0.00000000   0.00000000
     0.272950     0.128690   0.00000000   0.00000000   0.00000000   0.00000000
   0.00000000   0.00000000
   0.00000000   0.00000000   0.00000000   0.00000000   0.00000000   0.00000000
     1.000000   0.00000000
     0.053100    -0.345260   0.00000000   0.00000000   0.00000000   0.00000000
   0.00000000   0.00000000
   0.00000000   0.00000000   0.00000000   0.00000000   0.00000000   0.00000000
   0.00000000     1.000000
     0.004490     0.706660   0.00000000   0.00000000   0.00000000   0.00000000
   0.00000000   0.00000000
     0.000120    -1.036220   0.00000000   0.00000000   0.00000000   0.00000000
   0.00000000   0.00000000
     0.000160     1.560190   0.00000000   0.00000000   0.00000000   0.00000000
   0.00000000   0.00000000

    2.630550    1.319654    0.662024    0.332114    0.166610

     1.000000   0.00000000   0.00000000   0.00000000   0.00000000
   0.00000000     1.000000   0.00000000   0.00000000   0.00000000
   0.00000000   0.00000000     1.000000   0.00000000   0.00000000
   0.00000000   0.00000000   0.00000000     1.000000   0.00000000
   0.00000000   0.00000000   0.00000000   0.00000000     1.000000

    2.719155    1.332784    0.653260    0.320193

     1.000000   0.00000000   0.00000000   0.00000000
   0.00000000     1.000000   0.00000000   0.00000000
   0.00000000   0.00000000     1.000000   0.00000000
   0.00000000   0.00000000   0.00000000     1.000000

    1.543912    0.884022    0.506178

     1.000000   0.00000000   0.00000000
   0.00000000     1.000000   0.00000000
   0.00000000   0.00000000     1.000000

    1.599022    0.829749

     1.000000   0.00000000
   0.00000000     1.000000

    1.361748

     1.000000

Rb:cc-pVDZ-ccECP
ccECP cc-pVDZ for Rb | source recipes/Rb/ccECP/Rb.cc-pVDZ.gamess | ccECP from Omar Madany et al. Journal of Chemical Physics (2025) https://doi.org/10.1063/5.0285320

  3
    0    1    2
    4    4    1
   15   15    1

   39.684058   20.879680   10.985798    5.780154    3.041215
    1.600129    0.841904    0.442966    0.233066    0.155815
    0.122627    0.064520    0.033947    0.024407    0.017861

    -0.000230     0.000030   0.00000000   0.00000000
     0.003540    -0.000630   0.00000000   0.00000000
    -0.042700     0.009130   0.00000000   0.00000000
     0.282480    -0.064930   0.00000000   0.00000000
    -0.565560     0.138490   0.00000000   0.00000000
    -0.210680     0.041620   0.00000000   0.00000000
     0.370210    -0.083890   0.00000000   0.00000000
     0.620850    -0.206390   0.00000000   0.00000000
     0.327890    -0.151000   0.00000000   0.00000000
   0.00000000   0.00000000     1.000000   0.00000000
     0.040730    -0.211940   0.00000000   0.00000000
     0.001240     0.253560   0.00000000   0.00000000
     0.000080     0.408380   0.00000000   0.00000000
   0.00000000   0.00000000   0.00000000     1.000000
     0.000350     0.591090   0.00000000   0.00000000

   50.684702   25.341940   12.670764    6.335279    3.167588
    1.583768    0.791871    0.395929    0.218646    0.197961
    0.098979    0.087884    0.049489    0.024744    0.012372

    -0.000040     0.000090   0.00000000   0.00000000
     0.000300    -0.000450   0.00000000   0.00000000
    -0.003090     0.001470   0.00000000   0.00000000
     0.038370    -0.005920   0.00000000   0.00000000
    -0.188000     0.021400   0.00000000   0.00000000
     0.040740    -0.019970   0.00000000   0.00000000
     0.345390     0.008960   0.00000000   0.00000000
     0.453560    -0.114200   0.00000000   0.00000000
   0.00000000   0.00000000     1.000000   0.00000000
     0.272950     0.128690   0.00000000   0.00000000
     0.053100    -0.345260   0.00000000   0.00000000
   0.00000000   0.00000000   0.00000000     1.000000
     0.004490     0.706660   0.00000000   0.00000000
     0.000120    -1.036220   0.00000000   0.00000000
     0.000160     1.560190   0.00000000   0.00000000

    0.577524

     1.000000

Rb:cc-pVQZ-ccECP
ccECP cc-pVQZ for Rb | source recipes/Rb/ccECP/Rb.cc-pVQZ.gamess | ccECP from Omar Madany et al. Journal of Chemical Physics (2025) https://doi.org/10.1063/5.0285320

  5
    0    1    2    3    4
    6    6    3    2    1
   17   17    3    2    1

   39.684058   20.879680   10.985798    5.780154    3.041215
    1.600129    0.841904    0.442966    0.233066    0.173933
    0.122627    0.064520    0.061198    0.033947    0.021532
    0.017861    0.007576

    -0.000230     0.000030   0.00000000   0.00000000   0.00000000   0.00000000
     0.003540    -0.000630   0.00000000   0.00000000   0.00000000   0.00000000
    -0.042700     0.009130   0.00000000   0.00000000   0.00000000   0.00000000
     0.282480    -0.064930   0.00000000   0.00000000   0.00000000   0.00000000
    -0.565560     0.138490   0.00000000   0.00000000   0.00000000   0.00000000
    -0.210680     0.041620   0.00000000   0.00000000   0.00000000   0.00000000
     0.370210    -0.083890   0.00000000   0.00000000   0.00000000   0.00000000
     0.620850    -0.206390   0.00000000   0.00000000   0.00000000   0.00000000
     0.327890    -0.151000   0.00000000   0.00000000   0.00000000   0.00000000
   0.00000000   0.00000000     1.000000   0.00000000   0.00000000   0.00000000
     0.040730    -0.211940   0.00000000   0.00000000   0.00000000   0.00000000
     0.001240     0.253560   0.00000000   0.00000000   0.00000000   0.00000000
   0.00000000   0.00000000   0.00000000     1.000000   0.00000000   0.00000000
     0.000080     0.408380   0.00000000   0.00000000   0.00000000   0.00000000
   0.00000000   0.00000000   0.00000000   0.00000000     1.000000   0.00000000
     0.000350     0.591090   0.00000000   0.00000000   0.00000000   0.00000000
   0.00000000   0.00000000   0.00000000   0.00000000   0.00000000     1.000000

   50.684702   25.341940   12.670764    6.335279    3.167588
    1.583768    0.791871    0.395929    0.220509    0.197961
    0.098979    0.082182    0.049489    0.030629    0.024744
    0.012372    0.011415

    -0.000040     0.000090   0.00000000   0.00000000   0.00000000   0.00000000
     0.000300    -0.000450   0.00000000   0.00000000   0.00000000   0.00000000
    -0.003090     0.001470   0.00000000   0.00000000   0.00000000   0.00000000
     0.038370    -0.005920   0.00000000   0.00000000   0.00000000   0.00000000
    -0.188000     0.021400   0.00000000   0.00000000   0.00000000   0.00000000
     0.040740    -0.019970   0.00000000   0.00000000   0.00000000   0.00000000
     0.345390     0.008960   0.00000000   0.00000000   0.00000000   0.00000000
     0.453560    -0.114200   0.00000000   0.00000000   0.00000000   0.00000000
   0.00000000   0.00000000     1.000000   0.00000000   0.00000000   0.00000000
     0.272950     0.128690   0.00000000   0.00000000   0.00000000   0.00000000
     0.053100    -0.345260   0.00000000   0.00000000   0.00000000   0.00000000
   0.00000000   0.00000000   0.00000000     1.000000   0.00000000   0.00000000
     0.004490     0.706660   0.00000000   0.00000000   0.00000000   0.00000000
   0.00000000   0.00000000   0.00000000   0.00000000     1.000000   0.00000000
     0.000120    -1.036220   0.00000000   0.00000000   0.00000000   0.00000000
     0.000160     1.560190   0.00000000   0.00000000   0.00000000   0.00000000
   0.00000000   0.00000000   0.00000000   0.00000000   0.00000000     1.000000

    0.744457    0.428340    0.246455

     1.000000   0.00000000   0.00000000
   0.00000000     1.000000   0.00000000
   0.00000000   0.00000000     1.000000

    1.084828    0.472171

     1.000000   0.00000000
   0.00000000     1.000000

    0.927331

     1.000000

Rb:cc-pVTZ-ccECP
ccECP cc-pVTZ for Rb | source recipes/Rb/ccECP/Rb.cc-pVTZ.gamess | ccECP from Omar Madany et al. Journal of Chemical Physics (2025) https://doi.org/10.1063/5.0285320

  4
    0    1    2    3
    5    5    2    1
   16   16    2    1

   39.684058   20.879680   10.985798    5.780154    3.041215
    1.600129    0.841904    0.442966    0.233066    0.167499
    0.122627    0.064520    0.057967    0.033947    0.020061
    0.017861

    -0.000230     0.000030   0.00000000   0.00000000   0.00000000
     0.003540    -0.000630   0.00000000   0.00000000   0.00000000
    -0.042700     0.009130   0.00000000   0.00000000   0.00000000
     0.282480    -0.064930   0.00000000   0.00000000   0.00000000
    -0.565560     0.138490   0.00000000   0.00000000   0.00000000
    -0.210680     0.041620   0.00000000   0.00000000   0.00000000
     0.370210    -0.083890   0.00000000   0.00000000   0.00000000
     0.620850    -0.206390   0.00000000   0.00000000   0.00000000
     0.327890    -0.151000   0.00000000   0.00000000   0.00000000
   0.00000000   0.00000000     1.000000   0.00000000   0.00000000
     0.040730    -0.211940   0.00000000   0.00000000   0.00000000
     0.001240     0.253560   0.00000000   0.00000000   0.00000000
   0.00000000   0.00000000   0.00000000     1.000000   0.00000000
     0.000080     0.408380   0.00000000   0.00000000   0.00000000
   0.00000000   0.00000000   0.00000000   0.00000000     1.000000
     0.000350     0.591090   0.00000000   0.00000000   0.00000000

   50.684702   25.341940   12.670764    6.335279    3.167588
    1.583768    0.870911    0.791871    0.395929    0.323094
    0.197961    0.119863    0.098979    0.049489    0.024744
    0.012372

    -0.000040     0.000090   0.00000000   0.00000000   0.00000000
     0.000300    -0.000450   0.00000000   0.00000000   0.00000000
    -0.003090     0.001470   0.00000000   0.00000000   0.00000000
     0.038370    -0.005920   0.00000000   0.00000000   0.00000000
    -0.188000     0.021400   0.00000000   0.00000000   0.00000000
     0.040740    -0.019970   0.00000000   0.00000000   0.00000000
   0.00000000   0.00000000     1.000000   0.00000000   0.00000000
     0.345390     0.008960   0.00000000   0.00000000   0.00000000
     0.453560    -0.114200   0.00000000   0.00000000   0.00000000
   0.00000000   0.00000000   0.00000000     1.000000   0.00000000
     0.272950     0.128690   0.00000000   0.00000000   0.00000000
   0.00000000   0.00000000   0.00000000   0.00000000     1.000000
     0.053100    -0.345260   0.00000000   0.00000000   0.00000000
     0.004490     0.706660   0.00000000   0.00000000   0.00000000
     0.000120    -1.036220   0.00000000   0.00000000   0.00000000
     0.000160     1.560190   0.00000000   0.00000000   0.00000000

    0.749385    0.325844

     1.000000   0.00000000
   0.00000000     1.000000

    0.817743

     1.000000

